gbifID,accessRights,bibliographicCitation,language,license,modified,publisher,references,rightsHolder,type,institutionID,collectionID,datasetID,institutionCode,collectionCode,datasetName,ownerInstitutionCode,basisOfRecord,informationWithheld,dataGeneralizations,dynamicProperties,occurrenceID,catalogNumber,recordNumber,recordedBy,recordedByID,individualCount,organismQuantity,organismQuantityType,sex,lifeStage,reproductiveCondition,caste,behavior,vitality,establishmentMeans,degreeOfEstablishment,pathway,georeferenceVerificationStatus,occurrenceStatus,preparations,disposition,associatedOccurrences,associatedReferences,associatedSequences,associatedTaxa,otherCatalogNumbers,occurrenceRemarks,organismID,organismName,organismScope,associatedOrganisms,previousIdentifications,organismRemarks,materialEntityID,materialEntityRemarks,verbatimLabel,materialSampleID,eventID,parentEventID,eventType,fieldNumber,eventDate,eventTime,startDayOfYear,endDayOfYear,year,month,day,verbatimEventDate,habitat,samplingProtocol,sampleSizeValue,sampleSizeUnit,samplingEffort,fieldNotes,eventRemarks,locationID,higherGeographyID,higherGeography,continent,waterBody,islandGroup,island,countryCode,stateProvince,county,municipality,locality,verbatimLocality,verbatimElevation,verticalDatum,verbatimDepth,minimumDistanceAboveSurfaceInMeters,maximumDistanceAboveSurfaceInMeters,locationAccordingTo,locationRemarks,decimalLatitude,decimalLongitude,coordinateUncertaintyInMeters,coordinatePrecision,pointRadiusSpatialFit,verbatimCoordinateSystem,verbatimSRS,footprintWKT,footprintSRS,footprintSpatialFit,georeferencedBy,georeferencedDate,georeferenceProtocol,georeferenceSources,georeferenceRemarks,geologicalContextID,earliestEonOrLowestEonothem,latestEonOrHighestEonothem,earliestEraOrLowestErathem,latestEraOrHighestErathem,earliestPeriodOrLowestSystem,latestPeriodOrHighestSystem,earliestEpochOrLowestSeries,latestEpochOrHighestSeries,earliestAgeOrLowestStage,latestAgeOrHighestStage,lowestBiostratigraphicZone,highestBiostratigraphicZone,lithostratigraphicTerms,group,formation,member,bed,identificationID,verbatimIdentification,identificationQualifier,typeStatus,identifiedBy,identifiedByID,dateIdentified,identificationReferences,identificationVerificationStatus,identificationRemarks,taxonID,scientificNameID,acceptedNameUsageID,parentNameUsageID,originalNameUsageID,nameAccordingToID,namePublishedInID,taxonConceptID,scientificName,acceptedNameUsage,parentNameUsage,originalNameUsage,nameAccordingTo,namePublishedIn,namePublishedInYear,higherClassification,kingdom,phylum,class,order,superfamily,family,subfamily,tribe,subtribe,genus,genericName,subgenus,infragenericEpithet,specificEpithet,infraspecificEpithet,cultivarEpithet,taxonRank,verbatimTaxonRank,vernacularName,nomenclaturalCode,taxonomicStatus,nomenclaturalStatus,taxonRemarks,datasetKey,publishingCountry,lastInterpreted,elevation,elevationAccuracy,depth,depthAccuracy,distanceFromCentroidInMeters,issue,taxonomicIssue,nonTaxonomicIssue,mediaType,hasCoordinate,hasGeospatialIssues,taxonKey,acceptedTaxonKey,kingdomKey,phylumKey,classKey,orderKey,superfamilyKey,familyKey,subfamilyKey,tribeKey,subtribeKey,genusKey,subgenusKey,speciesKey,species,acceptedScientificName,verbatimScientificName,typifiedName,protocol,lastParsed,lastCrawled,isInvasive,repatriated,relativeOrganismQuantity,isSequenced,gbifRegion,publishedByGbifRegion,projectID,level0Gid,level0Name,level1Gid,level1Name,level2Gid,level2Name,level3Gid,level3Name,iucnRedListCategory,audit_decisao,audit_justificativa
6520650573,,,,CC_BY_4_0,2026-08-31T13:48:31Z,,https://www.inaturalist.org/observations/382141018,Fernando Bondan,,,,,iNaturalist,Observations,iNaturalist research-grade observations,,HUMAN_OBSERVATION,Coordinate uncertainty increased to 31310m to protect threatened taxon,,,https://www.inaturalist.org/observations/382141018,382141018,,Fernando Bondan,,,,,,,,,,,,,,,PRESENT,,,,,,,,,,,,,,,,,,,,,,,2026-06-28T12:04,12:04:00-04:00,179.0,179.0,2026.0,6.0,28.0,2026/06/28 12:04,,,,,,,,,,,SOUTH_AMERICA,,,,BR,Amazonas,,,,"Apuí, BR-AM, BR",,,,,,,,-7.610657,-60.458943,31310.0,,,,,,,,,,,,,,,,,,,,,,,,,,,,,,,852301580.0,,,,Fernando Bondan,,2026-07-17T00:30:13,,,,1369213,,,,,,,,"Lagothrix lagothricha cana (É.Geoffroy Saint-Hilaire, 1812)",,,,,,,,Animalia,Chordata,Mammalia,Primates,,Atelidae,,,,Lagothrix,Lagothrix,,,lagothricha,cana,,SUBSPECIES,,,,ACCEPTED,,,50c9509d-22c7-4a22-a47d-8c48425ef4a7,US,2026-09-11T05:49:52.599Z,,,,,,COORDINATE_ROUNDED;CONTINENT_DERIVED_FROM_COORDINATES;TAXON_ID_NOT_FOUND,,,StillImage,True,False,5786086,5786086,1,44,359,798,,3239607,,,,2436656,,5786085,Lagothrix lagothricha,"Lagothrix lagothricha cana (É.Geoffroy Saint-Hilaire, 1812)",Lagothrix lagothricha cana,,DWC_ARCHIVE,2026-09-11T05:49:52.599Z,2026-09-10T19:15:51.157Z,,True,,False,LATIN_AMERICA,NORTH_AMERICA,,BRA,Brazil,BRA.4_1,Amazonas,BRA.4.5_2,Apuí,,,,MANTER,sem problema relevante detectado
6511335452,2018-04-04,,,CC_BY_4_0,,,,SISBIO | Sistema de Autorização e Informação em Biodiversidade,,,,,ICMBio,Dados de Pesquisa SISBio,ICMBio;Dados de ocorrência de espécies do Sistema de Autorização e Informações de Biodiversidade (SISBio) do ICMBio,ICMBio | Instituto Chico Mendes de Conservação da Biodiversidade,HUMAN_OBSERVATION,,,"""{""""categoria_ameaca"""" : {""""co_ameaca_oficial"""" : null, """"ds_ameaca_oficial"""" : null, """"co_ameaca_nao_oficial"""" : null, """"ds_ameaca_nao_oficial"""" : null}, """"sensivel"""" : {""""in_sensivel"""" : false, """"data"""" : null}, """"carencia"""" : """"2018-04-04"""", """"nome_comum"""" : null, """"dynamicProperties"""" : null}""",1295020,22717,,Simone Baldini Lucheis,,5.0,,,,,,,,,,,,,PRESENT,,Destinado a laboratório,,,,,,,,,,,,,,,,,,,,,2019-03-27T00:00,,86.0,86.0,2019.0,3.0,27.0,,,Coleta de amostras,,,,,,,,,SOUTH_AMERICA,,,,BR,Distrito Federal,,Brasília,,,,,,,,,Fora de UC Federal,-15.8475,-47.939167,,,,,,,,,,,,,Coordenada aproximada,,,,,,,,,,,,,,,,,,,,,,,,,,,,,12728,12728.0,,1722.0,,,,,"Lagothrix cana (É.Geoffroy Saint-Hilaire, 1812)",,Lagothrix,,,,,Lagothrix cana|Lagothrix|Atelidae|Primates|Mammalia|Chordata|Animalia,Animalia,Chordata,Mammalia,Primates,,Atelidae,,,,Lagothrix,Lagothrix,,,cana,,,SPECIES,,,,SYNONYM,,,ffe38a37-d659-4b1a-a935-5a5264e3cc0a,BR,2026-09-07T07:05:47.922Z,,,,,,GEODETIC_DATUM_INVALID;GEODETIC_DATUM_ASSUMED_WGS84;CONTINENT_DERIVED_FROM_COORDINATES;OCCURRENCE_STATUS_INFERRED_FROM_INDIVIDUAL_COUNT;TAXON_ID_NOT_FOUND;SCIENTIFIC_NAME_ID_NOT_FOUND,,,,True,False,9205754,5786086,1,44,359,798,,3239607,,,,2436656,,5786085,Lagothrix lagothricha,"Lagothrix lagothricha cana (É.Geoffroy Saint-Hilaire, 1812)",Lagothrix cana,,EML,2026-09-07T07:05:47.922Z,2026-09-07T06:56:32.879Z,,False,,False,LATIN_AMERICA,LATIN_AMERICA,SISBIO-Portaria-748-2022,BRA,Brazil,BRA.7_1,Distrito Federal,BRA.7.1_2,Brasília,,,,EXCLUIR,"coordenada repetida entre registros do mesmo dataset em datas distintas, fora da Amazonia plausivel - provavel endereco institucional (sede/permissionario SISBio), nao local de observacao"
6511329858,2016-12-09,,,CC_BY_4_0,,,,SISBIO | Sistema de Autorização e Informação em Biodiversidade,,,,,ICMBio,Dados de Pesquisa SISBio,ICMBio;Dados de ocorrência de espécies do Sistema de Autorização e Informações de Biodiversidade (SISBio) do ICMBio,ICMBio | Instituto Chico Mendes de Conservação da Biodiversidade,HUMAN_OBSERVATION,,,"""{""""categoria_ameaca"""" : {""""co_ameaca_oficial"""" : null, """"ds_ameaca_oficial"""" : null, """"co_ameaca_nao_oficial"""" : null, """"ds_ameaca_nao_oficial"""" : null}, """"sensivel"""" : {""""in_sensivel"""" : false, """"data"""" : null}, """"carencia"""" : """"2016-12-09"""", """"nome_comum"""" : null, """"dynamicProperties"""" : null}""",404767,10729,,Mariluce Rezende Messias,,1.0,,,,,,,,,,,,,PRESENT,,Depositado em coleção/museu,,,,,,,,,,,,,,,,,,,,,2011-12-11T00:00,,345.0,345.0,2011.0,12.0,11.0,,,Coleta de espécimes,,,,,,,,,SOUTH_AMERICA,,,,BR,Amazonas,,Canutama,,,,,,,,,Fora de UC Federal,-8.2016409,-64.0594859,,,,,,,,,,,,,Coordenada de referência da área amostrada,,,,,,,,,,,,,,,,,,,,,,,,,,,,,12728,12728.0,,1722.0,,,,,"Lagothrix cana (É.Geoffroy Saint-Hilaire, 1812)",,Lagothrix,,,,,Lagothrix cana|Lagothrix|Atelidae|Primates|Mammalia|Chordata|Animalia,Animalia,Chordata,Mammalia,Primates,,Atelidae,,,,Lagothrix,Lagothrix,,,cana,,,SPECIES,,,,SYNONYM,,,ffe38a37-d659-4b1a-a935-5a5264e3cc0a,BR,2026-09-07T07:05:52.635Z,,,,,,COORDINATE_REPROJECTED;CONTINENT_DERIVED_FROM_COORDINATES;OCCURRENCE_STATUS_INFERRED_FROM_INDIVIDUAL_COUNT;SCIENTIFIC_NAME_ID_NOT_FOUND;TAXON_ID_NOT_FOUND,,,,True,False,9205754,5786086,1,44,359,798,,3239607,,,,2436656,,5786085,Lagothrix lagothricha,"Lagothrix lagothricha cana (É.Geoffroy Saint-Hilaire, 1812)",Lagothrix cana,,EML,2026-09-07T07:05:52.635Z,2026-09-07T06:56:32.879Z,,False,,False,LATIN_AMERICA,LATIN_AMERICA,SISBIO-Portaria-748-2022,BRA,Brazil,BRA.4_1,Amazonas,BRA.4.16_2,Canutama,,,,MANTER_COM_RESSALVA,incerteza de coordenada nao informada
6511314770,2022-12-30,,,CC_BY_4_0,,,,SISBIO | Sistema de Autorização e Informação em Biodiversidade,,,,,ICMBio,Dados de Pesquisa SISBio,ICMBio;Dados de ocorrência de espécies do Sistema de Autorização e Informações de Biodiversidade (SISBio) do ICMBio,ICMBio | Instituto Chico Mendes de Conservação da Biodiversidade,HUMAN_OBSERVATION,,,"""{""""categoria_ameaca"""" : {""""co_ameaca_oficial"""" : null, """"ds_ameaca_oficial"""" : null, """"co_ameaca_nao_oficial"""" : null, """"ds_ameaca_nao_oficial"""" : null}, """"sensivel"""" : {""""in_sensivel"""" : false, """"data"""" : null}, """"carencia"""" : """"2022-12-30"""", """"nome_comum"""" : null, """"dynamicProperties"""" : null}""",740389,10188,,JEAN PHILIPPE BOUBLI,,3.0,,,,,,,,,,,,,PRESENT,,Depositado em coleção/museu,,,,,,,,,,,,,,,,,,,,,2014-09-01T00:00,,244.0,244.0,2014.0,9.0,1.0,,,Coleta de espécimes,,,,,,,,,SOUTH_AMERICA,,,,BR,Amazonas,,Japurá,,,,,,,,,Fora de UC Federal,-1.846111,-69.024722,,,,,,,,,,,,,Coordenada de referência da área amostrada,,,,,,,,,,,,,,,,,,,,,,,,,,,,,12728,12728.0,,1722.0,,,,,"Lagothrix cana (É.Geoffroy Saint-Hilaire, 1812)",,Lagothrix,,,,,Lagothrix cana|Lagothrix|Atelidae|Primates|Mammalia|Chordata|Animalia,Animalia,Chordata,Mammalia,Primates,,Atelidae,,,,Lagothrix,Lagothrix,,,cana,,,SPECIES,,,,SYNONYM,,,ffe38a37-d659-4b1a-a935-5a5264e3cc0a,BR,2026-09-07T07:05:35.928Z,,,,,,CONTINENT_DERIVED_FROM_COORDINATES;OCCURRENCE_STATUS_INFERRED_FROM_INDIVIDUAL_COUNT;TAXON_ID_NOT_FOUND;SCIENTIFIC_NAME_ID_NOT_FOUND,,,,True,False,9205754,5786086,1,44,359,798,,3239607,,,,2436656,,5786085,Lagothrix lagothricha,"Lagothrix lagothricha cana (É.Geoffroy Saint-Hilaire, 1812)",Lagothrix cana,,EML,2026-09-07T07:05:35.928Z,2026-09-07T06:56:32.879Z,,False,,False,LATIN_AMERICA,LATIN_AMERICA,SISBIO-Portaria-748-2022,BRA,Brazil,BRA.4_1,Amazonas,BRA.4.32_2,Japurá,,,,MANTER_COM_RESSALVA,incerteza de coordenada nao informada
6511279038,2024-08-01,,,CC_BY_4_0,,,,SISBIO | Sistema de Autorização e Informação em Biodiversidade,,,,,ICMBio,Dados de Pesquisa SISBio,ICMBio;Dados de ocorrência de espécies do Sistema de Autorização e Informações de Biodiversidade (SISBio) do ICMBio,ICMBio | Instituto Chico Mendes de Conservação da Biodiversidade,HUMAN_OBSERVATION,,,"""{""""categoria_ameaca"""" : {""""co_ameaca_oficial"""" : null, """"ds_ameaca_oficial"""" : null, """"co_ameaca_nao_oficial"""" : null, """"ds_ameaca_nao_oficial"""" : null}, """"sensivel"""" : {""""in_sensivel"""" : false, """"data"""" : null}, """"carencia"""" : """"2024-08-01"""", """"nome_comum"""" : null, """"dynamicProperties"""" : null}""",1313097,14939,,João Valsecchi do Amaral,,1.0,,,,,,,,,,,,,PRESENT,,Depositado em coleção/museu,,,,,,,,,,,,,,,,,,,,,2018-07-28T00:00,,209.0,209.0,2018.0,7.0,28.0,,,Coleta de espécimes,,,,,,CNUC_230,,,SOUTH_AMERICA,,,,BR,Amazonas,,,,,,,,,,,Dentro de UC Federal,-3.825111,-66.077083,,,,,,,,,,,,,Coordenada de referência da área amostrada,,,,,,,,,,,,,,,,,,,,,,,,,,,,,12728,12728.0,,1722.0,,,,,"Lagothrix cana (É.Geoffroy Saint-Hilaire, 1812)",,Lagothrix,,,,,Lagothrix cana|Lagothrix|Atelidae|Primates|Mammalia|Chordata|Animalia,Animalia,Chordata,Mammalia,Primates,,Atelidae,,,,Lagothrix,Lagothrix,,,cana,,,SPECIES,,,,SYNONYM,,,ffe38a37-d659-4b1a-a935-5a5264e3cc0a,BR,2026-09-07T07:05:38.316Z,,,,,,CONTINENT_DERIVED_FROM_COORDINATES;OCCURRENCE_STATUS_INFERRED_FROM_INDIVIDUAL_COUNT;SCIENTIFIC_NAME_ID_NOT_FOUND;TAXON_ID_NOT_FOUND,,,,True,False,9205754,5786086,1,44,359,798,,3239607,,,,2436656,,5786085,Lagothrix lagothricha,"Lagothrix lagothricha cana (É.Geoffroy Saint-Hilaire, 1812)",Lagothrix cana,,EML,2026-09-07T07:05:38.316Z,2026-09-07T06:56:32.879Z,,False,,False,LATIN_AMERICA,LATIN_AMERICA,SISBIO-Portaria-748-2022,BRA,Brazil,BRA.4_1,Amazonas,BRA.4.33_2,Juruá,,,,MANTER_COM_RESSALVA,possivel duplicata (mesma coordenada/data/coletor) - conferir antes de modelar
6511243684,2017-12-07,,,CC_BY_4_0,,,,SISBIO | Sistema de Autorização e Informação em Biodiversidade,,,,,ICMBio,Dados de Pesquisa SISBio,ICMBio;Dados de ocorrência de espécies do Sistema de Autorização e Informações de Biodiversidade (SISBio) do ICMBio,ICMBio | Instituto Chico Mendes de Conservação da Biodiversidade,HUMAN_OBSERVATION,,,"""{""""categoria_ameaca"""" : {""""co_ameaca_oficial"""" : null, """"ds_ameaca_oficial"""" : null, """"co_ameaca_nao_oficial"""" : null, """"ds_ameaca_nao_oficial"""" : null}, """"sensivel"""" : {""""in_sensivel"""" : false, """"data"""" : null}, """"carencia"""" : """"2017-12-07"""", """"nome_comum"""" : null, """"dynamicProperties"""" : null}""",994620,19637,,Renata Bocorny De Azevedo,,3.0,,,,,,,,,,,,,PRESENT,,Solto/mantido na natureza,,,,,,,,,,,,,,,,,,,,,2015-11-30T00:00,,334.0,334.0,2015.0,11.0,30.0,,,Avistamento/Observação,,,,,,CNUC_208,,,SOUTH_AMERICA,,,,BR,Rondônia,,,,,,,,,,,Dentro de UC Federal,-9.4735,-61.6665,,,,,,,,,,,,,Coordenada exata da ocorrência,,,,,,,,,,,,,,,,,,,,,,,,,,,,,12728,12728.0,,1722.0,,,,,"Lagothrix cana (É.Geoffroy Saint-Hilaire, 1812)",,Lagothrix,,,,,Lagothrix cana|Lagothrix|Atelidae|Primates|Mammalia|Chordata|Animalia,Animalia,Chordata,Mammalia,Primates,,Atelidae,,,,Lagothrix,Lagothrix,,,cana,,,SPECIES,,,,SYNONYM,,,ffe38a37-d659-4b1a-a935-5a5264e3cc0a,BR,2026-09-07T07:05:48.927Z,,,,,,CONTINENT_DERIVED_FROM_COORDINATES;OCCURRENCE_STATUS_INFERRED_FROM_INDIVIDUAL_COUNT;SCIENTIFIC_NAME_ID_NOT_FOUND;TAXON_ID_NOT_FOUND,,,,True,False,9205754,5786086,1,44,359,798,,3239607,,,,2436656,,5786085,Lagothrix lagothricha,"Lagothrix lagothricha cana (É.Geoffroy Saint-Hilaire, 1812)",Lagothrix cana,,EML,2026-09-07T07:05:48.927Z,2026-09-07T06:56:32.879Z,,False,,False,LATIN_AMERICA,LATIN_AMERICA,SISBIO-Portaria-748-2022,BRA,Brazil,BRA.22_1,Rondônia,BRA.22.50_2,Vale do Anari,,,,MANTER_COM_RESSALVA,incerteza de coordenada nao informada
6511216306,2016-12-09,,,CC_BY_4_0,,,,SISBIO | Sistema de Autorização e Informação em Biodiversidade,,,,,ICMBio,Dados de Pesquisa SISBio,ICMBio;Dados de ocorrência de espécies do Sistema de Autorização e Informações de Biodiversidade (SISBio) do ICMBio,ICMBio | Instituto Chico Mendes de Conservação da Biodiversidade,HUMAN_OBSERVATION,,,"""{""""categoria_ameaca"""" : {""""co_ameaca_oficial"""" : null, """"ds_ameaca_oficial"""" : null, """"co_ameaca_nao_oficial"""" : null, """"ds_ameaca_nao_oficial"""" : null}, """"sensivel"""" : {""""in_sensivel"""" : false, """"data"""" : null}, """"carencia"""" : """"2016-12-09"""", """"nome_comum"""" : null, """"dynamicProperties"""" : null}""",404783,10729,,Mariluce Rezende Messias,,1.0,,,,,,,,,,,,,PRESENT,,Depositado em coleção/museu,,,,,,,,,,,,,,,,,,,,,2011-11-13T00:00,,317.0,317.0,2011.0,11.0,13.0,,,Coleta de espécimes,,,,,,,,,SOUTH_AMERICA,,,,BR,Rondônia,,Machadinho D'Oeste,,,,,,,,,Fora de UC Federal,-8.6438819,-62.3666977,,,,,,,,,,,,,Coordenada de referência da área amostrada,,,,,,,,,,,,,,,,,,,,,,,,,,,,,12728,12728.0,,1722.0,,,,,"Lagothrix cana (É.Geoffroy Saint-Hilaire, 1812)",,Lagothrix,,,,,Lagothrix cana|Lagothrix|Atelidae|Primates|Mammalia|Chordata|Animalia,Animalia,Chordata,Mammalia,Primates,,Atelidae,,,,Lagothrix,Lagothrix,,,cana,,,SPECIES,,,,SYNONYM,,,ffe38a37-d659-4b1a-a935-5a5264e3cc0a,BR,2026-09-07T07:05:52.535Z,,,,,,COORDINATE_REPROJECTED;CONTINENT_DERIVED_FROM_COORDINATES;OCCURRENCE_STATUS_INFERRED_FROM_INDIVIDUAL_COUNT;SCIENTIFIC_NAME_ID_NOT_FOUND;TAXON_ID_NOT_FOUND,,,,True,False,9205754,5786086,1,44,359,798,,3239607,,,,2436656,,5786085,Lagothrix lagothricha,"Lagothrix lagothricha cana (É.Geoffroy Saint-Hilaire, 1812)",Lagothrix cana,,EML,2026-09-07T07:05:52.535Z,2026-09-07T06:56:32.879Z,,False,,False,LATIN_AMERICA,LATIN_AMERICA,SISBIO-Portaria-748-2022,BRA,Brazil,BRA.22_1,Rondônia,BRA.22.37_2,Porto Velho,,,,MANTER_COM_RESSALVA,incerteza de coordenada nao informada
6511184503,2017-12-07,,,CC_BY_4_0,,,,SISBIO | Sistema de Autorização e Informação em Biodiversidade,,,,,ICMBio,Dados de Pesquisa SISBio,ICMBio;Dados de ocorrência de espécies do Sistema de Autorização e Informações de Biodiversidade (SISBio) do ICMBio,ICMBio | Instituto Chico Mendes de Conservação da Biodiversidade,HUMAN_OBSERVATION,,,"""{""""categoria_ameaca"""" : {""""co_ameaca_oficial"""" : null, """"ds_ameaca_oficial"""" : null, """"co_ameaca_nao_oficial"""" : null, """"ds_ameaca_nao_oficial"""" : null}, """"sensivel"""" : {""""in_sensivel"""" : false, """"data"""" : null}, """"carencia"""" : """"2017-12-07"""", """"nome_comum"""" : null, """"dynamicProperties"""" : null}""",994600,19637,,Renata Bocorny De Azevedo,,1.0,,,,,,,,,,,,,PRESENT,,Solto/mantido na natureza,,,,,,,,,,,,,,,,,,,,,2015-11-30T00:00,,334.0,334.0,2015.0,11.0,30.0,,,Avistamento/Observação,,,,,,CNUC_208,,,SOUTH_AMERICA,,,,BR,Rondônia,,,,,,,,,,,Dentro de UC Federal,-10.122558,-61.902792,,,,,,,,,,,,,Coordenada exata da ocorrência,,,,,,,,,,,,,,,,,,,,,,,,,,,,,12728,12728.0,,1722.0,,,,,"Lagothrix cana (É.Geoffroy Saint-Hilaire, 1812)",,Lagothrix,,,,,Lagothrix cana|Lagothrix|Atelidae|Primates|Mammalia|Chordata|Animalia,Animalia,Chordata,Mammalia,Primates,,Atelidae,,,,Lagothrix,Lagothrix,,,cana,,,SPECIES,,,,SYNONYM,,,ffe38a37-d659-4b1a-a935-5a5264e3cc0a,BR,2026-09-07T07:06:01.480Z,,,,,,CONTINENT_DERIVED_FROM_COORDINATES;OCCURRENCE_STATUS_INFERRED_FROM_INDIVIDUAL_COUNT;SCIENTIFIC_NAME_ID_NOT_FOUND;TAXON_ID_NOT_FOUND,,,,True,False,9205754,5786086,1,44,359,798,,3239607,,,,2436656,,5786085,Lagothrix lagothricha,"Lagothrix lagothricha cana (É.Geoffroy Saint-Hilaire, 1812)",Lagothrix cana,,EML,2026-09-07T07:06:01.480Z,2026-09-07T06:56:32.879Z,,False,,False,LATIN_AMERICA,LATIN_AMERICA,SISBIO-Portaria-748-2022,BRA,Brazil,BRA.22_1,Rondônia,BRA.22.24_2,Ji-Paraná,,,,MANTER_COM_RESSALVA,incerteza de coordenada nao informada
6511175465,2017-12-07,,,CC_BY_4_0,,,,SISBIO | Sistema de Autorização e Informação em Biodiversidade,,,,,ICMBio,Dados de Pesquisa SISBio,ICMBio;Dados de ocorrência de espécies do Sistema de Autorização e Informações de Biodiversidade (SISBio) do ICMBio,ICMBio | Instituto Chico Mendes de Conservação da Biodiversidade,HUMAN_OBSERVATION,,,"""{""""categoria_ameaca"""" : {""""co_ameaca_oficial"""" : null, """"ds_ameaca_oficial"""" : null, """"co_ameaca_nao_oficial"""" : null, """"ds_ameaca_nao_oficial"""" : null}, """"sensivel"""" : {""""in_sensivel"""" : false, """"data"""" : null}, """"carencia"""" : """"2017-12-07"""", """"nome_comum"""" : null, """"dynamicProperties"""" : null}""",994613,19637,,Renata Bocorny De Azevedo,,1.0,,,,,,,,,,,,,PRESENT,,Solto/mantido na natureza,,,,,,,,,,,,,,,,,,,,,2015-11-30T00:00,,334.0,334.0,2015.0,11.0,30.0,,,Avistamento/Observação,,,,,,CNUC_208,,,SOUTH_AMERICA,,,,BR,Rondônia,,,,,,,,,,,Dentro de UC Federal,-10.062917,-61.960194,,,,,,,,,,,,,Coordenada exata da ocorrência,,,,,,,,,,,,,,,,,,,,,,,,,,,,,12728,12728.0,,1722.0,,,,,"Lagothrix cana (É.Geoffroy Saint-Hilaire, 1812)",,Lagothrix,,,,,Lagothrix cana|Lagothrix|Atelidae|Primates|Mammalia|Chordata|Animalia,Animalia,Chordata,Mammalia,Primates,,Atelidae,,,,Lagothrix,Lagothrix,,,cana,,,SPECIES,,,,SYNONYM,,,ffe38a37-d659-4b1a-a935-5a5264e3cc0a,BR,2026-09-07T07:06:15.179Z,,,,,,CONTINENT_DERIVED_FROM_COORDINATES;OCCURRENCE_STATUS_INFERRED_FROM_INDIVIDUAL_COUNT;SCIENTIFIC_NAME_ID_NOT_FOUND;TAXON_ID_NOT_FOUND,,,,True,False,9205754,5786086,1,44,359,798,,3239607,,,,2436656,,5786085,Lagothrix lagothricha,"Lagothrix lagothricha cana (É.Geoffroy Saint-Hilaire, 1812)",Lagothrix cana,,EML,2026-09-07T07:06:15.179Z,2026-09-07T06:56:32.879Z,,False,,False,LATIN_AMERICA,LATIN_AMERICA,SISBIO-Portaria-748-2022,BRA,Brazil,BRA.22_1,Rondônia,BRA.22.24_2,Ji-Paraná,,,,MANTER_COM_RESSALVA,incerteza de coordenada nao informada
6511158011,2014-11-17,,,CC_BY_4_0,,,,SISBIO | Sistema de Autorização e Informação em Biodiversidade,,,,,ICMBio,Dados de Pesquisa SISBio,ICMBio;Dados de ocorrência de espécies do Sistema de Autorização e Informações de Biodiversidade (SISBio) do ICMBio,ICMBio | Instituto Chico Mendes de Conservação da Biodiversidade,HUMAN_OBSERVATION,,,"""{""""categoria_ameaca"""" : {""""co_ameaca_oficial"""" : null, """"ds_ameaca_oficial"""" : null, """"co_ameaca_nao_oficial"""" : null, """"ds_ameaca_nao_oficial"""" : null}, """"sensivel"""" : {""""in_sensivel"""" : false, """"data"""" : null}, """"carencia"""" : """"2014-11-17"""", """"nome_comum"""" : null, """"dynamicProperties"""" : null}""",389249,8664,,ELIANE DE SOUSA,,4.0,,,,,,,,,,,,,PRESENT,,Destinado a laboratório,,,,,,,,,,,,,,,,,,,,,2013-04-02T00:00,,92.0,92.0,2013.0,4.0,2.0,,,Coleta de amostras,,,,,,,,,SOUTH_AMERICA,,,,BR,São Paulo,,Jaboticabal,,,,,,,,,Fora de UC Federal,-21.263781,-48.322678,,,,,,,,,,,,,Coordenada aproximada,,,,,,,,,,,,,,,,,,,,,,,,,,,,,12726,12726.0,,1722.0,,,,,"Lagothrix lagothricha (Humboldt, 1812)",,Lagothrix,,,,,Lagothrix lagotricha|Lagothrix|Atelidae|Primates|Mammalia|Chordata|Animalia,Animalia,Chordata,Mammalia,Primates,,Atelidae,,,,Lagothrix,Lagothrix,,,lagothricha,,,SPECIES,,,,ACCEPTED,,,ffe38a37-d659-4b1a-a935-5a5264e3cc0a,BR,2026-09-07T07:05:58.429Z,,,,,,GEODETIC_DATUM_INVALID;GEODETIC_DATUM_ASSUMED_WGS84;CONTINENT_DERIVED_FROM_COORDINATES;OCCURRENCE_STATUS_INFERRED_FROM_INDIVIDUAL_COUNT;TAXON_ID_NOT_FOUND;SCIENTIFIC_NAME_ID_NOT_FOUND;TAXON_MATCH_FUZZY,,,,True,False,5786085,5786085,1,44,359,798,,3239607,,,,2436656,,5786085,Lagothrix lagothricha,"Lagothrix lagothricha (Humboldt, 1812)",Lagothrix lagotricha,,EML,2026-09-07T07:05:58.429Z,2026-09-07T06:56:32.879Z,,False,,False,LATIN_AMERICA,LATIN_AMERICA,SISBIO-Portaria-748-2022,BRA,Brazil,BRA.25_1,São Paulo,BRA.25.279_2,Jaboticabal,,,VU,REVISAR,fora da distribuicao amazonica plausivel da especie (estado=São Paulo) - provavel erro de identificacao/geolocalizacao
6511151810,2017-09-19,,,CC_BY_4_0,,,,SISBIO | Sistema de Autorização e Informação em Biodiversidade,,,,,ICMBio,Dados de Pesquisa SISBio,ICMBio;Dados de ocorrência de espécies do Sistema de Autorização e Informações de Biodiversidade (SISBio) do ICMBio,ICMBio | Instituto Chico Mendes de Conservação da Biodiversidade,HUMAN_OBSERVATION,,,"""{""""categoria_ameaca"""" : {""""co_ameaca_oficial"""" : null, """"ds_ameaca_oficial"""" : null, """"co_ameaca_nao_oficial"""" : null, """"ds_ameaca_nao_oficial"""" : null}, """"sensivel"""" : {""""in_sensivel"""" : false, """"data"""" : null}, """"carencia"""" : """"2017-09-19"""", """"nome_comum"""" : null, """"dynamicProperties"""" : null}""",194196,7959,,ANA CRISTINA MENDES DE OLIVEIRA,,1.0,,,,,,,,,,,,,PRESENT,,Depositado em coleção/museu,,,,,,,,,,,,,,,,,,,,,2011-08-02T00:00,,214.0,214.0,2011.0,8.0,2.0,,,Coleta de amostras,,,,,,,,,SOUTH_AMERICA,,,,BR,Mato Grosso,,Rondolândia,,,,,,,,,Fora de UC Federal,-10.460917,-60.961944,,,,,,,,,,,,,Coordenada de referência da área amostrada,,,,,,,,,,,,,,,,,,,,,,,,,,,,,12728,12728.0,,1722.0,,,,,"Lagothrix cana (É.Geoffroy Saint-Hilaire, 1812)",,Lagothrix,,,,,Lagothrix cana|Lagothrix|Atelidae|Primates|Mammalia|Chordata|Animalia,Animalia,Chordata,Mammalia,Primates,,Atelidae,,,,Lagothrix,Lagothrix,,,cana,,,SPECIES,,,,SYNONYM,,,ffe38a37-d659-4b1a-a935-5a5264e3cc0a,BR,2026-09-07T07:05:32.653Z,,,,,,GEODETIC_DATUM_INVALID;GEODETIC_DATUM_ASSUMED_WGS84;CONTINENT_DERIVED_FROM_COORDINATES;OCCURRENCE_STATUS_INFERRED_FROM_INDIVIDUAL_COUNT;SCIENTIFIC_NAME_ID_NOT_FOUND;TAXON_ID_NOT_FOUND,,,,True,False,9205754,5786086,1,44,359,798,,3239607,,,,2436656,,5786085,Lagothrix lagothricha,"Lagothrix lagothricha cana (É.Geoffroy Saint-Hilaire, 1812)",Lagothrix cana,,EML,2026-09-07T07:05:32.653Z,2026-09-07T06:56:32.879Z,,False,,False,LATIN_AMERICA,LATIN_AMERICA,SISBIO-Portaria-748-2022,BRA,Brazil,BRA.12_1,Mato Grosso,BRA.12.109_2,Rondolândia,,,,MANTER_COM_RESSALVA,"dentro da Amazonia mas fora de AM/AC/RO/RR (estado=Mato Grosso) - fora da area de estudo, mantido apenas como contexto de fundo"
6511144135,2021-02-04,,,CC_BY_4_0,,,,SISBIO | Sistema de Autorização e Informação em Biodiversidade,,,,,ICMBio,Dados de Pesquisa SISBio,ICMBio;Dados de ocorrência de espécies do Sistema de Autorização e Informações de Biodiversidade (SISBio) do ICMBio,ICMBio | Instituto Chico Mendes de Conservação da Biodiversidade,HUMAN_OBSERVATION,,,"""{""""categoria_ameaca"""" : {""""co_ameaca_oficial"""" : null, """"ds_ameaca_oficial"""" : null, """"co_ameaca_nao_oficial"""" : null, """"ds_ameaca_nao_oficial"""" : null}, """"sensivel"""" : {""""in_sensivel"""" : false, """"data"""" : null}, """"carencia"""" : """"2021-02-04"""", """"nome_comum"""" : null, """"dynamicProperties"""" : null}""",1161542,22354,,Renata Bocorny De Azevedo,,1.0,,,,,,,,,,,,,PRESENT,,Solto/mantido na natureza,,,,,,,,,,,,,,,,,,,,,2016-11-02T00:00,,307.0,307.0,2016.0,11.0,2.0,,,Avistamento/Observação,,,,,,CNUC_281,,,SOUTH_AMERICA,,,,BR,Mato Grosso,,,,,,,,,,,Dentro de UC Federal,-8.981833,-58.601928,,,,,,,,,,,,,Coordenada exata da ocorrência,,,,,,,,,,,,,,,,,,,,,,,,,,,,,12728,12728.0,,1722.0,,,,,"Lagothrix cana (É.Geoffroy Saint-Hilaire, 1812)",,Lagothrix,,,,,Lagothrix cana|Lagothrix|Atelidae|Primates|Mammalia|Chordata|Animalia,Animalia,Chordata,Mammalia,Primates,,Atelidae,,,,Lagothrix,Lagothrix,,,cana,,,SPECIES,,,,SYNONYM,,,ffe38a37-d659-4b1a-a935-5a5264e3cc0a,BR,2026-09-07T07:05:32.799Z,,,,,,GEODETIC_DATUM_INVALID;GEODETIC_DATUM_ASSUMED_WGS84;CONTINENT_DERIVED_FROM_COORDINATES;OCCURRENCE_STATUS_INFERRED_FROM_INDIVIDUAL_COUNT;SCIENTIFIC_NAME_ID_NOT_FOUND;TAXON_ID_NOT_FOUND,,,,True,False,9205754,5786086,1,44,359,798,,3239607,,,,2436656,,5786085,Lagothrix lagothricha,"Lagothrix lagothricha cana (É.Geoffroy Saint-Hilaire, 1812)",Lagothrix cana,,EML,2026-09-07T07:05:32.799Z,2026-09-07T06:56:32.879Z,,False,,False,LATIN_AMERICA,LATIN_AMERICA,SISBIO-Portaria-748-2022,BRA,Brazil,BRA.12_1,Mato Grosso,BRA.12.37_2,Cotriguaçu,,,,MANTER_COM_RESSALVA,"dentro da Amazonia mas fora de AM/AC/RO/RR (estado=Mato Grosso) - fora da area de estudo, mantido apenas como contexto de fundo"
6511134781,2021-02-04,,,CC_BY_4_0,,,,SISBIO | Sistema de Autorização e Informação em Biodiversidade,,,,,ICMBio,Dados de Pesquisa SISBio,ICMBio;Dados de ocorrência de espécies do Sistema de Autorização e Informações de Biodiversidade (SISBio) do ICMBio,ICMBio | Instituto Chico Mendes de Conservação da Biodiversidade,HUMAN_OBSERVATION,,,"""{""""categoria_ameaca"""" : {""""co_ameaca_oficial"""" : null, """"ds_ameaca_oficial"""" : null, """"co_ameaca_nao_oficial"""" : null, """"ds_ameaca_nao_oficial"""" : null}, """"sensivel"""" : {""""in_sensivel"""" : false, """"data"""" : null}, """"carencia"""" : """"2021-02-04"""", """"nome_comum"""" : null, """"dynamicProperties"""" : null}""",1161545,22354,,Renata Bocorny De Azevedo,,1.0,,,,,,,,,,,,,PRESENT,,Solto/mantido na natureza,,,,,,,,,,,,,,,,,,,,,2016-11-02T00:00,,307.0,307.0,2016.0,11.0,2.0,,,Avistamento/Observação,,,,,,CNUC_281,,,SOUTH_AMERICA,,,,BR,Mato Grosso,,,,,,,,,,,Dentro de UC Federal,-9.035211,-58.185053,,,,,,,,,,,,,Coordenada exata da ocorrência,,,,,,,,,,,,,,,,,,,,,,,,,,,,,12728,12728.0,,1722.0,,,,,"Lagothrix cana (É.Geoffroy Saint-Hilaire, 1812)",,Lagothrix,,,,,Lagothrix cana|Lagothrix|Atelidae|Primates|Mammalia|Chordata|Animalia,Animalia,Chordata,Mammalia,Primates,,Atelidae,,,,Lagothrix,Lagothrix,,,cana,,,SPECIES,,,,SYNONYM,,,ffe38a37-d659-4b1a-a935-5a5264e3cc0a,BR,2026-09-07T07:05:51.857Z,,,,,,GEODETIC_DATUM_INVALID;GEODETIC_DATUM_ASSUMED_WGS84;CONTINENT_DERIVED_FROM_COORDINATES;OCCURRENCE_STATUS_INFERRED_FROM_INDIVIDUAL_COUNT;SCIENTIFIC_NAME_ID_NOT_FOUND;TAXON_ID_NOT_FOUND,,,,True,False,9205754,5786086,1,44,359,798,,3239607,,,,2436656,,5786085,Lagothrix lagothricha,"Lagothrix lagothricha cana (É.Geoffroy Saint-Hilaire, 1812)",Lagothrix cana,,EML,2026-09-07T07:05:51.857Z,2026-09-07T06:56:32.879Z,,False,,False,LATIN_AMERICA,LATIN_AMERICA,SISBIO-Portaria-748-2022,BRA,Brazil,BRA.12_1,Mato Grosso,BRA.12.9_2,Apiacás,,,,MANTER_COM_RESSALVA,"dentro da Amazonia mas fora de AM/AC/RO/RR (estado=Mato Grosso) - fora da area de estudo, mantido apenas como contexto de fundo"
6511118688,2012-08-14,,,CC_BY_4_0,,,,SISBIO | Sistema de Autorização e Informação em Biodiversidade,,,,,ICMBio,Dados de Pesquisa SISBio,ICMBio;Dados de ocorrência de espécies do Sistema de Autorização e Informações de Biodiversidade (SISBio) do ICMBio,ICMBio | Instituto Chico Mendes de Conservação da Biodiversidade,HUMAN_OBSERVATION,,,"""{""""categoria_ameaca"""" : {""""co_ameaca_oficial"""" : null, """"ds_ameaca_oficial"""" : null, """"co_ameaca_nao_oficial"""" : null, """"ds_ameaca_nao_oficial"""" : null}, """"sensivel"""" : {""""in_sensivel"""" : false, """"data"""" : null}, """"carencia"""" : """"2012-08-14"""", """"nome_comum"""" : null, """"dynamicProperties"""" : null}""",135255,6421,,Daniel Pereira Munari,,1.0,,,,,,,,,,,,,PRESENT,,Depositado em coleção/museu,,,,,,,,,,,,,,,,,,,,,2008-11-03T00:00,,308.0,308.0,2008.0,11.0,3.0,,,Coleta de espécimes,,,,,,,,,SOUTH_AMERICA,,,,BR,Amazonas,,Novo Aripuanã,,,,,,,,,Dentro de UC Estadual,-8.779392,-60.470017,,,,,,,,,,,,,Coordenada aproximada,,,,,,,,,,,,,,,,,,,,,,,,,,,,,12728,12728.0,,1722.0,,,,,"Lagothrix cana (É.Geoffroy Saint-Hilaire, 1812)",,Lagothrix,,,,,Lagothrix cana|Lagothrix|Atelidae|Primates|Mammalia|Chordata|Animalia,Animalia,Chordata,Mammalia,Primates,,Atelidae,,,,Lagothrix,Lagothrix,,,cana,,,SPECIES,,,,SYNONYM,,,ffe38a37-d659-4b1a-a935-5a5264e3cc0a,BR,2026-09-07T07:05:30.650Z,,,,,,GEODETIC_DATUM_INVALID;GEODETIC_DATUM_ASSUMED_WGS84;CONTINENT_DERIVED_FROM_COORDINATES;OCCURRENCE_STATUS_INFERRED_FROM_INDIVIDUAL_COUNT;TAXON_ID_NOT_FOUND;SCIENTIFIC_NAME_ID_NOT_FOUND,,,,True,False,9205754,5786086,1,44,359,798,,3239607,,,,2436656,,5786085,Lagothrix lagothricha,"Lagothrix lagothricha cana (É.Geoffroy Saint-Hilaire, 1812)",Lagothrix cana,,EML,2026-09-07T07:05:30.650Z,2026-09-07T06:56:32.879Z,,False,,False,LATIN_AMERICA,LATIN_AMERICA,SISBIO-Portaria-748-2022,BRA,Brazil,BRA.4_1,Amazonas,BRA.4.45_2,Novo Aripuanã,,,,MANTER_COM_RESSALVA,incerteza de coordenada nao informada
6511116344,2018-04-04,,,CC_BY_4_0,,,,SISBIO | Sistema de Autorização e Informação em Biodiversidade,,,,,ICMBio,Dados de Pesquisa SISBio,ICMBio;Dados de ocorrência de espécies do Sistema de Autorização e Informações de Biodiversidade (SISBio) do ICMBio,ICMBio | Instituto Chico Mendes de Conservação da Biodiversidade,HUMAN_OBSERVATION,,,"""{""""categoria_ameaca"""" : {""""co_ameaca_oficial"""" : null, """"ds_ameaca_oficial"""" : null, """"co_ameaca_nao_oficial"""" : null, """"ds_ameaca_nao_oficial"""" : null}, """"sensivel"""" : {""""in_sensivel"""" : false, """"data"""" : null}, """"carencia"""" : """"2018-04-04"""", """"nome_comum"""" : null, """"dynamicProperties"""" : null}""",1295031,22717,,Simone Baldini Lucheis,,5.0,,,,,,,,,,,,,PRESENT,,Destinado a laboratório,,,,,,,,,,,,,,,,,,,,,2019-01-11T00:00,,11.0,11.0,2019.0,1.0,11.0,,,Coleta de amostras,,,,,,,,,SOUTH_AMERICA,,,,BR,Bahia,,Salvador,,,,,,,,,Fora de UC Federal,-13.008611,-38.505,,,,,,,,,,,,,Coordenada aproximada,,,,,,,,,,,,,,,,,,,,,,,,,,,,,12726,12726.0,,1722.0,,,,,"Lagothrix lagothricha (Humboldt, 1812)",,Lagothrix,,,,,Lagothrix lagotricha|Lagothrix|Atelidae|Primates|Mammalia|Chordata|Animalia,Animalia,Chordata,Mammalia,Primates,,Atelidae,,,,Lagothrix,Lagothrix,,,lagothricha,,,SPECIES,,,,ACCEPTED,,,ffe38a37-d659-4b1a-a935-5a5264e3cc0a,BR,2026-09-07T07:06:20.700Z,,,,,,GEODETIC_DATUM_INVALID;GEODETIC_DATUM_ASSUMED_WGS84;CONTINENT_DERIVED_FROM_COORDINATES;OCCURRENCE_STATUS_INFERRED_FROM_INDIVIDUAL_COUNT;TAXON_ID_NOT_FOUND;SCIENTIFIC_NAME_ID_NOT_FOUND;TAXON_MATCH_FUZZY,,,,True,False,5786085,5786085,1,44,359,798,,3239607,,,,2436656,,5786085,Lagothrix lagothricha,"Lagothrix lagothricha (Humboldt, 1812)",Lagothrix lagotricha,,EML,2026-09-07T07:06:20.700Z,2026-09-07T06:56:32.879Z,,False,,False,LATIN_AMERICA,LATIN_AMERICA,SISBIO-Portaria-748-2022,BRA,Brazil,BRA.5_1,Bahia,BRA.5.336_2,Salvador,,,VU,EXCLUIR,"coordenada repetida entre registros do mesmo dataset em datas distintas, fora da Amazonia plausivel - provavel endereco institucional (sede/permissionario SISBio), nao local de observacao"
6511080944,2019-10-20,,,CC_BY_4_0,,,,SISBIO | Sistema de Autorização e Informação em Biodiversidade,,,,,ICMBio,Dados de Pesquisa SISBio,ICMBio;Dados de ocorrência de espécies do Sistema de Autorização e Informações de Biodiversidade (SISBio) do ICMBio,ICMBio | Instituto Chico Mendes de Conservação da Biodiversidade,HUMAN_OBSERVATION,,,"""{""""categoria_ameaca"""" : {""""co_ameaca_oficial"""" : null, """"ds_ameaca_oficial"""" : null, """"co_ameaca_nao_oficial"""" : null, """"ds_ameaca_nao_oficial"""" : null}, """"sensivel"""" : {""""in_sensivel"""" : false, """"data"""" : null}, """"carencia"""" : """"2019-10-20"""", """"nome_comum"""" : null, """"dynamicProperties"""" : null}""",364416,7558,,Maisa da Silva Araújo,,1.0,,,,,,,,,,,,,PRESENT,,Depositado em banco de amostras biológicas,,,,,,,,,,,,,,,,,,,,,2010-08-23T00:00,,235.0,235.0,2010.0,8.0,23.0,,,Coleta de amostras,,,,,,,,,SOUTH_AMERICA,,,,BR,Rondônia,,Porto Velho,,,,,,,,,Fora de UC Federal,-8.888889,-63.111106,,,,,,,,,,,,,Coordenada aproximada,,,,,,,,,,,,,,,,,,,,,,,,,,,,,12728,12728.0,,1722.0,,,,,"Lagothrix cana (É.Geoffroy Saint-Hilaire, 1812)",,Lagothrix,,,,,Lagothrix cana|Lagothrix|Atelidae|Primates|Mammalia|Chordata|Animalia,Animalia,Chordata,Mammalia,Primates,,Atelidae,,,,Lagothrix,Lagothrix,,,cana,,,SPECIES,,,,SYNONYM,,,ffe38a37-d659-4b1a-a935-5a5264e3cc0a,BR,2026-09-07T07:05:51.460Z,,,,,,CONTINENT_DERIVED_FROM_COORDINATES;OCCURRENCE_STATUS_INFERRED_FROM_INDIVIDUAL_COUNT;SCIENTIFIC_NAME_ID_NOT_FOUND;TAXON_ID_NOT_FOUND,,,,True,False,9205754,5786086,1,44,359,798,,3239607,,,,2436656,,5786085,Lagothrix lagothricha,"Lagothrix lagothricha cana (É.Geoffroy Saint-Hilaire, 1812)",Lagothrix cana,,EML,2026-09-07T07:05:51.460Z,2026-09-07T06:56:32.879Z,,False,,False,LATIN_AMERICA,LATIN_AMERICA,SISBIO-Portaria-748-2022,BRA,Brazil,BRA.22_1,Rondônia,BRA.22.11_2,Candeias do Jamari,,,,MANTER_COM_RESSALVA,incerteza de coordenada nao informada
6511053097,2024-03-01,,,CC_BY_4_0,,,,SISBIO | Sistema de Autorização e Informação em Biodiversidade,,,,,ICMBio,Dados de Pesquisa SISBio,ICMBio;Dados de ocorrência de espécies do Sistema de Autorização e Informações de Biodiversidade (SISBio) do ICMBio,ICMBio | Instituto Chico Mendes de Conservação da Biodiversidade,HUMAN_OBSERVATION,,,"""{""""categoria_ameaca"""" : {""""co_ameaca_oficial"""" : null, """"ds_ameaca_oficial"""" : null, """"co_ameaca_nao_oficial"""" : null, """"ds_ameaca_nao_oficial"""" : null}, """"sensivel"""" : {""""in_sensivel"""" : false, """"data"""" : null}, """"carencia"""" : """"2024-03-01"""", """"nome_comum"""" : null, """"dynamicProperties"""" : null}""",1386856,24916,,Marcus Vinícius Guimarães de Lacerda,,3.0,,,,,,,,,,,,,PRESENT,,Destinado a laboratório,,,,,,,,,,,,,,,,,,,,,2018-10-09T00:00,,282.0,282.0,2018.0,10.0,9.0,,,Coleta de amostras,,,,,,,,,SOUTH_AMERICA,,,,BR,Amazonas,,Manaus,,,,,,,,,Fora de UC Federal,-3.100556,-60.043611,,,,,,,,,,,,,Coordenada aproximada,,,,,,,,,,,,,,,,,,,,,,,,,,,,,12726,12726.0,,1722.0,,,,,"Lagothrix lagothricha (Humboldt, 1812)",,Lagothrix,,,,,Lagothrix lagotricha|Lagothrix|Atelidae|Primates|Mammalia|Chordata|Animalia,Animalia,Chordata,Mammalia,Primates,,Atelidae,,,,Lagothrix,Lagothrix,,,lagothricha,,,SPECIES,,,,ACCEPTED,,,ffe38a37-d659-4b1a-a935-5a5264e3cc0a,BR,2026-09-07T07:05:57.623Z,,,,,,GEODETIC_DATUM_INVALID;GEODETIC_DATUM_ASSUMED_WGS84;CONTINENT_DERIVED_FROM_COORDINATES;OCCURRENCE_STATUS_INFERRED_FROM_INDIVIDUAL_COUNT;TAXON_ID_NOT_FOUND;SCIENTIFIC_NAME_ID_NOT_FOUND;TAXON_MATCH_FUZZY,,,,True,False,5786085,5786085,1,44,359,798,,3239607,,,,2436656,,5786085,Lagothrix lagothricha,"Lagothrix lagothricha (Humboldt, 1812)",Lagothrix lagotricha,,EML,2026-09-07T07:05:57.623Z,2026-09-07T06:56:32.879Z,,False,,False,LATIN_AMERICA,LATIN_AMERICA,SISBIO-Portaria-748-2022,BRA,Brazil,BRA.4_1,Amazonas,BRA.4.38_2,Manaus,,,VU,MANTER_COM_RESSALVA,incerteza de coordenada nao informada
6511049937,2020-04-13,,,CC_BY_4_0,,,,SISBIO | Sistema de Autorização e Informação em Biodiversidade,,,,,ICMBio,Dados de Pesquisa SISBio,ICMBio;Dados de ocorrência de espécies do Sistema de Autorização e Informações de Biodiversidade (SISBio) do ICMBio,ICMBio | Instituto Chico Mendes de Conservação da Biodiversidade,HUMAN_OBSERVATION,,,"""{""""categoria_ameaca"""" : {""""co_ameaca_oficial"""" : null, """"ds_ameaca_oficial"""" : null, """"co_ameaca_nao_oficial"""" : null, """"ds_ameaca_nao_oficial"""" : null}, """"sensivel"""" : {""""in_sensivel"""" : false, """"data"""" : null}, """"carencia"""" : """"2020-04-13"""", """"nome_comum"""" : null, """"dynamicProperties"""" : null}""",179607,5310,,Marcos De Souza Fialho,,1.0,,,,,,,,,,,,,PRESENT,,Não preenchida,,,,,,,,,,,,,,,,,,,,,2011-07-25T00:00,,206.0,206.0,2011.0,7.0,25.0,,,Avistamento/Observação,,,,,,CNUC_112,,,SOUTH_AMERICA,,,,BR,Amazonas,,,,,,,,,,,Dentro de UC Federal,-3.516667,-64.966667,,,,,,,,,,,,,Coordenada aproximada,,,,,,,,,,,,,,,,,,,,,,,,,,,,,12728,12728.0,,1722.0,,,,,"Lagothrix cana (É.Geoffroy Saint-Hilaire, 1812)",,Lagothrix,,,,,Lagothrix cana|Lagothrix|Atelidae|Primates|Mammalia|Chordata|Animalia,Animalia,Chordata,Mammalia,Primates,,Atelidae,,,,Lagothrix,Lagothrix,,,cana,,,SPECIES,,,,SYNONYM,,,ffe38a37-d659-4b1a-a935-5a5264e3cc0a,BR,2026-09-07T07:05:59.125Z,,,,,,GEODETIC_DATUM_INVALID;GEODETIC_DATUM_ASSUMED_WGS84;CONTINENT_DERIVED_FROM_COORDINATES;OCCURRENCE_STATUS_INFERRED_FROM_INDIVIDUAL_COUNT;TAXON_ID_NOT_FOUND;SCIENTIFIC_NAME_ID_NOT_FOUND,,,,True,False,9205754,5786086,1,44,359,798,,3239607,,,,2436656,,5786085,Lagothrix lagothricha,"Lagothrix lagothricha cana (É.Geoffroy Saint-Hilaire, 1812)",Lagothrix cana,,EML,2026-09-07T07:05:59.125Z,2026-09-07T06:56:32.879Z,,False,,False,LATIN_AMERICA,LATIN_AMERICA,SISBIO-Portaria-748-2022,BRA,Brazil,BRA.4_1,Amazonas,BRA.4.58_2,Tefé,,,,MANTER_COM_RESSALVA,incerteza de coordenada nao informada
6511037330,2021-06-01,,,CC_BY_4_0,,,,SISBIO | Sistema de Autorização e Informação em Biodiversidade,,,,,ICMBio,Dados de Pesquisa SISBio,ICMBio;Dados de ocorrência de espécies do Sistema de Autorização e Informações de Biodiversidade (SISBio) do ICMBio,ICMBio | Instituto Chico Mendes de Conservação da Biodiversidade,HUMAN_OBSERVATION,,,"""{""""categoria_ameaca"""" : {""""co_ameaca_oficial"""" : null, """"ds_ameaca_oficial"""" : null, """"co_ameaca_nao_oficial"""" : null, """"ds_ameaca_nao_oficial"""" : null}, """"sensivel"""" : {""""in_sensivel"""" : false, """"data"""" : null}, """"carencia"""" : """"2021-06-01"""", """"nome_comum"""" : null, """"dynamicProperties"""" : null}""",1423569,20084,,Alynne da Silva Barbosa,,1.0,,,,,,,,,,,,,PRESENT,,Destinado a laboratório,,,,,,,,,,,,,,,,,,,,,2017-07-07T00:00,,188.0,188.0,2017.0,7.0,7.0,,,Coleta de amostras,,,,,,,,,SOUTH_AMERICA,,,,BR,Rio de Janeiro,,Rio de Janeiro,,,,,,,,,Dentro de UC Municipal,-22.904444,-43.229167,,,,,,,,,,,,,Coordenada aproximada,,,,,,,,,,,,,,,,,,,,,,,,,,,,,12726,12726.0,,1722.0,,,,,"Lagothrix lagothricha (Humboldt, 1812)",,Lagothrix,,,,,Lagothrix lagotricha|Lagothrix|Atelidae|Primates|Mammalia|Chordata|Animalia,Animalia,Chordata,Mammalia,Primates,,Atelidae,,,,Lagothrix,Lagothrix,,,lagothricha,,,SPECIES,,,,ACCEPTED,,,ffe38a37-d659-4b1a-a935-5a5264e3cc0a,BR,2026-09-07T07:06:02.928Z,,,,,,GEODETIC_DATUM_INVALID;GEODETIC_DATUM_ASSUMED_WGS84;CONTINENT_DERIVED_FROM_COORDINATES;OCCURRENCE_STATUS_INFERRED_FROM_INDIVIDUAL_COUNT;SCIENTIFIC_NAME_ID_NOT_FOUND;TAXON_ID_NOT_FOUND;TAXON_MATCH_FUZZY,,,,True,False,5786085,5786085,1,44,359,798,,3239607,,,,2436656,,5786085,Lagothrix lagothricha,"Lagothrix lagothricha (Humboldt, 1812)",Lagothrix lagotricha,,EML,2026-09-07T07:06:02.928Z,2026-09-07T06:56:32.879Z,,False,,False,LATIN_AMERICA,LATIN_AMERICA,SISBIO-Portaria-748-2022,BRA,Brazil,BRA.19_1,Rio de Janeiro,BRA.19.68_2,Rio de Janeiro,,,VU,EXCLUIR,"coordenada repetida entre registros do mesmo dataset em datas distintas, fora da Amazonia plausivel - provavel endereco institucional (sede/permissionario SISBio), nao local de observacao"
6511016621,2018-02-08,,,CC_BY_4_0,,,,SISBIO | Sistema de Autorização e Informação em Biodiversidade,,,,,ICMBio,Dados de Pesquisa SISBio,ICMBio;Dados de ocorrência de espécies do Sistema de Autorização e Informações de Biodiversidade (SISBio) do ICMBio,ICMBio | Instituto Chico Mendes de Conservação da Biodiversidade,HUMAN_OBSERVATION,,,"""{""""categoria_ameaca"""" : {""""co_ameaca_oficial"""" : null, """"ds_ameaca_oficial"""" : null, """"co_ameaca_nao_oficial"""" : null, """"ds_ameaca_nao_oficial"""" : null}, """"sensivel"""" : {""""in_sensivel"""" : false, """"data"""" : null}, """"carencia"""" : """"2018-02-08"""", """"nome_comum"""" : null, """"dynamicProperties"""" : null}""",1294974,22386,,Simone Baldini Lucheis,,5.0,,,,,,,,,,,,,PRESENT,,Destinado a laboratório,,,,,,,,,,,,,,,,,,,,,2019-03-27T00:00,,86.0,86.0,2019.0,3.0,27.0,,,Coleta de amostras,,,,,,,,,SOUTH_AMERICA,,,,BR,Distrito Federal,,Brasília,,,,,,,,,Fora de UC Federal,-15.8475,-47.939167,,,,,,,,,,,,,Coordenada aproximada,,,,,,,,,,,,,,,,,,,,,,,,,,,,,12728,12728.0,,1722.0,,,,,"Lagothrix cana (É.Geoffroy Saint-Hilaire, 1812)",,Lagothrix,,,,,Lagothrix cana|Lagothrix|Atelidae|Primates|Mammalia|Chordata|Animalia,Animalia,Chordata,Mammalia,Primates,,Atelidae,,,,Lagothrix,Lagothrix,,,cana,,,SPECIES,,,,SYNONYM,,,ffe38a37-d659-4b1a-a935-5a5264e3cc0a,BR,2026-09-07T07:05:30.597Z,,,,,,GEODETIC_DATUM_INVALID;GEODETIC_DATUM_ASSUMED_WGS84;CONTINENT_DERIVED_FROM_COORDINATES;OCCURRENCE_STATUS_INFERRED_FROM_INDIVIDUAL_COUNT;SCIENTIFIC_NAME_ID_NOT_FOUND;TAXON_ID_NOT_FOUND,,,,True,False,9205754,5786086,1,44,359,798,,3239607,,,,2436656,,5786085,Lagothrix lagothricha,"Lagothrix lagothricha cana (É.Geoffroy Saint-Hilaire, 1812)",Lagothrix cana,,EML,2026-09-07T07:05:30.597Z,2026-09-07T06:56:32.879Z,,False,,False,LATIN_AMERICA,LATIN_AMERICA,SISBIO-Portaria-748-2022,BRA,Brazil,BRA.7_1,Distrito Federal,BRA.7.1_2,Brasília,,,,EXCLUIR,"coordenada repetida entre registros do mesmo dataset em datas distintas, fora da Amazonia plausivel - provavel endereco institucional (sede/permissionario SISBio), nao local de observacao"
6511000287,2026-07-01,,,CC_BY_4_0,,,,SISBIO | Sistema de Autorização e Informação em Biodiversidade,,,,,ICMBio,Dados de Pesquisa SISBio,ICMBio;Dados de ocorrência de espécies do Sistema de Autorização e Informações de Biodiversidade (SISBio) do ICMBio,ICMBio | Instituto Chico Mendes de Conservação da Biodiversidade,HUMAN_OBSERVATION,,,"""{""""categoria_ameaca"""" : {""""co_ameaca_oficial"""" : """"VU"""", """"ds_ameaca_oficial"""" : """"Vulnerável (VU)"""", """"co_ameaca_nao_oficial"""" : """"VU"""", """"ds_ameaca_nao_oficial"""" : """"Vulnerável (VU)""""}, """"sensivel"""" : {""""in_sensivel"""" : false, """"data"""" : null}, """"carencia"""" : """"2026-07-01"""", """"nome_comum"""" : [{""""sq_nome_comum"""":904387,""""sq_taxon"""":2026088,""""de_nome_comum"""":""""Macaco-barrigudo"""",""""de_regiao"""":""""Português"""",""""in_principal"""":""""N"""",""""co_sistema"""":""""SALVE""""},{""""sq_nome_comum"""":904388,""""sq_taxon"""":2026088,""""de_nome_comum"""":""""Common woolly monkey"""",""""de_regiao"""":""""Inglês"""",""""in_principal"""":""""N"""",""""co_sistema"""":""""SALVE""""},{""""sq_nome_comum"""":904397,""""sq_taxon"""":2026088,""""de_nome_comum"""":""""Humboldt’s woolly monkey"""",""""de_regiao"""":""""Inglês"""",""""in_principal"""":""""N"""",""""co_sistema"""":""""SALVE""""},{""""sq_nome_comum"""":904398,""""sq_taxon"""":2026088,""""de_nome_comum"""":""""woolly monkey"""",""""de_regiao"""":""""Inglês"""",""""in_principal"""":""""N"""",""""co_sistema"""":""""SALVE""""},{""""sq_nome_comum"""":904399,""""sq_taxon"""":2026088,""""de_nome_comum"""":""""Churucu"""",""""de_regiao"""":""""Outros"""",""""in_principal"""":""""N"""",""""co_sistema"""":""""SALVE""""},{""""sq_nome_comum"""":904400,""""sq_taxon"""":2026088,""""de_nome_comum"""":""""macaco barrigudo"""",""""de_regiao"""":""""Outros"""",""""in_principal"""":""""N"""",""""co_sistema"""":""""SALVE""""},{""""sq_nome_comum"""":904401,""""sq_taxon"""":2026088,""""de_nome_comum"""":""""mono barrigudo"""",""""de_regiao"""":""""Outros"""",""""in_principal"""":""""N"""",""""co_sistema"""":""""SALVE""""},{""""sq_nome_comum"""":904402,""""sq_taxon"""":2026088,""""de_nome_comum"""":""""mono caparro"""",""""de_regiao"""":""""Outros"""",""""in_principal"""":""""N"""",""""co_sistema"""":""""SALVE""""},{""""sq_nome_comum"""":904403,""""sq_taxon"""":2026088,""""de_nome_comum"""":""""mono lanudo común"""",""""de_regiao"""":""""Outros"""",""""in_principal"""":""""N"""",""""co_sistema"""":""""SALVE""""},{""""sq_nome_comum"""":906284,""""sq_taxon"""":2026088,""""de_nome_comum"""":""""Peruvian Woolly Monkey"""",""""de_regiao"""":""""Inglês"""",""""in_principal"""":""""N"""",""""co_sistema"""":""""SALVE""""},{""""sq_nome_comum"""":906285,""""sq_taxon"""":2026088,""""de_nome_comum"""":""""Choro"""",""""de_regiao"""":""""Espanhol"""",""""in_principal"""":""""N"""",""""co_sistema"""":""""SALVE""""},{""""sq_nome_comum"""":908495,""""sq_taxon"""":2026088,""""de_nome_comum"""":""""Macaco-barrigudo"""",""""de_regiao"""":""""Potuguês"""",""""in_principal"""":""""N"""",""""co_sistema"""":""""SALVE""""},{""""sq_nome_comum"""":908496,""""sq_taxon"""":2026088,""""de_nome_comum"""":""""Mono Barrigudo"""",""""de_regiao"""":""""Espanhol"""",""""in_principal"""":""""N"""",""""co_sistema"""":""""SALVE""""},{""""sq_nome_comum"""":908498,""""sq_taxon"""":2026088,""""de_nome_comum"""":""""Macaco-barrigudo-prateado"""",""""de_regiao"""":""""Português"""",""""in_principal"""":""""N"""",""""co_sistema"""":""""SALVE""""},{""""sq_nome_comum"""":908501,""""sq_taxon"""":2026088,""""de_nome_comum"""":""""Caparro"""",""""de_regiao"""":""""Espanhol"""",""""in_principal"""":""""N"""",""""co_sistema"""":""""SALVE""""},{""""sq_nome_comum"""":908583,""""sq_taxon"""":2026088,""""de_nome_comum"""":""""Common woolly monkey"""",""""de_regiao"""":""""Inglês"""",""""in_principal"""":""""N"""",""""co_sistema"""":""""SALVE""""},{""""sq_nome_comum"""":908584,""""sq_taxon"""":2026088,""""de_nome_comum"""":""""Humboldt’s woolly monkey"""",""""de_regiao"""":""""Inglês"""",""""in_principal"""":""""N"""",""""co_sistema"""":""""SALVE""""},{""""sq_nome_comum"""":908585,""""sq_taxon"""":2026088,""""de_nome_comum"""":""""Mono caparro"""",""""de_regiao"""":""""Espanhol"""",""""in_principal"""":""""N"""",""""co_sistema"""":""""SALVE""""},{""""sq_nome_comum"""":908586,""""sq_taxon"""":2026088,""""de_nome_comum"""":""""Poeppig’s woolly monkey"""",""""de_regiao"""":""""Inglês"""",""""in_principal"""":""""N"""",""""co_sistema"""":""""SALVE""""},{""""sq_nome_comum"""":908587,""""sq_taxon"""":2026088,""""de_nome_comum"""":""""Lowland Wolly Monkey"""",""""de_regiao"""":""""Inglês"""",""""in_principal"""":""""N"""",""""co_sistema"""":""""SALVE""""},{""""sq_nome_comum"""":914553,""""sq_taxon"""":2026088,""""de_nome_comum"""":""""Macaco lanudo"""",""""de_regiao"""":""""Tribo Xingu"""",""""in_principal"""":""""N"""",""""co_sistema"""":""""SALVE""""},{""""sq_nome_comum"""":917981,""""sq_taxon"""":2026088,""""de_nome_comum"""":""""Geoffroy`s Woolly Monkey"""",""""de_regiao"""":""""Inglês"""",""""in_principal"""":""""N"""",""""co_sistema"""":""""SALVE""""},{""""sq_nome_comum"""":917982,""""sq_taxon"""":2026088,""""de_nome_comum"""":""""Woolly monkey"""",""""de_regiao"""":""""Inglês"""",""""in_principal"""":""""N"""",""""co_sistema"""":""""SALVE""""},{""""sq_nome_comum"""":917983,""""sq_taxon"""":2026088,""""de_nome_comum"""":""""Mono lanudo común"""",""""de_regiao"""":""""Espanhol"""",""""in_principal"""":""""N"""",""""co_sistema"""":""""SALVE""""},{""""sq_nome_comum"""":917984,""""sq_taxon"""":2026088,""""de_nome_comum"""":""""Silvery Woolly Monkey"""",""""de_regiao"""":""""Inglês"""",""""in_principal"""":""""N"""",""""co_sistema"""":""""SALVE""""},{""""sq_nome_comum"""":921074,""""sq_taxon"""":2026088,""""de_nome_comum"""":""""Churucu"""",""""de_regiao"""":""""Espanhol"""",""""in_principal"""":""""N"""",""""co_sistema"""":""""SALVE""""}], """"dynamicProperties"""" : null}""",1943057,33400,,TOM ADNET MOURA,,1.0,,,,,,,,,,,,,PRESENT,,Solto/mantido na natureza,,,,,,,,,,,,,,,,,,,,,2022-07-01T00:00,,182.0,182.0,2022.0,7.0,1.0,,,Captação de imagem,,,,,,CNUC_121,,,SOUTH_AMERICA,,,,BR,Amazonas,,,,,,,,,,,Dentro de UC Federal,-8.286064,-67.557538,,,,,,,,,,,,,Coordenada de referência da área amostrada,,,,,,,,,,,,,,,,,,,,,,,,,,,,,2026088,2026088.0,,1722.0,,,,,"Lagothrix lagothricha (Humboldt, 1812)",,Lagothrix,,,,,Lagothrix lagothricha|Lagothrix|Atelidae|Primates|Mammalia|Chordata|Animalia,Animalia,Chordata,Mammalia,Primates,,Atelidae,,,,Lagothrix,Lagothrix,,,lagothricha,,,SPECIES,,,,ACCEPTED,,,ffe38a37-d659-4b1a-a935-5a5264e3cc0a,BR,2026-09-07T07:05:26.759Z,,,,,,CONTINENT_DERIVED_FROM_COORDINATES;OCCURRENCE_STATUS_INFERRED_FROM_INDIVIDUAL_COUNT;TAXON_ID_NOT_FOUND;SCIENTIFIC_NAME_ID_NOT_FOUND,,,,True,False,5786085,5786085,1,44,359,798,,3239607,,,,2436656,,5786085,Lagothrix lagothricha,"Lagothrix lagothricha (Humboldt, 1812)",Lagothrix lagothricha,,EML,2026-09-07T07:05:26.759Z,2026-09-07T06:56:32.879Z,,False,,False,LATIN_AMERICA,LATIN_AMERICA,SISBIO-Portaria-748-2022,BRA,Brazil,BRA.4_1,Amazonas,BRA.4.47_2,Pauini,,,VU,MANTER_COM_RESSALVA,incerteza de coordenada nao informada
6510994417,2018-11-04,,,CC_BY_4_0,,,,SISBIO | Sistema de Autorização e Informação em Biodiversidade,,,,,ICMBio,Dados de Pesquisa SISBio,ICMBio;Dados de ocorrência de espécies do Sistema de Autorização e Informações de Biodiversidade (SISBio) do ICMBio,ICMBio | Instituto Chico Mendes de Conservação da Biodiversidade,HUMAN_OBSERVATION,,,"""{""""categoria_ameaca"""" : {""""co_ameaca_oficial"""" : null, """"ds_ameaca_oficial"""" : null, """"co_ameaca_nao_oficial"""" : null, """"ds_ameaca_nao_oficial"""" : null}, """"sensivel"""" : {""""in_sensivel"""" : false, """"data"""" : null}, """"carencia"""" : """"2018-11-04"""", """"nome_comum"""" : null, """"dynamicProperties"""" : null}""",155033,6818,,Mariluce Rezende Messias,,1.0,,,,,,,,,,,,,PRESENT,,Depositado em coleção/museu,,,,,,,,,,,,,,,,,,,,,2012-05-08T00:00,,129.0,129.0,2012.0,5.0,8.0,,,Coleta de espécimes,,,,,,,,,SOUTH_AMERICA,,,,BR,Mato Grosso,,Comodoro,,,,,,,,,Fora de UC Federal,-13.528472,-60.434417,,,,,,,,,,,,,Coordenada de referência da área amostrada,,,,,,,,,,,,,,,,,,,,,,,,,,,,,12728,12728.0,,1722.0,,,,,"Lagothrix cana (É.Geoffroy Saint-Hilaire, 1812)",,Lagothrix,,,,,Lagothrix cana|Lagothrix|Atelidae|Primates|Mammalia|Chordata|Animalia,Animalia,Chordata,Mammalia,Primates,,Atelidae,,,,Lagothrix,Lagothrix,,,cana,,,SPECIES,,,,SYNONYM,,,ffe38a37-d659-4b1a-a935-5a5264e3cc0a,BR,2026-09-07T07:05:44.777Z,,,,,,GEODETIC_DATUM_INVALID;GEODETIC_DATUM_ASSUMED_WGS84;CONTINENT_DERIVED_FROM_COORDINATES;OCCURRENCE_STATUS_INFERRED_FROM_INDIVIDUAL_COUNT;TAXON_ID_NOT_FOUND;SCIENTIFIC_NAME_ID_NOT_FOUND,,,,True,False,9205754,5786086,1,44,359,798,,3239607,,,,2436656,,5786085,Lagothrix lagothricha,"Lagothrix lagothricha cana (É.Geoffroy Saint-Hilaire, 1812)",Lagothrix cana,,EML,2026-09-07T07:05:44.777Z,2026-09-07T06:56:32.879Z,,False,,False,LATIN_AMERICA,LATIN_AMERICA,SISBIO-Portaria-748-2022,BRA,Brazil,BRA.12_1,Mato Grosso,BRA.12.34_2,Comodoro,,,,MANTER_COM_RESSALVA,"dentro da Amazonia mas fora de AM/AC/RO/RR (estado=Mato Grosso) - fora da area de estudo, mantido apenas como contexto de fundo"
6510959992,2024-08-01,,,CC_BY_4_0,,,,SISBIO | Sistema de Autorização e Informação em Biodiversidade,,,,,ICMBio,Dados de Pesquisa SISBio,ICMBio;Dados de ocorrência de espécies do Sistema de Autorização e Informações de Biodiversidade (SISBio) do ICMBio,ICMBio | Instituto Chico Mendes de Conservação da Biodiversidade,HUMAN_OBSERVATION,,,"""{""""categoria_ameaca"""" : {""""co_ameaca_oficial"""" : null, """"ds_ameaca_oficial"""" : null, """"co_ameaca_nao_oficial"""" : null, """"ds_ameaca_nao_oficial"""" : null}, """"sensivel"""" : {""""in_sensivel"""" : false, """"data"""" : null}, """"carencia"""" : """"2024-08-01"""", """"nome_comum"""" : null, """"dynamicProperties"""" : null}""",1313098,14939,,João Valsecchi do Amaral,,1.0,,,,,,,,,,,,,PRESENT,,Depositado em coleção/museu,,,,,,,,,,,,,,,,,,,,,2018-07-28T00:00,,209.0,209.0,2018.0,7.0,28.0,,,Coleta de espécimes,,,,,,CNUC_230,,,SOUTH_AMERICA,,,,BR,Amazonas,,,,,,,,,,,Dentro de UC Federal,-3.825111,-66.077083,,,,,,,,,,,,,Coordenada de referência da área amostrada,,,,,,,,,,,,,,,,,,,,,,,,,,,,,12728,12728.0,,1722.0,,,,,"Lagothrix cana (É.Geoffroy Saint-Hilaire, 1812)",,Lagothrix,,,,,Lagothrix cana|Lagothrix|Atelidae|Primates|Mammalia|Chordata|Animalia,Animalia,Chordata,Mammalia,Primates,,Atelidae,,,,Lagothrix,Lagothrix,,,cana,,,SPECIES,,,,SYNONYM,,,ffe38a37-d659-4b1a-a935-5a5264e3cc0a,BR,2026-09-07T07:05:44.969Z,,,,,,CONTINENT_DERIVED_FROM_COORDINATES;OCCURRENCE_STATUS_INFERRED_FROM_INDIVIDUAL_COUNT;TAXON_ID_NOT_FOUND;SCIENTIFIC_NAME_ID_NOT_FOUND,,,,True,False,9205754,5786086,1,44,359,798,,3239607,,,,2436656,,5786085,Lagothrix lagothricha,"Lagothrix lagothricha cana (É.Geoffroy Saint-Hilaire, 1812)",Lagothrix cana,,EML,2026-09-07T07:05:44.969Z,2026-09-07T06:56:32.879Z,,False,,False,LATIN_AMERICA,LATIN_AMERICA,SISBIO-Portaria-748-2022,BRA,Brazil,BRA.4_1,Amazonas,BRA.4.33_2,Juruá,,,,MANTER_COM_RESSALVA,possivel duplicata (mesma coordenada/data/coletor) - conferir antes de modelar
6510933643,2020-04-13,,,CC_BY_4_0,,,,SISBIO | Sistema de Autorização e Informação em Biodiversidade,,,,,ICMBio,Dados de Pesquisa SISBio,ICMBio;Dados de ocorrência de espécies do Sistema de Autorização e Informações de Biodiversidade (SISBio) do ICMBio,ICMBio | Instituto Chico Mendes de Conservação da Biodiversidade,HUMAN_OBSERVATION,,,"""{""""categoria_ameaca"""" : {""""co_ameaca_oficial"""" : null, """"ds_ameaca_oficial"""" : null, """"co_ameaca_nao_oficial"""" : null, """"ds_ameaca_nao_oficial"""" : null}, """"sensivel"""" : {""""in_sensivel"""" : false, """"data"""" : null}, """"carencia"""" : """"2020-04-13"""", """"nome_comum"""" : null, """"dynamicProperties"""" : null}""",180052,5310,,Marcos De Souza Fialho,,1.0,,,,,,,,,,,,,PRESENT,,Não preenchida,,,,,,,,,,,,,,,,,,,,,2011-09-01T00:00,,244.0,244.0,2011.0,9.0,1.0,,,Avistamento/Observação,,,,,,CNUC_121,,,SOUTH_AMERICA,,,,BR,Amazonas,,,,,,,,,,,Dentro de UC Federal,-8.027778,-68.069167,,,,,,,,,,,,,Coordenada aproximada,,,,,,,,,,,,,,,,,,,,,,,,,,,,,12728,12728.0,,1722.0,,,,,"Lagothrix cana (É.Geoffroy Saint-Hilaire, 1812)",,Lagothrix,,,,,Lagothrix cana|Lagothrix|Atelidae|Primates|Mammalia|Chordata|Animalia,Animalia,Chordata,Mammalia,Primates,,Atelidae,,,,Lagothrix,Lagothrix,,,cana,,,SPECIES,,,,SYNONYM,,,ffe38a37-d659-4b1a-a935-5a5264e3cc0a,BR,2026-09-07T07:06:00.030Z,,,,,,GEODETIC_DATUM_INVALID;GEODETIC_DATUM_ASSUMED_WGS84;CONTINENT_DERIVED_FROM_COORDINATES;OCCURRENCE_STATUS_INFERRED_FROM_INDIVIDUAL_COUNT;SCIENTIFIC_NAME_ID_NOT_FOUND;TAXON_ID_NOT_FOUND,,,,True,False,9205754,5786086,1,44,359,798,,3239607,,,,2436656,,5786085,Lagothrix lagothricha,"Lagothrix lagothricha cana (É.Geoffroy Saint-Hilaire, 1812)",Lagothrix cana,,EML,2026-09-07T07:06:00.030Z,2026-09-07T06:56:32.879Z,,False,,False,LATIN_AMERICA,LATIN_AMERICA,SISBIO-Portaria-748-2022,BRA,Brazil,BRA.4_1,Amazonas,BRA.4.47_2,Pauini,,,,MANTER_COM_RESSALVA,incerteza de coordenada nao informada
6510891196,2019-10-20,,,CC_BY_4_0,,,,SISBIO | Sistema de Autorização e Informação em Biodiversidade,,,,,ICMBio,Dados de Pesquisa SISBio,ICMBio;Dados de ocorrência de espécies do Sistema de Autorização e Informações de Biodiversidade (SISBio) do ICMBio,ICMBio | Instituto Chico Mendes de Conservação da Biodiversidade,HUMAN_OBSERVATION,,,"""{""""categoria_ameaca"""" : {""""co_ameaca_oficial"""" : null, """"ds_ameaca_oficial"""" : null, """"co_ameaca_nao_oficial"""" : null, """"ds_ameaca_nao_oficial"""" : null}, """"sensivel"""" : {""""in_sensivel"""" : false, """"data"""" : null}, """"carencia"""" : """"2019-10-20"""", """"nome_comum"""" : null, """"dynamicProperties"""" : null}""",364414,7558,,Maisa da Silva Araújo,,4.0,,,,,,,,,,,,,PRESENT,,Depositado em banco de amostras biológicas,,,,,,,,,,,,,,,,,,,,,2010-05-20T00:00,,140.0,140.0,2010.0,5.0,20.0,,,Coleta de amostras,,,,,,,,,SOUTH_AMERICA,,,,BR,Rondônia,,Porto Velho,,,,,,,,,Fora de UC Federal,-8.888889,-63.111106,,,,,,,,,,,,,Coordenada aproximada,,,,,,,,,,,,,,,,,,,,,,,,,,,,,12728,12728.0,,1722.0,,,,,"Lagothrix cana (É.Geoffroy Saint-Hilaire, 1812)",,Lagothrix,,,,,Lagothrix cana|Lagothrix|Atelidae|Primates|Mammalia|Chordata|Animalia,Animalia,Chordata,Mammalia,Primates,,Atelidae,,,,Lagothrix,Lagothrix,,,cana,,,SPECIES,,,,SYNONYM,,,ffe38a37-d659-4b1a-a935-5a5264e3cc0a,BR,2026-09-07T07:05:57.014Z,,,,,,CONTINENT_DERIVED_FROM_COORDINATES;OCCURRENCE_STATUS_INFERRED_FROM_INDIVIDUAL_COUNT;SCIENTIFIC_NAME_ID_NOT_FOUND;TAXON_ID_NOT_FOUND,,,,True,False,9205754,5786086,1,44,359,798,,3239607,,,,2436656,,5786085,Lagothrix lagothricha,"Lagothrix lagothricha cana (É.Geoffroy Saint-Hilaire, 1812)",Lagothrix cana,,EML,2026-09-07T07:05:57.014Z,2026-09-07T06:56:32.879Z,,False,,False,LATIN_AMERICA,LATIN_AMERICA,SISBIO-Portaria-748-2022,BRA,Brazil,BRA.22_1,Rondônia,BRA.22.11_2,Candeias do Jamari,,,,MANTER_COM_RESSALVA,incerteza de coordenada nao informada
6510887179,2021-06-01,,,CC_BY_4_0,,,,SISBIO | Sistema de Autorização e Informação em Biodiversidade,,,,,ICMBio,Dados de Pesquisa SISBio,ICMBio;Dados de ocorrência de espécies do Sistema de Autorização e Informações de Biodiversidade (SISBio) do ICMBio,ICMBio | Instituto Chico Mendes de Conservação da Biodiversidade,HUMAN_OBSERVATION,,,"""{""""categoria_ameaca"""" : {""""co_ameaca_oficial"""" : null, """"ds_ameaca_oficial"""" : null, """"co_ameaca_nao_oficial"""" : null, """"ds_ameaca_nao_oficial"""" : null}, """"sensivel"""" : {""""in_sensivel"""" : false, """"data"""" : null}, """"carencia"""" : """"2021-06-01"""", """"nome_comum"""" : null, """"dynamicProperties"""" : null}""",1423568,20084,,Alynne da Silva Barbosa,,1.0,,,,,,,,,,,,,PRESENT,,Destinado a laboratório,,,,,,,,,,,,,,,,,,,,,2017-07-07T00:00,,188.0,188.0,2017.0,7.0,7.0,,,Coleta de amostras,,,,,,,,,SOUTH_AMERICA,,,,BR,Rio de Janeiro,,Rio de Janeiro,,,,,,,,,Dentro de UC Municipal,-22.904444,-43.229167,,,,,,,,,,,,,Coordenada aproximada,,,,,,,,,,,,,,,,,,,,,,,,,,,,,12726,12726.0,,1722.0,,,,,"Lagothrix lagothricha (Humboldt, 1812)",,Lagothrix,,,,,Lagothrix lagotricha|Lagothrix|Atelidae|Primates|Mammalia|Chordata|Animalia,Animalia,Chordata,Mammalia,Primates,,Atelidae,,,,Lagothrix,Lagothrix,,,lagothricha,,,SPECIES,,,,ACCEPTED,,,ffe38a37-d659-4b1a-a935-5a5264e3cc0a,BR,2026-09-07T07:05:26.738Z,,,,,,GEODETIC_DATUM_INVALID;GEODETIC_DATUM_ASSUMED_WGS84;CONTINENT_DERIVED_FROM_COORDINATES;OCCURRENCE_STATUS_INFERRED_FROM_INDIVIDUAL_COUNT;TAXON_ID_NOT_FOUND;SCIENTIFIC_NAME_ID_NOT_FOUND;TAXON_MATCH_FUZZY,,,,True,False,5786085,5786085,1,44,359,798,,3239607,,,,2436656,,5786085,Lagothrix lagothricha,"Lagothrix lagothricha (Humboldt, 1812)",Lagothrix lagotricha,,EML,2026-09-07T07:05:26.738Z,2026-09-07T06:56:32.879Z,,False,,False,LATIN_AMERICA,LATIN_AMERICA,SISBIO-Portaria-748-2022,BRA,Brazil,BRA.19_1,Rio de Janeiro,BRA.19.68_2,Rio de Janeiro,,,VU,EXCLUIR,"coordenada repetida entre registros do mesmo dataset em datas distintas, fora da Amazonia plausivel - provavel endereco institucional (sede/permissionario SISBio), nao local de observacao"
6510868958,2019-10-20,,,CC_BY_4_0,,,,SISBIO | Sistema de Autorização e Informação em Biodiversidade,,,,,ICMBio,Dados de Pesquisa SISBio,ICMBio;Dados de ocorrência de espécies do Sistema de Autorização e Informações de Biodiversidade (SISBio) do ICMBio,ICMBio | Instituto Chico Mendes de Conservação da Biodiversidade,HUMAN_OBSERVATION,,,"""{""""categoria_ameaca"""" : {""""co_ameaca_oficial"""" : null, """"ds_ameaca_oficial"""" : null, """"co_ameaca_nao_oficial"""" : null, """"ds_ameaca_nao_oficial"""" : null}, """"sensivel"""" : {""""in_sensivel"""" : false, """"data"""" : null}, """"carencia"""" : """"2019-10-20"""", """"nome_comum"""" : null, """"dynamicProperties"""" : null}""",177526,7558,,Maisa da Silva Araújo,,2.0,,,,,,,,,,,,,PRESENT,,Destinado a laboratório,,,,,,,,,,,,,,,,,,,,,2009-06-12T00:00,,163.0,163.0,2009.0,6.0,12.0,,,Coleta de amostras,,,,,,,,,SOUTH_AMERICA,,,,BR,Rondônia,,Porto Velho,,,,,,,,,Fora de UC Federal,-8.7346,-63.876464,,,,,,,,,,,,,Coordenada de referência da área amostrada,,,,,,,,,,,,,,,,,,,,,,,,,,,,,12728,12728.0,,1722.0,,,,,"Lagothrix cana (É.Geoffroy Saint-Hilaire, 1812)",,Lagothrix,,,,,Lagothrix cana|Lagothrix|Atelidae|Primates|Mammalia|Chordata|Animalia,Animalia,Chordata,Mammalia,Primates,,Atelidae,,,,Lagothrix,Lagothrix,,,cana,,,SPECIES,,,,SYNONYM,,,ffe38a37-d659-4b1a-a935-5a5264e3cc0a,BR,2026-09-07T07:06:19.074Z,,,,,,CONTINENT_DERIVED_FROM_COORDINATES;OCCURRENCE_STATUS_INFERRED_FROM_INDIVIDUAL_COUNT;TAXON_ID_NOT_FOUND;SCIENTIFIC_NAME_ID_NOT_FOUND,,,,True,False,9205754,5786086,1,44,359,798,,3239607,,,,2436656,,5786085,Lagothrix lagothricha,"Lagothrix lagothricha cana (É.Geoffroy Saint-Hilaire, 1812)",Lagothrix cana,,EML,2026-09-07T07:06:19.074Z,2026-09-07T06:56:32.879Z,,False,,False,LATIN_AMERICA,LATIN_AMERICA,SISBIO-Portaria-748-2022,BRA,Brazil,BRA.22_1,Rondônia,BRA.22.37_2,Porto Velho,,,,MANTER_COM_RESSALVA,incerteza de coordenada nao informada
6510857753,2020-03-28,,,CC_BY_4_0,,,,SISBIO | Sistema de Autorização e Informação em Biodiversidade,,,,,ICMBio,Dados de Pesquisa SISBio,ICMBio;Dados de ocorrência de espécies do Sistema de Autorização e Informações de Biodiversidade (SISBio) do ICMBio,ICMBio | Instituto Chico Mendes de Conservação da Biodiversidade,HUMAN_OBSERVATION,,,"""{""""categoria_ameaca"""" : {""""co_ameaca_oficial"""" : null, """"ds_ameaca_oficial"""" : null, """"co_ameaca_nao_oficial"""" : null, """"ds_ameaca_nao_oficial"""" : null}, """"sensivel"""" : {""""in_sensivel"""" : false, """"data"""" : null}, """"carencia"""" : """"2020-03-28"""", """"nome_comum"""" : null, """"dynamicProperties"""" : null}""",1217124,14939,,João Valsecchi do Amaral,,1.0,,,,,,,,,,,,,PRESENT,,Depositado em coleção/museu,,,,,,,,,,,,,,,,,,,,,2017-06-07T00:00,,158.0,158.0,2017.0,6.0,7.0,,,Coleta de espécimes,,,,,,CNUC_72,,,SOUTH_AMERICA,,,,BR,Amazonas,,,,,,,,,,,Dentro de UC Federal,-1.962472,-67.933944,,,,,,,,,,,,,Coordenada de referência da área amostrada,,,,,,,,,,,,,,,,,,,,,,,,,,,,,12726,12726.0,,1722.0,,,,,"Lagothrix lagothricha (Humboldt, 1812)",,Lagothrix,,,,,Lagothrix lagotricha|Lagothrix|Atelidae|Primates|Mammalia|Chordata|Animalia,Animalia,Chordata,Mammalia,Primates,,Atelidae,,,,Lagothrix,Lagothrix,,,lagothricha,,,SPECIES,,,,ACCEPTED,,,ffe38a37-d659-4b1a-a935-5a5264e3cc0a,BR,2026-09-07T07:05:27.264Z,,,,,,CONTINENT_DERIVED_FROM_COORDINATES;OCCURRENCE_STATUS_INFERRED_FROM_INDIVIDUAL_COUNT;SCIENTIFIC_NAME_ID_NOT_FOUND;TAXON_ID_NOT_FOUND;TAXON_MATCH_FUZZY,,,,True,False,5786085,5786085,1,44,359,798,,3239607,,,,2436656,,5786085,Lagothrix lagothricha,"Lagothrix lagothricha (Humboldt, 1812)",Lagothrix lagotricha,,EML,2026-09-07T07:05:27.264Z,2026-09-07T06:56:32.879Z,,False,,False,LATIN_AMERICA,LATIN_AMERICA,SISBIO-Portaria-748-2022,BRA,Brazil,BRA.4_1,Amazonas,BRA.4.32_2,Japurá,,,VU,MANTER_COM_RESSALVA,incerteza de coordenada nao informada
6510849059,2016-12-09,,,CC_BY_4_0,,,,SISBIO | Sistema de Autorização e Informação em Biodiversidade,,,,,ICMBio,Dados de Pesquisa SISBio,ICMBio;Dados de ocorrência de espécies do Sistema de Autorização e Informações de Biodiversidade (SISBio) do ICMBio,ICMBio | Instituto Chico Mendes de Conservação da Biodiversidade,HUMAN_OBSERVATION,,,"""{""""categoria_ameaca"""" : {""""co_ameaca_oficial"""" : null, """"ds_ameaca_oficial"""" : null, """"co_ameaca_nao_oficial"""" : null, """"ds_ameaca_nao_oficial"""" : null}, """"sensivel"""" : {""""in_sensivel"""" : false, """"data"""" : null}, """"carencia"""" : """"2016-12-09"""", """"nome_comum"""" : null, """"dynamicProperties"""" : null}""",404787,10729,,Mariluce Rezende Messias,,3.0,,,,,,,,,,,,,PRESENT,,Depositado em coleção/museu,,,,,,,,,,,,,,,,,,,,,2011-08-01T00:00,,213.0,213.0,2011.0,8.0,1.0,,,Coleta de espécimes,,,,,,,,,SOUTH_AMERICA,,,,BR,Rondônia,,Pimenta Bueno,,,,,,,,,Fora de UC Federal,-12.0040963,-60.6681428,,,,,,,,,,,,,Coordenada aproximada,,,,,,,,,,,,,,,,,,,,,,,,,,,,,12728,12728.0,,1722.0,,,,,"Lagothrix cana (É.Geoffroy Saint-Hilaire, 1812)",,Lagothrix,,,,,Lagothrix cana|Lagothrix|Atelidae|Primates|Mammalia|Chordata|Animalia,Animalia,Chordata,Mammalia,Primates,,Atelidae,,,,Lagothrix,Lagothrix,,,cana,,,SPECIES,,,,SYNONYM,,,ffe38a37-d659-4b1a-a935-5a5264e3cc0a,BR,2026-09-07T07:05:55.538Z,,,,,,COORDINATE_REPROJECTED;CONTINENT_DERIVED_FROM_COORDINATES;OCCURRENCE_STATUS_INFERRED_FROM_INDIVIDUAL_COUNT;SCIENTIFIC_NAME_ID_NOT_FOUND;TAXON_ID_NOT_FOUND,,,,True,False,9205754,5786086,1,44,359,798,,3239607,,,,2436656,,5786085,Lagothrix lagothricha,"Lagothrix lagothricha cana (É.Geoffroy Saint-Hilaire, 1812)",Lagothrix cana,,EML,2026-09-07T07:05:55.538Z,2026-09-07T06:56:32.879Z,,False,,False,LATIN_AMERICA,LATIN_AMERICA,SISBIO-Portaria-748-2022,BRA,Brazil,BRA.22_1,Rondônia,BRA.22.35_2,Pimenta Bueno,,,,MANTER_COM_RESSALVA,incerteza de coordenada nao informada
6510835024,2012-03-05,,,CC_BY_4_0,,,,SISBIO | Sistema de Autorização e Informação em Biodiversidade,,,,,ICMBio,Dados de Pesquisa SISBio,ICMBio;Dados de ocorrência de espécies do Sistema de Autorização e Informações de Biodiversidade (SISBio) do ICMBio,ICMBio | Instituto Chico Mendes de Conservação da Biodiversidade,HUMAN_OBSERVATION,,,"""{""""categoria_ameaca"""" : {""""co_ameaca_oficial"""" : null, """"ds_ameaca_oficial"""" : null, """"co_ameaca_nao_oficial"""" : null, """"ds_ameaca_nao_oficial"""" : null}, """"sensivel"""" : {""""in_sensivel"""" : false, """"data"""" : null}, """"carencia"""" : """"2012-03-05"""", """"nome_comum"""" : null, """"dynamicProperties"""" : null}""",66681,3693,,MARTA ADAMI,,1.0,,,,,,,,,,,,,PRESENT,,Destinado (outros),,,,,,,,,,,,,,,,,,,,,2008-11-19T00:00,,324.0,324.0,2008.0,11.0,19.0,,,Coleta de espécimes,,,,,,,,,SOUTH_AMERICA,,,,BR,Bahia,,Salvador,,,,,,,,,Fora de UC Federal,-12.968592,-38.500106,,,,,,,,,,,,,Coordenada de referência da área amostrada,,,,,,,,,,,,,,,,,,,,,,,,,,,,,12726,12726.0,,1722.0,,,,,"Lagothrix lagothricha (Humboldt, 1812)",,Lagothrix,,,,,Lagothrix lagotricha|Lagothrix|Atelidae|Primates|Mammalia|Chordata|Animalia,Animalia,Chordata,Mammalia,Primates,,Atelidae,,,,Lagothrix,Lagothrix,,,lagothricha,,,SPECIES,,,,ACCEPTED,,,ffe38a37-d659-4b1a-a935-5a5264e3cc0a,BR,2026-09-07T07:05:47.653Z,,,,,,CONTINENT_DERIVED_FROM_COORDINATES;OCCURRENCE_STATUS_INFERRED_FROM_INDIVIDUAL_COUNT;SCIENTIFIC_NAME_ID_NOT_FOUND;TAXON_ID_NOT_FOUND;TAXON_MATCH_FUZZY,,,,True,False,5786085,5786085,1,44,359,798,,3239607,,,,2436656,,5786085,Lagothrix lagothricha,"Lagothrix lagothricha (Humboldt, 1812)",Lagothrix lagotricha,,EML,2026-09-07T07:05:47.653Z,2026-09-07T06:56:32.879Z,,False,,False,LATIN_AMERICA,LATIN_AMERICA,SISBIO-Portaria-748-2022,BRA,Brazil,BRA.5_1,Bahia,BRA.5.336_2,Salvador,,,VU,REVISAR,fora da distribuicao amazonica plausivel da especie (estado=Bahia) - provavel erro de identificacao/geolocalizacao
6510781419,2020-07-12,,,CC_BY_4_0,,,,SISBIO | Sistema de Autorização e Informação em Biodiversidade,,,,,ICMBio,Dados de Pesquisa SISBio,ICMBio;Dados de ocorrência de espécies do Sistema de Autorização e Informações de Biodiversidade (SISBio) do ICMBio,ICMBio | Instituto Chico Mendes de Conservação da Biodiversidade,HUMAN_OBSERVATION,,,"""{""""categoria_ameaca"""" : {""""co_ameaca_oficial"""" : null, """"ds_ameaca_oficial"""" : null, """"co_ameaca_nao_oficial"""" : null, """"ds_ameaca_nao_oficial"""" : null}, """"sensivel"""" : {""""in_sensivel"""" : false, """"data"""" : null}, """"carencia"""" : """"2020-07-12"""", """"nome_comum"""" : null, """"dynamicProperties"""" : null}""",1134014,15944,,Karin Kirchgatter,,2.0,,,,,,,,,,,,,PRESENT,,Destinado a laboratório,,,,,,,,,,,,,,,,,,,,,2017-02-24T00:00,,55.0,55.0,2017.0,2.0,24.0,,,Coleta de amostras,,,,,,,,,SOUTH_AMERICA,,,,BR,São Paulo,,São Paulo,,,,,,,,,Fora de UC Federal,-23.651944,-46.617778,,,,,,,,,,,,,Coordenada aproximada,,,,,,,,,,,,,,,,,,,,,,,,,,,,,12726,12726.0,,1722.0,,,,,"Lagothrix lagothricha (Humboldt, 1812)",,Lagothrix,,,,,Lagothrix lagotricha|Lagothrix|Atelidae|Primates|Mammalia|Chordata|Animalia,Animalia,Chordata,Mammalia,Primates,,Atelidae,,,,Lagothrix,Lagothrix,,,lagothricha,,,SPECIES,,,,ACCEPTED,,,ffe38a37-d659-4b1a-a935-5a5264e3cc0a,BR,2026-09-07T07:06:00.845Z,,,,,,CONTINENT_DERIVED_FROM_COORDINATES;OCCURRENCE_STATUS_INFERRED_FROM_INDIVIDUAL_COUNT;SCIENTIFIC_NAME_ID_NOT_FOUND;TAXON_ID_NOT_FOUND;TAXON_MATCH_FUZZY,,,,True,False,5786085,5786085,1,44,359,798,,3239607,,,,2436656,,5786085,Lagothrix lagothricha,"Lagothrix lagothricha (Humboldt, 1812)",Lagothrix lagotricha,,EML,2026-09-07T07:06:00.845Z,2026-09-07T06:56:32.879Z,,False,,False,LATIN_AMERICA,LATIN_AMERICA,SISBIO-Portaria-748-2022,BRA,Brazil,BRA.25_1,São Paulo,BRA.25.565_2,São Paulo,,,VU,EXCLUIR,"coordenada repetida entre registros do mesmo dataset em datas distintas, fora da Amazonia plausivel - provavel endereco institucional (sede/permissionario SISBio), nao local de observacao"
6510736663,2020-03-28,,,CC_BY_4_0,,,,SISBIO | Sistema de Autorização e Informação em Biodiversidade,,,,,ICMBio,Dados de Pesquisa SISBio,ICMBio;Dados de ocorrência de espécies do Sistema de Autorização e Informações de Biodiversidade (SISBio) do ICMBio,ICMBio | Instituto Chico Mendes de Conservação da Biodiversidade,HUMAN_OBSERVATION,,,"""{""""categoria_ameaca"""" : {""""co_ameaca_oficial"""" : null, """"ds_ameaca_oficial"""" : null, """"co_ameaca_nao_oficial"""" : null, """"ds_ameaca_nao_oficial"""" : null}, """"sensivel"""" : {""""in_sensivel"""" : false, """"data"""" : null}, """"carencia"""" : """"2020-03-28"""", """"nome_comum"""" : null, """"dynamicProperties"""" : null}""",1217114,14939,,João Valsecchi do Amaral,,1.0,,,,,,,,,,,,,PRESENT,,Depositado em coleção/museu,,,,,,,,,,,,,,,,,,,,,2017-06-03T00:00,,154.0,154.0,2017.0,6.0,3.0,,,Coleta de espécimes,,,,,,CNUC_72,,,SOUTH_AMERICA,,,,BR,Amazonas,,,,,,,,,,,Dentro de UC Federal,-1.6975,-67.926694,,,,,,,,,,,,,Coordenada de referência da área amostrada,,,,,,,,,,,,,,,,,,,,,,,,,,,,,12726,12726.0,,1722.0,,,,,"Lagothrix lagothricha (Humboldt, 1812)",,Lagothrix,,,,,Lagothrix lagotricha|Lagothrix|Atelidae|Primates|Mammalia|Chordata|Animalia,Animalia,Chordata,Mammalia,Primates,,Atelidae,,,,Lagothrix,Lagothrix,,,lagothricha,,,SPECIES,,,,ACCEPTED,,,ffe38a37-d659-4b1a-a935-5a5264e3cc0a,BR,2026-09-07T07:06:00.154Z,,,,,,CONTINENT_DERIVED_FROM_COORDINATES;OCCURRENCE_STATUS_INFERRED_FROM_INDIVIDUAL_COUNT;TAXON_ID_NOT_FOUND;SCIENTIFIC_NAME_ID_NOT_FOUND;TAXON_MATCH_FUZZY,,,,True,False,5786085,5786085,1,44,359,798,,3239607,,,,2436656,,5786085,Lagothrix lagothricha,"Lagothrix lagothricha (Humboldt, 1812)",Lagothrix lagotricha,,EML,2026-09-07T07:06:00.154Z,2026-09-07T06:56:32.879Z,,False,,False,LATIN_AMERICA,LATIN_AMERICA,SISBIO-Portaria-748-2022,BRA,Brazil,BRA.4_1,Amazonas,BRA.4.32_2,Japurá,,,VU,MANTER_COM_RESSALVA,incerteza de coordenada nao informada
6510673610,2020-04-13,,,CC_BY_4_0,,,,SISBIO | Sistema de Autorização e Informação em Biodiversidade,,,,,ICMBio,Dados de Pesquisa SISBio,ICMBio;Dados de ocorrência de espécies do Sistema de Autorização e Informações de Biodiversidade (SISBio) do ICMBio,ICMBio | Instituto Chico Mendes de Conservação da Biodiversidade,HUMAN_OBSERVATION,,,"""{""""categoria_ameaca"""" : {""""co_ameaca_oficial"""" : null, """"ds_ameaca_oficial"""" : null, """"co_ameaca_nao_oficial"""" : null, """"ds_ameaca_nao_oficial"""" : null}, """"sensivel"""" : {""""in_sensivel"""" : false, """"data"""" : null}, """"carencia"""" : """"2020-04-13"""", """"nome_comum"""" : null, """"dynamicProperties"""" : null}""",631170,5310,,Marcos De Souza Fialho,,1.0,,,,,,,,,,,,,PRESENT,,Depositado em banco de amostras biológicas,,,,,,,,,,,,,,,,,,,,,2014-08-02T00:00,,214.0,214.0,2014.0,8.0,2.0,,,Coleta de amostras,,,,,,CNUC_112,,,SOUTH_AMERICA,,,,BR,Amazonas,,,,,,,,,,,Dentro de UC Federal,-3.401333,-64.899639,,,,,,,,,,,,,Coordenada exata da ocorrência,,,,,,,,,,,,,,,,,,,,,,,,,,,,,12728,12728.0,,1722.0,,,,,"Lagothrix cana (É.Geoffroy Saint-Hilaire, 1812)",,Lagothrix,,,,,Lagothrix cana|Lagothrix|Atelidae|Primates|Mammalia|Chordata|Animalia,Animalia,Chordata,Mammalia,Primates,,Atelidae,,,,Lagothrix,Lagothrix,,,cana,,,SPECIES,,,,SYNONYM,,,ffe38a37-d659-4b1a-a935-5a5264e3cc0a,BR,2026-09-07T07:06:13.733Z,,,,,,GEODETIC_DATUM_INVALID;GEODETIC_DATUM_ASSUMED_WGS84;CONTINENT_DERIVED_FROM_COORDINATES;OCCURRENCE_STATUS_INFERRED_FROM_INDIVIDUAL_COUNT;TAXON_ID_NOT_FOUND;SCIENTIFIC_NAME_ID_NOT_FOUND,,,,True,False,9205754,5786086,1,44,359,798,,3239607,,,,2436656,,5786085,Lagothrix lagothricha,"Lagothrix lagothricha cana (É.Geoffroy Saint-Hilaire, 1812)",Lagothrix cana,,EML,2026-09-07T07:06:13.733Z,2026-09-07T06:56:32.879Z,,False,,False,LATIN_AMERICA,LATIN_AMERICA,SISBIO-Portaria-748-2022,BRA,Brazil,BRA.4_1,Amazonas,BRA.4.1_2,Alvarães,,,,MANTER_COM_RESSALVA,incerteza de coordenada nao informada
6510666689,2024-08-01,,,CC_BY_4_0,,,,SISBIO | Sistema de Autorização e Informação em Biodiversidade,,,,,ICMBio,Dados de Pesquisa SISBio,ICMBio;Dados de ocorrência de espécies do Sistema de Autorização e Informações de Biodiversidade (SISBio) do ICMBio,ICMBio | Instituto Chico Mendes de Conservação da Biodiversidade,HUMAN_OBSERVATION,,,"""{""""categoria_ameaca"""" : {""""co_ameaca_oficial"""" : null, """"ds_ameaca_oficial"""" : null, """"co_ameaca_nao_oficial"""" : null, """"ds_ameaca_nao_oficial"""" : null}, """"sensivel"""" : {""""in_sensivel"""" : false, """"data"""" : null}, """"carencia"""" : """"2024-08-01"""", """"nome_comum"""" : null, """"dynamicProperties"""" : null}""",1313104,14939,,João Valsecchi do Amaral,,1.0,,,,,,,,,,,,,PRESENT,,Depositado em coleção/museu,,,,,,,,,,,,,,,,,,,,,2018-07-28T00:00,,209.0,209.0,2018.0,7.0,28.0,,,Coleta de espécimes,,,,,,CNUC_230,,,SOUTH_AMERICA,,,,BR,Amazonas,,,,,,,,,,,Dentro de UC Federal,-3.825583,-66.076389,,,,,,,,,,,,,Coordenada de referência da área amostrada,,,,,,,,,,,,,,,,,,,,,,,,,,,,,12728,12728.0,,1722.0,,,,,"Lagothrix cana (É.Geoffroy Saint-Hilaire, 1812)",,Lagothrix,,,,,Lagothrix cana|Lagothrix|Atelidae|Primates|Mammalia|Chordata|Animalia,Animalia,Chordata,Mammalia,Primates,,Atelidae,,,,Lagothrix,Lagothrix,,,cana,,,SPECIES,,,,SYNONYM,,,ffe38a37-d659-4b1a-a935-5a5264e3cc0a,BR,2026-09-07T07:05:54.483Z,,,,,,CONTINENT_DERIVED_FROM_COORDINATES;OCCURRENCE_STATUS_INFERRED_FROM_INDIVIDUAL_COUNT;TAXON_ID_NOT_FOUND;SCIENTIFIC_NAME_ID_NOT_FOUND,,,,True,False,9205754,5786086,1,44,359,798,,3239607,,,,2436656,,5786085,Lagothrix lagothricha,"Lagothrix lagothricha cana (É.Geoffroy Saint-Hilaire, 1812)",Lagothrix cana,,EML,2026-09-07T07:05:54.483Z,2026-09-07T06:56:32.879Z,,False,,False,LATIN_AMERICA,LATIN_AMERICA,SISBIO-Portaria-748-2022,BRA,Brazil,BRA.4_1,Amazonas,BRA.4.33_2,Juruá,,,,MANTER_COM_RESSALVA,incerteza de coordenada nao informada
6510479472,2020-07-12,,,CC_BY_4_0,,,,SISBIO | Sistema de Autorização e Informação em Biodiversidade,,,,,ICMBio,Dados de Pesquisa SISBio,ICMBio;Dados de ocorrência de espécies do Sistema de Autorização e Informações de Biodiversidade (SISBio) do ICMBio,ICMBio | Instituto Chico Mendes de Conservação da Biodiversidade,HUMAN_OBSERVATION,,,"""{""""categoria_ameaca"""" : {""""co_ameaca_oficial"""" : null, """"ds_ameaca_oficial"""" : null, """"co_ameaca_nao_oficial"""" : null, """"ds_ameaca_nao_oficial"""" : null}, """"sensivel"""" : {""""in_sensivel"""" : false, """"data"""" : null}, """"carencia"""" : """"2020-07-12"""", """"nome_comum"""" : null, """"dynamicProperties"""" : null}""",740895,15944,,Karin Kirchgatter,,3.0,,,,,,,,,,,,,PRESENT,,Destinado a laboratório,,,,,,,,,,,,,,,,,,,,,2013-05-02T00:00,,122.0,122.0,2013.0,5.0,2.0,,,Coleta de amostras,,,,,,,,,SOUTH_AMERICA,,,,BR,São Paulo,,São Paulo,,,,,,,,,Fora de UC Federal,-23.651944,-46.617778,,,,,,,,,,,,,Coordenada aproximada,,,,,,,,,,,,,,,,,,,,,,,,,,,,,12726,12726.0,,1722.0,,,,,"Lagothrix lagothricha (Humboldt, 1812)",,Lagothrix,,,,,Lagothrix lagotricha|Lagothrix|Atelidae|Primates|Mammalia|Chordata|Animalia,Animalia,Chordata,Mammalia,Primates,,Atelidae,,,,Lagothrix,Lagothrix,,,lagothricha,,,SPECIES,,,,ACCEPTED,,,ffe38a37-d659-4b1a-a935-5a5264e3cc0a,BR,2026-09-07T07:05:42.167Z,,,,,,CONTINENT_DERIVED_FROM_COORDINATES;OCCURRENCE_STATUS_INFERRED_FROM_INDIVIDUAL_COUNT;SCIENTIFIC_NAME_ID_NOT_FOUND;TAXON_ID_NOT_FOUND;TAXON_MATCH_FUZZY,,,,True,False,5786085,5786085,1,44,359,798,,3239607,,,,2436656,,5786085,Lagothrix lagothricha,"Lagothrix lagothricha (Humboldt, 1812)",Lagothrix lagotricha,,EML,2026-09-07T07:05:42.167Z,2026-09-07T06:56:32.879Z,,False,,False,LATIN_AMERICA,LATIN_AMERICA,SISBIO-Portaria-748-2022,BRA,Brazil,BRA.25_1,São Paulo,BRA.25.565_2,São Paulo,,,VU,EXCLUIR,"coordenada repetida entre registros do mesmo dataset em datas distintas, fora da Amazonia plausivel - provavel endereco institucional (sede/permissionario SISBio), nao local de observacao"
6510456961,2018-10-28,,,CC_BY_4_0,,,,SISBIO | Sistema de Autorização e Informação em Biodiversidade,,,,,ICMBio,Dados de Pesquisa SISBio,ICMBio;Dados de ocorrência de espécies do Sistema de Autorização e Informações de Biodiversidade (SISBio) do ICMBio,ICMBio | Instituto Chico Mendes de Conservação da Biodiversidade,HUMAN_OBSERVATION,,,"""{""""categoria_ameaca"""" : {""""co_ameaca_oficial"""" : null, """"ds_ameaca_oficial"""" : null, """"co_ameaca_nao_oficial"""" : null, """"ds_ameaca_nao_oficial"""" : null}, """"sensivel"""" : {""""in_sensivel"""" : false, """"data"""" : null}, """"carencia"""" : """"2018-10-28"""", """"nome_comum"""" : null, """"dynamicProperties"""" : null}""",553482,4295,,Rogerio Vieira Rossi,,1.0,,,,,,,,,,,,,PRESENT,,Depositado em coleção/museu,,,,,,,,,,,,,,,,,,,,,2011-02-28T00:00,,59.0,59.0,2011.0,2.0,28.0,,,Coleta de espécimes,,,,,,,,,SOUTH_AMERICA,,,,BR,Mato Grosso,,Cotriguaçu,,,,,,,,,Fora de UC Federal,-9.861893,-58.2511127,,,,,,,,,,,,,Coordenada de referência da área amostrada,,,,,,,,,,,,,,,,,,,,,,,,,,,,,12728,12728.0,,1722.0,,,,,"Lagothrix cana (É.Geoffroy Saint-Hilaire, 1812)",,Lagothrix,,,,,Lagothrix cana|Lagothrix|Atelidae|Primates|Mammalia|Chordata|Animalia,Animalia,Chordata,Mammalia,Primates,,Atelidae,,,,Lagothrix,Lagothrix,,,cana,,,SPECIES,,,,SYNONYM,,,ffe38a37-d659-4b1a-a935-5a5264e3cc0a,BR,2026-09-07T07:05:18.843Z,,,,,,COORDINATE_REPROJECTED;CONTINENT_DERIVED_FROM_COORDINATES;OCCURRENCE_STATUS_INFERRED_FROM_INDIVIDUAL_COUNT;SCIENTIFIC_NAME_ID_NOT_FOUND;TAXON_ID_NOT_FOUND,,,,True,False,9205754,5786086,1,44,359,798,,3239607,,,,2436656,,5786085,Lagothrix lagothricha,"Lagothrix lagothricha cana (É.Geoffroy Saint-Hilaire, 1812)",Lagothrix cana,,EML,2026-09-07T07:05:18.843Z,2026-09-07T06:56:32.879Z,,False,,False,LATIN_AMERICA,LATIN_AMERICA,SISBIO-Portaria-748-2022,BRA,Brazil,BRA.12_1,Mato Grosso,BRA.12.37_2,Cotriguaçu,,,,MANTER_COM_RESSALVA,"dentro da Amazonia mas fora de AM/AC/RO/RR (estado=Mato Grosso) - fora da area de estudo, mantido apenas como contexto de fundo"
6510433982,2017-12-07,,,CC_BY_4_0,,,,SISBIO | Sistema de Autorização e Informação em Biodiversidade,,,,,ICMBio,Dados de Pesquisa SISBio,ICMBio;Dados de ocorrência de espécies do Sistema de Autorização e Informações de Biodiversidade (SISBio) do ICMBio,ICMBio | Instituto Chico Mendes de Conservação da Biodiversidade,HUMAN_OBSERVATION,,,"""{""""categoria_ameaca"""" : {""""co_ameaca_oficial"""" : null, """"ds_ameaca_oficial"""" : null, """"co_ameaca_nao_oficial"""" : null, """"ds_ameaca_nao_oficial"""" : null}, """"sensivel"""" : {""""in_sensivel"""" : false, """"data"""" : null}, """"carencia"""" : """"2017-12-07"""", """"nome_comum"""" : null, """"dynamicProperties"""" : null}""",994602,19637,,Renata Bocorny De Azevedo,,8.0,,,,,,,,,,,,,PRESENT,,Solto/mantido na natureza,,,,,,,,,,,,,,,,,,,,,2015-11-30T00:00,,334.0,334.0,2015.0,11.0,30.0,,,Avistamento/Observação,,,,,,CNUC_208,,,SOUTH_AMERICA,,,,BR,Rondônia,,,,,,,,,,,Dentro de UC Federal,-10.070072,-61.969436,,,,,,,,,,,,,Coordenada exata da ocorrência,,,,,,,,,,,,,,,,,,,,,,,,,,,,,12728,12728.0,,1722.0,,,,,"Lagothrix cana (É.Geoffroy Saint-Hilaire, 1812)",,Lagothrix,,,,,Lagothrix cana|Lagothrix|Atelidae|Primates|Mammalia|Chordata|Animalia,Animalia,Chordata,Mammalia,Primates,,Atelidae,,,,Lagothrix,Lagothrix,,,cana,,,SPECIES,,,,SYNONYM,,,ffe38a37-d659-4b1a-a935-5a5264e3cc0a,BR,2026-09-07T07:05:53.029Z,,,,,,CONTINENT_DERIVED_FROM_COORDINATES;OCCURRENCE_STATUS_INFERRED_FROM_INDIVIDUAL_COUNT;TAXON_ID_NOT_FOUND;SCIENTIFIC_NAME_ID_NOT_FOUND,,,,True,False,9205754,5786086,1,44,359,798,,3239607,,,,2436656,,5786085,Lagothrix lagothricha,"Lagothrix lagothricha cana (É.Geoffroy Saint-Hilaire, 1812)",Lagothrix cana,,EML,2026-09-07T07:05:53.029Z,2026-09-07T06:56:32.879Z,,False,,False,LATIN_AMERICA,LATIN_AMERICA,SISBIO-Portaria-748-2022,BRA,Brazil,BRA.22_1,Rondônia,BRA.22.24_2,Ji-Paraná,,,,MANTER_COM_RESSALVA,incerteza de coordenada nao informada
6510431851,2023-09-01,,,CC_BY_4_0,,,,SISBIO | Sistema de Autorização e Informação em Biodiversidade,,,,,ICMBio,Dados de Pesquisa SISBio,ICMBio;Dados de ocorrência de espécies do Sistema de Autorização e Informações de Biodiversidade (SISBio) do ICMBio,ICMBio | Instituto Chico Mendes de Conservação da Biodiversidade,HUMAN_OBSERVATION,,,"""{""""categoria_ameaca"""" : {""""co_ameaca_oficial"""" : null, """"ds_ameaca_oficial"""" : null, """"co_ameaca_nao_oficial"""" : null, """"ds_ameaca_nao_oficial"""" : null}, """"sensivel"""" : {""""in_sensivel"""" : false, """"data"""" : null}, """"carencia"""" : """"2023-09-01"""", """"nome_comum"""" : null, """"dynamicProperties"""" : null}""",1312340,25119,,RAÍSSA SEPULVIDA ALVES,,5.0,,,,,,,,,,,,,PRESENT,,Solto/mantido na natureza,,,,,,,,,,,,,,,,,,,,,2018-08-20T00:00,,232.0,232.0,2018.0,8.0,20.0,,,Avistamento/Observação,,,,,,,,,SOUTH_AMERICA,,,,BR,Mato Grosso,,Cotriguaçu,,,,,,,,,Fora de UC Federal,-9.845515,-58.280347,,,,,,,,,,,,,Coordenada aproximada,,,,,,,,,,,,,,,,,,,,,,,,,,,,,12728,12728.0,,1722.0,,,,,"Lagothrix cana (É.Geoffroy Saint-Hilaire, 1812)",,Lagothrix,,,,,Lagothrix cana|Lagothrix|Atelidae|Primates|Mammalia|Chordata|Animalia,Animalia,Chordata,Mammalia,Primates,,Atelidae,,,,Lagothrix,Lagothrix,,,cana,,,SPECIES,,,,SYNONYM,,,ffe38a37-d659-4b1a-a935-5a5264e3cc0a,BR,2026-09-07T07:05:17.610Z,,,,,,CONTINENT_DERIVED_FROM_COORDINATES;OCCURRENCE_STATUS_INFERRED_FROM_INDIVIDUAL_COUNT;TAXON_ID_NOT_FOUND;SCIENTIFIC_NAME_ID_NOT_FOUND,,,,True,False,9205754,5786086,1,44,359,798,,3239607,,,,2436656,,5786085,Lagothrix lagothricha,"Lagothrix lagothricha cana (É.Geoffroy Saint-Hilaire, 1812)",Lagothrix cana,,EML,2026-09-07T07:05:17.610Z,2026-09-07T06:56:32.879Z,,False,,False,LATIN_AMERICA,LATIN_AMERICA,SISBIO-Portaria-748-2022,BRA,Brazil,BRA.12_1,Mato Grosso,BRA.12.37_2,Cotriguaçu,,,,MANTER_COM_RESSALVA,"dentro da Amazonia mas fora de AM/AC/RO/RR (estado=Mato Grosso) - fora da area de estudo, mantido apenas como contexto de fundo"
6510415630,2019-10-20,,,CC_BY_4_0,,,,SISBIO | Sistema de Autorização e Informação em Biodiversidade,,,,,ICMBio,Dados de Pesquisa SISBio,ICMBio;Dados de ocorrência de espécies do Sistema de Autorização e Informações de Biodiversidade (SISBio) do ICMBio,ICMBio | Instituto Chico Mendes de Conservação da Biodiversidade,HUMAN_OBSERVATION,,,"""{""""categoria_ameaca"""" : {""""co_ameaca_oficial"""" : null, """"ds_ameaca_oficial"""" : null, """"co_ameaca_nao_oficial"""" : null, """"ds_ameaca_nao_oficial"""" : null}, """"sensivel"""" : {""""in_sensivel"""" : false, """"data"""" : null}, """"carencia"""" : """"2019-10-20"""", """"nome_comum"""" : null, """"dynamicProperties"""" : null}""",364415,7558,,Maisa da Silva Araújo,,1.0,,,,,,,,,,,,,PRESENT,,Depositado em banco de amostras biológicas,,,,,,,,,,,,,,,,,,,,,2010-05-31T00:00,,151.0,151.0,2010.0,5.0,31.0,,,Coleta de amostras,,,,,,,,,SOUTH_AMERICA,,,,BR,Rondônia,,Porto Velho,,,,,,,,,Fora de UC Federal,-8.888889,-63.111106,,,,,,,,,,,,,Coordenada aproximada,,,,,,,,,,,,,,,,,,,,,,,,,,,,,12728,12728.0,,1722.0,,,,,"Lagothrix cana (É.Geoffroy Saint-Hilaire, 1812)",,Lagothrix,,,,,Lagothrix cana|Lagothrix|Atelidae|Primates|Mammalia|Chordata|Animalia,Animalia,Chordata,Mammalia,Primates,,Atelidae,,,,Lagothrix,Lagothrix,,,cana,,,SPECIES,,,,SYNONYM,,,ffe38a37-d659-4b1a-a935-5a5264e3cc0a,BR,2026-09-07T07:05:56.987Z,,,,,,CONTINENT_DERIVED_FROM_COORDINATES;OCCURRENCE_STATUS_INFERRED_FROM_INDIVIDUAL_COUNT;TAXON_ID_NOT_FOUND;SCIENTIFIC_NAME_ID_NOT_FOUND,,,,True,False,9205754,5786086,1,44,359,798,,3239607,,,,2436656,,5786085,Lagothrix lagothricha,"Lagothrix lagothricha cana (É.Geoffroy Saint-Hilaire, 1812)",Lagothrix cana,,EML,2026-09-07T07:05:56.987Z,2026-09-07T06:56:32.879Z,,False,,False,LATIN_AMERICA,LATIN_AMERICA,SISBIO-Portaria-748-2022,BRA,Brazil,BRA.22_1,Rondônia,BRA.22.11_2,Candeias do Jamari,,,,MANTER_COM_RESSALVA,incerteza de coordenada nao informada
6510407904,2018-11-04,,,CC_BY_4_0,,,,SISBIO | Sistema de Autorização e Informação em Biodiversidade,,,,,ICMBio,Dados de Pesquisa SISBio,ICMBio;Dados de ocorrência de espécies do Sistema de Autorização e Informações de Biodiversidade (SISBio) do ICMBio,ICMBio | Instituto Chico Mendes de Conservação da Biodiversidade,HUMAN_OBSERVATION,,,"""{""""categoria_ameaca"""" : {""""co_ameaca_oficial"""" : null, """"ds_ameaca_oficial"""" : null, """"co_ameaca_nao_oficial"""" : null, """"ds_ameaca_nao_oficial"""" : null}, """"sensivel"""" : {""""in_sensivel"""" : false, """"data"""" : null}, """"carencia"""" : """"2018-11-04"""", """"nome_comum"""" : null, """"dynamicProperties"""" : null}""",154383,6818,,Mariluce Rezende Messias,,1.0,,,,,,,,,,,,,PRESENT,,Depositado em coleção/museu,,,,,,,,,,,,,,,,,,,,,2011-12-12T00:00,,346.0,346.0,2011.0,12.0,12.0,,,Coleta de espécimes,,,,,,,,,SOUTH_AMERICA,,,,BR,Amazonas,,Canutama,,,,,,,,,Fora de UC Federal,-8.198528,-64.058556,,,,,,,,,,,,,Coordenada exata da ocorrência,,,,,,,,,,,,,,,,,,,,,,,,,,,,,12728,12728.0,,1722.0,,,,,"Lagothrix cana (É.Geoffroy Saint-Hilaire, 1812)",,Lagothrix,,,,,Lagothrix cana|Lagothrix|Atelidae|Primates|Mammalia|Chordata|Animalia,Animalia,Chordata,Mammalia,Primates,,Atelidae,,,,Lagothrix,Lagothrix,,,cana,,,SPECIES,,,,SYNONYM,,,ffe38a37-d659-4b1a-a935-5a5264e3cc0a,BR,2026-09-07T07:05:52.453Z,,,,,,GEODETIC_DATUM_INVALID;GEODETIC_DATUM_ASSUMED_WGS84;CONTINENT_DERIVED_FROM_COORDINATES;OCCURRENCE_STATUS_INFERRED_FROM_INDIVIDUAL_COUNT;TAXON_ID_NOT_FOUND;SCIENTIFIC_NAME_ID_NOT_FOUND,,,,True,False,9205754,5786086,1,44,359,798,,3239607,,,,2436656,,5786085,Lagothrix lagothricha,"Lagothrix lagothricha cana (É.Geoffroy Saint-Hilaire, 1812)",Lagothrix cana,,EML,2026-09-07T07:05:52.453Z,2026-09-07T06:56:32.879Z,,False,,False,LATIN_AMERICA,LATIN_AMERICA,SISBIO-Portaria-748-2022,BRA,Brazil,BRA.4_1,Amazonas,BRA.4.16_2,Canutama,,,,MANTER_COM_RESSALVA,incerteza de coordenada nao informada
6510352893,2016-12-09,,,CC_BY_4_0,,,,SISBIO | Sistema de Autorização e Informação em Biodiversidade,,,,,ICMBio,Dados de Pesquisa SISBio,ICMBio;Dados de ocorrência de espécies do Sistema de Autorização e Informações de Biodiversidade (SISBio) do ICMBio,ICMBio | Instituto Chico Mendes de Conservação da Biodiversidade,HUMAN_OBSERVATION,,,"""{""""categoria_ameaca"""" : {""""co_ameaca_oficial"""" : null, """"ds_ameaca_oficial"""" : null, """"co_ameaca_nao_oficial"""" : null, """"ds_ameaca_nao_oficial"""" : null}, """"sensivel"""" : {""""in_sensivel"""" : false, """"data"""" : null}, """"carencia"""" : """"2016-12-09"""", """"nome_comum"""" : null, """"dynamicProperties"""" : null}""",404779,10729,,Mariluce Rezende Messias,,1.0,,,,,,,,,,,,,PRESENT,,Depositado em coleção/museu,,,,,,,,,,,,,,,,,,,,,2011-01-24T00:00,,24.0,24.0,2011.0,1.0,24.0,,,Coleta de espécimes,,,,,,,,,SOUTH_AMERICA,,,,BR,Rondônia,,Pimenta Bueno,,,,,,,,,Fora de UC Federal,-11.973292,-60.698872,,,,,,,,,,,,,Coordenada exata da ocorrência,,,,,,,,,,,,,,,,,,,,,,,,,,,,,12728,12728.0,,1722.0,,,,,"Lagothrix cana (É.Geoffroy Saint-Hilaire, 1812)",,Lagothrix,,,,,Lagothrix cana|Lagothrix|Atelidae|Primates|Mammalia|Chordata|Animalia,Animalia,Chordata,Mammalia,Primates,,Atelidae,,,,Lagothrix,Lagothrix,,,cana,,,SPECIES,,,,SYNONYM,,,ffe38a37-d659-4b1a-a935-5a5264e3cc0a,BR,2026-09-07T07:05:12.730Z,,,,,,CONTINENT_DERIVED_FROM_COORDINATES;OCCURRENCE_STATUS_INFERRED_FROM_INDIVIDUAL_COUNT;TAXON_ID_NOT_FOUND;SCIENTIFIC_NAME_ID_NOT_FOUND,,,,True,False,9205754,5786086,1,44,359,798,,3239607,,,,2436656,,5786085,Lagothrix lagothricha,"Lagothrix lagothricha cana (É.Geoffroy Saint-Hilaire, 1812)",Lagothrix cana,,EML,2026-09-07T07:05:12.730Z,2026-09-07T06:56:32.879Z,,False,,False,LATIN_AMERICA,LATIN_AMERICA,SISBIO-Portaria-748-2022,BRA,Brazil,BRA.22_1,Rondônia,BRA.22.35_2,Pimenta Bueno,,,,MANTER_COM_RESSALVA,incerteza de coordenada nao informada
6510328336,2022-03-05,,,CC_BY_4_0,,,,SISBIO | Sistema de Autorização e Informação em Biodiversidade,,,,,ICMBio,Dados de Pesquisa SISBio,ICMBio;Dados de ocorrência de espécies do Sistema de Autorização e Informações de Biodiversidade (SISBio) do ICMBio,ICMBio | Instituto Chico Mendes de Conservação da Biodiversidade,HUMAN_OBSERVATION,,,"""{""""categoria_ameaca"""" : {""""co_ameaca_oficial"""" : null, """"ds_ameaca_oficial"""" : null, """"co_ameaca_nao_oficial"""" : null, """"ds_ameaca_nao_oficial"""" : null}, """"sensivel"""" : {""""in_sensivel"""" : false, """"data"""" : null}, """"carencia"""" : """"2022-03-05"""", """"nome_comum"""" : null, """"dynamicProperties"""" : null}""",829529,17416,,Gerson Buss,,1.0,,,,,,,,,,,,,PRESENT,,Solto/mantido na natureza,,,,,,,,,,,,,,,,,,,,,2014-11-18T00:00,,322.0,322.0,2014.0,11.0,18.0,,,Avistamento/Observação,,,,,,CNUC_1633,,,SOUTH_AMERICA,,,,BR,Rondônia,,,,,,,,,,,Dentro de UC Federal,-9.402028,-65.077028,,,,,,,,,,,,,Coordenada de referência da área amostrada,,,,,,,,,,,,,,,,,,,,,,,,,,,,,12728,12728.0,,1722.0,,,,,"Lagothrix cana (É.Geoffroy Saint-Hilaire, 1812)",,Lagothrix,,,,,Lagothrix cana|Lagothrix|Atelidae|Primates|Mammalia|Chordata|Animalia,Animalia,Chordata,Mammalia,Primates,,Atelidae,,,,Lagothrix,Lagothrix,,,cana,,,SPECIES,,,,SYNONYM,,,ffe38a37-d659-4b1a-a935-5a5264e3cc0a,BR,2026-09-07T07:05:42.514Z,,,,,,CONTINENT_DERIVED_FROM_COORDINATES;OCCURRENCE_STATUS_INFERRED_FROM_INDIVIDUAL_COUNT;SCIENTIFIC_NAME_ID_NOT_FOUND;TAXON_ID_NOT_FOUND,,,,True,False,9205754,5786086,1,44,359,798,,3239607,,,,2436656,,5786085,Lagothrix lagothricha,"Lagothrix lagothricha cana (É.Geoffroy Saint-Hilaire, 1812)",Lagothrix cana,,EML,2026-09-07T07:05:42.514Z,2026-09-07T06:56:32.879Z,,False,,False,LATIN_AMERICA,LATIN_AMERICA,SISBIO-Portaria-748-2022,BRA,Brazil,BRA.22_1,Rondônia,BRA.22.37_2,Porto Velho,,,,MANTER_COM_RESSALVA,incerteza de coordenada nao informada
6510308865,2023-12-01,,,CC_BY_4_0,,,,SISBIO | Sistema de Autorização e Informação em Biodiversidade,,,,,ICMBio,Dados de Pesquisa SISBio,ICMBio;Dados de ocorrência de espécies do Sistema de Autorização e Informações de Biodiversidade (SISBio) do ICMBio,ICMBio | Instituto Chico Mendes de Conservação da Biodiversidade,HUMAN_OBSERVATION,,,"""{""""categoria_ameaca"""" : {""""co_ameaca_oficial"""" : null, """"ds_ameaca_oficial"""" : null, """"co_ameaca_nao_oficial"""" : null, """"ds_ameaca_nao_oficial"""" : null}, """"sensivel"""" : {""""in_sensivel"""" : false, """"data"""" : null}, """"carencia"""" : """"2023-12-01"""", """"nome_comum"""" : null, """"dynamicProperties"""" : null}""",1556174,29070,,Ricardo Sampaio,,10.0,,,,,,,,,,,,,PRESENT,,Depositado em coleção/museu,,,,,,,,,,,,,,,,,,,,,2018-07-01T00:00,,182.0,182.0,2018.0,7.0,1.0,,,Coleta de amostras,,,,,,CNUC_1606,,,SOUTH_AMERICA,,,,BR,Amazonas,,,,,,,,,,,Dentro de UC Federal,-7.61353,-65.60058,,,,,,,,,,,,,Coordenada exata da ocorrência,,,,,,,,,,,,,,,,,,,,,,,,,,,,,12728,12728.0,,1722.0,,,,,"Lagothrix cana (É.Geoffroy Saint-Hilaire, 1812)",,Lagothrix,,,,,Lagothrix cana|Lagothrix|Atelidae|Primates|Mammalia|Chordata|Animalia,Animalia,Chordata,Mammalia,Primates,,Atelidae,,,,Lagothrix,Lagothrix,,,cana,,,SPECIES,,,,SYNONYM,,,ffe38a37-d659-4b1a-a935-5a5264e3cc0a,BR,2026-09-07T07:05:09.317Z,,,,,,CONTINENT_DERIVED_FROM_COORDINATES;OCCURRENCE_STATUS_INFERRED_FROM_INDIVIDUAL_COUNT;SCIENTIFIC_NAME_ID_NOT_FOUND;TAXON_ID_NOT_FOUND,,,,True,False,9205754,5786086,1,44,359,798,,3239607,,,,2436656,,5786085,Lagothrix lagothricha,"Lagothrix lagothricha cana (É.Geoffroy Saint-Hilaire, 1812)",Lagothrix cana,,EML,2026-09-07T07:05:09.317Z,2026-09-07T06:56:32.879Z,,False,,False,LATIN_AMERICA,LATIN_AMERICA,SISBIO-Portaria-748-2022,BRA,Brazil,BRA.4_1,Amazonas,BRA.4.35_2,Lábrea,,,,MANTER_COM_RESSALVA,incerteza de coordenada nao informada
6510294098,2023-12-01,,,CC_BY_4_0,,,,SISBIO | Sistema de Autorização e Informação em Biodiversidade,,,,,ICMBio,Dados de Pesquisa SISBio,ICMBio;Dados de ocorrência de espécies do Sistema de Autorização e Informações de Biodiversidade (SISBio) do ICMBio,ICMBio | Instituto Chico Mendes de Conservação da Biodiversidade,HUMAN_OBSERVATION,,,"""{""""categoria_ameaca"""" : {""""co_ameaca_oficial"""" : null, """"ds_ameaca_oficial"""" : null, """"co_ameaca_nao_oficial"""" : null, """"ds_ameaca_nao_oficial"""" : null}, """"sensivel"""" : {""""in_sensivel"""" : false, """"data"""" : null}, """"carencia"""" : """"2023-12-01"""", """"nome_comum"""" : null, """"dynamicProperties"""" : null}""",1556175,29070,,Ricardo Sampaio,,10.0,,,,,,,,,,,,,PRESENT,,Depositado em coleção/museu,,,,,,,,,,,,,,,,,,,,,2018-07-01T00:00,,182.0,182.0,2018.0,7.0,1.0,,,Coleta de amostras,,,,,,CNUC_1606,,,SOUTH_AMERICA,,,,BR,Amazonas,,,,,,,,,,,Dentro de UC Federal,-7.73934,-66.682716,,,,,,,,,,,,,Coordenada exata da ocorrência,,,,,,,,,,,,,,,,,,,,,,,,,,,,,12728,12728.0,,1722.0,,,,,"Lagothrix cana (É.Geoffroy Saint-Hilaire, 1812)",,Lagothrix,,,,,Lagothrix cana|Lagothrix|Atelidae|Primates|Mammalia|Chordata|Animalia,Animalia,Chordata,Mammalia,Primates,,Atelidae,,,,Lagothrix,Lagothrix,,,cana,,,SPECIES,,,,SYNONYM,,,ffe38a37-d659-4b1a-a935-5a5264e3cc0a,BR,2026-09-07T07:05:10.186Z,,,,,,CONTINENT_DERIVED_FROM_COORDINATES;OCCURRENCE_STATUS_INFERRED_FROM_INDIVIDUAL_COUNT;TAXON_ID_NOT_FOUND;SCIENTIFIC_NAME_ID_NOT_FOUND,,,,True,False,9205754,5786086,1,44,359,798,,3239607,,,,2436656,,5786085,Lagothrix lagothricha,"Lagothrix lagothricha cana (É.Geoffroy Saint-Hilaire, 1812)",Lagothrix cana,,EML,2026-09-07T07:05:10.186Z,2026-09-07T06:56:32.879Z,,False,,False,LATIN_AMERICA,LATIN_AMERICA,SISBIO-Portaria-748-2022,BRA,Brazil,BRA.4_1,Amazonas,BRA.4.35_2,Lábrea,,,,MANTER_COM_RESSALVA,incerteza de coordenada nao informada
6510292940,2017-12-07,,,CC_BY_4_0,,,,SISBIO | Sistema de Autorização e Informação em Biodiversidade,,,,,ICMBio,Dados de Pesquisa SISBio,ICMBio;Dados de ocorrência de espécies do Sistema de Autorização e Informações de Biodiversidade (SISBio) do ICMBio,ICMBio | Instituto Chico Mendes de Conservação da Biodiversidade,HUMAN_OBSERVATION,,,"""{""""categoria_ameaca"""" : {""""co_ameaca_oficial"""" : null, """"ds_ameaca_oficial"""" : null, """"co_ameaca_nao_oficial"""" : null, """"ds_ameaca_nao_oficial"""" : null}, """"sensivel"""" : {""""in_sensivel"""" : false, """"data"""" : null}, """"carencia"""" : """"2017-12-07"""", """"nome_comum"""" : null, """"dynamicProperties"""" : null}""",994608,19637,,Renata Bocorny De Azevedo,,4.0,,,,,,,,,,,,,PRESENT,,Solto/mantido na natureza,,,,,,,,,,,,,,,,,,,,,2015-11-30T00:00,,334.0,334.0,2015.0,11.0,30.0,,,Avistamento/Observação,,,,,,CNUC_208,,,SOUTH_AMERICA,,,,BR,Rondônia,,,,,,,,,,,Dentro de UC Federal,-9.557019,-61.604183,,,,,,,,,,,,,Coordenada exata da ocorrência,,,,,,,,,,,,,,,,,,,,,,,,,,,,,12728,12728.0,,1722.0,,,,,"Lagothrix cana (É.Geoffroy Saint-Hilaire, 1812)",,Lagothrix,,,,,Lagothrix cana|Lagothrix|Atelidae|Primates|Mammalia|Chordata|Animalia,Animalia,Chordata,Mammalia,Primates,,Atelidae,,,,Lagothrix,Lagothrix,,,cana,,,SPECIES,,,,SYNONYM,,,ffe38a37-d659-4b1a-a935-5a5264e3cc0a,BR,2026-09-07T07:05:36.947Z,,,,,,CONTINENT_DERIVED_FROM_COORDINATES;OCCURRENCE_STATUS_INFERRED_FROM_INDIVIDUAL_COUNT;SCIENTIFIC_NAME_ID_NOT_FOUND;TAXON_ID_NOT_FOUND,,,,True,False,9205754,5786086,1,44,359,798,,3239607,,,,2436656,,5786085,Lagothrix lagothricha,"Lagothrix lagothricha cana (É.Geoffroy Saint-Hilaire, 1812)",Lagothrix cana,,EML,2026-09-07T07:05:36.947Z,2026-09-07T06:56:32.879Z,,False,,False,LATIN_AMERICA,LATIN_AMERICA,SISBIO-Portaria-748-2022,BRA,Brazil,BRA.22_1,Rondônia,BRA.22.50_2,Vale do Anari,,,,MANTER_COM_RESSALVA,incerteza de coordenada nao informada
6510250822,2017-12-07,,,CC_BY_4_0,,,,SISBIO | Sistema de Autorização e Informação em Biodiversidade,,,,,ICMBio,Dados de Pesquisa SISBio,ICMBio;Dados de ocorrência de espécies do Sistema de Autorização e Informações de Biodiversidade (SISBio) do ICMBio,ICMBio | Instituto Chico Mendes de Conservação da Biodiversidade,HUMAN_OBSERVATION,,,"""{""""categoria_ameaca"""" : {""""co_ameaca_oficial"""" : null, """"ds_ameaca_oficial"""" : null, """"co_ameaca_nao_oficial"""" : null, """"ds_ameaca_nao_oficial"""" : null}, """"sensivel"""" : {""""in_sensivel"""" : false, """"data"""" : null}, """"carencia"""" : """"2017-12-07"""", """"nome_comum"""" : null, """"dynamicProperties"""" : null}""",994610,19637,,Renata Bocorny De Azevedo,,4.0,,,,,,,,,,,,,PRESENT,,Solto/mantido na natureza,,,,,,,,,,,,,,,,,,,,,2015-11-30T00:00,,334.0,334.0,2015.0,11.0,30.0,,,Avistamento/Observação,,,,,,CNUC_208,,,SOUTH_AMERICA,,,,BR,Rondônia,,,,,,,,,,,Dentro de UC Federal,-10.070278,-61.9695,,,,,,,,,,,,,Coordenada exata da ocorrência,,,,,,,,,,,,,,,,,,,,,,,,,,,,,12728,12728.0,,1722.0,,,,,"Lagothrix cana (É.Geoffroy Saint-Hilaire, 1812)",,Lagothrix,,,,,Lagothrix cana|Lagothrix|Atelidae|Primates|Mammalia|Chordata|Animalia,Animalia,Chordata,Mammalia,Primates,,Atelidae,,,,Lagothrix,Lagothrix,,,cana,,,SPECIES,,,,SYNONYM,,,ffe38a37-d659-4b1a-a935-5a5264e3cc0a,BR,2026-09-07T07:05:08.154Z,,,,,,CONTINENT_DERIVED_FROM_COORDINATES;OCCURRENCE_STATUS_INFERRED_FROM_INDIVIDUAL_COUNT;TAXON_ID_NOT_FOUND;SCIENTIFIC_NAME_ID_NOT_FOUND,,,,True,False,9205754,5786086,1,44,359,798,,3239607,,,,2436656,,5786085,Lagothrix lagothricha,"Lagothrix lagothricha cana (É.Geoffroy Saint-Hilaire, 1812)",Lagothrix cana,,EML,2026-09-07T07:05:08.154Z,2026-09-07T06:56:32.879Z,,False,,False,LATIN_AMERICA,LATIN_AMERICA,SISBIO-Portaria-748-2022,BRA,Brazil,BRA.22_1,Rondônia,BRA.22.24_2,Ji-Paraná,,,,MANTER_COM_RESSALVA,incerteza de coordenada nao informada
6510247320,2018-02-08,,,CC_BY_4_0,,,,SISBIO | Sistema de Autorização e Informação em Biodiversidade,,,,,ICMBio,Dados de Pesquisa SISBio,ICMBio;Dados de ocorrência de espécies do Sistema de Autorização e Informações de Biodiversidade (SISBio) do ICMBio,ICMBio | Instituto Chico Mendes de Conservação da Biodiversidade,HUMAN_OBSERVATION,,,"""{""""categoria_ameaca"""" : {""""co_ameaca_oficial"""" : null, """"ds_ameaca_oficial"""" : null, """"co_ameaca_nao_oficial"""" : null, """"ds_ameaca_nao_oficial"""" : null}, """"sensivel"""" : {""""in_sensivel"""" : false, """"data"""" : null}, """"carencia"""" : """"2018-02-08"""", """"nome_comum"""" : null, """"dynamicProperties"""" : null}""",1294986,22386,,Simone Baldini Lucheis,,5.0,,,,,,,,,,,,,PRESENT,,Destinado a laboratório,,,,,,,,,,,,,,,,,,,,,2019-01-11T00:00,,11.0,11.0,2019.0,1.0,11.0,,,Coleta de amostras,,,,,,,,,SOUTH_AMERICA,,,,BR,Bahia,,Salvador,,,,,,,,,Fora de UC Federal,-13.008611,-38.505,,,,,,,,,,,,,Coordenada aproximada,,,,,,,,,,,,,,,,,,,,,,,,,,,,,12726,12726.0,,1722.0,,,,,"Lagothrix lagothricha (Humboldt, 1812)",,Lagothrix,,,,,Lagothrix lagotricha|Lagothrix|Atelidae|Primates|Mammalia|Chordata|Animalia,Animalia,Chordata,Mammalia,Primates,,Atelidae,,,,Lagothrix,Lagothrix,,,lagothricha,,,SPECIES,,,,ACCEPTED,,,ffe38a37-d659-4b1a-a935-5a5264e3cc0a,BR,2026-09-07T07:05:15.331Z,,,,,,GEODETIC_DATUM_INVALID;GEODETIC_DATUM_ASSUMED_WGS84;CONTINENT_DERIVED_FROM_COORDINATES;OCCURRENCE_STATUS_INFERRED_FROM_INDIVIDUAL_COUNT;TAXON_ID_NOT_FOUND;SCIENTIFIC_NAME_ID_NOT_FOUND;TAXON_MATCH_FUZZY,,,,True,False,5786085,5786085,1,44,359,798,,3239607,,,,2436656,,5786085,Lagothrix lagothricha,"Lagothrix lagothricha (Humboldt, 1812)",Lagothrix lagotricha,,EML,2026-09-07T07:05:15.331Z,2026-09-07T06:56:32.879Z,,False,,False,LATIN_AMERICA,LATIN_AMERICA,SISBIO-Portaria-748-2022,BRA,Brazil,BRA.5_1,Bahia,BRA.5.336_2,Salvador,,,VU,EXCLUIR,"coordenada repetida entre registros do mesmo dataset em datas distintas, fora da Amazonia plausivel - provavel endereco institucional (sede/permissionario SISBio), nao local de observacao"
6510194472,2021-02-04,,,CC_BY_4_0,,,,SISBIO | Sistema de Autorização e Informação em Biodiversidade,,,,,ICMBio,Dados de Pesquisa SISBio,ICMBio;Dados de ocorrência de espécies do Sistema de Autorização e Informações de Biodiversidade (SISBio) do ICMBio,ICMBio | Instituto Chico Mendes de Conservação da Biodiversidade,HUMAN_OBSERVATION,,,"""{""""categoria_ameaca"""" : {""""co_ameaca_oficial"""" : null, """"ds_ameaca_oficial"""" : null, """"co_ameaca_nao_oficial"""" : null, """"ds_ameaca_nao_oficial"""" : null}, """"sensivel"""" : {""""in_sensivel"""" : false, """"data"""" : null}, """"carencia"""" : """"2021-02-04"""", """"nome_comum"""" : null, """"dynamicProperties"""" : null}""",1161547,22354,,Renata Bocorny De Azevedo,,1.0,,,,,,,,,,,,,PRESENT,,Solto/mantido na natureza,,,,,,,,,,,,,,,,,,,,,2016-11-03T00:00,,308.0,308.0,2016.0,11.0,3.0,,,Avistamento/Observação,,,,,,CNUC_281,,,SOUTH_AMERICA,,,,BR,Mato Grosso,,,,,,,,,,,Dentro de UC Federal,-8.972944,-58.629556,,,,,,,,,,,,,Coordenada exata da ocorrência,,,,,,,,,,,,,,,,,,,,,,,,,,,,,12728,12728.0,,1722.0,,,,,"Lagothrix cana (É.Geoffroy Saint-Hilaire, 1812)",,Lagothrix,,,,,Lagothrix cana|Lagothrix|Atelidae|Primates|Mammalia|Chordata|Animalia,Animalia,Chordata,Mammalia,Primates,,Atelidae,,,,Lagothrix,Lagothrix,,,cana,,,SPECIES,,,,SYNONYM,,,ffe38a37-d659-4b1a-a935-5a5264e3cc0a,BR,2026-09-07T07:05:39.528Z,,,,,,GEODETIC_DATUM_INVALID;GEODETIC_DATUM_ASSUMED_WGS84;CONTINENT_DERIVED_FROM_COORDINATES;OCCURRENCE_STATUS_INFERRED_FROM_INDIVIDUAL_COUNT;TAXON_ID_NOT_FOUND;SCIENTIFIC_NAME_ID_NOT_FOUND,,,,True,False,9205754,5786086,1,44,359,798,,3239607,,,,2436656,,5786085,Lagothrix lagothricha,"Lagothrix lagothricha cana (É.Geoffroy Saint-Hilaire, 1812)",Lagothrix cana,,EML,2026-09-07T07:05:39.528Z,2026-09-07T06:56:32.879Z,,False,,False,LATIN_AMERICA,LATIN_AMERICA,SISBIO-Portaria-748-2022,BRA,Brazil,BRA.12_1,Mato Grosso,BRA.12.37_2,Cotriguaçu,,,,MANTER_COM_RESSALVA,"dentro da Amazonia mas fora de AM/AC/RO/RR (estado=Mato Grosso) - fora da area de estudo, mantido apenas como contexto de fundo"
6510177625,2014-10-28,,,CC_BY_4_0,,,,SISBIO | Sistema de Autorização e Informação em Biodiversidade,,,,,ICMBio,Dados de Pesquisa SISBio,ICMBio;Dados de ocorrência de espécies do Sistema de Autorização e Informações de Biodiversidade (SISBio) do ICMBio,ICMBio | Instituto Chico Mendes de Conservação da Biodiversidade,HUMAN_OBSERVATION,,,"""{""""categoria_ameaca"""" : {""""co_ameaca_oficial"""" : null, """"ds_ameaca_oficial"""" : null, """"co_ameaca_nao_oficial"""" : null, """"ds_ameaca_nao_oficial"""" : null}, """"sensivel"""" : {""""in_sensivel"""" : false, """"data"""" : null}, """"carencia"""" : """"2014-10-28"""", """"nome_comum"""" : null, """"dynamicProperties"""" : null}""",429685,10990,,Daniela Pedrassani,,2.0,,,,,,,,,,,,,PRESENT,,Descartado,,,,,,,,,,,,,,,,,,,,,2012-02-20T00:00,,51.0,51.0,2012.0,2.0,20.0,,,Coleta de amostras,,,,,,,,,SOUTH_AMERICA,,,,BR,Santa Catarina,,Pomerode,,,,,,,,,Dentro de UC Municipal,-26.73885,-49.178933,,,,,,,,,,,,,Coordenada aproximada,,,,,,,,,,,,,,,,,,,,,,,,,,,,,12726,12726.0,,1722.0,,,,,"Lagothrix lagothricha (Humboldt, 1812)",,Lagothrix,,,,,Lagothrix lagotricha|Lagothrix|Atelidae|Primates|Mammalia|Chordata|Animalia,Animalia,Chordata,Mammalia,Primates,,Atelidae,,,,Lagothrix,Lagothrix,,,lagothricha,,,SPECIES,,,,ACCEPTED,,,ffe38a37-d659-4b1a-a935-5a5264e3cc0a,BR,2026-09-07T07:05:51.816Z,,,,,,CONTINENT_DERIVED_FROM_COORDINATES;OCCURRENCE_STATUS_INFERRED_FROM_INDIVIDUAL_COUNT;TAXON_ID_NOT_FOUND;SCIENTIFIC_NAME_ID_NOT_FOUND;TAXON_MATCH_FUZZY,,,,True,False,5786085,5786085,1,44,359,798,,3239607,,,,2436656,,5786085,Lagothrix lagothricha,"Lagothrix lagothricha (Humboldt, 1812)",Lagothrix lagotricha,,EML,2026-09-07T07:05:51.816Z,2026-09-07T06:56:32.879Z,,False,,False,LATIN_AMERICA,LATIN_AMERICA,SISBIO-Portaria-748-2022,BRA,Brazil,BRA.24_1,Santa Catarina,BRA.24.201_2,Pomerode,,,VU,REVISAR,fora da distribuicao amazonica plausivel da especie (estado=Santa Catarina) - provavel erro de identificacao/geolocalizacao
6510166855,2018-11-04,,,CC_BY_4_0,,,,SISBIO | Sistema de Autorização e Informação em Biodiversidade,,,,,ICMBio,Dados de Pesquisa SISBio,ICMBio;Dados de ocorrência de espécies do Sistema de Autorização e Informações de Biodiversidade (SISBio) do ICMBio,ICMBio | Instituto Chico Mendes de Conservação da Biodiversidade,HUMAN_OBSERVATION,,,"""{""""categoria_ameaca"""" : {""""co_ameaca_oficial"""" : null, """"ds_ameaca_oficial"""" : null, """"co_ameaca_nao_oficial"""" : null, """"ds_ameaca_nao_oficial"""" : null}, """"sensivel"""" : {""""in_sensivel"""" : false, """"data"""" : null}, """"carencia"""" : """"2018-11-04"""", """"nome_comum"""" : null, """"dynamicProperties"""" : null}""",155684,6818,,Mariluce Rezende Messias,,1.0,,,,,,,,,,,,,PRESENT,,Depositado em coleção/museu,,,,,,,,,,,,,,,,,,,,,2011-11-14T00:00,,318.0,318.0,2011.0,11.0,14.0,,,Coleta de espécimes,,,,,,,,,SOUTH_AMERICA,,,,BR,Rondônia,,Machadinho D'Oeste,,,,,,,,,Fora de UC Federal,-8.703722,-62.320117,,,,,,,,,,,,,Coordenada de referência da área amostrada,,,,,,,,,,,,,,,,,,,,,,,,,,,,,12728,12728.0,,1722.0,,,,,"Lagothrix cana (É.Geoffroy Saint-Hilaire, 1812)",,Lagothrix,,,,,Lagothrix cana|Lagothrix|Atelidae|Primates|Mammalia|Chordata|Animalia,Animalia,Chordata,Mammalia,Primates,,Atelidae,,,,Lagothrix,Lagothrix,,,cana,,,SPECIES,,,,SYNONYM,,,ffe38a37-d659-4b1a-a935-5a5264e3cc0a,BR,2026-09-07T07:05:50.317Z,,,,,,GEODETIC_DATUM_INVALID;GEODETIC_DATUM_ASSUMED_WGS84;CONTINENT_DERIVED_FROM_COORDINATES;OCCURRENCE_STATUS_INFERRED_FROM_INDIVIDUAL_COUNT;TAXON_ID_NOT_FOUND;SCIENTIFIC_NAME_ID_NOT_FOUND,,,,True,False,9205754,5786086,1,44,359,798,,3239607,,,,2436656,,5786085,Lagothrix lagothricha,"Lagothrix lagothricha cana (É.Geoffroy Saint-Hilaire, 1812)",Lagothrix cana,,EML,2026-09-07T07:05:50.317Z,2026-09-07T06:56:32.879Z,,False,,False,LATIN_AMERICA,LATIN_AMERICA,SISBIO-Portaria-748-2022,BRA,Brazil,BRA.22_1,Rondônia,BRA.22.37_2,Porto Velho,,,,MANTER_COM_RESSALVA,incerteza de coordenada nao informada
6510145772,2018-11-04,,,CC_BY_4_0,,,,SISBIO | Sistema de Autorização e Informação em Biodiversidade,,,,,ICMBio,Dados de Pesquisa SISBio,ICMBio;Dados de ocorrência de espécies do Sistema de Autorização e Informações de Biodiversidade (SISBio) do ICMBio,ICMBio | Instituto Chico Mendes de Conservação da Biodiversidade,HUMAN_OBSERVATION,,,"""{""""categoria_ameaca"""" : {""""co_ameaca_oficial"""" : null, """"ds_ameaca_oficial"""" : null, """"co_ameaca_nao_oficial"""" : null, """"ds_ameaca_nao_oficial"""" : null}, """"sensivel"""" : {""""in_sensivel"""" : false, """"data"""" : null}, """"carencia"""" : """"2018-11-04"""", """"nome_comum"""" : null, """"dynamicProperties"""" : null}""",155167,6818,,Mariluce Rezende Messias,,1.0,,,,,,,,,,,,,PRESENT,,Depositado em coleção/museu,,,,,,,,,,,,,,,,,,,,,2011-01-26T00:00,,26.0,26.0,2011.0,1.0,26.0,,,Coleta de espécimes,,,,,,,,,SOUTH_AMERICA,,,,BR,Rondônia,,Pimenta Bueno,,,,,,,,,Fora de UC Federal,-12.060639,-60.672583,,,,,,,,,,,,,Coordenada de referência da área amostrada,,,,,,,,,,,,,,,,,,,,,,,,,,,,,12728,12728.0,,1722.0,,,,,"Lagothrix cana (É.Geoffroy Saint-Hilaire, 1812)",,Lagothrix,,,,,Lagothrix cana|Lagothrix|Atelidae|Primates|Mammalia|Chordata|Animalia,Animalia,Chordata,Mammalia,Primates,,Atelidae,,,,Lagothrix,Lagothrix,,,cana,,,SPECIES,,,,SYNONYM,,,ffe38a37-d659-4b1a-a935-5a5264e3cc0a,BR,2026-09-07T07:05:52.375Z,,,,,,GEODETIC_DATUM_INVALID;GEODETIC_DATUM_ASSUMED_WGS84;CONTINENT_DERIVED_FROM_COORDINATES;OCCURRENCE_STATUS_INFERRED_FROM_INDIVIDUAL_COUNT;TAXON_ID_NOT_FOUND;SCIENTIFIC_NAME_ID_NOT_FOUND,,,,True,False,9205754,5786086,1,44,359,798,,3239607,,,,2436656,,5786085,Lagothrix lagothricha,"Lagothrix lagothricha cana (É.Geoffroy Saint-Hilaire, 1812)",Lagothrix cana,,EML,2026-09-07T07:05:52.375Z,2026-09-07T06:56:32.879Z,,False,,False,LATIN_AMERICA,LATIN_AMERICA,SISBIO-Portaria-748-2022,BRA,Brazil,BRA.22_1,Rondônia,BRA.22.35_2,Pimenta Bueno,,,,MANTER_COM_RESSALVA,incerteza de coordenada nao informada
6510128870,2016-12-09,,,CC_BY_4_0,,,,SISBIO | Sistema de Autorização e Informação em Biodiversidade,,,,,ICMBio,Dados de Pesquisa SISBio,ICMBio;Dados de ocorrência de espécies do Sistema de Autorização e Informações de Biodiversidade (SISBio) do ICMBio,ICMBio | Instituto Chico Mendes de Conservação da Biodiversidade,HUMAN_OBSERVATION,,,"""{""""categoria_ameaca"""" : {""""co_ameaca_oficial"""" : null, """"ds_ameaca_oficial"""" : null, """"co_ameaca_nao_oficial"""" : null, """"ds_ameaca_nao_oficial"""" : null}, """"sensivel"""" : {""""in_sensivel"""" : false, """"data"""" : null}, """"carencia"""" : """"2016-12-09"""", """"nome_comum"""" : null, """"dynamicProperties"""" : null}""",404770,10729,,Mariluce Rezende Messias,,1.0,,,,,,,,,,,,,PRESENT,,Depositado em coleção/museu,,,,,,,,,,,,,,,,,,,,,2012-05-07T00:00,,128.0,128.0,2012.0,5.0,7.0,,,Coleta de espécimes,,,,,,,,,SOUTH_AMERICA,,,,BR,Mato Grosso,,Comodoro,,,,,,,,,Fora de UC Federal,-13.4989,-60.286289,,,,,,,,,,,,,Coordenada exata da ocorrência,,,,,,,,,,,,,,,,,,,,,,,,,,,,,12728,12728.0,,1722.0,,,,,"Lagothrix cana (É.Geoffroy Saint-Hilaire, 1812)",,Lagothrix,,,,,Lagothrix cana|Lagothrix|Atelidae|Primates|Mammalia|Chordata|Animalia,Animalia,Chordata,Mammalia,Primates,,Atelidae,,,,Lagothrix,Lagothrix,,,cana,,,SPECIES,,,,SYNONYM,,,ffe38a37-d659-4b1a-a935-5a5264e3cc0a,BR,2026-09-07T07:05:39.014Z,,,,,,CONTINENT_DERIVED_FROM_COORDINATES;OCCURRENCE_STATUS_INFERRED_FROM_INDIVIDUAL_COUNT;SCIENTIFIC_NAME_ID_NOT_FOUND;TAXON_ID_NOT_FOUND,,,,True,False,9205754,5786086,1,44,359,798,,3239607,,,,2436656,,5786085,Lagothrix lagothricha,"Lagothrix lagothricha cana (É.Geoffroy Saint-Hilaire, 1812)",Lagothrix cana,,EML,2026-09-07T07:05:39.014Z,2026-09-07T06:56:32.879Z,,False,,False,LATIN_AMERICA,LATIN_AMERICA,SISBIO-Portaria-748-2022,BRA,Brazil,BRA.12_1,Mato Grosso,BRA.12.34_2,Comodoro,,,,MANTER_COM_RESSALVA,"dentro da Amazonia mas fora de AM/AC/RO/RR (estado=Mato Grosso) - fora da area de estudo, mantido apenas como contexto de fundo"
6430898031,,,,CC_BY_NC_4_0,2026-08-16T07:54:59Z,,https://www.inaturalist.org/observations/377087423,Francisco J. Serrano Eizaguerri,,,,,iNaturalist,Observations,iNaturalist research-grade observations,,HUMAN_OBSERVATION,Coordinate uncertainty increased to 31411m to protect threatened taxon,,"""{""""evidenceOfPresence"""":""""organism""""}""",https://www.inaturalist.org/observations/377087423,377087423,,Francisco J. Serrano Eizaguerri,,,,,,Adult,,,,alive,,,,,PRESENT,,,,,,,,,,,,,,,,,,,,,,,2019-10-24T17:08,17:08:00-04:00,297.0,297.0,2019.0,10.0,24.0,2019/10/24 5:08 PM,,,,,,,,,,,SOUTH_AMERICA,,,,BR,Amazonas,,,,"Amazonas, BR",,,,,,,,-4.189864,-60.988068,31411.0,,,,,,,,,,,,,,,,,,,,,,,,,,,,,,,842291798.0,,,,kc1rt4pn0sd3,,2026-07-01T17:16:30,,,@enricotosto96,1369213,,,,,,,,"Lagothrix lagothricha cana (É.Geoffroy Saint-Hilaire, 1812)",,,,,,,,Animalia,Chordata,Mammalia,Primates,,Atelidae,,,,Lagothrix,Lagothrix,,,lagothricha,cana,,SUBSPECIES,,,,ACCEPTED,,,50c9509d-22c7-4a22-a47d-8c48425ef4a7,ES,2026-09-11T06:17:23.689Z,,,,,,COORDINATE_ROUNDED;CONTINENT_DERIVED_FROM_COORDINATES;TAXON_ID_NOT_FOUND,,,StillImage,True,False,5786086,5786086,1,44,359,798,,3239607,,,,2436656,,5786085,Lagothrix lagothricha,"Lagothrix lagothricha cana (É.Geoffroy Saint-Hilaire, 1812)",Lagothrix lagothricha cana,,DWC_ARCHIVE,2026-09-11T06:17:23.689Z,2026-09-10T19:15:51.157Z,,True,,False,LATIN_AMERICA,EUROPE,,BRA,Brazil,BRA.4_1,Amazonas,BRA.4.11_2,Beruri,,,,MANTER,sem problema relevante detectado
6422138508,,,,CC_BY_NC_4_0,2026-06-26T20:55:13Z,,https://www.inaturalist.org/observations/374635957,marcoseugenio,,,,,iNaturalist,Observations,iNaturalist research-grade observations,,HUMAN_OBSERVATION,Coordinate uncertainty increased to 31418m to protect threatened taxon,,,https://www.inaturalist.org/observations/374635957,374635957,,marcoseugenio,,,,,,,,,,,,,,,PRESENT,,,,,,,,,,,,,,,,,,,,,,,2017-12-01T10:59,10:59:00-04:00,335.0,335.0,2017.0,12.0,1.0,2017/12/01 10:59 AM,,,,,,,,,,,SOUTH_AMERICA,,,,BR,Amazonas,,,,"Autazes, BR-AM, BR",,,,,,,,-3.677165,-59.933396,31418.0,,,,,,,,,,,,,,,,,,,,,,,,,,,,,,,837400709.0,,,,kc1rt4pn0sd3,,2026-06-23T18:39:41,,,@enricotosto96,1369213,,,,,,,,"Lagothrix lagothricha cana (É.Geoffroy Saint-Hilaire, 1812)",,,,,,,,Animalia,Chordata,Mammalia,Primates,,Atelidae,,,,Lagothrix,Lagothrix,,,lagothricha,cana,,SUBSPECIES,,,,ACCEPTED,,,50c9509d-22c7-4a22-a47d-8c48425ef4a7,US,2026-09-11T05:37:31.767Z,,,,,,COORDINATE_ROUNDED;CONTINENT_DERIVED_FROM_COORDINATES;TAXON_ID_NOT_FOUND,,,StillImage,True,False,5786086,5786086,1,44,359,798,,3239607,,,,2436656,,5786085,Lagothrix lagothricha,"Lagothrix lagothricha cana (É.Geoffroy Saint-Hilaire, 1812)",Lagothrix lagothricha cana,,DWC_ARCHIVE,2026-09-11T05:37:31.767Z,2026-09-10T19:15:51.157Z,,True,,False,LATIN_AMERICA,NORTH_AMERICA,,BRA,Brazil,BRA.4_1,Amazonas,BRA.4.18_2,Careiro,,,,MANTER,sem problema relevante detectado
6334582555,,,,CC_BY_NC_4_0,2026-06-17T05:30:14Z,,https://www.inaturalist.org/observations/363946917,marcoseugenio,,,,,iNaturalist,Observations,iNaturalist research-grade observations,,HUMAN_OBSERVATION,Coordinate uncertainty increased to 31431m to protect threatened taxon,,,https://www.inaturalist.org/observations/363946917,363946917,,marcoseugenio,,,,,,,,,,,,,,,PRESENT,,,,,,,,,,,,,,,,,,,,,,,2025-07-03T12:35,12:35:00-04:00,184.0,184.0,2025.0,7.0,3.0,2025/07/03 12:35 PM,,,,,,,,,,,SOUTH_AMERICA,,,,BR,Amazonas,,,,"Maués, BR-AM, BR",,,,,,,,-2.812619,-60.097905,31431.0,,,,,,,,,,,,,,,,,,,,,,,,,,,,,,,825599024.0,,,,Pedro Bonavigo,,2026-06-05T12:28:54,,,,1369213,,,,,,,,"Lagothrix lagothricha cana (É.Geoffroy Saint-Hilaire, 1812)",,,,,,,,Animalia,Chordata,Mammalia,Primates,,Atelidae,,,,Lagothrix,Lagothrix,,,lagothricha,cana,,SUBSPECIES,,,,ACCEPTED,,,50c9509d-22c7-4a22-a47d-8c48425ef4a7,US,2026-09-11T05:22:41.197Z,,,,,,COORDINATE_ROUNDED;CONTINENT_DERIVED_FROM_COORDINATES;TAXON_ID_NOT_FOUND,,,StillImage,True,False,5786086,5786086,1,44,359,798,,3239607,,,,2436656,,5786085,Lagothrix lagothricha,"Lagothrix lagothricha cana (É.Geoffroy Saint-Hilaire, 1812)",Lagothrix lagothricha cana,,DWC_ARCHIVE,2026-09-11T05:22:41.197Z,2026-09-10T19:15:51.157Z,,True,,False,LATIN_AMERICA,NORTH_AMERICA,,BRA,Brazil,BRA.4_1,Amazonas,BRA.4.38_2,Manaus,,,,MANTER,sem problema relevante detectado
6334521547,,,,CC_BY_NC_4_0,2026-06-05T12:23:45Z,,https://www.inaturalist.org/observations/363957254,marcoseugenio,,,,,iNaturalist,Observations,iNaturalist research-grade observations,,HUMAN_OBSERVATION,Coordinate uncertainty increased to 31218m to protect threatened taxon,,,https://www.inaturalist.org/observations/363957254,363957254,,marcoseugenio,,,,,,,,,,,,,,,PRESENT,,,,,,,,,,,,,,,,,,,,,,,2025-07-28T08:12,08:12:00-04:00,209.0,209.0,2025.0,7.0,28.0,2025/07/28 8:12 AM,,,,,,,,,,,SOUTH_AMERICA,,,,BR,Mato Grosso,,,,"Mato Grosso, BR",,,,,,,,-9.873589,-58.248284,31218.0,,,,,,,,,,,,,,,,,,,,,,,,,,,,,,,816582309.0,,,,kc1rt4pn0sd3,,2026-05-22T14:18:35,,,,1369213,,,,,,,,"Lagothrix lagothricha cana (É.Geoffroy Saint-Hilaire, 1812)",,,,,,,,Animalia,Chordata,Mammalia,Primates,,Atelidae,,,,Lagothrix,Lagothrix,,,lagothricha,cana,,SUBSPECIES,,,,ACCEPTED,,,50c9509d-22c7-4a22-a47d-8c48425ef4a7,US,2026-09-11T05:48:48.223Z,,,,,,COORDINATE_ROUNDED;CONTINENT_DERIVED_FROM_COORDINATES;TAXON_ID_NOT_FOUND,,,StillImage,True,False,5786086,5786086,1,44,359,798,,3239607,,,,2436656,,5786085,Lagothrix lagothricha,"Lagothrix lagothricha cana (É.Geoffroy Saint-Hilaire, 1812)",Lagothrix lagothricha cana,,DWC_ARCHIVE,2026-09-11T05:48:48.223Z,2026-09-10T19:15:51.157Z,,True,,False,LATIN_AMERICA,NORTH_AMERICA,,BRA,Brazil,BRA.12_1,Mato Grosso,BRA.12.37_2,Cotriguaçu,,,,MANTER_COM_RESSALVA,"dentro da Amazonia mas fora de AM/AC/RO/RR (estado=Mato Grosso) - fora da area de estudo, mantido apenas como contexto de fundo"
6334229797,,,,CC_BY_NC_4_0,2026-07-02T17:37:41Z,,https://www.inaturalist.org/observations/365209653,sergioueda,,,,,iNaturalist,Observations,iNaturalist research-grade observations,,HUMAN_OBSERVATION,Coordinate uncertainty increased to 31431m to protect threatened taxon,,,https://www.inaturalist.org/observations/365209653,365209653,,sergioueda,,,,,,,,,,,,,,,PRESENT,,,,,,,,,,,,,,,,,,,,,,,2022-08-25T11:40,11:40:00-04:00,237.0,237.0,2022.0,8.0,25.0,2022/08/25 11:40,,,,,,,,,,,SOUTH_AMERICA,,,,BR,Amazonas,,,,"Maués, BR-AM, BR",,,,,,,,-2.914061,-60.173001,31431.0,,,,,,,,,,,,,,,,,,,,,,,,,,,,,,,819404569.0,,,,JanVermeer,,2026-05-26T18:24:37,,,,1369213,,,,,,,,"Lagothrix lagothricha cana (É.Geoffroy Saint-Hilaire, 1812)",,,,,,,,Animalia,Chordata,Mammalia,Primates,,Atelidae,,,,Lagothrix,Lagothrix,,,lagothricha,cana,,SUBSPECIES,,,,ACCEPTED,,,50c9509d-22c7-4a22-a47d-8c48425ef4a7,US,2026-09-11T05:58:36.320Z,,,,,,COORDINATE_ROUNDED;CONTINENT_DERIVED_FROM_COORDINATES;TAXON_ID_NOT_FOUND,,,StillImage,True,False,5786086,5786086,1,44,359,798,,3239607,,,,2436656,,5786085,Lagothrix lagothricha,"Lagothrix lagothricha cana (É.Geoffroy Saint-Hilaire, 1812)",Lagothrix lagothricha cana,,DWC_ARCHIVE,2026-09-11T05:58:36.320Z,2026-09-10T19:15:51.157Z,,True,,False,LATIN_AMERICA,NORTH_AMERICA,,BRA,Brazil,BRA.4_1,Amazonas,BRA.4.38_2,Manaus,,,,MANTER,sem problema relevante detectado
6333924312,,,,CC_BY_NC_4_0,2026-05-21T01:46:42Z,,https://www.inaturalist.org/observations/363324877,David Blue,,,,,iNaturalist,Observations,iNaturalist research-grade observations,,HUMAN_OBSERVATION,Coordinate uncertainty increased to 31218m to protect threatened taxon,,,https://www.inaturalist.org/observations/363324877,363324877,,David Blue,,,,,,,,,,,,,,,PRESENT,,,,,,,,,,,,,,,,,,,,,,,2023-08-11T10:20:59,10:20:59-04:00,223.0,223.0,2023.0,8.0,11.0,2023-08-11 10:20:59,,,,,,,,,,,SOUTH_AMERICA,,,,BR,Mato Grosso,,,,"Mato Grosso, BR",,,,,,,,-9.998415,-58.311712,31218.0,,,,,,,,,,,,,,,,,,,,,,,,,,,,,,,815378655.0,,,,kc1rt4pn0sd3,,2026-05-20T14:39:06,,,,1369213,,,,,,,,"Lagothrix lagothricha cana (É.Geoffroy Saint-Hilaire, 1812)",,,,,,,,Animalia,Chordata,Mammalia,Primates,,Atelidae,,,,Lagothrix,Lagothrix,,,lagothricha,cana,,SUBSPECIES,,,,ACCEPTED,,,50c9509d-22c7-4a22-a47d-8c48425ef4a7,US,2026-09-11T06:04:16.766Z,,,,,,COORDINATE_ROUNDED;CONTINENT_DERIVED_FROM_COORDINATES;TAXON_ID_NOT_FOUND,,,StillImage,True,False,5786086,5786086,1,44,359,798,,3239607,,,,2436656,,5786085,Lagothrix lagothricha,"Lagothrix lagothricha cana (É.Geoffroy Saint-Hilaire, 1812)",Lagothrix lagothricha cana,,DWC_ARCHIVE,2026-09-11T06:04:16.766Z,2026-09-10T19:15:51.157Z,,True,,False,LATIN_AMERICA,NORTH_AMERICA,,BRA,Brazil,BRA.12_1,Mato Grosso,BRA.12.37_2,Cotriguaçu,,,,MANTER_COM_RESSALVA,"dentro da Amazonia mas fora de AM/AC/RO/RR (estado=Mato Grosso) - fora da area de estudo, mantido apenas como contexto de fundo"
6235960864,,,,CC_BY_4_0,2026-04-27T22:14:55Z,,https://www.inaturalist.org/observations/248654710,Diego Gallotti,,,,,iNaturalist,Observations,iNaturalist research-grade observations,,HUMAN_OBSERVATION,Coordinate uncertainty increased to 31422m to protect threatened taxon,,"""{""""evidenceOfPresence"""":""""organism""""}""",https://www.inaturalist.org/observations/248654710,248654710,,Diego Gallotti,,,,,,,,,,alive,,,,,PRESENT,,,,,,,,,,,,,,,,,,,,,,,2018-07-16T14:51,14:51:00-04:00,197.0,197.0,2018.0,7.0,16.0,2018/07/16 2:51 PM,,,,,,,,,,,SOUTH_AMERICA,,,,BR,Amazonas,,,,"Amazonas, BR",,,,,,,,-3.503783,-59.217137,31422.0,,,,,,,,,,,,,,,,,,,,,,,,,,,,,,,754456526.0,,,,kc1rt4pn0sd3,,2026-01-25T19:37:50,,,,1369213,,,,,,,,"Lagothrix lagothricha cana (É.Geoffroy Saint-Hilaire, 1812)",,,,,,,,Animalia,Chordata,Mammalia,Primates,,Atelidae,,,,Lagothrix,Lagothrix,,,lagothricha,cana,,SUBSPECIES,,,,ACCEPTED,,,50c9509d-22c7-4a22-a47d-8c48425ef4a7,AR,2026-09-11T06:07:19.535Z,,,,,,COORDINATE_ROUNDED;CONTINENT_DERIVED_FROM_COORDINATES;TAXON_ID_NOT_FOUND,,,StillImage,True,False,5786086,5786086,1,44,359,798,,3239607,,,,2436656,,5786085,Lagothrix lagothricha,"Lagothrix lagothricha cana (É.Geoffroy Saint-Hilaire, 1812)",Lagothrix lagothricha cana,,DWC_ARCHIVE,2026-09-11T06:07:19.535Z,2026-09-10T19:15:51.157Z,,True,,False,LATIN_AMERICA,LATIN_AMERICA,,BRA,Brazil,BRA.4_1,Amazonas,BRA.4.7_2,Autazes,,,,MANTER,sem problema relevante detectado
6195361494,,,,CC_BY_NC_4_0,2026-04-09T22:45:16Z,,https://www.inaturalist.org/observations/348565788,maximevkn,,,,,iNaturalist,Observations,iNaturalist research-grade observations,,HUMAN_OBSERVATION,Coordinate uncertainty increased to 31418m to protect threatened taxon,,,https://www.inaturalist.org/observations/348565788,348565788,,maximevkn,,,,,Male,Juvenile,,,,,,,,,PRESENT,,,,,,,,"young wild juvenile, fed by the locals to prevent jaguars' presence",,,,,,,,,,,,,,,2018-07-16T07:41,07:41:00-04:00,197.0,197.0,2018.0,7.0,16.0,2018/07/16 07:41,,,,,,,,,,,SOUTH_AMERICA,,,,BR,Amazonas,,,,"Autazes, BR-AM, BR",,,,,,,,-3.657934,-59.942102,31418.0,,,,,,,,,,,,,,,,,,,,,,,,,,,,,,,786437180.0,,,,maximevkn,,2026-04-09T20:47:11,,,,1369213,,,,,,,,"Lagothrix lagothricha cana (É.Geoffroy Saint-Hilaire, 1812)",,,,,,,,Animalia,Chordata,Mammalia,Primates,,Atelidae,,,,Lagothrix,Lagothrix,,,lagothricha,cana,,SUBSPECIES,,,,ACCEPTED,,,50c9509d-22c7-4a22-a47d-8c48425ef4a7,US,2026-09-11T05:48:22.651Z,,,,,,COORDINATE_ROUNDED;CONTINENT_DERIVED_FROM_COORDINATES;TAXON_ID_NOT_FOUND,,,StillImage,True,False,5786086,5786086,1,44,359,798,,3239607,,,,2436656,,5786085,Lagothrix lagothricha,"Lagothrix lagothricha cana (É.Geoffroy Saint-Hilaire, 1812)",Lagothrix lagothricha cana,,DWC_ARCHIVE,2026-09-11T05:48:22.651Z,2026-09-10T19:15:51.157Z,,True,,False,LATIN_AMERICA,NORTH_AMERICA,,BRA,Brazil,BRA.4_1,Amazonas,BRA.4.18_2,Careiro,,,,MANTER,sem problema relevante detectado
6188501094,,,,CC_BY_NC_4_0,2026-04-02T01:29:26Z,,https://www.inaturalist.org/observations/346688486,Bioedilson,,,,,iNaturalist,Observations,iNaturalist research-grade observations,,HUMAN_OBSERVATION,Coordinate uncertainty increased to 31137m to protect threatened taxon,,,https://www.inaturalist.org/observations/346688486,346688486,,Bioedilson,,,,,,,,,,,,,,,PRESENT,,,,,,,,,,,,,,,,,,,,,,,2010-10-30T09:11,09:11:00-03:00,303.0,303.0,2010.0,10.0,30.0,2010/10/30 09:11,,,,,,,,,,,SOUTH_AMERICA,,,,BR,Mato Grosso,,,,"Juína, BR-MT, BR",,,,,,,,-11.569479,-58.76833,31137.0,,,,,,,,,,,,,,,,,,,,,,,,,,,,,,,782465037.0,,,,kc1rt4pn0sd3,,2026-04-02T01:26:12,,,,1369213,,,,,,,,"Lagothrix lagothricha cana (É.Geoffroy Saint-Hilaire, 1812)",,,,,,,,Animalia,Chordata,Mammalia,Primates,,Atelidae,,,,Lagothrix,Lagothrix,,,lagothricha,cana,,SUBSPECIES,,,,ACCEPTED,,,50c9509d-22c7-4a22-a47d-8c48425ef4a7,US,2026-09-11T05:38:48.599Z,,,,,,COORDINATE_ROUNDED;CONTINENT_DERIVED_FROM_COORDINATES;TAXON_ID_NOT_FOUND,,,StillImage,True,False,5786086,5786086,1,44,359,798,,3239607,,,,2436656,,5786085,Lagothrix lagothricha,"Lagothrix lagothricha cana (É.Geoffroy Saint-Hilaire, 1812)",Lagothrix lagothricha cana,,DWC_ARCHIVE,2026-09-11T05:38:48.599Z,2026-09-10T19:15:51.157Z,,True,,False,LATIN_AMERICA,NORTH_AMERICA,,BRA,Brazil,BRA.12_1,Mato Grosso,BRA.12.59_2,Juína,,,,MANTER_COM_RESSALVA,"dentro da Amazonia mas fora de AM/AC/RO/RR (estado=Mato Grosso) - fora da area de estudo, mantido apenas como contexto de fundo"
6179306130,,,,CC_BY_4_0,2026-08-26T12:00:34Z,,https://www.inaturalist.org/observations/342621422,Leandro Rezende,,,,,iNaturalist,Observations,iNaturalist research-grade observations,,HUMAN_OBSERVATION,Coordinate uncertainty increased to 31418m to protect threatened taxon,,,https://www.inaturalist.org/observations/342621422,342621422,,Leandro Rezende,,,,,,,,,,,,,,,PRESENT,,,,,,,,,,,,,,,,,,,,,,,2021-06-15T08:06,08:06:00-04:00,166.0,166.0,2021.0,6.0,15.0,2021/06/15 08:06,,,,,,,,,,,SOUTH_AMERICA,,,,BR,Amazonas,,,,"Autazes, BR-AM, BR",,,,,,,,-3.681298,-59.824877,31418.0,,,,,,,,,,,,,,,,,,,,,,,,,,,,,,,773122796.0,,,,kc1rt4pn0sd3,,2026-03-12T20:44:23,,,,1369213,,,,,,,,"Lagothrix lagothricha cana (É.Geoffroy Saint-Hilaire, 1812)",,,,,,,,Animalia,Chordata,Mammalia,Primates,,Atelidae,,,,Lagothrix,Lagothrix,,,lagothricha,cana,,SUBSPECIES,,,,ACCEPTED,,,50c9509d-22c7-4a22-a47d-8c48425ef4a7,US,2026-09-11T06:14:33.638Z,,,,,,COORDINATE_ROUNDED;CONTINENT_DERIVED_FROM_COORDINATES;TAXON_ID_NOT_FOUND,,,StillImage,True,False,5786086,5786086,1,44,359,798,,3239607,,,,2436656,,5786085,Lagothrix lagothricha,"Lagothrix lagothricha cana (É.Geoffroy Saint-Hilaire, 1812)",Lagothrix lagothricha cana,,DWC_ARCHIVE,2026-09-11T06:14:33.638Z,2026-09-10T19:15:51.157Z,,True,,False,LATIN_AMERICA,NORTH_AMERICA,,BRA,Brazil,BRA.4_1,Amazonas,BRA.4.18_2,Careiro,,,,MANTER,sem problema relevante detectado
6162925802,,,,CC_BY_NC_4_0,2026-06-17T05:30:18Z,,https://www.inaturalist.org/observations/339673525,wilmotsenaratne,,,,,iNaturalist,Observations,iNaturalist research-grade observations,,HUMAN_OBSERVATION,Coordinate uncertainty increased to 31428m to protect threatened taxon,,,https://www.inaturalist.org/observations/339673525,339673525,,wilmotsenaratne,,,,,,,,,,,,,,,PRESENT,,,,,,,,,,,,,,,,,,,,,,,2026-02-11T00:31,00:31:00-04:00,42.0,42.0,2026.0,2.0,11.0,2026/02/11 12:31 AM,,,,,,,,,,,SOUTH_AMERICA,,,,BR,Amazonas,,,,"Maués, BR-AM, BR",,,,,,,,-3.098895,-60.097638,31428.0,,,,,,,,,,,,,,,,,,,,,,,,,,,,,,,766871407.0,,,,JanVermeer,,2026-02-25T18:22:21,,,,1369213,,,,,,,,"Lagothrix lagothricha cana (É.Geoffroy Saint-Hilaire, 1812)",,,,,,,,Animalia,Chordata,Mammalia,Primates,,Atelidae,,,,Lagothrix,Lagothrix,,,lagothricha,cana,,SUBSPECIES,,,,ACCEPTED,,,50c9509d-22c7-4a22-a47d-8c48425ef4a7,US,2026-09-11T05:58:17.528Z,,,,,,COORDINATE_ROUNDED;CONTINENT_DERIVED_FROM_COORDINATES;TAXON_ID_NOT_FOUND,,,StillImage,True,False,5786086,5786086,1,44,359,798,,3239607,,,,2436656,,5786085,Lagothrix lagothricha,"Lagothrix lagothricha cana (É.Geoffroy Saint-Hilaire, 1812)",Lagothrix lagothricha cana,,DWC_ARCHIVE,2026-09-11T05:58:17.528Z,2026-09-10T19:15:51.157Z,,True,,False,LATIN_AMERICA,NORTH_AMERICA,,BRA,Brazil,BRA.4_1,Amazonas,BRA.4.38_2,Manaus,,,,MANTER,sem problema relevante detectado
6159574904,,,,CC_BY_NC_4_0,2026-02-19T20:39:36Z,,https://www.inaturalist.org/observations/338250679,Justin Knott,,,,,iNaturalist,Observations,iNaturalist research-grade observations,,HUMAN_OBSERVATION,Coordinate uncertainty increased to 31431m to protect threatened taxon,,,https://www.inaturalist.org/observations/338250679,338250679,,Justin Knott,,,,,,,,,,,,,,,PRESENT,,,,,,,,,,,,,,,,,,,,,,,2026-02-10T11:12:28,11:12:28-04:00,41.0,41.0,2026.0,2.0,10.0,2026-02-10 11:12:28,,,,,,,,,,,SOUTH_AMERICA,,,,BR,Amazonas,,,,"Maués, BR-AM, BR",,,,,,,,-2.827835,-60.013204,31431.0,,,,,,,,,,,,,,,,,,,,,,,,,,,,,,,761313442.0,,,,JanVermeer,,2026-02-13T07:22:40,,,"but somewhat questionable, is very brownish. Looks also somewhat like *poeppigii*.",1369213,,,,,,,,"Lagothrix lagothricha cana (É.Geoffroy Saint-Hilaire, 1812)",,,,,,,,Animalia,Chordata,Mammalia,Primates,,Atelidae,,,,Lagothrix,Lagothrix,,,lagothricha,cana,,SUBSPECIES,,,,ACCEPTED,,,50c9509d-22c7-4a22-a47d-8c48425ef4a7,US,2026-09-11T05:22:28.549Z,,,,,,COORDINATE_ROUNDED;CONTINENT_DERIVED_FROM_COORDINATES;TAXON_ID_NOT_FOUND,,,StillImage,True,False,5786086,5786086,1,44,359,798,,3239607,,,,2436656,,5786085,Lagothrix lagothricha,"Lagothrix lagothricha cana (É.Geoffroy Saint-Hilaire, 1812)",Lagothrix lagothricha cana,,DWC_ARCHIVE,2026-09-11T05:22:28.549Z,2026-09-10T19:15:51.157Z,,True,,False,LATIN_AMERICA,NORTH_AMERICA,,BRA,Brazil,BRA.4_1,Amazonas,BRA.4.38_2,Manaus,,,,MANTER,sem problema relevante detectado
6159554686,,,,CC_BY_NC_4_0,2026-02-21T11:11:57Z,,https://www.inaturalist.org/observations/338085425,kezzaman,,,,,iNaturalist,Observations,iNaturalist research-grade observations,,HUMAN_OBSERVATION,Coordinate uncertainty increased to 31431m to protect threatened taxon,,,https://www.inaturalist.org/observations/338085425,338085425,,kezzaman,,,,,,,,,,,,,,,PRESENT,,,,,,,,,,,,,,,,,,,,,,,2026-02-10T10:53:30,10:53:30-04:00,41.0,41.0,2026.0,2.0,10.0,2026-02-10 10:53:30,,,,,,,,,,,SOUTH_AMERICA,,,,BR,Amazonas,,,,"Maués, BR-AM, BR",,,,,,,,-2.8803,-60.123935,31431.0,,,,,,,,,,,,,,,,,,,,,,,,,,,,,,,760346392.0,,,,kezzaman,,2026-02-10T15:58:21,,,,1369209,,,,,,,,"Lagothrix lagothricha (Humboldt, 1812)",,,,,,,,Animalia,Chordata,Mammalia,Primates,,Atelidae,,,,Lagothrix,Lagothrix,,,lagothricha,,,SPECIES,,,,ACCEPTED,,,50c9509d-22c7-4a22-a47d-8c48425ef4a7,US,2026-09-11T06:13:46.265Z,,,,,,COORDINATE_ROUNDED;CONTINENT_DERIVED_FROM_COORDINATES;TAXON_ID_NOT_FOUND,,,StillImage,True,False,5786085,5786085,1,44,359,798,,3239607,,,,2436656,,5786085,Lagothrix lagothricha,"Lagothrix lagothricha (Humboldt, 1812)",Lagothrix lagothricha,,DWC_ARCHIVE,2026-09-11T06:13:46.265Z,2026-09-10T19:15:51.157Z,,True,,False,LATIN_AMERICA,NORTH_AMERICA,,BRA,Brazil,BRA.4_1,Amazonas,BRA.4.38_2,Manaus,,,VU,MANTER,sem problema relevante detectado
6159549955,,,,CC_BY_NC_4_0,2026-05-21T04:02:40Z,,https://www.inaturalist.org/observations/338466982,wilmotsenaratne,,,,,iNaturalist,Observations,iNaturalist research-grade observations,,HUMAN_OBSERVATION,Coordinate uncertainty increased to 31428m to protect threatened taxon,,,https://www.inaturalist.org/observations/338466982,338466982,,wilmotsenaratne,,,,,,,,,,,,,,,PRESENT,,,,,,,,,,,,,,,,,,,,,,,2026-02-11T00:31,00:31:00-04:00,42.0,42.0,2026.0,2.0,11.0,2026/02/11 12:31 AM,,,,,,,,,,,SOUTH_AMERICA,,,,BR,Amazonas,,,,"Maués, BR-AM, BR",,,,,,,,-3.002224,-60.13222,31428.0,,,,,,,,,,,,,,,,,,,,,,,,,,,,,,,761749788.0,,,,JanVermeer,,2026-02-14T13:22:19,,,,1369213,,,,,,,,"Lagothrix lagothricha cana (É.Geoffroy Saint-Hilaire, 1812)",,,,,,,,Animalia,Chordata,Mammalia,Primates,,Atelidae,,,,Lagothrix,Lagothrix,,,lagothricha,cana,,SUBSPECIES,,,,ACCEPTED,,,50c9509d-22c7-4a22-a47d-8c48425ef4a7,US,2026-09-11T05:21:38.704Z,,,,,,COORDINATE_ROUNDED;CONTINENT_DERIVED_FROM_COORDINATES;TAXON_ID_NOT_FOUND,,,StillImage,True,False,5786086,5786086,1,44,359,798,,3239607,,,,2436656,,5786085,Lagothrix lagothricha,"Lagothrix lagothricha cana (É.Geoffroy Saint-Hilaire, 1812)",Lagothrix lagothricha cana,,DWC_ARCHIVE,2026-09-11T05:21:38.704Z,2026-09-10T19:15:51.157Z,,True,,False,LATIN_AMERICA,NORTH_AMERICA,,BRA,Brazil,BRA.4_1,Amazonas,BRA.4.38_2,Manaus,,,,MANTER,sem problema relevante detectado
6130463967,,,,CC_BY_4_0,2026-06-17T12:55:09Z,,https://www.inaturalist.org/observations/321883147,Sheelagh Halsey,,,,,iNaturalist,Observations,iNaturalist research-grade observations,,HUMAN_OBSERVATION,Coordinate uncertainty increased to 31218m to protect threatened taxon,,,https://www.inaturalist.org/observations/321883147,321883147,,Sheelagh Halsey,,,,,,,,,,,,,,,PRESENT,,,,,,,,,,,,,,,,,,,,,,,2025-10-07T10:13,10:13:00-04:00,280.0,280.0,2025.0,10.0,7.0,2025/10/07 10:13 AM,,,,,,,,,,,SOUTH_AMERICA,,,,BR,Mato Grosso,,,,"Mato Grosso, BR",,,,,,,,-9.915066,-58.239468,31218.0,,,,,,,,,,,,,,,,,,,,,,,,,,,,,,,754425120.0,,,,kc1rt4pn0sd3,,2026-01-25T18:29:21,,,@enricotosto96,1369213,,,,,,,,"Lagothrix lagothricha cana (É.Geoffroy Saint-Hilaire, 1812)",,,,,,,,Animalia,Chordata,Mammalia,Primates,,Atelidae,,,,Lagothrix,Lagothrix,,,lagothricha,cana,,SUBSPECIES,,,,ACCEPTED,,,50c9509d-22c7-4a22-a47d-8c48425ef4a7,US,2026-09-11T05:21:26.917Z,,,,,,COORDINATE_ROUNDED;CONTINENT_DERIVED_FROM_COORDINATES;TAXON_ID_NOT_FOUND,,,StillImage,True,False,5786086,5786086,1,44,359,798,,3239607,,,,2436656,,5786085,Lagothrix lagothricha,"Lagothrix lagothricha cana (É.Geoffroy Saint-Hilaire, 1812)",Lagothrix lagothricha cana,,DWC_ARCHIVE,2026-09-11T05:21:26.917Z,2026-09-10T19:15:51.157Z,,True,,False,LATIN_AMERICA,NORTH_AMERICA,,BRA,Brazil,BRA.12_1,Mato Grosso,BRA.12.37_2,Cotriguaçu,,,,MANTER_COM_RESSALVA,"dentro da Amazonia mas fora de AM/AC/RO/RR (estado=Mato Grosso) - fora da area de estudo, mantido apenas como contexto de fundo"
5995533689,,,,CC_BY_NC_4_0,,,https://data.biodiversitydata.nl/xeno-canto/observation/XC959854,Dante Buzzetti,,,,,,Wildlife sounds - Land mammals,,,HUMAN_OBSERVATION,,,"""{""""recordingDevice"""":""""Sony TCM-5.000 EV K7"""",""""microphone"""":""""Sennheiser K6 + ME-67""""}""",https://data.biodiversitydata.nl/xeno-canto/observation/XC959854,XC959854,,Dante Buzzetti,,,,,,,,,"territorial call, chorus",,,,,,PRESENT,field recording,,,,,,,,,,,,,,,,,,,,,,2008-03-11,09:20,71.0,71.0,2008.0,3.0,11.0,2008-03-11,,,,,,DCB 615-18; animal seen:yes; playback used:no,,,,,SOUTH_AMERICA,,,,BR,,,,"Rio Tapajós, Apuí, Amazonas",,116 m,,,,,,,-6.98,-58.36,,,,,,,,,,,,,,,,,,,,,,,,,,,,,,,,,,,,,,,,,,,,,,,,,,"Lagothrix lagothricha cana (É.Geoffroy Saint-Hilaire, 1812)",,,,,,,Animalia|PRIMATES|Atelidae,Animalia,Chordata,Mammalia,Primates,,Atelidae,,,,Lagothrix,Lagothrix,,,lagothricha,cana,,SUBSPECIES,,Common Woolly Monkey,ICZN,ACCEPTED,,,80f94317-a61f-477f-af06-037632ad6e3b,NL,2026-07-18T15:18:34.848Z,,,,,,CONTINENT_DERIVED_FROM_COORDINATES,,,,True,False,5786086,5786086,1,44,359,798,,3239607,,,,2436656,,5786085,Lagothrix lagothricha,"Lagothrix lagothricha cana (É.Geoffroy Saint-Hilaire, 1812)",Lagothrix lagothricha cana,,DWC_ARCHIVE,2026-07-18T15:18:34.848Z,2026-07-13T16:59:12.655Z,,True,,False,LATIN_AMERICA,EUROPE,,BRA,Brazil,BRA.4_1,Amazonas,BRA.4.41_2,Maués,,,,MANTER_COM_RESSALVA,incerteza de coordenada nao informada
5995532814,,,,CC_BY_NC_4_0,,,https://data.biodiversitydata.nl/xeno-canto/observation/XC959835,Dante Buzzetti,,,,,,Wildlife sounds - Land mammals,,,HUMAN_OBSERVATION,,,"""{""""recordingDevice"""":""""Sony TCM-5.000 EV K7"""",""""microphone"""":""""Sennheiser K6 + ME-67""""}""",https://data.biodiversitydata.nl/xeno-canto/observation/XC959835,XC959835,,Dante Buzzetti,,,,,,,,,alarm call,,,,,,PRESENT,field recording,,,,,,,,,,,,,,,,,,,,,,2006-09-15,11:00,258.0,258.0,2006.0,9.0,15.0,2006-09-15,,,,,,DCB 549-9A; animal seen:yes; playback used:no,,,,,SOUTH_AMERICA,,,,BR,,,,"Reserva Biológica do Jarú, Ji-Paraná, Rondônia",,250 m,,,,,,,-10.1904,-61.5721,,,,,,,,,,,,,,,,,,,,,,,,,,,,,,,,,,,,,,,,,,,,,,,,,,"Lagothrix lagothricha cana (É.Geoffroy Saint-Hilaire, 1812)",,,,,,,Animalia|PRIMATES|Atelidae,Animalia,Chordata,Mammalia,Primates,,Atelidae,,,,Lagothrix,Lagothrix,,,lagothricha,cana,,SUBSPECIES,,Common Woolly Monkey,ICZN,ACCEPTED,,,80f94317-a61f-477f-af06-037632ad6e3b,NL,2026-07-18T15:18:34.582Z,,,,,,CONTINENT_DERIVED_FROM_COORDINATES,,,,True,False,5786086,5786086,1,44,359,798,,3239607,,,,2436656,,5786085,Lagothrix lagothricha,"Lagothrix lagothricha cana (É.Geoffroy Saint-Hilaire, 1812)",Lagothrix lagothricha cana,,DWC_ARCHIVE,2026-07-18T15:18:34.582Z,2026-07-13T16:59:12.655Z,,True,,False,LATIN_AMERICA,EUROPE,,BRA,Brazil,BRA.22_1,Rondônia,BRA.22.24_2,Ji-Paraná,,,,MANTER_COM_RESSALVA,possivel duplicata (mesma coordenada/data/coletor) - conferir antes de modelar
5995532081,,,,CC_BY_NC_4_0,,,https://data.biodiversitydata.nl/xeno-canto/observation/XC959836,Dante Buzzetti,,,,,,Wildlife sounds - Land mammals,,,HUMAN_OBSERVATION,,,"""{""""recordingDevice"""":""""Sony TCM-5.000 EV K7"""",""""microphone"""":""""Sennheiser K6 + ME-67""""}""",https://data.biodiversitydata.nl/xeno-canto/observation/XC959836,XC959836,,Dante Buzzetti,,,,,,,,,call,,,,,,PRESENT,field recording,,,,,,,,,,,,,,,,,,,,,,2006-09-15,11:06,258.0,258.0,2006.0,9.0,15.0,2006-09-15,,,,,,DCB 549-9Ba; animal seen:yes; playback used:no,,,,,SOUTH_AMERICA,,,,BR,,,,"Reserva Biológica do Jarú, Ji-Paraná, Rondônia",,250 m,,,,,,,-10.1904,-61.5721,,,,,,,,,,,,,,,,,,,,,,,,,,,,,,,,,,,,,,,,,,,,,,,,,,"Lagothrix lagothricha cana (É.Geoffroy Saint-Hilaire, 1812)",,,,,,,Animalia|PRIMATES|Atelidae,Animalia,Chordata,Mammalia,Primates,,Atelidae,,,,Lagothrix,Lagothrix,,,lagothricha,cana,,SUBSPECIES,,Common Woolly Monkey,ICZN,ACCEPTED,,,80f94317-a61f-477f-af06-037632ad6e3b,NL,2026-07-18T15:18:34.276Z,,,,,,CONTINENT_DERIVED_FROM_COORDINATES,,,,True,False,5786086,5786086,1,44,359,798,,3239607,,,,2436656,,5786085,Lagothrix lagothricha,"Lagothrix lagothricha cana (É.Geoffroy Saint-Hilaire, 1812)",Lagothrix lagothricha cana,,DWC_ARCHIVE,2026-07-18T15:18:34.276Z,2026-07-13T16:59:12.655Z,,True,,False,LATIN_AMERICA,EUROPE,,BRA,Brazil,BRA.22_1,Rondônia,BRA.22.24_2,Ji-Paraná,,,,MANTER_COM_RESSALVA,possivel duplicata (mesma coordenada/data/coletor) - conferir antes de modelar
5886786675,,,,CC_BY_NC_4_0,,,,Universidade Federal de Espírito Santo,,,,,UFES,UFES-MAM,Coleção de Mamíferos da UFES,,PRESERVED_SPECIMEN,,,,BR:UFES:MAM:3155,UFES-MAM_3155,zoopark 1,Mattheus Torrezani,,,,,,,,,,,,,,,PRESENT,espécime inteiro (ETOH),,,,,,,neonato. Nascido em cativeiro,,,,,,,,,,,,,,,2016-05,,,,2016.0,5.0,,,,,,,,,,,,,SOUTH_AMERICA,,,,BR,Espírito Santo,Marechal Floriano,,"Zoo Park da Montanha, BR 262",,,,,,,,,-20.421944,-40.709722,,,,,,,,,,,,,,,,,,,,,,,,,,,,,,,,,,,,,,,,,,,,,,,,,,"Lagothrix lagothricha (Humboldt, 1812)",,,,,,,,Animalia,Chordata,Mammalia,Primates,,Atelidae,,,,Lagothrix,Lagothrix,,,lagothricha,,,SPECIES,,,,ACCEPTED,,,c9c064e0-10bd-4100-b84e-c3c9cdd0bc44,BR,2026-09-02T05:54:31.529Z,,,,,,COORDINATE_ROUNDED;GEODETIC_DATUM_ASSUMED_WGS84;RECORDED_DATE_INVALID;INSTITUTION_MATCH_NONE;TAXON_MATCH_FUZZY,,,,True,False,5786085,5786085,1,44,359,798,,3239607,,,,2436656,,5786085,Lagothrix lagothricha,"Lagothrix lagothricha (Humboldt, 1812)",,,EML,2026-09-02T05:54:31.529Z,2026-08-27T19:01:20.836Z,,False,,False,LATIN_AMERICA,LATIN_AMERICA,,BRA,Brazil,BRA.8_1,Espírito Santo,BRA.8.46_2,Marechal Floriano,,,VU,EXCLUIR,cativeiro/zoologico/introduzido (establishmentMeans ou texto da localidade)
5862776795,,,,CC_BY_4_0,,,https://portal.boldsystems.org/record/GBAAZ28156-24,,,,,,"Mined from GenBank, NCBI",,,,MATERIAL_SAMPLE,,,,GBAAZ28156-24,IDSM03702,,,,,,,,,,,,,,,,,PRESENT,,,,,,,,,,,,,,,,,,,,,,,,,,,,,,,,,,,,,,,,,SOUTH_AMERICA,,,,BR,,,,,,,,,,,,,-6.9485,-69.7299,,,,,,,,,,,,,,,,,,,,,,,,,,,,,,,,,Lagothrix lagotricha,,,,,,,,,,,,,,,,,"Lagothrix lagothricha (Humboldt, 1812)",,,,,,,,Animalia,Chordata,Mammalia,Primates,,Atelidae,,,,Lagothrix,Lagothrix,,,lagothricha,,,SPECIES,,,,ACCEPTED,,,040c5662-da76-4782-a48e-cdea1892d14c,ZZ,2026-09-10T07:18:38.636Z,,,,,,GEODETIC_DATUM_ASSUMED_WGS84;CONTINENT_DERIVED_FROM_COORDINATES;INSTITUTION_MATCH_NONE;TAXON_MATCH_FUZZY,,,,True,False,5786085,5786085,1,44,359,798,,3239607,,,,2436656,,5786085,Lagothrix lagothricha,"Lagothrix lagothricha (Humboldt, 1812)",Lagothrix lagotricha,,DWC_ARCHIVE,2026-09-10T07:18:38.636Z,2026-09-10T06:43:19.612Z,,True,,True,LATIN_AMERICA,,,BRA,Brazil,BRA.4_1,Amazonas,BRA.4.22_2,Eirunepé,,,VU,MANTER_COM_RESSALVA,possivel duplicata (mesma coordenada/data/coletor) - conferir antes de modelar
5291827394,,,,CC_BY_NC_4_0,2025-08-10T23:22:06Z,,https://www.inaturalist.org/observations/302710445,Kenny Uéslei,,,,,iNaturalist,Observations,iNaturalist research-grade observations,,HUMAN_OBSERVATION,Coordinate uncertainty increased to 31310m to protect threatened taxon,,,https://www.inaturalist.org/observations/302710445,302710445,,Kenny Uéslei,,,,,,,,,,,,,,,PRESENT,,,,,,,,,,,,,,,,,,,,,,,2025-06-17T14:52:34,14:52:34-04:00,168.0,168.0,2025.0,6.0,17.0,2025-06-17 14:52:34-04:00,,,,,,,,,,,SOUTH_AMERICA,,,,BR,Amazonas,,,,"Apuí, BR-AM, BR",,,,,,,,-7.776399,-60.23274,31310.0,,,,,,,,,,,,,,,,,,,,,,,,,,,,,,,674354156.0,,,,Kenny Uéslei,,2025-07-31T20:53:05,,,,1369213,,,,,,,,"Lagothrix lagothricha cana (É.Geoffroy Saint-Hilaire, 1812)",,,,,,,,Animalia,Chordata,Mammalia,Primates,,Atelidae,,,,Lagothrix,Lagothrix,,,lagothricha,cana,,SUBSPECIES,,,,ACCEPTED,,,50c9509d-22c7-4a22-a47d-8c48425ef4a7,US,2026-09-11T05:34:35.446Z,,,,,,COORDINATE_ROUNDED;CONTINENT_DERIVED_FROM_COORDINATES;TAXON_ID_NOT_FOUND,,,StillImage,True,False,5786086,5786086,1,44,359,798,,3239607,,,,2436656,,5786085,Lagothrix lagothricha,"Lagothrix lagothricha cana (É.Geoffroy Saint-Hilaire, 1812)",Lagothrix lagothricha cana,,DWC_ARCHIVE,2026-09-11T05:34:35.446Z,2026-09-10T19:15:51.157Z,,True,,False,LATIN_AMERICA,NORTH_AMERICA,,BRA,Brazil,BRA.4_1,Amazonas,BRA.4.5_2,Apuí,,,,MANTER,sem problema relevante detectado
5281842223,,,,CC_BY_4_0,2026-05-05T18:55:03Z,,https://www.inaturalist.org/observations/287375556,Paulo Mascaretti,,,,,iNaturalist,Observations,iNaturalist research-grade observations,,HUMAN_OBSERVATION,Coordinate uncertainty increased to 31317m to protect threatened taxon,,,https://www.inaturalist.org/observations/287375556,287375556,,Paulo Mascaretti,,,,,,,,,,,,,,,PRESENT,,,,,,,,,,,,,,,,,,,,,,,2025-04-11T10:03,10:03:00-05:00,101.0,101.0,2025.0,4.0,11.0,2025-04-11 10:03:00,,,,,,,,,,,SOUTH_AMERICA,,,,BR,Acre,,,,"Mâncio Lima, BR-AC, BR",,,,,,,,-7.570358,-73.639345,31317.0,,,,,,,,,,,,,,,,,,,,,,,,,,,,,,,644594083.0,,,,Paulo Mascaretti,,2025-06-06T19:03:26,,,,1369212,,,,,,,,"Lagothrix lagothricha poeppigii Schinz, 1844",,,,,,,,Animalia,Chordata,Mammalia,Primates,,Atelidae,,,,Lagothrix,Lagothrix,,,lagothricha,poeppigii,,SUBSPECIES,,,,ACCEPTED,,,50c9509d-22c7-4a22-a47d-8c48425ef4a7,US,2026-09-11T05:34:29.462Z,,,,,,COORDINATE_ROUNDED;CONTINENT_DERIVED_FROM_COORDINATES;TAXON_ID_NOT_FOUND,,,StillImage,True,False,5786087,5786087,1,44,359,798,,3239607,,,,2436656,,5786085,Lagothrix lagothricha,"Lagothrix lagothricha poeppigii Schinz, 1844",Lagothrix lagothricha poeppigii,,DWC_ARCHIVE,2026-09-11T05:34:29.462Z,2026-09-10T19:15:51.157Z,,True,,False,LATIN_AMERICA,NORTH_AMERICA,https://www.inaturalist.org/projects/inaturalistbr,BRA,Brazil,BRA.1_1,Acre,BRA.1.10_2,Mâncio Lima,,,,MANTER,sem problema relevante detectado
5216717492,,,,CC_BY_NC_4_0,2026-06-23T17:50:12Z,,https://www.inaturalist.org/observations/294862699,giuliaaoliveira,,,,,iNaturalist,Observations,iNaturalist research-grade observations,,HUMAN_OBSERVATION,Coordinate uncertainty increased to 31362m to protect threatened taxon,,,https://www.inaturalist.org/observations/294862699,294862699,,giuliaaoliveira,,,,,,,,,,,,,,,PRESENT,,,,,,,,,,,,,,,,,,,,,,,2025-07-02T09:48,09:48:00-03:00,183.0,183.0,2025.0,7.0,2.0,2025-07-02 09:48:00-03:00,,,,,,,,,,,SOUTH_AMERICA,,,,BR,Pará,,,,"Pará, BR",,,,,,,,-6.012374,-49.888325,31362.0,,,,,,,,,,,,,,,,,,,,,,,,,,,,,,,658976047.0,,,,JanVermeer,,2025-07-03T15:38:58,,,,1369213,,,,,,,,"Lagothrix lagothricha cana (É.Geoffroy Saint-Hilaire, 1812)",,,,,,,,Animalia,Chordata,Mammalia,Primates,,Atelidae,,,,Lagothrix,Lagothrix,,,lagothricha,cana,,SUBSPECIES,,,,ACCEPTED,,,50c9509d-22c7-4a22-a47d-8c48425ef4a7,US,2026-09-11T05:56:54.131Z,,,,,,COORDINATE_ROUNDED;CONTINENT_DERIVED_FROM_COORDINATES;TAXON_ID_NOT_FOUND,,,StillImage,True,False,5786086,5786086,1,44,359,798,,3239607,,,,2436656,,5786085,Lagothrix lagothricha,"Lagothrix lagothricha cana (É.Geoffroy Saint-Hilaire, 1812)",Lagothrix lagothricha cana,,DWC_ARCHIVE,2026-09-11T05:56:54.131Z,2026-09-10T19:15:51.157Z,,True,,False,LATIN_AMERICA,NORTH_AMERICA,,BRA,Brazil,BRA.14_1,Pará,BRA.14.90_2,Parauapebas,,,,MANTER_COM_RESSALVA,"dentro da Amazonia mas fora de AM/AC/RO/RR (estado=Pará) - fora da area de estudo, mantido apenas como contexto de fundo"
5206221565,,,,CC_BY_NC_4_0,2026-01-26T15:05:41Z,,https://www.inaturalist.org/observations/286671995,pfaucher,,,,,iNaturalist,Observations,iNaturalist research-grade observations,,HUMAN_OBSERVATION,Coordinate uncertainty increased to 31279m to protect threatened taxon,,,https://www.inaturalist.org/observations/286671995,286671995,,pfaucher,,,,,,,,,,,,,,,PRESENT,,,,,,,,101_5953.JPG,,,,,,,,,,,,,,,2025-06-03T17:42,17:42:00-04:00,154.0,154.0,2025.0,6.0,3.0,2025/06/03 5:42 PM,,,,,,,,,,,SOUTH_AMERICA,,,,BR,Amazonas,,,,"Novo Aripuanã, BR-AM, BR",,,,,,,,-8.565914,-60.954188,31279.0,,,,,,,,,,,,,,,,,,,,,,,,,,,,,,,654640091.0,,,,JanVermeer,,2025-06-25T15:46:49,,,,1369213,,,,,,,,"Lagothrix lagothricha cana (É.Geoffroy Saint-Hilaire, 1812)",,,,,,,,Animalia,Chordata,Mammalia,Primates,,Atelidae,,,,Lagothrix,Lagothrix,,,lagothricha,cana,,SUBSPECIES,,,,ACCEPTED,,,50c9509d-22c7-4a22-a47d-8c48425ef4a7,US,2026-09-11T05:19:18.785Z,,,,,,COORDINATE_ROUNDED;CONTINENT_DERIVED_FROM_COORDINATES;TAXON_ID_NOT_FOUND,,,StillImage,True,False,5786086,5786086,1,44,359,798,,3239607,,,,2436656,,5786085,Lagothrix lagothricha,"Lagothrix lagothricha cana (É.Geoffroy Saint-Hilaire, 1812)",Lagothrix lagothricha cana,,DWC_ARCHIVE,2026-09-11T05:19:18.785Z,2026-09-10T19:15:51.157Z,,True,,False,LATIN_AMERICA,NORTH_AMERICA,,BRA,Brazil,BRA.4_1,Amazonas,BRA.4.45_2,Novo Aripuanã,,,,MANTER,sem problema relevante detectado
5187731098,,,,CC_BY_NC_4_0,2025-06-25T15:37:09Z,,https://www.inaturalist.org/observations/287624933,pfaucher,,,,,iNaturalist,Observations,iNaturalist research-grade observations,,HUMAN_OBSERVATION,Coordinate uncertainty increased to 31279m to protect threatened taxon,,,https://www.inaturalist.org/observations/287624933,287624933,,pfaucher,,,,,,,,,,,,,,,PRESENT,,,,,,,,101_7776-Edit.tif,,,,,,,,,,,,,,,2025-06-06T16:01,16:01:00-04:00,157.0,157.0,2025.0,6.0,6.0,2025/06/06 4:01 PM,,,,,,,,,,,SOUTH_AMERICA,,,,BR,Amazonas,,,,"Amazonas, BR",,,,,,,,-8.552162,-60.835627,31279.0,,,,,,,,,,,,,,,,,,,,,,,,,,,,,,,646180243.0,,,,pfaucher,,2025-06-09T15:53:00,,,This subspecies based on range.,1369213,,,,,,,,"Lagothrix lagothricha cana (É.Geoffroy Saint-Hilaire, 1812)",,,,,,,,Animalia,Chordata,Mammalia,Primates,,Atelidae,,,,Lagothrix,Lagothrix,,,lagothricha,cana,,SUBSPECIES,,,,ACCEPTED,,,50c9509d-22c7-4a22-a47d-8c48425ef4a7,US,2026-09-11T05:46:38.691Z,,,,,,COORDINATE_ROUNDED;CONTINENT_DERIVED_FROM_COORDINATES;TAXON_ID_NOT_FOUND,,,StillImage,True,False,5786086,5786086,1,44,359,798,,3239607,,,,2436656,,5786085,Lagothrix lagothricha,"Lagothrix lagothricha cana (É.Geoffroy Saint-Hilaire, 1812)",Lagothrix lagothricha cana,,DWC_ARCHIVE,2026-09-11T05:46:38.691Z,2026-09-10T19:15:51.157Z,,True,,False,LATIN_AMERICA,NORTH_AMERICA,,BRA,Brazil,BRA.4_1,Amazonas,BRA.4.45_2,Novo Aripuanã,,,,MANTER,sem problema relevante detectado
5153455154,,,,CC_BY_NC_4_0,2025-05-02T22:39:30Z,,https://www.inaturalist.org/observations/277556990,Victor Fávaro Augusto,,,,,iNaturalist,Observations,iNaturalist research-grade observations,,HUMAN_OBSERVATION,Coordinate uncertainty increased to 31208m to protect threatened taxon,,,https://www.inaturalist.org/observations/277556990,277556990,,Victor Fávaro Augusto,,,,,,,,,,,,,,,PRESENT,,,,,,,,,,,,,,,,,,,,,,,2021-10-13T16:19,16:19:00-04:00,286.0,286.0,2021.0,10.0,13.0,2021/10/13 4:19 PM,,,,,,,,,,,SOUTH_AMERICA,,,,BR,Mato Grosso,,,,"Aripuanã, BR-MT, BR",,,,,,,,-10.04424,-59.59614,31208.0,,,,,,,,,,,,,,,,,,,,,,,,,,,,,,,625079908.0,,,,JanVermeer,,2025-05-02T13:33:24,,,,1369213,,,,,,,,"Lagothrix lagothricha cana (É.Geoffroy Saint-Hilaire, 1812)",,,,,,,,Animalia,Chordata,Mammalia,Primates,,Atelidae,,,,Lagothrix,Lagothrix,,,lagothricha,cana,,SUBSPECIES,,,,ACCEPTED,,,50c9509d-22c7-4a22-a47d-8c48425ef4a7,US,2026-09-11T05:33:33.086Z,,,,,,COORDINATE_ROUNDED;CONTINENT_DERIVED_FROM_COORDINATES;TAXON_ID_NOT_FOUND,,,StillImage,True,False,5786086,5786086,1,44,359,798,,3239607,,,,2436656,,5786085,Lagothrix lagothricha,"Lagothrix lagothricha cana (É.Geoffroy Saint-Hilaire, 1812)",Lagothrix lagothricha cana,,DWC_ARCHIVE,2026-09-11T05:33:33.086Z,2026-09-10T19:15:51.157Z,,True,,False,LATIN_AMERICA,NORTH_AMERICA,,BRA,Brazil,BRA.12_1,Mato Grosso,BRA.12.14_2,Aripuanã,,,,MANTER_COM_RESSALVA,"dentro da Amazonia mas fora de AM/AC/RO/RR (estado=Mato Grosso) - fora da area de estudo, mantido apenas como contexto de fundo"
5147337364,http://mvz.berkeley.edu/mvzdata_terms,,en,CC0_1_0,2025-10-08T22:10:00.014Z,,,,PhysicalObject,MVZ,https://arctos.database.museum/collection/MVZ:Mamm,,MVZ,Mammalogy,,,PRESERVED_SPECIMEN,,,"""[{""""attribute_date"""": null, """"attribute_type"""": """"sex"""", """"attribute_units"""": null, """"attribute_value"""": """"female"""", """"attribute_method"""": null, """"attribute_remark"""": null, """"attribute_determiner"""": {""""agentID"""": """"https://arctos.database.museum/agent/10014238"""", """"agent_name"""": """"Museum of Vertebrate Zoology""""}}]""",https://arctos.database.museum/guid/MVZ:Mamm:193681,MVZ:Mamm:193681,James L. Patton 15943,Collector(s): James L. Patton,,,,,Female,,,,,,,,,,PRESENT,tissue (ethanol 95%),,,,,,James L. Patton collector number 15943;Museu Paraense Emílio Goeldi identifier MPEG-23210,,,,,,"""[{""""made_date"""": """"2001-03-23"""", """"taxa_formula"""": """"A"""", """"taxon_concept"""": null, """"scientific_name"""": """"Lagothrix lagotricha"""", """"identificationID"""": """"https://arctos.database.museum/guid/MVZ:Mamm:193681/IID10707493"""", """"sensu_publication"""": null, """"identification_taxa"""": [{""""taxon"""": {""""ftn"""": """"Animalia, Chordata, Mammalia, Primates, Anthropoidea, Cebidae, Atelinae, Lagothrix, Lagothrix lagotricha"""", """"name"""": """"Lagothrix lagotricha"""", """"ctrms"""": [{""""psn"""": 1, """"typ"""": """"kingdom"""", """"term"""": """"Animalia""""}, {""""psn"""": 2, """"typ"""": """"phylum"""", """"term"""": """"Chordata""""}, {""""psn"""": 3, """"typ"""": """"class"""", """"term"""": """"Mammalia""""}, {""""psn"""": 4, """"typ"""": """"order"""", """"term"""": """"Primates""""}, {""""psn"""": 5, """"typ"""": """"suborder"""", """"term"""": """"Anthropoidea""""}, {""""psn"""": 6, """"typ"""": """"family"""", """"term"""": """"Cebidae""""}, {""""psn"""": 7, """"typ"""": """"subfamily"""", """"term"""": """"Atelinae""""}, {""""psn"""": 8, """"typ"""": """"genus"""", """"term"""": """"Lagothrix""""}, {""""psn"""": 9, """"typ"""": """"species"""", """"term"""": """"Lagothrix lagotricha""""}], """"nctrms"""": [{""""typ"""": """"author_text"""", """"term"""": """"(Humboldt, 1812)""""}, {""""typ"""": """"display_name"""", """"term"""": """"<i>Lagothrix lagotricha</i> (Humboldt, 1812)""""}, {""""typ"""": """"nomenclatural_code"""", """"term"""": """"ICZN""""}, {""""typ"""": """"scientific_name"""", """"term"""": """"Lagothrix lagotricha""""}, {""""typ"""": """"source_authority"""", """"term"""": """"ITIS""""}, {""""typ"""": """"taxon_status"""", """"term"""": """"valid""""}], """"source"""": """"Arctos"""", """"classification_id"""": """"https://arctos.database.museum/name/Lagothrix lagotricha#Arctos""""}, """"taxon_id"""": """"https://arctos.database.museum/name/Lagothrix lagotricha"""", """"variable"""": """"A""""}], """"identification_order"""": 1, """"identification_agents"""": [{""""agentID"""": """"https://arctos.database.museum/agent/10009180"""", """"agent_name"""": """"James L. Patton""""}], """"identification_remarks"""": """"Former nature_of_id: field."""", """"identification_attributes"""": [{""""attribute_date"""": null, """"attribute_type"""": """"nature of identification"""", """"attribute_units"""": null, """"attribute_value"""": """"features"""", """"attribute_method"""": null, """"attribute_remark"""": null, """"attribute_determiner"""": null}]}]""",,,,,,,,,,1991-11-08,1991-11-08,312.0,312.0,1991.0,11.0,8.0,08 Nov 1991,,,,,,,,,,"Brazil, Amazonas",SOUTH_AMERICA,,,,BR,Amazonas,,,"Altamira, right bank Rio Juruá","Altamira, right bank Rio Juruá",,,,,,James L. Patton,,-6.583333,-68.9,500.0,,,deg. min. sec.,,,,,James L. Patton,1999-01-27 00:00:00,not recorded,"RadamBrasil 1:250,000 Folha Rio Xerup, SB.19-Z-A, 1978",,,,,,,,,,,,,,,,,,,,,,,,James L. Patton,,2001-03-23T00:00:00,,,Former nature_of_id: field.,,,,,,,,,"Lagothrix lagothricha (Humboldt, 1812)",,,,,,,"Animalia, Chordata, Mammalia, Primates, Anthropoidea, Cebidae, Atelinae, Lagothrix, Lagothrix lagotricha",Animalia,Chordata,Mammalia,Primates,,Atelidae,,,,Lagothrix,Lagothrix,,,lagothricha,,,SPECIES,,,,ACCEPTED,,,0daed095-478a-4af6-abf5-18acb790fbb2,US,2026-09-01T18:35:08.536Z,,,,,,COORDINATE_ROUNDED;CONTINENT_DERIVED_FROM_COORDINATES;INSTITUTION_MATCH_FUZZY;INSTITUTION_COLLECTION_MISMATCH;TAXON_MATCH_FUZZY,,,,True,False,5786085,5786085,1,44,359,798,,3239607,,,,2436656,,5786085,Lagothrix lagothricha,"Lagothrix lagothricha (Humboldt, 1812)",Lagothrix lagotricha,,EML,2026-09-01T18:35:08.536Z,2026-08-28T00:34:42.028Z,,True,,False,LATIN_AMERICA,NORTH_AMERICA,,BRA,Brazil,BRA.4_1,Amazonas,BRA.4.30_2,Itamarati,,,VU,MANTER_COM_RESSALVA,possivel duplicata (mesma coordenada/data/coletor) - conferir antes de modelar
5147337363,http://mvz.berkeley.edu/mvzdata_terms,,en,CC0_1_0,2025-10-08T22:10:00.014Z,,,,PhysicalObject,MVZ,https://arctos.database.museum/collection/MVZ:Mamm,,MVZ,Mammalogy,,,PRESERVED_SPECIMEN,,,"""[{""""attribute_date"""": null, """"attribute_type"""": """"sex"""", """"attribute_units"""": null, """"attribute_value"""": """"male"""", """"attribute_method"""": null, """"attribute_remark"""": null, """"attribute_determiner"""": {""""agentID"""": """"https://arctos.database.museum/agent/10014238"""", """"agent_name"""": """"Museum of Vertebrate Zoology""""}}]""",https://arctos.database.museum/guid/MVZ:Mamm:193678,MVZ:Mamm:193678,James L. Patton 15940,Collector(s): James L. Patton,,,,,Male,,,,,,,,,,PRESENT,tissue (ethanol 95%),,,,,,James L. Patton collector number 15940;Museu Paraense Emílio Goeldi identifier MPEG-23207,,,,,,"""[{""""made_date"""": """"2001-03-23"""", """"taxa_formula"""": """"A"""", """"taxon_concept"""": null, """"scientific_name"""": """"Lagothrix lagotricha"""", """"identificationID"""": """"https://arctos.database.museum/guid/MVZ:Mamm:193678/IID10707490"""", """"sensu_publication"""": null, """"identification_taxa"""": [{""""taxon"""": {""""ftn"""": """"Animalia, Chordata, Mammalia, Primates, Anthropoidea, Cebidae, Atelinae, Lagothrix, Lagothrix lagotricha"""", """"name"""": """"Lagothrix lagotricha"""", """"ctrms"""": [{""""psn"""": 1, """"typ"""": """"kingdom"""", """"term"""": """"Animalia""""}, {""""psn"""": 2, """"typ"""": """"phylum"""", """"term"""": """"Chordata""""}, {""""psn"""": 3, """"typ"""": """"class"""", """"term"""": """"Mammalia""""}, {""""psn"""": 4, """"typ"""": """"order"""", """"term"""": """"Primates""""}, {""""psn"""": 5, """"typ"""": """"suborder"""", """"term"""": """"Anthropoidea""""}, {""""psn"""": 6, """"typ"""": """"family"""", """"term"""": """"Cebidae""""}, {""""psn"""": 7, """"typ"""": """"subfamily"""", """"term"""": """"Atelinae""""}, {""""psn"""": 8, """"typ"""": """"genus"""", """"term"""": """"Lagothrix""""}, {""""psn"""": 9, """"typ"""": """"species"""", """"term"""": """"Lagothrix lagotricha""""}], """"nctrms"""": [{""""typ"""": """"author_text"""", """"term"""": """"(Humboldt, 1812)""""}, {""""typ"""": """"display_name"""", """"term"""": """"<i>Lagothrix lagotricha</i> (Humboldt, 1812)""""}, {""""typ"""": """"nomenclatural_code"""", """"term"""": """"ICZN""""}, {""""typ"""": """"scientific_name"""", """"term"""": """"Lagothrix lagotricha""""}, {""""typ"""": """"source_authority"""", """"term"""": """"ITIS""""}, {""""typ"""": """"taxon_status"""", """"term"""": """"valid""""}], """"source"""": """"Arctos"""", """"classification_id"""": """"https://arctos.database.museum/name/Lagothrix lagotricha#Arctos""""}, """"taxon_id"""": """"https://arctos.database.museum/name/Lagothrix lagotricha"""", """"variable"""": """"A""""}], """"identification_order"""": 1, """"identification_agents"""": [{""""agentID"""": """"https://arctos.database.museum/agent/10009180"""", """"agent_name"""": """"James L. Patton""""}], """"identification_remarks"""": """"Former nature_of_id: field."""", """"identification_attributes"""": [{""""attribute_date"""": null, """"attribute_type"""": """"nature of identification"""", """"attribute_units"""": null, """"attribute_value"""": """"features"""", """"attribute_method"""": null, """"attribute_remark"""": null, """"attribute_determiner"""": null}]}]""",,,,,,,,,,1991-11-08,1991-11-08,312.0,312.0,1991.0,11.0,8.0,08 Nov 1991,,,,,,,,,,"Brazil, Amazonas",SOUTH_AMERICA,,,,BR,Amazonas,,,"Altamira, right bank Rio Juruá","Altamira, right bank Rio Juruá",,,,,,James L. Patton,,-6.583333,-68.9,500.0,,,deg. min. sec.,,,,,James L. Patton,1999-01-27 00:00:00,not recorded,"RadamBrasil 1:250,000 Folha Rio Xerup, SB.19-Z-A, 1978",,,,,,,,,,,,,,,,,,,,,,,,James L. Patton,,2001-03-23T00:00:00,,,Former nature_of_id: field.,,,,,,,,,"Lagothrix lagothricha (Humboldt, 1812)",,,,,,,"Animalia, Chordata, Mammalia, Primates, Anthropoidea, Cebidae, Atelinae, Lagothrix, Lagothrix lagotricha",Animalia,Chordata,Mammalia,Primates,,Atelidae,,,,Lagothrix,Lagothrix,,,lagothricha,,,SPECIES,,,,ACCEPTED,,,0daed095-478a-4af6-abf5-18acb790fbb2,US,2026-09-01T18:35:11.027Z,,,,,,COORDINATE_ROUNDED;CONTINENT_DERIVED_FROM_COORDINATES;INSTITUTION_MATCH_FUZZY;INSTITUTION_COLLECTION_MISMATCH;TAXON_MATCH_FUZZY,,,,True,False,5786085,5786085,1,44,359,798,,3239607,,,,2436656,,5786085,Lagothrix lagothricha,"Lagothrix lagothricha (Humboldt, 1812)",Lagothrix lagotricha,,EML,2026-09-01T18:35:11.027Z,2026-08-28T00:34:42.028Z,,True,,False,LATIN_AMERICA,NORTH_AMERICA,,BRA,Brazil,BRA.4_1,Amazonas,BRA.4.30_2,Itamarati,,,VU,MANTER_COM_RESSALVA,possivel duplicata (mesma coordenada/data/coletor) - conferir antes de modelar
5147214364,http://mvz.berkeley.edu/mvzdata_terms,,en,CC0_1_0,2025-10-08T22:10:00.014Z,,,,PhysicalObject,MVZ,https://arctos.database.museum/collection/MVZ:Mamm,,MVZ,Mammalogy,,,PRESERVED_SPECIMEN,,,"""[{""""attribute_date"""": null, """"attribute_type"""": """"sex"""", """"attribute_units"""": null, """"attribute_value"""": """"male"""", """"attribute_method"""": null, """"attribute_remark"""": null, """"attribute_determiner"""": {""""agentID"""": """"https://arctos.database.museum/agent/10014238"""", """"agent_name"""": """"Museum of Vertebrate Zoology""""}}]""",https://arctos.database.museum/guid/MVZ:Mamm:193680,MVZ:Mamm:193680,James L. Patton 15942,Collector(s): James L. Patton,,,,,Male,,,,,,,,,,PRESENT,tissue (ethanol 95%),,,,,,James L. Patton collector number 15942;Museu Paraense Emílio Goeldi identifier MPEG-23209,,,,,,"""[{""""made_date"""": """"2001-03-23"""", """"taxa_formula"""": """"A"""", """"taxon_concept"""": null, """"scientific_name"""": """"Lagothrix lagotricha"""", """"identificationID"""": """"https://arctos.database.museum/guid/MVZ:Mamm:193680/IID10707492"""", """"sensu_publication"""": null, """"identification_taxa"""": [{""""taxon"""": {""""ftn"""": """"Animalia, Chordata, Mammalia, Primates, Anthropoidea, Cebidae, Atelinae, Lagothrix, Lagothrix lagotricha"""", """"name"""": """"Lagothrix lagotricha"""", """"ctrms"""": [{""""psn"""": 1, """"typ"""": """"kingdom"""", """"term"""": """"Animalia""""}, {""""psn"""": 2, """"typ"""": """"phylum"""", """"term"""": """"Chordata""""}, {""""psn"""": 3, """"typ"""": """"class"""", """"term"""": """"Mammalia""""}, {""""psn"""": 4, """"typ"""": """"order"""", """"term"""": """"Primates""""}, {""""psn"""": 5, """"typ"""": """"suborder"""", """"term"""": """"Anthropoidea""""}, {""""psn"""": 6, """"typ"""": """"family"""", """"term"""": """"Cebidae""""}, {""""psn"""": 7, """"typ"""": """"subfamily"""", """"term"""": """"Atelinae""""}, {""""psn"""": 8, """"typ"""": """"genus"""", """"term"""": """"Lagothrix""""}, {""""psn"""": 9, """"typ"""": """"species"""", """"term"""": """"Lagothrix lagotricha""""}], """"nctrms"""": [{""""typ"""": """"author_text"""", """"term"""": """"(Humboldt, 1812)""""}, {""""typ"""": """"display_name"""", """"term"""": """"<i>Lagothrix lagotricha</i> (Humboldt, 1812)""""}, {""""typ"""": """"nomenclatural_code"""", """"term"""": """"ICZN""""}, {""""typ"""": """"scientific_name"""", """"term"""": """"Lagothrix lagotricha""""}, {""""typ"""": """"source_authority"""", """"term"""": """"ITIS""""}, {""""typ"""": """"taxon_status"""", """"term"""": """"valid""""}], """"source"""": """"Arctos"""", """"classification_id"""": """"https://arctos.database.museum/name/Lagothrix lagotricha#Arctos""""}, """"taxon_id"""": """"https://arctos.database.museum/name/Lagothrix lagotricha"""", """"variable"""": """"A""""}], """"identification_order"""": 1, """"identification_agents"""": [{""""agentID"""": """"https://arctos.database.museum/agent/10009180"""", """"agent_name"""": """"James L. Patton""""}], """"identification_remarks"""": """"Former nature_of_id: field."""", """"identification_attributes"""": [{""""attribute_date"""": null, """"attribute_type"""": """"nature of identification"""", """"attribute_units"""": null, """"attribute_value"""": """"features"""", """"attribute_method"""": null, """"attribute_remark"""": null, """"attribute_determiner"""": null}]}]""",,,,,,,,,,1991-11-08,1991-11-08,312.0,312.0,1991.0,11.0,8.0,08 Nov 1991,,,,,,,,,,"Brazil, Amazonas",SOUTH_AMERICA,,,,BR,Amazonas,,,"Altamira, right bank Rio Juruá","Altamira, right bank Rio Juruá",,,,,,James L. Patton,,-6.583333,-68.9,500.0,,,deg. min. sec.,,,,,James L. Patton,1999-01-27 00:00:00,not recorded,"RadamBrasil 1:250,000 Folha Rio Xerup, SB.19-Z-A, 1978",,,,,,,,,,,,,,,,,,,,,,,,James L. Patton,,2001-03-23T00:00:00,,,Former nature_of_id: field.,,,,,,,,,"Lagothrix lagothricha (Humboldt, 1812)",,,,,,,"Animalia, Chordata, Mammalia, Primates, Anthropoidea, Cebidae, Atelinae, Lagothrix, Lagothrix lagotricha",Animalia,Chordata,Mammalia,Primates,,Atelidae,,,,Lagothrix,Lagothrix,,,lagothricha,,,SPECIES,,,,ACCEPTED,,,0daed095-478a-4af6-abf5-18acb790fbb2,US,2026-09-01T18:34:59.180Z,,,,,,COORDINATE_ROUNDED;CONTINENT_DERIVED_FROM_COORDINATES;INSTITUTION_MATCH_FUZZY;INSTITUTION_COLLECTION_MISMATCH;TAXON_MATCH_FUZZY,,,,True,False,5786085,5786085,1,44,359,798,,3239607,,,,2436656,,5786085,Lagothrix lagothricha,"Lagothrix lagothricha (Humboldt, 1812)",Lagothrix lagotricha,,EML,2026-09-01T18:34:59.180Z,2026-08-28T00:34:42.028Z,,True,,False,LATIN_AMERICA,NORTH_AMERICA,,BRA,Brazil,BRA.4_1,Amazonas,BRA.4.30_2,Itamarati,,,VU,MANTER_COM_RESSALVA,possivel duplicata (mesma coordenada/data/coletor) - conferir antes de modelar
5147214363,http://mvz.berkeley.edu/mvzdata_terms,,en,CC0_1_0,2025-10-07T06:28:00.013Z,,,,PhysicalObject,MVZ,https://arctos.database.museum/collection/MVZ:Mamm,,MVZ,Mammalogy,,,PRESERVED_SPECIMEN,,,"""[{""""attribute_date"""": null, """"attribute_type"""": """"sex"""", """"attribute_units"""": null, """"attribute_value"""": """"male"""", """"attribute_method"""": null, """"attribute_remark"""": null, """"attribute_determiner"""": {""""agentID"""": """"https://arctos.database.museum/agent/10014238"""", """"agent_name"""": """"Museum of Vertebrate Zoology""""}}]""",https://arctos.database.museum/guid/MVZ:Mamm:193677,MVZ:Mamm:193677,Maria Nazareth F. da Silva 24,Collector(s): Maria Nazareth F. da Silva,,,,,Male,,,,,,,,,,PRESENT,tissue (ethanol 95%),,,,,,Maria Nazareth F. da Silva collector number 24;Museu Paraense Emílio Goeldi identifier MPEG,,,,,,"""[{""""made_date"""": """"2001-03-23"""", """"taxa_formula"""": """"A"""", """"taxon_concept"""": null, """"scientific_name"""": """"Lagothrix lagotricha"""", """"identificationID"""": """"https://arctos.database.museum/guid/MVZ:Mamm:193677/IID10707489"""", """"sensu_publication"""": null, """"identification_taxa"""": [{""""taxon"""": {""""ftn"""": """"Animalia, Chordata, Mammalia, Primates, Anthropoidea, Cebidae, Atelinae, Lagothrix, Lagothrix lagotricha"""", """"name"""": """"Lagothrix lagotricha"""", """"ctrms"""": [{""""psn"""": 1, """"typ"""": """"kingdom"""", """"term"""": """"Animalia""""}, {""""psn"""": 2, """"typ"""": """"phylum"""", """"term"""": """"Chordata""""}, {""""psn"""": 3, """"typ"""": """"class"""", """"term"""": """"Mammalia""""}, {""""psn"""": 4, """"typ"""": """"order"""", """"term"""": """"Primates""""}, {""""psn"""": 5, """"typ"""": """"suborder"""", """"term"""": """"Anthropoidea""""}, {""""psn"""": 6, """"typ"""": """"family"""", """"term"""": """"Cebidae""""}, {""""psn"""": 7, """"typ"""": """"subfamily"""", """"term"""": """"Atelinae""""}, {""""psn"""": 8, """"typ"""": """"genus"""", """"term"""": """"Lagothrix""""}, {""""psn"""": 9, """"typ"""": """"species"""", """"term"""": """"Lagothrix lagotricha""""}], """"nctrms"""": [{""""typ"""": """"author_text"""", """"term"""": """"(Humboldt, 1812)""""}, {""""typ"""": """"display_name"""", """"term"""": """"<i>Lagothrix lagotricha</i> (Humboldt, 1812)""""}, {""""typ"""": """"nomenclatural_code"""", """"term"""": """"ICZN""""}, {""""typ"""": """"scientific_name"""", """"term"""": """"Lagothrix lagotricha""""}, {""""typ"""": """"source_authority"""", """"term"""": """"ITIS""""}, {""""typ"""": """"taxon_status"""", """"term"""": """"valid""""}], """"source"""": """"Arctos"""", """"classification_id"""": """"https://arctos.database.museum/name/Lagothrix lagotricha#Arctos""""}, """"taxon_id"""": """"https://arctos.database.museum/name/Lagothrix lagotricha"""", """"variable"""": """"A""""}], """"identification_order"""": 1, """"identification_agents"""": [{""""agentID"""": """"https://arctos.database.museum/agent/10009180"""", """"agent_name"""": """"James L. Patton""""}], """"identification_remarks"""": """"Former nature_of_id: field."""", """"identification_attributes"""": [{""""attribute_date"""": null, """"attribute_type"""": """"nature of identification"""", """"attribute_units"""": null, """"attribute_value"""": """"features"""", """"attribute_method"""": null, """"attribute_remark"""": null, """"attribute_determiner"""": null}]}]""",,,,,,,,,,1991-11-11,1991-11-11,315.0,315.0,1991.0,11.0,11.0,11 Nov 1991,,,,,,,,,,"Brazil, Amazonas",SOUTH_AMERICA,,,,BR,Amazonas,,,"Altamira, right bank Rio Juruá","Altamira, right bank Rio Juruá",,,,,,James L. Patton,,-6.583333,-68.9,500.0,,,deg. min. sec.,,,,,James L. Patton,1999-01-27 00:00:00,not recorded,"RadamBrasil 1:250,000 Folha Rio Xerup, SB.19-Z-A, 1978",,,,,,,,,,,,,,,,,,,,,,,,James L. Patton,,2001-03-23T00:00:00,,,Former nature_of_id: field.,,,,,,,,,"Lagothrix lagothricha (Humboldt, 1812)",,,,,,,"Animalia, Chordata, Mammalia, Primates, Anthropoidea, Cebidae, Atelinae, Lagothrix, Lagothrix lagotricha",Animalia,Chordata,Mammalia,Primates,,Atelidae,,,,Lagothrix,Lagothrix,,,lagothricha,,,SPECIES,,,,ACCEPTED,,,0daed095-478a-4af6-abf5-18acb790fbb2,US,2026-09-01T18:34:58.970Z,,,,,,COORDINATE_ROUNDED;CONTINENT_DERIVED_FROM_COORDINATES;INSTITUTION_MATCH_FUZZY;INSTITUTION_COLLECTION_MISMATCH;TAXON_MATCH_FUZZY,,,,True,False,5786085,5786085,1,44,359,798,,3239607,,,,2436656,,5786085,Lagothrix lagothricha,"Lagothrix lagothricha (Humboldt, 1812)",Lagothrix lagotricha,,EML,2026-09-01T18:34:58.970Z,2026-08-28T00:34:42.028Z,,True,,False,LATIN_AMERICA,NORTH_AMERICA,,BRA,Brazil,BRA.4_1,Amazonas,BRA.4.30_2,Itamarati,,,VU,MANTER,sem problema relevante detectado
5146977361,http://mvz.berkeley.edu/mvzdata_terms,,en,CC0_1_0,2025-10-08T22:10:00.014Z,,,,PhysicalObject,MVZ,https://arctos.database.museum/collection/MVZ:Mamm,,MVZ,Mammalogy,,,PRESERVED_SPECIMEN,,,"""[{""""attribute_date"""": null, """"attribute_type"""": """"sex"""", """"attribute_units"""": null, """"attribute_value"""": """"male"""", """"attribute_method"""": null, """"attribute_remark"""": null, """"attribute_determiner"""": {""""agentID"""": """"https://arctos.database.museum/agent/10014238"""", """"agent_name"""": """"Museum of Vertebrate Zoology""""}}]""",https://arctos.database.museum/guid/MVZ:Mamm:193682,MVZ:Mamm:193682,James L. Patton 15944,Collector(s): James L. Patton,,,,,Male,,,,,,,,,,PRESENT,tissue (ethanol 95%),,,,,,James L. Patton collector number 15944;Museu Paraense Emílio Goeldi identifier MPEG-23211,,,,,,"""[{""""made_date"""": """"2001-03-23"""", """"taxa_formula"""": """"A"""", """"taxon_concept"""": null, """"scientific_name"""": """"Lagothrix lagotricha"""", """"identificationID"""": """"https://arctos.database.museum/guid/MVZ:Mamm:193682/IID10707494"""", """"sensu_publication"""": null, """"identification_taxa"""": [{""""taxon"""": {""""ftn"""": """"Animalia, Chordata, Mammalia, Primates, Anthropoidea, Cebidae, Atelinae, Lagothrix, Lagothrix lagotricha"""", """"name"""": """"Lagothrix lagotricha"""", """"ctrms"""": [{""""psn"""": 1, """"typ"""": """"kingdom"""", """"term"""": """"Animalia""""}, {""""psn"""": 2, """"typ"""": """"phylum"""", """"term"""": """"Chordata""""}, {""""psn"""": 3, """"typ"""": """"class"""", """"term"""": """"Mammalia""""}, {""""psn"""": 4, """"typ"""": """"order"""", """"term"""": """"Primates""""}, {""""psn"""": 5, """"typ"""": """"suborder"""", """"term"""": """"Anthropoidea""""}, {""""psn"""": 6, """"typ"""": """"family"""", """"term"""": """"Cebidae""""}, {""""psn"""": 7, """"typ"""": """"subfamily"""", """"term"""": """"Atelinae""""}, {""""psn"""": 8, """"typ"""": """"genus"""", """"term"""": """"Lagothrix""""}, {""""psn"""": 9, """"typ"""": """"species"""", """"term"""": """"Lagothrix lagotricha""""}], """"nctrms"""": [{""""typ"""": """"author_text"""", """"term"""": """"(Humboldt, 1812)""""}, {""""typ"""": """"display_name"""", """"term"""": """"<i>Lagothrix lagotricha</i> (Humboldt, 1812)""""}, {""""typ"""": """"nomenclatural_code"""", """"term"""": """"ICZN""""}, {""""typ"""": """"scientific_name"""", """"term"""": """"Lagothrix lagotricha""""}, {""""typ"""": """"source_authority"""", """"term"""": """"ITIS""""}, {""""typ"""": """"taxon_status"""", """"term"""": """"valid""""}], """"source"""": """"Arctos"""", """"classification_id"""": """"https://arctos.database.museum/name/Lagothrix lagotricha#Arctos""""}, """"taxon_id"""": """"https://arctos.database.museum/name/Lagothrix lagotricha"""", """"variable"""": """"A""""}], """"identification_order"""": 1, """"identification_agents"""": [{""""agentID"""": """"https://arctos.database.museum/agent/10009180"""", """"agent_name"""": """"James L. Patton""""}], """"identification_remarks"""": """"Former nature_of_id: field."""", """"identification_attributes"""": [{""""attribute_date"""": null, """"attribute_type"""": """"nature of identification"""", """"attribute_units"""": null, """"attribute_value"""": """"features"""", """"attribute_method"""": null, """"attribute_remark"""": null, """"attribute_determiner"""": null}]}]""",,,,,,,,,,1991-11-08,1991-11-08,312.0,312.0,1991.0,11.0,8.0,08 Nov 1991,,,,,,,,,,"Brazil, Amazonas",SOUTH_AMERICA,,,,BR,Amazonas,,,"Altamira, right bank Rio Juruá","Altamira, right bank Rio Juruá",,,,,,James L. Patton,,-6.583333,-68.9,500.0,,,deg. min. sec.,,,,,James L. Patton,1999-01-27 00:00:00,not recorded,"RadamBrasil 1:250,000 Folha Rio Xerup, SB.19-Z-A, 1978",,,,,,,,,,,,,,,,,,,,,,,,James L. Patton,,2001-03-23T00:00:00,,,Former nature_of_id: field.,,,,,,,,,"Lagothrix lagothricha (Humboldt, 1812)",,,,,,,"Animalia, Chordata, Mammalia, Primates, Anthropoidea, Cebidae, Atelinae, Lagothrix, Lagothrix lagotricha",Animalia,Chordata,Mammalia,Primates,,Atelidae,,,,Lagothrix,Lagothrix,,,lagothricha,,,SPECIES,,,,ACCEPTED,,,0daed095-478a-4af6-abf5-18acb790fbb2,US,2026-09-01T18:35:02.535Z,,,,,,COORDINATE_ROUNDED;CONTINENT_DERIVED_FROM_COORDINATES;INSTITUTION_MATCH_FUZZY;INSTITUTION_COLLECTION_MISMATCH;TAXON_MATCH_FUZZY,,,,True,False,5786085,5786085,1,44,359,798,,3239607,,,,2436656,,5786085,Lagothrix lagothricha,"Lagothrix lagothricha (Humboldt, 1812)",Lagothrix lagotricha,,EML,2026-09-01T18:35:02.535Z,2026-08-28T00:34:42.028Z,,True,,False,LATIN_AMERICA,NORTH_AMERICA,,BRA,Brazil,BRA.4_1,Amazonas,BRA.4.30_2,Itamarati,,,VU,MANTER_COM_RESSALVA,possivel duplicata (mesma coordenada/data/coletor) - conferir antes de modelar
5146977360,http://mvz.berkeley.edu/mvzdata_terms,,en,CC0_1_0,2025-10-08T22:10:00.014Z,,,,PhysicalObject,MVZ,https://arctos.database.museum/collection/MVZ:Mamm,,MVZ,Mammalogy,,,PRESERVED_SPECIMEN,,,"""[{""""attribute_date"""": null, """"attribute_type"""": """"sex"""", """"attribute_units"""": null, """"attribute_value"""": """"male"""", """"attribute_method"""": null, """"attribute_remark"""": null, """"attribute_determiner"""": {""""agentID"""": """"https://arctos.database.museum/agent/10014238"""", """"agent_name"""": """"Museum of Vertebrate Zoology""""}}]""",https://arctos.database.museum/guid/MVZ:Mamm:193679,MVZ:Mamm:193679,James L. Patton 15941,Collector(s): James L. Patton,,,,,Male,,,,,,,,,,PRESENT,tissue (ethanol 95%),,,,,,James L. Patton collector number 15941;Museu Paraense Emílio Goeldi identifier MPEG-23208,,,,,,"""[{""""made_date"""": """"2001-03-23"""", """"taxa_formula"""": """"A"""", """"taxon_concept"""": null, """"scientific_name"""": """"Lagothrix lagotricha"""", """"identificationID"""": """"https://arctos.database.museum/guid/MVZ:Mamm:193679/IID10707491"""", """"sensu_publication"""": null, """"identification_taxa"""": [{""""taxon"""": {""""ftn"""": """"Animalia, Chordata, Mammalia, Primates, Anthropoidea, Cebidae, Atelinae, Lagothrix, Lagothrix lagotricha"""", """"name"""": """"Lagothrix lagotricha"""", """"ctrms"""": [{""""psn"""": 1, """"typ"""": """"kingdom"""", """"term"""": """"Animalia""""}, {""""psn"""": 2, """"typ"""": """"phylum"""", """"term"""": """"Chordata""""}, {""""psn"""": 3, """"typ"""": """"class"""", """"term"""": """"Mammalia""""}, {""""psn"""": 4, """"typ"""": """"order"""", """"term"""": """"Primates""""}, {""""psn"""": 5, """"typ"""": """"suborder"""", """"term"""": """"Anthropoidea""""}, {""""psn"""": 6, """"typ"""": """"family"""", """"term"""": """"Cebidae""""}, {""""psn"""": 7, """"typ"""": """"subfamily"""", """"term"""": """"Atelinae""""}, {""""psn"""": 8, """"typ"""": """"genus"""", """"term"""": """"Lagothrix""""}, {""""psn"""": 9, """"typ"""": """"species"""", """"term"""": """"Lagothrix lagotricha""""}], """"nctrms"""": [{""""typ"""": """"author_text"""", """"term"""": """"(Humboldt, 1812)""""}, {""""typ"""": """"display_name"""", """"term"""": """"<i>Lagothrix lagotricha</i> (Humboldt, 1812)""""}, {""""typ"""": """"nomenclatural_code"""", """"term"""": """"ICZN""""}, {""""typ"""": """"scientific_name"""", """"term"""": """"Lagothrix lagotricha""""}, {""""typ"""": """"source_authority"""", """"term"""": """"ITIS""""}, {""""typ"""": """"taxon_status"""", """"term"""": """"valid""""}], """"source"""": """"Arctos"""", """"classification_id"""": """"https://arctos.database.museum/name/Lagothrix lagotricha#Arctos""""}, """"taxon_id"""": """"https://arctos.database.museum/name/Lagothrix lagotricha"""", """"variable"""": """"A""""}], """"identification_order"""": 1, """"identification_agents"""": [{""""agentID"""": """"https://arctos.database.museum/agent/10009180"""", """"agent_name"""": """"James L. Patton""""}], """"identification_remarks"""": """"Former nature_of_id: field."""", """"identification_attributes"""": [{""""attribute_date"""": null, """"attribute_type"""": """"nature of identification"""", """"attribute_units"""": null, """"attribute_value"""": """"features"""", """"attribute_method"""": null, """"attribute_remark"""": null, """"attribute_determiner"""": null}]}]""",,,,,,,,,,1991-11-08,1991-11-08,312.0,312.0,1991.0,11.0,8.0,08 Nov 1991,,,,,,,,,,"Brazil, Amazonas",SOUTH_AMERICA,,,,BR,Amazonas,,,"Altamira, right bank Rio Juruá","Altamira, right bank Rio Juruá",,,,,,James L. Patton,,-6.583333,-68.9,500.0,,,deg. min. sec.,,,,,James L. Patton,1999-01-27 00:00:00,not recorded,"RadamBrasil 1:250,000 Folha Rio Xerup, SB.19-Z-A, 1978",,,,,,,,,,,,,,,,,,,,,,,,James L. Patton,,2001-03-23T00:00:00,,,Former nature_of_id: field.,,,,,,,,,"Lagothrix lagothricha (Humboldt, 1812)",,,,,,,"Animalia, Chordata, Mammalia, Primates, Anthropoidea, Cebidae, Atelinae, Lagothrix, Lagothrix lagotricha",Animalia,Chordata,Mammalia,Primates,,Atelidae,,,,Lagothrix,Lagothrix,,,lagothricha,,,SPECIES,,,,ACCEPTED,,,0daed095-478a-4af6-abf5-18acb790fbb2,US,2026-09-01T18:34:56.073Z,,,,,,COORDINATE_ROUNDED;CONTINENT_DERIVED_FROM_COORDINATES;INSTITUTION_MATCH_FUZZY;INSTITUTION_COLLECTION_MISMATCH;TAXON_MATCH_FUZZY,,,,True,False,5786085,5786085,1,44,359,798,,3239607,,,,2436656,,5786085,Lagothrix lagothricha,"Lagothrix lagothricha (Humboldt, 1812)",Lagothrix lagotricha,,EML,2026-09-01T18:34:56.073Z,2026-08-28T00:34:42.028Z,,True,,False,LATIN_AMERICA,NORTH_AMERICA,,BRA,Brazil,BRA.4_1,Amazonas,BRA.4.30_2,Itamarati,,,VU,MANTER_COM_RESSALVA,possivel duplicata (mesma coordenada/data/coletor) - conferir antes de modelar
5104343302,,,,CC_BY_NC_4_0,2025-06-16T21:34:58Z,,https://www.inaturalist.org/observations/264207138,Glauko Corrêa || Proaves Rondoni,,,,,iNaturalist,Observations,iNaturalist research-grade observations,,HUMAN_OBSERVATION,Coordinate uncertainty increased to 31295m to protect threatened taxon,,"""{""""evidenceOfPresence"""":""""organism""""}""",https://www.inaturalist.org/observations/264207138,264207138,,Glauko Corrêa;Proaves Rondoni,https://orcid.org/0000-0002-6112-7481,,,,,Adult,,,,alive,,,,,PRESENT,,,,,,,,,,,,,,,,,,,,,,,2024-10-25T08:27,08:27:00-04:00,299.0,299.0,2024.0,10.0,25.0,2024/10/25 08:27,,,,,,,,,,,SOUTH_AMERICA,,,,BR,Amazonas,,,,"Novo Aripuanã, BR-AM, BR",,,,,,,,-8.146688,-60.46942,31295.0,,,,,,,,,,,,,,,,,,,,,,,,,,,,,,,598898836.0,,,,Glauko Corrêa;Proaves Rondoni,https://orcid.org/0000-0002-6112-7481,2025-03-07T06:35:03,,,,1369213,,,,,,,,"Lagothrix lagothricha cana (É.Geoffroy Saint-Hilaire, 1812)",,,,,,,,Animalia,Chordata,Mammalia,Primates,,Atelidae,,,,Lagothrix,Lagothrix,,,lagothricha,cana,,SUBSPECIES,,,,ACCEPTED,,,50c9509d-22c7-4a22-a47d-8c48425ef4a7,US,2026-09-11T06:05:36.847Z,,,,,,COORDINATE_ROUNDED;CONTINENT_DERIVED_FROM_COORDINATES;TAXON_ID_NOT_FOUND,,,StillImage,True,False,5786086,5786086,1,44,359,798,,3239607,,,,2436656,,5786085,Lagothrix lagothricha,"Lagothrix lagothricha cana (É.Geoffroy Saint-Hilaire, 1812)",Lagothrix lagothricha cana,,DWC_ARCHIVE,2026-09-11T06:05:36.847Z,2026-09-10T19:15:51.157Z,,True,,False,LATIN_AMERICA,NORTH_AMERICA,,BRA,Brazil,BRA.4_1,Amazonas,BRA.4.45_2,Novo Aripuanã,,,,MANTER,sem problema relevante detectado
5087994456,,,,CC_BY_4_0,2026-06-17T12:55:24Z,,https://www.inaturalist.org/observations/265633083,Fábio Olmos,,,,,iNaturalist,Observations,iNaturalist research-grade observations,,HUMAN_OBSERVATION,Coordinate uncertainty increased to 31317m to protect threatened taxon,,,https://www.inaturalist.org/observations/265633083,265633083,,Fábio Olmos,,,,,,,,,,,,,,,PRESENT,,,,,,,,,,,,,,,,,,,,,,,2024-09-09T07:39,07:39:00-04:00,253.0,253.0,2024.0,9.0,9.0,2024/09/09 7:39 AM,,,,,,,,,,,SOUTH_AMERICA,,,,BR,Amazonas,,,,"Amazonas, BR",,,,,,,,-7.408661,-60.763386,31317.0,,,,,,,,,,,,,,,,,,,,,,,,,,,,,,,754448588.0,,,,kc1rt4pn0sd3,,2026-01-25T19:19:52,,,@enricotosto96,1369213,,,,,,,,"Lagothrix lagothricha cana (É.Geoffroy Saint-Hilaire, 1812)",,,,,,,,Animalia,Chordata,Mammalia,Primates,,Atelidae,,,,Lagothrix,Lagothrix,,,lagothricha,cana,,SUBSPECIES,,,,ACCEPTED,,,50c9509d-22c7-4a22-a47d-8c48425ef4a7,US,2026-09-11T05:33:02.892Z,,,,,,COORDINATE_ROUNDED;CONTINENT_DERIVED_FROM_COORDINATES;TAXON_ID_NOT_FOUND,,,StillImage,True,False,5786086,5786086,1,44,359,798,,3239607,,,,2436656,,5786085,Lagothrix lagothricha,"Lagothrix lagothricha cana (É.Geoffroy Saint-Hilaire, 1812)",Lagothrix lagothricha cana,,DWC_ARCHIVE,2026-09-11T05:33:02.892Z,2026-09-10T19:15:51.157Z,,True,,False,LATIN_AMERICA,NORTH_AMERICA,,BRA,Brazil,BRA.4_1,Amazonas,BRA.4.45_2,Novo Aripuanã,,,,MANTER,sem problema relevante detectado
4600068508,,,,CC_BY_NC_4_0,2026-01-25T19:31:01Z,,https://www.inaturalist.org/observations/202054952,MarcosHalemFelix,,,,,iNaturalist,Observations,iNaturalist research-grade observations,,HUMAN_OBSERVATION,Coordinate uncertainty increased to 31218m to protect threatened taxon,,,https://www.inaturalist.org/observations/202054952,202054952,,MarcosHalemFelix,,,,,,,,,,,,,,,PRESENT,,,,,,,,,,,,,,,,,,,,,,,2022-09-25T11:26,11:26:00-04:00,268.0,268.0,2022.0,9.0,25.0,2022/09/25 11:26,,,,,,,,,,,SOUTH_AMERICA,,,,BR,Mato Grosso,,,,"Mato Grosso, BR",,,,,,,,-9.915015,-58.320972,31218.0,,,,,,,,,,,,,,,,,,,,,,,,,,,,,,,466341508.0,,,,Jens Geijtenbeek,,2024-04-03T12:04:00,,,,1369213,,,,,,,,"Lagothrix lagothricha cana (É.Geoffroy Saint-Hilaire, 1812)",,,,,,,,Animalia,Chordata,Mammalia,Primates,,Atelidae,,,,Lagothrix,Lagothrix,,,lagothricha,cana,,SUBSPECIES,,,,ACCEPTED,,,50c9509d-22c7-4a22-a47d-8c48425ef4a7,US,2026-09-11T06:09:32.177Z,,,,,,COORDINATE_ROUNDED;CONTINENT_DERIVED_FROM_COORDINATES;TAXON_ID_NOT_FOUND,,,StillImage,True,False,5786086,5786086,1,44,359,798,,3239607,,,,2436656,,5786085,Lagothrix lagothricha,"Lagothrix lagothricha cana (É.Geoffroy Saint-Hilaire, 1812)",Lagothrix lagothricha cana,,DWC_ARCHIVE,2026-09-11T06:09:32.177Z,2026-09-10T19:15:51.157Z,,True,,False,LATIN_AMERICA,NORTH_AMERICA,,BRA,Brazil,BRA.12_1,Mato Grosso,BRA.12.37_2,Cotriguaçu,,,,MANTER_COM_RESSALVA,"dentro da Amazonia mas fora de AM/AC/RO/RR (estado=Mato Grosso) - fora da area de estudo, mantido apenas como contexto de fundo"
4597512273,,,,CC_BY_NC_4_0,2026-01-25T19:43:00Z,,https://www.inaturalist.org/observations/202527349,Ricardo Ribeiro,,,,,iNaturalist,Observations,iNaturalist research-grade observations,,HUMAN_OBSERVATION,Coordinate uncertainty increased to 31236m to protect threatened taxon,,,https://www.inaturalist.org/observations/202527349,202527349,,Ricardo Ribeiro,,,,,,,,,,,,,,,PRESENT,,,,,,,,,,,,,,,,,,,,,,,2023-09-29T10:55,10:55:00-04:00,272.0,272.0,2023.0,9.0,29.0,2023/09/29 10:55,,,,,,,,,,,SOUTH_AMERICA,,,,BR,Amazonas,,,,Brazil,,,,,,,,-9.578613,-67.342126,31236.0,,,,,,,,,,,,,,,,,,,,,,,,,,,,,,,461404811.0,,,,Jens Geijtenbeek,,2024-03-19T18:44:32,,,,1369213,,,,,,,,"Lagothrix lagothricha cana (É.Geoffroy Saint-Hilaire, 1812)",,,,,,,,Animalia,Chordata,Mammalia,Primates,,Atelidae,,,,Lagothrix,Lagothrix,,,lagothricha,cana,,SUBSPECIES,,,,ACCEPTED,,,50c9509d-22c7-4a22-a47d-8c48425ef4a7,US,2026-09-11T05:32:49.246Z,,,,,,COORDINATE_ROUNDED;CONTINENT_DERIVED_FROM_COORDINATES;TAXON_ID_NOT_FOUND,,,StillImage,True,False,5786086,5786086,1,44,359,798,,3239607,,,,2436656,,5786085,Lagothrix lagothricha,"Lagothrix lagothricha cana (É.Geoffroy Saint-Hilaire, 1812)",Lagothrix lagothricha cana,,DWC_ARCHIVE,2026-09-11T05:32:49.246Z,2026-09-10T19:15:51.157Z,,True,,False,LATIN_AMERICA,NORTH_AMERICA,,BRA,Brazil,BRA.4_1,Amazonas,BRA.4.13_2,Boca do Acre,,,,MANTER,sem problema relevante detectado
4596994082,,,,CC_BY_NC_4_0,2026-01-28T13:13:53Z,,https://www.inaturalist.org/observations/202170505,mariopolidoro,,,,,iNaturalist,Observations,iNaturalist research-grade observations,,HUMAN_OBSERVATION,Coordinate uncertainty increased to 31271m to protect threatened taxon,,,https://www.inaturalist.org/observations/202170505,202170505,,mariopolidoro,,,,,,,,,,,,,,,PRESENT,,,,,,,,"Primeiro registro aqui nessa platamorfa, esperando ser o primeiro de muitos.",,,,,,,,,,,,,,,2023-12-05T10:39,10:39:00-04:00,339.0,339.0,2023.0,12.0,5.0,2023/12/05 10:39,,,,,,,,,,,SOUTH_AMERICA,,,,BR,Rondônia,,,,"Porto Velho, BR-RO, BR",,,,,,,,-8.667518,-63.957558,31271.0,,,,,,,,,,,,,,,,,,,,,,,,,,,,,,,466341961.0,,,,Jens Geijtenbeek,,2024-04-03T12:06:00,,,,1369213,,,,,,,,"Lagothrix lagothricha cana (É.Geoffroy Saint-Hilaire, 1812)",,,,,,,,Animalia,Chordata,Mammalia,Primates,,Atelidae,,,,Lagothrix,Lagothrix,,,lagothricha,cana,,SUBSPECIES,,,,ACCEPTED,,,50c9509d-22c7-4a22-a47d-8c48425ef4a7,US,2026-09-11T05:43:49.719Z,,,,,,COORDINATE_ROUNDED;CONTINENT_DERIVED_FROM_COORDINATES;TAXON_ID_NOT_FOUND,,,StillImage,True,False,5786086,5786086,1,44,359,798,,3239607,,,,2436656,,5786085,Lagothrix lagothricha,"Lagothrix lagothricha cana (É.Geoffroy Saint-Hilaire, 1812)",Lagothrix lagothricha cana,,DWC_ARCHIVE,2026-09-11T05:43:49.719Z,2026-09-10T19:15:51.157Z,,True,,False,LATIN_AMERICA,NORTH_AMERICA,,BRA,Brazil,BRA.22_1,Rondônia,BRA.22.37_2,Porto Velho,,,,MANTER,sem problema relevante detectado
4596865814,,,,CC_BY_NC_4_0,2025-04-23T18:24:04Z,,https://www.inaturalist.org/observations/200660825,Kenny Uéslei,,,,,iNaturalist,Observations,iNaturalist research-grade observations,,HUMAN_OBSERVATION,Coordinate uncertainty increased to 31271m to protect threatened taxon,,,https://www.inaturalist.org/observations/200660825,200660825,,Kenny Uéslei,,,,,,,,,,,,,,,PRESENT,,,,,,,,"Esse bicho estava no chão comendo brotos de capim, próxima a uma fazenda. Creio que seja mantido em cativeiro.",,,,,,,,,,,,,,,2023-12-09T11:25,11:25:00-04:00,343.0,343.0,2023.0,12.0,9.0,2023/12/09 11:25,,,,,,,,,,,SOUTH_AMERICA,,,,BR,Rondônia,,,,"Porto Velho, BR-RO, BR",,,,,,,,-8.740175,-63.913514,31271.0,,,,,,,,,,,,,,,,,,,,,,,,,,,,,,,466342033.0,,,,Jens Geijtenbeek,,2024-04-03T12:06:22,,,,1369213,,,,,,,,"Lagothrix lagothricha cana (É.Geoffroy Saint-Hilaire, 1812)",,,,,,,,Animalia,Chordata,Mammalia,Primates,,Atelidae,,,,Lagothrix,Lagothrix,,,lagothricha,cana,,SUBSPECIES,,,,ACCEPTED,,,50c9509d-22c7-4a22-a47d-8c48425ef4a7,US,2026-09-11T05:30:29.107Z,,,,,,COORDINATE_ROUNDED;CONTINENT_DERIVED_FROM_COORDINATES;TAXON_ID_NOT_FOUND,,,StillImage,True,False,5786086,5786086,1,44,359,798,,3239607,,,,2436656,,5786085,Lagothrix lagothricha,"Lagothrix lagothricha cana (É.Geoffroy Saint-Hilaire, 1812)",Lagothrix lagothricha cana,,DWC_ARCHIVE,2026-09-11T05:30:29.107Z,2026-09-10T19:15:51.157Z,,True,,False,LATIN_AMERICA,NORTH_AMERICA,,BRA,Brazil,BRA.22_1,Rondônia,BRA.22.37_2,Porto Velho,,,,EXCLUIR,cativeiro/zoologico/introduzido (establishmentMeans ou texto da localidade)
4596845684,,,,CC_BY_4_0,2025-08-28T12:10:16Z,,https://www.inaturalist.org/observations/197887507,Pedro Bonavigo,,,,,iNaturalist,Observations,iNaturalist research-grade observations,,HUMAN_OBSERVATION,Coordinate uncertainty increased to 31271m to protect threatened taxon,,,https://www.inaturalist.org/observations/197887507,197887507,,Pedro Bonavigo,,,,,,,,,,,,,,,PRESENT,,,,,,,,ESPÉCIE NÃO NATIVA DA REGIÃO: Indivíduo domesticado e introduzido no fragmento de floresta.,,,,,,,,,,,,,,,2024-01-28T09:49,09:49:00-04:00,28.0,28.0,2024.0,1.0,28.0,2024/01/28 09:49,,,,,,,,,,,SOUTH_AMERICA,,,,BR,Rondônia,,,,"Rondônia, BR",,,,,,,,-8.733216,-63.789168,31271.0,,,,,,,,,,,,,,,,,,,,,,,,,,,,,,,466342111.0,,,,Jens Geijtenbeek,,2024-04-03T12:06:44,,,,1369213,,,,,,,,"Lagothrix lagothricha cana (É.Geoffroy Saint-Hilaire, 1812)",,,,,,,,Animalia,Chordata,Mammalia,Primates,,Atelidae,,,,Lagothrix,Lagothrix,,,lagothricha,cana,,SUBSPECIES,,,,ACCEPTED,,,50c9509d-22c7-4a22-a47d-8c48425ef4a7,US,2026-09-11T05:43:53.613Z,,,,,,COORDINATE_ROUNDED;CONTINENT_DERIVED_FROM_COORDINATES;TAXON_ID_NOT_FOUND,,,,True,False,5786086,5786086,1,44,359,798,,3239607,,,,2436656,,5786085,Lagothrix lagothricha,"Lagothrix lagothricha cana (É.Geoffroy Saint-Hilaire, 1812)",Lagothrix lagothricha cana,,DWC_ARCHIVE,2026-09-11T05:43:53.613Z,2026-09-10T19:15:51.157Z,,True,,False,LATIN_AMERICA,NORTH_AMERICA,,BRA,Brazil,BRA.22_1,Rondônia,BRA.22.37_2,Porto Velho,,,,MANTER,sem problema relevante detectado
4507675025,,,,CC_BY_NC_4_0,2024-11-15T15:20:20Z,,https://www.inaturalist.org/observations/195124868,Rachel Kolokoff Hopper,,,,,iNaturalist,Observations,iNaturalist research-grade observations,,HUMAN_OBSERVATION,Coordinate uncertainty increased to 31218m to protect threatened taxon,,,https://www.inaturalist.org/observations/195124868,195124868,,Rachel Kolokoff Hopper,,,,,,,,,,,,,,,PRESENT,,,,,,,,,,,,,,,,,,,,,,,2023-08-11T10:32,10:32:00-04:00,223.0,223.0,2023.0,8.0,11.0,2023/08/11 10:32 AM,,,,,,,,,,,SOUTH_AMERICA,,,,BR,Mato Grosso,,,,"Mato Grosso, BR",,,,,,,,-9.854571,-58.367174,31218.0,,,,,,,,,,,,,,,,,,,,,,,,,,,,,,,438736880.0,,,,JanVermeer,,2023-12-29T11:00:18,,,,1369213,,,,,,,,"Lagothrix lagothricha cana (É.Geoffroy Saint-Hilaire, 1812)",,,,,,,,Animalia,Chordata,Mammalia,Primates,,Atelidae,,,,Lagothrix,Lagothrix,,,lagothricha,cana,,SUBSPECIES,,,,ACCEPTED,,,50c9509d-22c7-4a22-a47d-8c48425ef4a7,US,2026-09-11T05:43:31.560Z,,,,,,COORDINATE_ROUNDED;CONTINENT_DERIVED_FROM_COORDINATES;TAXON_ID_NOT_FOUND,,,,True,False,5786086,5786086,1,44,359,798,,3239607,,,,2436656,,5786085,Lagothrix lagothricha,"Lagothrix lagothricha cana (É.Geoffroy Saint-Hilaire, 1812)",Lagothrix lagothricha cana,,DWC_ARCHIVE,2026-09-11T05:43:31.560Z,2026-09-10T19:15:51.157Z,,True,,False,LATIN_AMERICA,NORTH_AMERICA,,BRA,Brazil,BRA.12_1,Mato Grosso,BRA.12.37_2,Cotriguaçu,,,,MANTER_COM_RESSALVA,"dentro da Amazonia mas fora de AM/AC/RO/RR (estado=Mato Grosso) - fora da area de estudo, mantido apenas como contexto de fundo"
4507664157,,,,CC_BY_NC_4_0,2024-04-03T12:04:17Z,,https://www.inaturalist.org/observations/195118933,Rachel Kolokoff Hopper,,,,,iNaturalist,Observations,iNaturalist research-grade observations,,HUMAN_OBSERVATION,Coordinate uncertainty increased to 31218m to protect threatened taxon,,,https://www.inaturalist.org/observations/195118933,195118933,,Rachel Kolokoff Hopper,,,,,,,,,,,,,,,PRESENT,,,,,,,,,,,,,,,,,,,,,,,2023-08-11T10:20,10:20:00-04:00,223.0,223.0,2023.0,8.0,11.0,2023/08/11 10:20 AM,,,,,,,,,,,SOUTH_AMERICA,,,,BR,Mato Grosso,,,,"Mato Grosso, BR",,,,,,,,-9.981236,-58.305924,31218.0,,,,,,,,,,,,,,,,,,,,,,,,,,,,,,,438759577.0,,,,Rachel Kolokoff Hopper,,2023-12-29T13:28:48,,,,1369213,,,,,,,,"Lagothrix lagothricha cana (É.Geoffroy Saint-Hilaire, 1812)",,,,,,,,Animalia,Chordata,Mammalia,Primates,,Atelidae,,,,Lagothrix,Lagothrix,,,lagothricha,cana,,SUBSPECIES,,,,ACCEPTED,,,50c9509d-22c7-4a22-a47d-8c48425ef4a7,US,2026-09-11T05:54:18.223Z,,,,,,COORDINATE_ROUNDED;CONTINENT_DERIVED_FROM_COORDINATES;TAXON_ID_NOT_FOUND,,,,True,False,5786086,5786086,1,44,359,798,,3239607,,,,2436656,,5786085,Lagothrix lagothricha,"Lagothrix lagothricha cana (É.Geoffroy Saint-Hilaire, 1812)",Lagothrix lagothricha cana,,DWC_ARCHIVE,2026-09-11T05:54:18.223Z,2026-09-10T19:15:51.157Z,,True,,False,LATIN_AMERICA,NORTH_AMERICA,,BRA,Brazil,BRA.12_1,Mato Grosso,BRA.12.37_2,Cotriguaçu,,,,MANTER_COM_RESSALVA,"dentro da Amazonia mas fora de AM/AC/RO/RR (estado=Mato Grosso) - fora da area de estudo, mantido apenas como contexto de fundo"
4400188055,,,,CC_BY_NC_4_0,2023-08-24T14:03:45Z,,https://www.inaturalist.org/observations/179712093,capybara1357,,,,,iNaturalist,Observations,iNaturalist research-grade observations,,HUMAN_OBSERVATION,Coordinate uncertainty increased to 31431m to protect threatened taxon,,,https://www.inaturalist.org/observations/179712093,179712093,,capybara1357,,,,,,,,,,,,,,,PRESENT,,,,,,,,,,,,,,,,,,,,,,,2023-07-04T18:37,18:37:00-04:00,185.0,185.0,2023.0,7.0,4.0,2023/07/04 6:37 PM,,,,,,,,,,,SOUTH_AMERICA,,,,BR,Amazonas,,,,"Maués, BR-AM, BR",,,,,,,,-2.985003,-60.065798,31431.0,,,,,,,,,,,,,,,,,,,,,,,,,,,,,,,400252785.0,,,,capybara1357,,2023-08-22T18:09:45,,,,1369209,,,,,,,,"Lagothrix lagothricha (Humboldt, 1812)",,,,,,,,Animalia,Chordata,Mammalia,Primates,,Atelidae,,,,Lagothrix,Lagothrix,,,lagothricha,,,SPECIES,,,,ACCEPTED,,,50c9509d-22c7-4a22-a47d-8c48425ef4a7,US,2026-09-11T05:46:12.899Z,,,,,,COORDINATE_ROUNDED;CONTINENT_DERIVED_FROM_COORDINATES;TAXON_ID_NOT_FOUND,,,StillImage,True,False,5786085,5786085,1,44,359,798,,3239607,,,,2436656,,5786085,Lagothrix lagothricha,"Lagothrix lagothricha (Humboldt, 1812)",Lagothrix lagothricha,,DWC_ARCHIVE,2026-09-11T05:46:12.899Z,2026-09-10T19:15:51.157Z,,True,,False,LATIN_AMERICA,NORTH_AMERICA,,BRA,Brazil,BRA.4_1,Amazonas,BRA.4.38_2,Manaus,,,VU,MANTER,sem problema relevante detectado
4138487755,,,,CC_BY_NC_4_0,2026-01-25T19:32:46Z,,https://www.inaturalist.org/observations/169312741,Huy Chi Truong,,,,,iNaturalist,Observations,iNaturalist research-grade observations,,HUMAN_OBSERVATION,Coordinate uncertainty increased to 31317m at the request of the observer,,,https://www.inaturalist.org/observations/169312741,169312741,,Huy Chi Truong,,,,,,,,,,,,,,,PRESENT,,,,,,,,,,,,,,,,,,,,,,,2023-05-13T08:12,08:12:00-04:00,133.0,133.0,2023.0,5.0,13.0,2023/05/13 8:12 AM,,,,,,,,,,,SOUTH_AMERICA,,,,BR,Amazonas,,,,"Amazonas, BR",,,,,,,,-7.594275,-60.641831,31317.0,,,,,,,,,,,,,,,,,,,,,,,,,,,,,,,466341199.0,,,,Jens Geijtenbeek,,2024-04-03T12:02:27,,,,1369213,,,,,,,,"Lagothrix lagothricha cana (É.Geoffroy Saint-Hilaire, 1812)",,,,,,,,Animalia,Chordata,Mammalia,Primates,,Atelidae,,,,Lagothrix,Lagothrix,,,lagothricha,cana,,SUBSPECIES,,,,ACCEPTED,,,50c9509d-22c7-4a22-a47d-8c48425ef4a7,US,2026-09-11T05:53:29.543Z,,,,,,COORDINATE_ROUNDED;CONTINENT_DERIVED_FROM_COORDINATES;TAXON_ID_NOT_FOUND,,,StillImage,True,False,5786086,5786086,1,44,359,798,,3239607,,,,2436656,,5786085,Lagothrix lagothricha,"Lagothrix lagothricha cana (É.Geoffroy Saint-Hilaire, 1812)",Lagothrix lagothricha cana,,DWC_ARCHIVE,2026-09-11T05:53:29.543Z,2026-09-10T19:15:51.157Z,,True,,False,LATIN_AMERICA,NORTH_AMERICA,,BRA,Brazil,BRA.4_1,Amazonas,BRA.4.5_2,Apuí,,,,MANTER,sem problema relevante detectado
4103051905,,,,CC_BY_NC_4_0,2026-01-25T19:52:44Z,,https://www.inaturalist.org/observations/156947049,Dr. Alexey Yakovlev,,,,,iNaturalist,Observations,iNaturalist research-grade observations,,HUMAN_OBSERVATION,Coordinate uncertainty increased to 31418m to protect threatened taxon,,"""{""""evidenceOfPresence"""":""""organism""""}""",https://www.inaturalist.org/observations/156947049,156947049,,Dr. Alexey Yakovlev,,,,,Male,Adult,,,,alive,,,,,PRESENT,,,,,,,,"Seasonally flooded (ombrophilous) primary Juma forest, IVO Juma Amazon Lodge, 62 miles (100 km) southeast of Manaus, Rio Juma, Autazes Municipality, State of Amazonas, Brazil.",,,,,,,,,,,,,,,2010-04-15T09:36,09:36:00-04:00,105.0,105.0,2010.0,4.0,15.0,2010/04/15 09:36,,,,,,,,,,,SOUTH_AMERICA,,,,BR,Amazonas,,,,"Autazes, BR-AM, BR",,,,,,,,-3.626309,-59.982184,31418.0,,,,,,,,,,,,,,,,,,,,,,,,,,,,,,,754457062.0,,,,kc1rt4pn0sd3,,2026-01-25T19:39:07,,,,1369213,,,,,,,,"Lagothrix lagothricha cana (É.Geoffroy Saint-Hilaire, 1812)",,,,,,,,Animalia,Chordata,Mammalia,Primates,,Atelidae,,,,Lagothrix,Lagothrix,,,lagothricha,cana,,SUBSPECIES,,,,ACCEPTED,,,50c9509d-22c7-4a22-a47d-8c48425ef4a7,US,2026-09-11T05:58:38.111Z,,,,,,COORDINATE_ROUNDED;CONTINENT_DERIVED_FROM_COORDINATES;TAXON_ID_NOT_FOUND,,,,True,False,5786086,5786086,1,44,359,798,,3239607,,,,2436656,,5786085,Lagothrix lagothricha,"Lagothrix lagothricha cana (É.Geoffroy Saint-Hilaire, 1812)",Lagothrix lagothricha cana,,DWC_ARCHIVE,2026-09-11T05:58:38.111Z,2026-09-10T19:15:51.157Z,,True,,False,LATIN_AMERICA,NORTH_AMERICA,,BRA,Brazil,BRA.4_1,Amazonas,BRA.4.18_2,Careiro,,,,MANTER,sem problema relevante detectado
4102650222,,,,CC_BY_NC_4_0,2026-01-25T19:46:44Z,,https://www.inaturalist.org/observations/157359496,Dr. Alexey Yakovlev,,,,,iNaturalist,Observations,iNaturalist research-grade observations,,HUMAN_OBSERVATION,Coordinate uncertainty increased to 31418m to protect threatened taxon,,"""{""""evidenceOfPresence"""":""""organism""""}""",https://www.inaturalist.org/observations/157359496,157359496,,Dr. Alexey Yakovlev,,,,,Female,Adult,,,,alive,,,,,PRESENT,,,,,,,,"Seasonally flooded (ombrophilous) primary Juma forest, IVO Juma Amazon Lodge, 62 miles (100 km) southeast of Manaus, Rio Juma, Autazes Municipality, State of Amazonas, Brazil.",,,,,,,,,,,,,,,2010-04-15T15:14,15:14:00-04:00,105.0,105.0,2010.0,4.0,15.0,2010/04/15 15:14,,,,,,,,,,,SOUTH_AMERICA,,,,BR,Amazonas,,,,"Autazes, BR-AM, BR",,,,,,,,-3.602689,-59.877624,31418.0,,,,,,,,,,,,,,,,,,,,,,,,,,,,,,,754457003.0,,,,kc1rt4pn0sd3,,2026-01-25T19:38:56,,,,1369213,,,,,,,,"Lagothrix lagothricha cana (É.Geoffroy Saint-Hilaire, 1812)",,,,,,,,Animalia,Chordata,Mammalia,Primates,,Atelidae,,,,Lagothrix,Lagothrix,,,lagothricha,cana,,SUBSPECIES,,,,ACCEPTED,,,50c9509d-22c7-4a22-a47d-8c48425ef4a7,US,2026-09-11T06:02:35.923Z,,,,,,COORDINATE_ROUNDED;CONTINENT_DERIVED_FROM_COORDINATES;TAXON_ID_NOT_FOUND,,,,True,False,5786086,5786086,1,44,359,798,,3239607,,,,2436656,,5786085,Lagothrix lagothricha,"Lagothrix lagothricha cana (É.Geoffroy Saint-Hilaire, 1812)",Lagothrix lagothricha cana,,DWC_ARCHIVE,2026-09-11T06:02:35.923Z,2026-09-10T19:15:51.157Z,,True,,False,LATIN_AMERICA,NORTH_AMERICA,,BRA,Brazil,BRA.4_1,Amazonas,BRA.4.18_2,Careiro,,,,MANTER,sem problema relevante detectado
4075818316,,,,CC_BY_NC_4_0,2026-01-25T18:19:30Z,,https://www.inaturalist.org/observations/152128883,jpbuenorodrigues,,,,,iNaturalist,Observations,iNaturalist research-grade observations,,HUMAN_OBSERVATION,Coordinate uncertainty increased to 31434m to protect threatened taxon,,,https://www.inaturalist.org/observations/152128883,152128883,,jpbuenorodrigues,,,,,,,,,,,,,,,PRESENT,,,,,,,,,,,,,,,,,,,,,,,2009-08-03T05:10,05:10:00-04:00,215.0,215.0,2009.0,8.0,3.0,2009/08/03 5:10 AM,,,,,,,,,,,SOUTH_AMERICA,,,,BR,Amazonas,,,,"Amazonas, BR",,,,,,,,-2.647876,-60.607374,31434.0,,,,,,,,,,,,,,,,,,,,,,,,,,,,,,,343789367.0,,,,jpbuenorodrigues,,2023-03-24T12:34:51,,,,1369209,,,,,,,,"Lagothrix lagothricha (Humboldt, 1812)",,,,,,,,Animalia,Chordata,Mammalia,Primates,,Atelidae,,,,Lagothrix,Lagothrix,,,lagothricha,,,SPECIES,,,,ACCEPTED,,,50c9509d-22c7-4a22-a47d-8c48425ef4a7,PT,2026-09-11T06:02:32.315Z,,,,,,COORDINATE_ROUNDED;CONTINENT_DERIVED_FROM_COORDINATES;TAXON_ID_NOT_FOUND,,,StillImage,True,False,5786085,5786085,1,44,359,798,,3239607,,,,2436656,,5786085,Lagothrix lagothricha,"Lagothrix lagothricha (Humboldt, 1812)",Lagothrix lagothricha,,DWC_ARCHIVE,2026-09-11T06:02:32.315Z,2026-09-10T19:15:51.157Z,,True,,False,LATIN_AMERICA,EUROPE,,BRA,Brazil,BRA.4_1,Amazonas,BRA.4.38_2,Manaus,,,VU,MANTER,sem problema relevante detectado
3988792580,,,,CC_BY_NC_4_0,2026-01-25T19:40:11Z,,https://www.inaturalist.org/observations/135621940,Jessica Wu,,,,,iNaturalist,Observations,iNaturalist research-grade observations,,HUMAN_OBSERVATION,Coordinate uncertainty increased to 31407m to protect threatened taxon,,,https://www.inaturalist.org/observations/135621940,135621940,,Jessica Wu,,,,,,,,,,,,,,,PRESENT,,,,,,,,Alpha male with the fruits he was eating,,,,,,,,,,,,,,,2022-05-21T15:39:35,15:39:35-05:00,141.0,141.0,2022.0,5.0,21.0,2022-05-21 15:39:35-05:00,,,,,,,,,,,SOUTH_AMERICA,,,,BR,Amazonas,,,,"Amazonas, BR",,,,,,,,-4.229969,-70.303509,31407.0,,,,,,,,,,,,,,,,,,,,,,,,,,,,,,,609963684.0,,,,JanVermeer,,2025-04-07T09:53:22,,,,1369211,,,,,,,,"Lagothrix lagothricha lagothricha (Humboldt, 1812)",,,,,,,,Animalia,Chordata,Mammalia,Primates,,Atelidae,,,,Lagothrix,Lagothrix,,,lagothricha,lagothricha,,SUBSPECIES,,,,ACCEPTED,,,50c9509d-22c7-4a22-a47d-8c48425ef4a7,US,2026-09-11T05:41:58.534Z,,,,,,COORDINATE_ROUNDED;CONTINENT_DERIVED_FROM_COORDINATES;TAXON_ID_NOT_FOUND,,,StillImage,True,False,8756566,8756566,1,44,359,798,,3239607,,,,2436656,,5786085,Lagothrix lagothricha,"Lagothrix lagothricha lagothricha (Humboldt, 1812)",Lagothrix lagothricha lagothricha,,DWC_ARCHIVE,2026-09-11T05:41:58.534Z,2026-09-10T19:15:51.157Z,,True,,False,LATIN_AMERICA,NORTH_AMERICA,,BRA,Brazil,BRA.4_1,Amazonas,BRA.4.6_2,Atalaia do Norte,,,,MANTER,sem problema relevante detectado
3988788582,,,,CC_BY_NC_4_0,2026-01-26T15:47:17Z,,https://www.inaturalist.org/observations/139020908,Paulo Henrique Bonavigo,,,,,iNaturalist,Observations,iNaturalist research-grade observations,,HUMAN_OBSERVATION,Coordinate uncertainty increased to 31158m to protect threatened taxon,,,https://www.inaturalist.org/observations/139020908,139020908,,Paulo Henrique Bonavigo,,,,,,,,,,,,,,,PRESENT,,,,,,,,,,,,,,,,,,,,,,,2009-05-23T10:58,10:58:00-04:00,143.0,143.0,2009.0,5.0,23.0,2009/05/23 10:58,,,,,,,,,,,SOUTH_AMERICA,,,,BR,Rondônia,,,,"Rondônia, BR",,,,,,,,-11.064869,-61.273068,31158.0,,,,,,,,,,,,,,,,,,,,,,,,,,,,,,,466340799.0,,,,Jens Geijtenbeek,,2024-04-03T12:00:21,,,,1369213,,,,,,,,"Lagothrix lagothricha cana (É.Geoffroy Saint-Hilaire, 1812)",,,,,,,,Animalia,Chordata,Mammalia,Primates,,Atelidae,,,,Lagothrix,Lagothrix,,,lagothricha,cana,,SUBSPECIES,,,,ACCEPTED,,,50c9509d-22c7-4a22-a47d-8c48425ef4a7,US,2026-09-11T05:28:10.487Z,,,,,,COORDINATE_ROUNDED;CONTINENT_DERIVED_FROM_COORDINATES;TAXON_ID_NOT_FOUND,,,StillImage,True,False,5786086,5786086,1,44,359,798,,3239607,,,,2436656,,5786085,Lagothrix lagothricha,"Lagothrix lagothricha cana (É.Geoffroy Saint-Hilaire, 1812)",Lagothrix lagothricha cana,,DWC_ARCHIVE,2026-09-11T05:28:10.487Z,2026-09-10T19:15:51.157Z,,True,,False,LATIN_AMERICA,NORTH_AMERICA,,BRA,Brazil,BRA.22_1,Rondônia,BRA.22.9_2,Cacoal,,,,MANTER,sem problema relevante detectado
3988629716,,,,CC_BY_NC_4_0,2026-01-31T10:01:13Z,,https://www.inaturalist.org/observations/143305815,Kenny Uéslei,,,,,iNaturalist,Observations,iNaturalist research-grade observations,,HUMAN_OBSERVATION,Coordinate uncertainty increased to 31271m to protect threatened taxon,,,https://www.inaturalist.org/observations/143305815,143305815,,Kenny Uéslei,,,,,,,,,,,,,,,PRESENT,,,,,,,,"Um belo bando de aproximadamente 8 indivíduos, sendo alguns desses filhotes deslocavam-se pela copa das árvores.",,,,,,,,,,,,,,,2022-09-30T15:00,15:00:00-04:00,273.0,273.0,2022.0,9.0,30.0,2022/09/30 15:00,,,,,,,,,,,SOUTH_AMERICA,,,,BR,Rondônia,,,,"Porto Velho, BR-RO, BR",,,,,,,,-8.75882,-63.979864,31271.0,,,,,,,,,,,,,,,,,,,,,,,,,,,,,,,466342317.0,,,,Jens Geijtenbeek,,2024-04-03T12:07:34,,,,1369213,,,,,,,,"Lagothrix lagothricha cana (É.Geoffroy Saint-Hilaire, 1812)",,,,,,,,Animalia,Chordata,Mammalia,Primates,,Atelidae,,,,Lagothrix,Lagothrix,,,lagothricha,cana,,SUBSPECIES,,,,ACCEPTED,,,50c9509d-22c7-4a22-a47d-8c48425ef4a7,US,2026-09-11T05:29:43.013Z,,,,,,COORDINATE_ROUNDED;CONTINENT_DERIVED_FROM_COORDINATES;TAXON_ID_NOT_FOUND,,,StillImage,True,False,5786086,5786086,1,44,359,798,,3239607,,,,2436656,,5786085,Lagothrix lagothricha,"Lagothrix lagothricha cana (É.Geoffroy Saint-Hilaire, 1812)",Lagothrix lagothricha cana,,DWC_ARCHIVE,2026-09-11T05:29:43.013Z,2026-09-10T19:15:51.157Z,,True,,False,LATIN_AMERICA,NORTH_AMERICA,,BRA,Brazil,BRA.22_1,Rondônia,BRA.22.37_2,Porto Velho,,,,MANTER,sem problema relevante detectado
3988556533,,,,CC_BY_NC_4_0,2026-06-17T12:55:01Z,,https://www.inaturalist.org/observations/134368686,rodrigo ferraz,,,,,iNaturalist,Observations,iNaturalist research-grade observations,,HUMAN_OBSERVATION,Coordinate uncertainty increased to 1253373m to protect threatened taxon,,,https://www.inaturalist.org/observations/134368686,134368686,,rodrigo ferraz,,,,,,,,,,,,,,,PRESENT,,,,,,,,,,,,,,,,,,,,,,,2022-09-02T15:05:52,15:05:52-04:00,245.0,245.0,2022.0,9.0,2.0,2022-09-02 15:05:52,,,,,,,,,,,SOUTH_AMERICA,,,,BR,Amazonas,,,,,,,,,,,,-3.270841,-65.896822,1253373.0,,,,,,,,,,,,,,,,,,,,,,,,,,,,,,,833211093.0,,,,kc1rt4pn0sd3,,2026-06-17T05:17:49,,,@enricotosto96,1369213,,,,,,,,"Lagothrix lagothricha cana (É.Geoffroy Saint-Hilaire, 1812)",,,,,,,,Animalia,Chordata,Mammalia,Primates,,Atelidae,,,,Lagothrix,Lagothrix,,,lagothricha,cana,,SUBSPECIES,,,,ACCEPTED,,,50c9509d-22c7-4a22-a47d-8c48425ef4a7,US,2026-09-11T05:30:09.706Z,,,,,,COORDINATE_ROUNDED;CONTINENT_DERIVED_FROM_COORDINATES;TAXON_ID_NOT_FOUND,,,StillImage,True,False,5786086,5786086,1,44,359,798,,3239607,,,,2436656,,5786085,Lagothrix lagothricha,"Lagothrix lagothricha cana (É.Geoffroy Saint-Hilaire, 1812)",Lagothrix lagothricha cana,,DWC_ARCHIVE,2026-09-11T05:30:09.706Z,2026-09-10T19:15:51.157Z,,True,,False,LATIN_AMERICA,NORTH_AMERICA,,BRA,Brazil,BRA.4_1,Amazonas,BRA.4.33_2,Juruá,,,,MANTER_COM_RESSALVA,incerteza de coordenada > 50 km
3988476470,,,,CC_BY_NC_4_0,2025-04-07T09:52:04Z,,https://www.inaturalist.org/observations/125158386,jepenamur,,,,,iNaturalist,Observations,iNaturalist research-grade observations,,HUMAN_OBSERVATION,Coordinate uncertainty increased to 31407m to protect threatened taxon,,,https://www.inaturalist.org/observations/125158386,125158386,,jepenamur,,,,,,,,,,,,,,,PRESENT,,,,,,,,,,,,,,,,,,,,,,,2022-06-26T11:14:33,11:14:33-05:00,177.0,177.0,2022.0,6.0,26.0,2022-06-26 11:14:33,,,,,,,,,,,SOUTH_AMERICA,,,,BR,Amazonas,,,,"Amazonas, BR",,,,,,,,-4.231303,-70.062531,31407.0,,,,,,,,,,,,,,,,,,,,,,,,,,,,,,,318565230.0,,,,Victor Hugo Rebecchi Siqueira,,2022-12-06T02:08:10,,,,1369212,,,,,,,,"Lagothrix lagothricha poeppigii Schinz, 1844",,,,,,,,Animalia,Chordata,Mammalia,Primates,,Atelidae,,,,Lagothrix,Lagothrix,,,lagothricha,poeppigii,,SUBSPECIES,,,,ACCEPTED,,,50c9509d-22c7-4a22-a47d-8c48425ef4a7,CO,2026-09-11T05:13:36.438Z,,,,,,COORDINATE_ROUNDED;CONTINENT_DERIVED_FROM_COORDINATES;TAXON_ID_NOT_FOUND,,,,True,False,5786087,5786087,1,44,359,798,,3239607,,,,2436656,,5786085,Lagothrix lagothricha,"Lagothrix lagothricha poeppigii Schinz, 1844",Lagothrix lagothricha poeppigii,,DWC_ARCHIVE,2026-09-11T05:13:36.438Z,2026-09-10T19:15:51.157Z,,True,,False,LATIN_AMERICA,LATIN_AMERICA,,,,,,,,,,,REVISAR,fora da distribuicao amazonica plausivel da especie (estado=nan) - provavel erro de identificacao/geolocalizacao
3985957154,,,,CC_BY_4_0,2026-01-25T22:50:23Z,,https://www.inaturalist.org/observations/142962331,Marcio Santos Ferreira,,,,,iNaturalist,Observations,iNaturalist research-grade observations,,HUMAN_OBSERVATION,Coordinate uncertainty increased to 31362m to protect threatened taxon,,,https://www.inaturalist.org/observations/142962331,142962331,,Marcio Santos Ferreira,,,,,,,,,,,,,,,PRESENT,,,,,,,,,,,,,,,,,,,,,,,2022-11-25T14:32,14:32:00-03:00,329.0,329.0,2022.0,11.0,25.0,2022/11/25 14:32,,,,,,,,,,,SOUTH_AMERICA,,,,BR,Pará,,,,"Pará, BR",,,,,,,,-6.08487,-50.163548,31362.0,,,,,,,,,,,,,,,,,,,,,,,,,,,,,,,754457311.0,,,,kc1rt4pn0sd3,,2026-01-25T19:39:39,,,,1369213,,,,,,,,"Lagothrix lagothricha cana (É.Geoffroy Saint-Hilaire, 1812)",,,,,,,,Animalia,Chordata,Mammalia,Primates,,Atelidae,,,,Lagothrix,Lagothrix,,,lagothricha,cana,,SUBSPECIES,,,,ACCEPTED,,,50c9509d-22c7-4a22-a47d-8c48425ef4a7,US,2026-09-11T05:29:30.178Z,,,,,,COORDINATE_ROUNDED;CONTINENT_DERIVED_FROM_COORDINATES;TAXON_ID_NOT_FOUND,,,StillImage,True,False,5786086,5786086,1,44,359,798,,3239607,,,,2436656,,5786085,Lagothrix lagothricha,"Lagothrix lagothricha cana (É.Geoffroy Saint-Hilaire, 1812)",Lagothrix lagothricha cana,,DWC_ARCHIVE,2026-09-11T05:29:30.178Z,2026-09-10T19:15:51.157Z,,True,,False,LATIN_AMERICA,NORTH_AMERICA,,BRA,Brazil,BRA.14_1,Pará,BRA.14.90_2,Parauapebas,,,,MANTER_COM_RESSALVA,"dentro da Amazonia mas fora de AM/AC/RO/RR (estado=Pará) - fora da area de estudo, mantido apenas como contexto de fundo"
3969172322,,,,CC_BY_4_0,,,https://www.ebi.ac.uk/ena/browser/view/OM328878,,,,,,,,,,PRESERVED_SPECIMEN,,,,OM328878,IDSM03702,,,,,,,,,,,,,,,,,PRESENT,,,,,https://www.ebi.ac.uk/ena/browser/api/embl/OM328878,,,"Lagothrix lagotricha isolate FES94 voucher IDSM03702 mitochondrion, complete genome.",,,,,,,,,,,,,,,,,,,,,,,,,,,,,,,,,SOUTH_AMERICA,,,,BR,,,,,,,,,,,,,-6.95,-69.73,,,,,,,,,,,,,,,,,,,,,,,,,,,,,,,,,,,,,,,,,,ASV:473b26cfbd4a0c19d33c0224ca06beb0,,,,,,,https://www.ebi.ac.uk/ena/browser/view/Taxon:9519,"Lagothrix lagothricha (Humboldt, 1812)",,,,,,,,Animalia,Chordata,Mammalia,Primates,,Atelidae,,,,Lagothrix,Lagothrix,,,lagothricha,,,SPECIES,,,,ACCEPTED,,,d8cd16ba-bb74-4420-821e-083f2bac17c2,GB,2026-09-19T12:16:15.241Z,,,,,,GEODETIC_DATUM_ASSUMED_WGS84;CONTINENT_DERIVED_FROM_COORDINATES;TAXON_CONCEPT_ID_NOT_FOUND;TAXON_ID_NOT_FOUND;TAXON_MATCH_FUZZY,,,,True,False,5786085,5786085,1,44,359,798,,3239607,,,,2436656,,5786085,Lagothrix lagothricha,"Lagothrix lagothricha (Humboldt, 1812)",Lagothrix lagotricha,,EML,2026-09-19T12:16:15.241Z,2026-09-19T12:05:04.259Z,,True,,True,LATIN_AMERICA,EUROPE,,BRA,Brazil,BRA.4_1,Amazonas,BRA.4.22_2,Eirunepé,,,VU,MANTER_COM_RESSALVA,possivel duplicata (mesma coordenada/data/coletor) - conferir antes de modelar
3961143933,,,,CC_BY_NC_4_0,2024-04-03T12:02:59Z,,https://www.inaturalist.org/observations/140174747,Giovanni B. Pupin,,,,,iNaturalist,Observations,iNaturalist research-grade observations,,HUMAN_OBSERVATION,Coordinate uncertainty increased to 31218m to protect threatened taxon,,,https://www.inaturalist.org/observations/140174747,140174747,,Giovanni B. Pupin,,,,,,,,,,,,,,,PRESENT,,,,,,,,,,,,,,,,,,,,,,,2022-09-21T10:47,10:47:00-04:00,264.0,264.0,2022.0,9.0,21.0,2022/09/21 10:47,,,,,,,,,,,SOUTH_AMERICA,,,,BR,Mato Grosso,,,,"Aripuanã, BR-MT, BR",,,,,,,,-9.809387,-59.46282,31218.0,,,,,,,,,,,,,,,,,,,,,,,,,,,,,,,438795097.0,,,,Enrico A. R. Tosto,,2023-12-29T16:09:55,,,@vermeerjan,1369213,,,,,,,,"Lagothrix lagothricha cana (É.Geoffroy Saint-Hilaire, 1812)",,,,,,,,Animalia,Chordata,Mammalia,Primates,,Atelidae,,,,Lagothrix,Lagothrix,,,lagothricha,cana,,SUBSPECIES,,,,ACCEPTED,,,50c9509d-22c7-4a22-a47d-8c48425ef4a7,US,2026-09-11T05:44:59.698Z,,,,,,COORDINATE_ROUNDED;CONTINENT_DERIVED_FROM_COORDINATES;TAXON_ID_NOT_FOUND,,,StillImage,True,False,5786086,5786086,1,44,359,798,,3239607,,,,2436656,,5786085,Lagothrix lagothricha,"Lagothrix lagothricha cana (É.Geoffroy Saint-Hilaire, 1812)",Lagothrix lagothricha cana,,DWC_ARCHIVE,2026-09-11T05:44:59.698Z,2026-09-10T19:15:51.157Z,,True,,False,LATIN_AMERICA,NORTH_AMERICA,,,,,,,,,,,REVISAR,fora da distribuicao amazonica plausivel da especie (estado=nan) - provavel erro de identificacao/geolocalizacao
3892650434,,,,CC_BY_NC_4_0,2026-06-17T12:55:05Z,,https://www.inaturalist.org/observations/127024464,gabriel15757,,,,,iNaturalist,Observations,iNaturalist research-grade observations,,HUMAN_OBSERVATION,Coordinate uncertainty increased to 31418m to protect threatened taxon,,,https://www.inaturalist.org/observations/127024464,127024464,,gabriel15757,,,,,,,,,,,,,,,PRESENT,,,,,,,,,,,,,,,,,,,,,,,2021-12-20T11:53,11:53:00-04:00,354.0,354.0,2021.0,12.0,20.0,2021-12-20 12:53:00-03:00,,,,,,,,,,,SOUTH_AMERICA,,,,BR,Amazonas,,,,"Autazes, BR-AM, BR",,,,,,,,-3.623956,-59.945467,31418.0,,,,,,,,,,,,,,,,,,,,,,,,,,,,,,,754457657.0,,,,kc1rt4pn0sd3,,2026-01-25T19:40:32,,,@enricotosto96,1369213,,,,,,,,"Lagothrix lagothricha cana (É.Geoffroy Saint-Hilaire, 1812)",,,,,,,,Animalia,Chordata,Mammalia,Primates,,Atelidae,,,,Lagothrix,Lagothrix,,,lagothricha,cana,,SUBSPECIES,,,,ACCEPTED,,,50c9509d-22c7-4a22-a47d-8c48425ef4a7,US,2026-09-11T05:45:50.475Z,,,,,,COORDINATE_ROUNDED;CONTINENT_DERIVED_FROM_COORDINATES;TAXON_ID_NOT_FOUND,,,StillImage,True,False,5786086,5786086,1,44,359,798,,3239607,,,,2436656,,5786085,Lagothrix lagothricha,"Lagothrix lagothricha cana (É.Geoffroy Saint-Hilaire, 1812)",Lagothrix lagothricha cana,,DWC_ARCHIVE,2026-09-11T05:45:50.475Z,2026-09-10T19:15:51.157Z,,True,,False,LATIN_AMERICA,NORTH_AMERICA,,BRA,Brazil,BRA.4_1,Amazonas,BRA.4.18_2,Careiro,,,,MANTER,sem problema relevante detectado
3760631368,,,,CC_BY_NC_4_0,2026-01-25T19:43:48Z,,https://www.inaturalist.org/observations/109442562,jbeirao,,,,,iNaturalist,Observations,iNaturalist research-grade observations,,HUMAN_OBSERVATION,Coordinate uncertainty increased to 31245m to protect threatened taxon,,,https://www.inaturalist.org/observations/109442562,109442562,,jbeirao,,,,,,,,,,,,,,,PRESENT,,,,,,,,,,,,,,,,,,,,,,,2022-03-16T10:35,10:35:00-03:00,75.0,75.0,2022.0,3.0,16.0,2022/03/16 10:35 AM -0300,,,,,,,,,,,SOUTH_AMERICA,,,,BR,Mato Grosso,,,,"Mato Grosso, BR",,,,,,,,-9.335025,-57.197557,31245.0,,,,,,,,,,,,,,,,,,,,,,,,,,,,,,,438795208.0,,,,Enrico A. R. Tosto,,2023-12-29T16:10:26,,,@vermeerjan,1369213,,,,,,,,"Lagothrix lagothricha cana (É.Geoffroy Saint-Hilaire, 1812)",,,,,,,,Animalia,Chordata,Mammalia,Primates,,Atelidae,,,,Lagothrix,Lagothrix,,,lagothricha,cana,,SUBSPECIES,,,,ACCEPTED,,,50c9509d-22c7-4a22-a47d-8c48425ef4a7,US,2026-09-11T05:27:19.103Z,,,,,,COORDINATE_ROUNDED;CONTINENT_DERIVED_FROM_COORDINATES;TAXON_ID_NOT_FOUND,,,StillImage,True,False,5786086,5786086,1,44,359,798,,3239607,,,,2436656,,5786085,Lagothrix lagothricha,"Lagothrix lagothricha cana (É.Geoffroy Saint-Hilaire, 1812)",Lagothrix lagothricha cana,,DWC_ARCHIVE,2026-09-11T05:27:19.103Z,2026-09-10T19:15:51.157Z,,True,,False,LATIN_AMERICA,NORTH_AMERICA,,BRA,Brazil,BRA.12_1,Mato Grosso,BRA.12.9_2,Apiacás,,,,MANTER_COM_RESSALVA,"dentro da Amazonia mas fora de AM/AC/RO/RR (estado=Mato Grosso) - fora da area de estudo, mantido apenas como contexto de fundo"
3759054962,,,,CC_BY_4_0,2024-04-03T12:03:53Z,,https://www.inaturalist.org/observations/109531418,Allan Hopkins,,,,,iNaturalist,Observations,iNaturalist research-grade observations,,HUMAN_OBSERVATION,Coordinate uncertainty increased to 31218m to protect threatened taxon,,"""{""""evidenceOfPresence"""":""""organism""""}""",https://www.inaturalist.org/observations/109531418,109531418,,Allan Hopkins,,,,,,,,,,alive,,,,,PRESENT,,,,,,,,"Formerly Geoffroy's Woolly Monkey (Lagothrix cana), aka Grey Woolly Monkey. Observed next to the Rio Juruena, which marks the eastern boundary to its distribution. IUCN Endangered Species. Fazenda São Nicolau, Cotriguaçu, Mato Grosso, Brazil",,,,,,,,,,,,,,,2019-09-05T10:18:55,10:18:55-04:00,248.0,248.0,2019.0,9.0,5.0,2019-09-05 10:18:55,,,,,,,,,,,SOUTH_AMERICA,,,,BR,Mato Grosso,,,,"Mato Grosso, BR",,,,,,,,-9.881052,-58.38278,31218.0,,,,,,,,,,,,,,,,,,,,,,,,,,,,,,,438795140.0,,,,Enrico A. R. Tosto,,2023-12-29T16:10:07,,,@vermeerjan,1369213,,,,,,,,"Lagothrix lagothricha cana (É.Geoffroy Saint-Hilaire, 1812)",,,,,,,,Animalia,Chordata,Mammalia,Primates,,Atelidae,,,,Lagothrix,Lagothrix,,,lagothricha,cana,,SUBSPECIES,,,,ACCEPTED,,,50c9509d-22c7-4a22-a47d-8c48425ef4a7,GB,2026-09-11T05:51:56.855Z,,,,,,COORDINATE_ROUNDED;CONTINENT_DERIVED_FROM_COORDINATES;TAXON_ID_NOT_FOUND,,,StillImage,True,False,5786086,5786086,1,44,359,798,,3239607,,,,2436656,,5786085,Lagothrix lagothricha,"Lagothrix lagothricha cana (É.Geoffroy Saint-Hilaire, 1812)",Lagothrix lagothricha cana,,DWC_ARCHIVE,2026-09-11T05:51:56.855Z,2026-09-10T19:15:51.157Z,,True,,False,LATIN_AMERICA,EUROPE,,BRA,Brazil,BRA.12_1,Mato Grosso,BRA.12.37_2,Cotriguaçu,,,,MANTER_COM_RESSALVA,"dentro da Amazonia mas fora de AM/AC/RO/RR (estado=Mato Grosso) - fora da area de estudo, mantido apenas como contexto de fundo"
3415737942,,,,CC_BY_NC_4_0,2024-08-05T13:16:51Z,,https://www.inaturalist.org/observations/101131635,Marllus Rafael Almeida,,,,,iNaturalist,Observations,iNaturalist research-grade observations,,HUMAN_OBSERVATION,Coordinate uncertainty increased to 31317m to protect threatened taxon,,"""{""""evidenceOfPresence"""":""""organism""""}""",https://www.inaturalist.org/observations/101131635,101131635,,Marllus Rafael Almeida,https://orcid.org/0000-0001-5990-9401,,,,,,,,,alive,,,,,PRESENT,,,,,,,,,,,,,,,,,,,,,,,2021-11-11T07:41,07:41:00-03:00,315.0,315.0,2021.0,11.0,11.0,2021/11/11 7:41 AM -0300,,,,,,,,,,,SOUTH_AMERICA,,,,BR,Acre,,,,,,,,,,,,-7.548051,-73.741682,31317.0,,,,,,,,,,,,,,,,,,,,,,,,,,,,,,,248605352.0,,,,Marllus Rafael Almeida,https://orcid.org/0000-0001-5990-9401,2022-04-12T14:10:52,,,,1369212,,,,,,,,"Lagothrix lagothricha poeppigii Schinz, 1844",,,,,,,,Animalia,Chordata,Mammalia,Primates,,Atelidae,,,,Lagothrix,Lagothrix,,,lagothricha,poeppigii,,SUBSPECIES,,,,ACCEPTED,,,50c9509d-22c7-4a22-a47d-8c48425ef4a7,US,2026-09-11T05:57:22.097Z,,,,,,COORDINATE_ROUNDED;CONTINENT_DERIVED_FROM_COORDINATES;TAXON_ID_NOT_FOUND,,,Sound,True,False,5786087,5786087,1,44,359,798,,3239607,,,,2436656,,5786085,Lagothrix lagothricha,"Lagothrix lagothricha poeppigii Schinz, 1844",Lagothrix lagothricha poeppigii,,DWC_ARCHIVE,2026-09-11T05:57:22.097Z,2026-09-10T19:15:51.157Z,,True,,False,LATIN_AMERICA,NORTH_AMERICA,https://www.inaturalist.org/projects/audio-observations-from-around-the-world,BRA,Brazil,BRA.1_1,Acre,BRA.1.10_2,Mâncio Lima,,,,MANTER,sem problema relevante detectado
3330699798,,,,CC0_1_0,2026-08-25T10:50:57Z,,https://www.inaturalist.org/observations/87395466,NINA WENÓLI,,,,,iNaturalist,Observations,iNaturalist research-grade observations,,HUMAN_OBSERVATION,Coordinate uncertainty increased to 31362m to protect threatened taxon,,,https://www.inaturalist.org/observations/87395466,87395466,,NINA WENÓLI,,,,,,Adult,,,,alive,,,,,PRESENT,,,,,,,,,,,,,,,,,,,,,,,2019-12-01T13:35Z,13:35:00Z,335.0,335.0,2019.0,12.0,1.0,2019/12/01 1:35 PM UTC,,,,,,,,,,,SOUTH_AMERICA,,,,BR,Pará,,,,"Pará, BR",,,,,,,,-6.072065,-49.84796,31362.0,,,,,,,,,,,,,,,,,,,,,,,,,,,,,,,754457909.0,,,,kc1rt4pn0sd3,,2026-01-25T19:41:11,,,,1369213,,,,,,,,"Lagothrix lagothricha cana (É.Geoffroy Saint-Hilaire, 1812)",,,,,,,,Animalia,Chordata,Mammalia,Primates,,Atelidae,,,,Lagothrix,Lagothrix,,,lagothricha,cana,,SUBSPECIES,,,,ACCEPTED,,,50c9509d-22c7-4a22-a47d-8c48425ef4a7,US,2026-09-11T05:40:15.844Z,,,,,,COORDINATE_ROUNDED;CONTINENT_DERIVED_FROM_COORDINATES;TAXON_ID_NOT_FOUND,,,StillImage,True,False,5786086,5786086,1,44,359,798,,3239607,,,,2436656,,5786085,Lagothrix lagothricha,"Lagothrix lagothricha cana (É.Geoffroy Saint-Hilaire, 1812)",Lagothrix lagothricha cana,,DWC_ARCHIVE,2026-09-11T05:40:15.844Z,2026-09-10T19:15:51.157Z,,True,,False,LATIN_AMERICA,NORTH_AMERICA,,,,,,,,,,,REVISAR,fora da distribuicao amazonica plausivel da especie (estado=nan) - provavel erro de identificacao/geolocalizacao
3067880790,,,,CC_BY_NC_4_0,2024-04-03T12:03:41Z,,https://www.inaturalist.org/observations/71635153,Bradley Davis,,,,,iNaturalist,Observations,iNaturalist research-grade observations,,HUMAN_OBSERVATION,Coordinate uncertainty increased to 31218m to protect threatened taxon,,,https://www.inaturalist.org/observations/71635153,71635153,,Bradley Davis,,,,,,,,,,,,,,,PRESENT,,,,,,,,,,,,,,,,,,,,,,,2018-04-15T09:57Z,09:57:00Z,105.0,105.0,2018.0,4.0,15.0,2018/04/15 9:57 AM UTC,,,,,,,,,,,SOUTH_AMERICA,,,,BR,Mato Grosso,,,,"Mato Grosso, BR",,,,,,,,-9.860379,-58.311906,31218.0,,,,,,,,,,,,,,,,,,,,,,,,,,,,,,,438795421.0,,,,Enrico A. R. Tosto,,2023-12-29T16:11:14,,,@vermeerjan,1369213,,,,,,,,"Lagothrix lagothricha cana (É.Geoffroy Saint-Hilaire, 1812)",,,,,,,,Animalia,Chordata,Mammalia,Primates,,Atelidae,,,,Lagothrix,Lagothrix,,,lagothricha,cana,,SUBSPECIES,,,,ACCEPTED,,,50c9509d-22c7-4a22-a47d-8c48425ef4a7,US,2026-09-11T05:27:54.799Z,,,,,,COORDINATE_ROUNDED;CONTINENT_DERIVED_FROM_COORDINATES;TAXON_ID_NOT_FOUND,,,StillImage,True,False,5786086,5786086,1,44,359,798,,3239607,,,,2436656,,5786085,Lagothrix lagothricha,"Lagothrix lagothricha cana (É.Geoffroy Saint-Hilaire, 1812)",Lagothrix lagothricha cana,,DWC_ARCHIVE,2026-09-11T05:27:54.799Z,2026-09-10T19:15:51.157Z,,True,,False,LATIN_AMERICA,NORTH_AMERICA,,BRA,Brazil,BRA.12_1,Mato Grosso,BRA.12.37_2,Cotriguaçu,,,,MANTER_COM_RESSALVA,"dentro da Amazonia mas fora de AM/AC/RO/RR (estado=Mato Grosso) - fora da area de estudo, mantido apenas como contexto de fundo"
3025932066,,,en,CC_BY_NC_4_0,,,,Royal Belgian Institute of Natural Sciences,PhysicalObject,https://www.wikidata.org/wiki/Q222297,http://collections.naturalsciences.be/7,be_rbins_darwin,RBINS-Scientific Heritage,urn:catalog:RBINS:mam,Royal Belgian Institute of Natural Sciences Collection,RBINS,PRESERVED_SPECIMEN,,,,https://darwin.naturalsciences.be/uri/object/50afb2c9-2d10-4d48-8949-8630775ab2bb,12500,,,,,1.0,SpecimensInContainer,Female,Juvenile,,,,,,,,,PRESENT,container type: specimen jar; preservation method: alcohol,Present,,,,,urn:catalog:RBINS:IG:21316,,,,,,,,,,,,,,,VERTEBRATES/12144,,,,,,,,,,,,,,,,http://www.geonames.org/3392268,,,SOUTH_AMERICA,,,,BR,,,,Pernambuco,"Brazil, Pernambuco",,,,,,,,-8.33333,-37.75,999999.0,,,,,,,,,,,,,,,,,,,,,,,,,,,,,,,,,,,Frechkop Serge (M.),,1958-01-01T00:00:00,,,,https://www.gbif.org/species/5786085,,,,,,,,"Lagothrix lagothricha (Humboldt, 1812)",,"Lagothrix Geoffroy Saint-Hilaire, 1812",,,,,,Animalia,Chordata,Mammalia,Primates,,Atelidae,,,,Lagothrix,Lagothrix,,,lagothricha,,,SPECIES,,,ICZN,ACCEPTED,,,8138eb72-f762-11e1-a439-00145eb45e9a,BE,2026-08-24T21:01:58.778Z,,,,,,GEODETIC_DATUM_ASSUMED_WGS84;CONTINENT_DERIVED_FROM_COORDINATES;TYPE_STATUS_INVALID;INSTITUTION_MATCH_NONE;TAXON_ID_NOT_FOUND,,,,True,False,5786085,5786085,1,44,359,798,,3239607,,,,2436656,,5786085,Lagothrix lagothricha,"Lagothrix lagothricha (Humboldt, 1812)","Lagothrix lagothricha (Humboldt, 1812)",,EML,2026-08-24T21:01:58.778Z,2026-08-13T15:27:41.593Z,,True,,False,LATIN_AMERICA,EUROPE,,BRA,Brazil,BRA.17_1,Pernambuco,BRA.17.56_2,Custódia,,,VU,REVISAR,fora da distribuicao amazonica plausivel da especie (estado=Pernambuco) - provavel erro de identificacao/geolocalizacao
3024405544,,,,CC_BY_NC_4_0,,,,Royal Belgian Institute of Natural Sciences,,https://ror.org/02y22ws83,de39391d-54c5-4b27-9b64-4b392bdeca13,be_rbins_vertebrates_mammalia,RBINS,VER-MAM,,RBINS,PRESERVED_SPECIMEN,,,,https://darwin.naturalsciences.be/uri/object/50afb2c9-2d10-4d48-8949-8630775ab2bb,12500,urn:catalog:RBINS:IG:21316,,,,1.0,SpecimensInContainer,Female,Juvenile,,,,,,,,,PRESENT,container type: specimen jar; preservation method: alcohol,Present,,,,,,,,,,,,,50afb2c9-2d10-4d48-8949-8630775ab2bb,,,,,,,VERTEBRATES/12144,,,,,,,,,,,,,,,,http://www.geonames.org/3392268,,,SOUTH_AMERICA,,,,BR,,,,Pernambuco,"Brazil, Pernambuco",,,,,,,,-8.33333,-37.75,999999.0,,,,,,,,,,,,,,,,,,,,,,,,,,,,,,,,,,,Frechkop Serge (M.),,1958-01-01T00:00:00,,,,,,,,,,,,"Lagothrix lagothricha (Humboldt, 1812)",,"Lagothrix Geoffroy Saint-Hilaire, 1812",,,,,,Animalia,Chordata,Mammalia,Primates,,Atelidae,,,,Lagothrix,Lagothrix,,,lagothricha,,,SPECIES,,,ICZN,ACCEPTED,,,8581f44d-7373-4138-9a3f-7d7508047419,BE,2026-08-24T15:17:24.095Z,,,,,,GEODETIC_DATUM_ASSUMED_WGS84;CONTINENT_DERIVED_FROM_COORDINATES,,,,True,False,5786085,5786085,1,44,359,798,,3239607,,,,2436656,,5786085,Lagothrix lagothricha,"Lagothrix lagothricha (Humboldt, 1812)","Lagothrix lagothricha (Humboldt, 1812)",,EML,2026-08-24T15:17:24.095Z,2026-08-23T06:51:57.544Z,,True,,False,LATIN_AMERICA,EUROPE,,BRA,Brazil,BRA.17_1,Pernambuco,BRA.17.56_2,Custódia,,,VU,EXCLUIR,"coordenada repetida entre registros do mesmo dataset em datas distintas, fora da Amazonia plausivel - provavel endereco institucional (sede/permissionario SISBio), nao local de observacao"
2626348725,,,,CC_BY_4_0,2025-08-08T19:28:38Z,,https://www.inaturalist.org/observations/46543747,Fábio Olmos,,,,,iNaturalist,Observations,iNaturalist research-grade observations,,HUMAN_OBSERVATION,Coordinate uncertainty increased to 31208m to protect threatened taxon,,,https://www.inaturalist.org/observations/46543747,46543747,,Fábio Olmos,,,,,,,,,,,,,,,PRESENT,,,,,,,,,,,,,,,,,,,,,,,2019-10-26T12:22,12:22:00-03:00,299.0,299.0,2019.0,10.0,26.0,2019/10/26 12:22 PM -0300,,,,,,,,,,,SOUTH_AMERICA,,,,BR,Mato Grosso,,,,"Aripuanã, BR-MT, BR",,,,,,,,-10.084478,-61.320244,31208.0,,,,,,,,,,,,,,,,,,,,,,,,,,,,,,,438795466.0,,,,Enrico A. R. Tosto,,2023-12-29T16:11:25,,,@vermeerjan,1369213,,,,,,,,"Lagothrix lagothricha cana (É.Geoffroy Saint-Hilaire, 1812)",,,,,,,,Animalia,Chordata,Mammalia,Primates,,Atelidae,,,,Lagothrix,Lagothrix,,,lagothricha,cana,,SUBSPECIES,,,,ACCEPTED,,,50c9509d-22c7-4a22-a47d-8c48425ef4a7,US,2026-09-11T05:25:33.099Z,,,,,,COORDINATE_ROUNDED;CONTINENT_DERIVED_FROM_COORDINATES;TAXON_ID_NOT_FOUND,,,StillImage,True,False,5786086,5786086,1,44,359,798,,3239607,,,,2436656,,5786085,Lagothrix lagothricha,"Lagothrix lagothricha cana (É.Geoffroy Saint-Hilaire, 1812)",Lagothrix lagothricha cana,,DWC_ARCHIVE,2026-09-11T05:25:33.099Z,2026-09-10T19:15:51.157Z,,True,,False,LATIN_AMERICA,NORTH_AMERICA,,BRA,Brazil,BRA.12_1,Mato Grosso,BRA.12.109_2,Rondolândia,,,,MANTER_COM_RESSALVA,"dentro da Amazonia mas fora de AM/AC/RO/RR (estado=Mato Grosso) - fora da area de estudo, mantido apenas como contexto de fundo"
2626105649,,,,CC_BY_NC_4_0,2022-03-26T00:10:57Z,,https://www.inaturalist.org/observations/43166095,scottisom,,,,,iNaturalist,Observations,iNaturalist research-grade observations,,HUMAN_OBSERVATION,Coordinate uncertainty increased to 31428m to protect threatened taxon,,,https://www.inaturalist.org/observations/43166095,43166095,,scottisom,,,,,,,,,,,,,,,PRESENT,,,,,,,,,,,,,,,,,,,,,,,2012-06-16T07:13,07:13:00-07:00,168.0,168.0,2012.0,6.0,16.0,2012/06/16 7:13 AM PDT,,,,,,,,,,,SOUTH_AMERICA,,,,BR,Amazonas,,,,"Maués, BR-AM, BR",,,,,,,,-3.007984,-60.148389,31428.0,,,,,,,,,,,,,,,,,,,,,,,,,,,,,,,244503753.0,,,,Michele Chiacchio,,2022-03-26T00:09:51,,,,1369209,,,,,,,,"Lagothrix lagothricha (Humboldt, 1812)",,,,,,,,Animalia,Chordata,Mammalia,Primates,,Atelidae,,,,Lagothrix,Lagothrix,,,lagothricha,,,SPECIES,,,,ACCEPTED,,,50c9509d-22c7-4a22-a47d-8c48425ef4a7,US,2026-09-11T06:00:24.582Z,,,,,,COORDINATE_ROUNDED;CONTINENT_DERIVED_FROM_COORDINATES;TAXON_ID_NOT_FOUND,,,StillImage,True,False,5786085,5786085,1,44,359,798,,3239607,,,,2436656,,5786085,Lagothrix lagothricha,"Lagothrix lagothricha (Humboldt, 1812)",Lagothrix lagothricha,,DWC_ARCHIVE,2026-09-11T06:00:24.582Z,2026-09-10T19:15:51.157Z,,True,,False,LATIN_AMERICA,NORTH_AMERICA,,BRA,Brazil,BRA.4_1,Amazonas,BRA.4.38_2,Manaus,,,VU,MANTER,sem problema relevante detectado
2557770096,,,,CC_BY_4_0,2024-04-03T12:04:11Z,,https://www.inaturalist.org/observations/37524816,Allan Hopkins,,,,,iNaturalist,Observations,iNaturalist research-grade observations,,HUMAN_OBSERVATION,Coordinate uncertainty increased to 31218m to protect threatened taxon,,"""{""""evidenceOfPresence"""":""""organism""""}""",https://www.inaturalist.org/observations/37524816,37524816,,Allan Hopkins,,,,,,Adult,,,,alive,,,,,PRESENT,,,,,,,,"Aka Grey Woolly Monkey. Using its prehensile tail as an anchor while feeding high in the rainforest canopy. Observed next to the Rio Juruena, which marks the eastern boundary to its distribution. IUCN Endangered Species. Fazenda São Nicolau, Cotriguaçu, Mato Grosso, Brazil",,,,,,,,,,,,,,,2019-09-05T10:26:45,10:26:45-04:00,248.0,248.0,2019.0,9.0,5.0,2019-09-05 10:26:45,,,,,,,,,,,SOUTH_AMERICA,,,,BR,Mato Grosso,,,,"Mato Grosso, BR",,,,,,,,-9.934633,-58.34504,31218.0,,,,,,,,,,,,,,,,,,,,,,,,,,,,,,,438796218.0,,,,Enrico A. R. Tosto,,2023-12-29T16:14:36,,,@vermeerjan,1369213,,,,,,,,"Lagothrix lagothricha cana (É.Geoffroy Saint-Hilaire, 1812)",,,,,,,,Animalia,Chordata,Mammalia,Primates,,Atelidae,,,,Lagothrix,Lagothrix,,,lagothricha,cana,,SUBSPECIES,,,,ACCEPTED,,,50c9509d-22c7-4a22-a47d-8c48425ef4a7,GB,2026-09-11T05:54:25.151Z,,,,,,COORDINATE_ROUNDED;CONTINENT_DERIVED_FROM_COORDINATES;TAXON_ID_NOT_FOUND,,,StillImage,True,False,5786086,5786086,1,44,359,798,,3239607,,,,2436656,,5786085,Lagothrix lagothricha,"Lagothrix lagothricha cana (É.Geoffroy Saint-Hilaire, 1812)",Lagothrix lagothricha cana,,DWC_ARCHIVE,2026-09-11T05:54:25.151Z,2026-09-10T19:15:51.157Z,,True,,False,LATIN_AMERICA,EUROPE,https://www.inaturalist.org/projects/lagothrix-and-ateles-distribution-and-seed-dispersal-function,BRA,Brazil,BRA.12_1,Mato Grosso,BRA.12.37_2,Cotriguaçu,,,,MANTER_COM_RESSALVA,"dentro da Amazonia mas fora de AM/AC/RO/RR (estado=Mato Grosso) - fora da area de estudo, mantido apenas como contexto de fundo"
2447970928,,,,CC_BY_NC_4_0,2025-04-15T12:10:03Z,,https://www.inaturalist.org/observations/35009975,Paulo Henrique Bonavigo,,,,,iNaturalist,Observations,iNaturalist research-grade observations,,HUMAN_OBSERVATION,Coordinate uncertainty increased to 31254m to protect threatened taxon,,,https://www.inaturalist.org/observations/35009975,35009975,,Paulo Henrique Bonavigo,,,,,,,,,,,,,,,PRESENT,,,,,,,,,,,,,,,,,,,,,,,2019-10-17T09:03,09:03:00-03:00,290.0,290.0,2019.0,10.0,17.0,2019/10/17 9:03 AM ADT,,,,,,,,,,,SOUTH_AMERICA,,,,BR,Mato Grosso,,,,"Mato Grosso, BR",,,,,,,,-9.162585,-59.184418,31254.0,,,,,,,,,,,,,,,,,,,,,,,,,,,,,,,438796261.0,,,,Enrico A. R. Tosto,,2023-12-29T16:14:51,,,@vermeerjan,1369213,,,,,,,,"Lagothrix lagothricha cana (É.Geoffroy Saint-Hilaire, 1812)",,,,,,,,Animalia,Chordata,Mammalia,Primates,,Atelidae,,,,Lagothrix,Lagothrix,,,lagothricha,cana,,SUBSPECIES,,,,ACCEPTED,,,50c9509d-22c7-4a22-a47d-8c48425ef4a7,US,2026-09-11T05:26:14.823Z,,,,,,COORDINATE_ROUNDED;CONTINENT_DERIVED_FROM_COORDINATES;TAXON_ID_NOT_FOUND,,,StillImage,True,False,5786086,5786086,1,44,359,798,,3239607,,,,2436656,,5786085,Lagothrix lagothricha,"Lagothrix lagothricha cana (É.Geoffroy Saint-Hilaire, 1812)",Lagothrix lagothricha cana,,DWC_ARCHIVE,2026-09-11T05:26:14.823Z,2026-09-10T19:15:51.157Z,,True,,False,LATIN_AMERICA,NORTH_AMERICA,,BRA,Brazil,BRA.12_1,Mato Grosso,BRA.12.33_2,Colniza,,,,MANTER_COM_RESSALVA,"dentro da Amazonia mas fora de AM/AC/RO/RR (estado=Mato Grosso) - fora da area de estudo, mantido apenas como contexto de fundo"
1322352400,,,,CC0_1_0,2023-02-10T11:15:00Z,,,,,urn:lsid:biocol.org:col:34871,urn:uuid:59e56a59-8615-4e0c-841d-eb88f3876b22,,USNM,MAMM,NMNH Extant Biology,,PRESERVED_SPECIMEN,,,,http://n2t.net/ark:/65665/3e3d0d670-a1e3-4db8-8d17-c678286c0fe8,USNM 545881,A 1783,,,1.0,,,Female,,,,,,,,,,PRESENT,Skull,,,,,,,,,,,,,,,,,,,,,,1974-12-04,,338.0,338.0,1974.0,12.0,4.0,4 Dec 1974,,,,,,,,,,"South America, Brazil, Amazonas",SOUTH_AMERICA,,,,BR,Amazonas,,,"Humaita, Br. 230, Itaituba-Humaita, Km. 969, Transamazonica Hwy.",,,,,,,,,-7.52,-63.03,,,,Degrees Minutes Seconds,,,,,,,,,,,,,,,,,,,,,,,,,,,,,,,,,,,,,,,,,,,,,,"Lagothrix lagothricha (Humboldt, 1812)",,,,,,,"Animalia, Chordata, Vertebrata, Mammalia, Eutheria, Primates, Haplorrhini, Atelidae, Atelinae",Animalia,Chordata,Mammalia,Primates,,Atelidae,,,,Lagothrix,Lagothrix,,,lagothricha,,,SPECIES,,,,ACCEPTED,,,821cc27a-e3bb-4bc5-ac34-89ada245069d,US,2026-09-04T12:17:27.863Z,,,,,,GEODETIC_DATUM_ASSUMED_WGS84;OCCURRENCE_STATUS_INFERRED_FROM_INDIVIDUAL_COUNT;TAXON_MATCH_FUZZY,,,StillImage,True,False,5786085,5786085,1,44,359,798,,3239607,,,,2436656,,5786085,Lagothrix lagothricha,"Lagothrix lagothricha (Humboldt, 1812)",Lagothrix lagotricha,,EML,2026-09-04T12:17:27.863Z,2026-09-04T06:29:08.774Z,,True,,False,LATIN_AMERICA,NORTH_AMERICA,,BRA,Brazil,BRA.4_1,Amazonas,BRA.4.26_2,Humaitá,,,VU,MANTER_COM_RESSALVA,possivel duplicata (mesma coordenada/data/coletor) - conferir antes de modelar
1321887181,,,,CC0_1_0,2019-11-22T12:10:00Z,,,,,urn:lsid:biocol.org:col:34871,urn:uuid:59e56a59-8615-4e0c-841d-eb88f3876b22,,USNM,MAMM,NMNH Extant Biology,,PRESERVED_SPECIMEN,,,,http://n2t.net/ark:/65665/3cf3b239e-580d-4458-b2c6-229fe844089d,USNM 545884,HB 311,,,1.0,,,Female,,,,,,,,,,PRESENT,Skull,,,,,,,,,,,,,,,,,,,,,,1975-11-11,,315.0,315.0,1975.0,11.0,11.0,11 Nov 1975,,,,,,,,,,"South America, Brazil, Mato Grosso",SOUTH_AMERICA,,,,BR,Mato Grosso,,,Aripuana,,,,,,,,,-9.17,-60.63,,,,Degrees Minutes Seconds,,,,,,,,,,,,,,,,,,,,,,,,,,,,,,,,,,,,,,,,,,,,,,"Lagothrix lagothricha (Humboldt, 1812)",,,,,,,"Animalia, Chordata, Vertebrata, Mammalia, Eutheria, Primates, Haplorrhini, Atelidae, Atelinae",Animalia,Chordata,Mammalia,Primates,,Atelidae,,,,Lagothrix,Lagothrix,,,lagothricha,,,SPECIES,,,,ACCEPTED,,,821cc27a-e3bb-4bc5-ac34-89ada245069d,US,2026-09-04T12:17:41.158Z,,,,,,GEODETIC_DATUM_ASSUMED_WGS84;OCCURRENCE_STATUS_INFERRED_FROM_INDIVIDUAL_COUNT;TAXON_MATCH_FUZZY,,,StillImage,True,False,5786085,5786085,1,44,359,798,,3239607,,,,2436656,,5786085,Lagothrix lagothricha,"Lagothrix lagothricha (Humboldt, 1812)",Lagothrix lagotricha,,EML,2026-09-04T12:17:41.158Z,2026-09-04T06:29:08.774Z,,True,,False,LATIN_AMERICA,NORTH_AMERICA,,BRA,Brazil,BRA.12_1,Mato Grosso,BRA.12.33_2,Colniza,,,VU,MANTER_COM_RESSALVA,"dentro da Amazonia mas fora de AM/AC/RO/RR (estado=Mato Grosso) - fora da area de estudo, mantido apenas como contexto de fundo"
1321741462,,,,CC0_1_0,2019-11-22T12:10:00Z,,,,,urn:lsid:biocol.org:col:34871,urn:uuid:59e56a59-8615-4e0c-841d-eb88f3876b22,,USNM,MAMM,NMNH Extant Biology,,PRESERVED_SPECIMEN,,,,http://n2t.net/ark:/65665/3c8bef4ff-a0d8-4138-9668-50b515c3a815,USNM 545883,HB 204,,,1.0,,,Male,,,,,,,,,,PRESENT,Skull,,,,,,,,,,,,,,,,,,,,,,1975-06-05,,156.0,156.0,1975.0,6.0,5.0,5 Jun 1975,,,,,,,,,,"South America, Brazil, Mato Grosso",SOUTH_AMERICA,,,,BR,Mato Grosso,,,Aripuana,,,,,,,,,-9.17,-60.63,,,,Degrees Minutes Seconds,,,,,,,,,,,,,,,,,,,,,,,,,,,,,,,,,,,,,,,,,,,,,,"Lagothrix lagothricha (Humboldt, 1812)",,,,,,,"Animalia, Chordata, Vertebrata, Mammalia, Eutheria, Primates, Haplorrhini, Atelidae, Atelinae",Animalia,Chordata,Mammalia,Primates,,Atelidae,,,,Lagothrix,Lagothrix,,,lagothricha,,,SPECIES,,,,ACCEPTED,,,821cc27a-e3bb-4bc5-ac34-89ada245069d,US,2026-09-04T12:15:42.202Z,,,,,,GEODETIC_DATUM_ASSUMED_WGS84;OCCURRENCE_STATUS_INFERRED_FROM_INDIVIDUAL_COUNT;TAXON_MATCH_FUZZY,,,StillImage,True,False,5786085,5786085,1,44,359,798,,3239607,,,,2436656,,5786085,Lagothrix lagothricha,"Lagothrix lagothricha (Humboldt, 1812)",Lagothrix lagotricha,,EML,2026-09-04T12:15:42.202Z,2026-09-04T06:29:08.774Z,,True,,False,LATIN_AMERICA,NORTH_AMERICA,,BRA,Brazil,BRA.12_1,Mato Grosso,BRA.12.33_2,Colniza,,,VU,MANTER_COM_RESSALVA,"dentro da Amazonia mas fora de AM/AC/RO/RR (estado=Mato Grosso) - fora da area de estudo, mantido apenas como contexto de fundo"
1321332045,,,,CC0_1_0,2023-02-10T11:15:00Z,,,,,urn:lsid:biocol.org:col:34871,urn:uuid:59e56a59-8615-4e0c-841d-eb88f3876b22,,USNM,MAMM,NMNH Extant Biology,,PRESERVED_SPECIMEN,,,,http://n2t.net/ark:/65665/3b6a5c429-0041-4e7a-ae1f-e8a0c43d9157,USNM 545890,A 2479,,,1.0,,,Female,,,,,,,,,,PRESENT,Skull,,,,,,,,,,,,,,,,,,,,,,1975-11-10,,314.0,314.0,1975.0,11.0,10.0,10 Nov 1975,,,,,,,,,,"South America, Brazil, Para",SOUTH_AMERICA,,,,BR,Para,,,"Itaituba, Transamazonica Hwy., Itaituba-Jacareacanga Km. 212",,,,,,,,,-5.67,-56.75,,,,Degrees Minutes Seconds,,,,,,,,,,,,,,,,,,,,,,,,,,,,,,,,,,,,,,,,,,,,,,"Lagothrix lagothricha (Humboldt, 1812)",,,,,,,"Animalia, Chordata, Vertebrata, Mammalia, Eutheria, Primates, Haplorrhini, Atelidae, Atelinae",Animalia,Chordata,Mammalia,Primates,,Atelidae,,,,Lagothrix,Lagothrix,,,lagothricha,,,SPECIES,,,,ACCEPTED,,,821cc27a-e3bb-4bc5-ac34-89ada245069d,US,2026-09-04T12:17:17.943Z,,,,,,GEODETIC_DATUM_ASSUMED_WGS84;OCCURRENCE_STATUS_INFERRED_FROM_INDIVIDUAL_COUNT;TAXON_MATCH_FUZZY,,,StillImage,True,False,5786085,5786085,1,44,359,798,,3239607,,,,2436656,,5786085,Lagothrix lagothricha,"Lagothrix lagothricha (Humboldt, 1812)",Lagothrix lagotricha,,EML,2026-09-04T12:17:17.943Z,2026-09-04T06:29:08.774Z,,True,,False,LATIN_AMERICA,NORTH_AMERICA,,BRA,Brazil,BRA.14_1,Pará,BRA.14.58_2,Itaituba,,,VU,MANTER_COM_RESSALVA,"dentro da Amazonia mas fora de AM/AC/RO/RR (estado=Pará) - fora da area de estudo, mantido apenas como contexto de fundo"
1320763077,,,,CC0_1_0,2019-11-22T12:10:00Z,,,,,urn:lsid:biocol.org:col:34871,urn:uuid:59e56a59-8615-4e0c-841d-eb88f3876b22,,USNM,MAMM,NMNH Extant Biology,,PRESERVED_SPECIMEN,,,,http://n2t.net/ark:/65665/39d7f411f-ee6b-424f-b017-daaebbf53689,USNM 545886,HB 320,,,1.0,,,Male,,,,,,,,,,PRESENT,Skull,,,,,,,,,,,,,,,,,,,,,,1975-11-17,,321.0,321.0,1975.0,11.0,17.0,17 Nov 1975,,,,,,,,,,"South America, Brazil, Mato Grosso",SOUTH_AMERICA,,,,BR,Mato Grosso,,,Aripuana,,,,,,,,,-9.17,-60.63,,,,Degrees Minutes Seconds,,,,,,,,,,,,,,,,,,,,,,,,,,,,,,,,,,,,,,,,,,,,,,"Lagothrix lagothricha (Humboldt, 1812)",,,,,,,"Animalia, Chordata, Vertebrata, Mammalia, Eutheria, Primates, Haplorrhini, Atelidae, Atelinae",Animalia,Chordata,Mammalia,Primates,,Atelidae,,,,Lagothrix,Lagothrix,,,lagothricha,,,SPECIES,,,,ACCEPTED,,,821cc27a-e3bb-4bc5-ac34-89ada245069d,US,2026-09-04T12:17:16.407Z,,,,,,GEODETIC_DATUM_ASSUMED_WGS84;OCCURRENCE_STATUS_INFERRED_FROM_INDIVIDUAL_COUNT;TAXON_MATCH_FUZZY,,,StillImage,True,False,5786085,5786085,1,44,359,798,,3239607,,,,2436656,,5786085,Lagothrix lagothricha,"Lagothrix lagothricha (Humboldt, 1812)",Lagothrix lagotricha,,EML,2026-09-04T12:17:16.407Z,2026-09-04T06:29:08.774Z,,True,,False,LATIN_AMERICA,NORTH_AMERICA,,BRA,Brazil,BRA.12_1,Mato Grosso,BRA.12.33_2,Colniza,,,VU,MANTER_COM_RESSALVA,"dentro da Amazonia mas fora de AM/AC/RO/RR (estado=Mato Grosso) - fora da area de estudo, mantido apenas como contexto de fundo"
1320490338,,,,CC0_1_0,2019-11-22T12:10:00Z,,,,,urn:lsid:biocol.org:col:34871,urn:uuid:59e56a59-8615-4e0c-841d-eb88f3876b22,,USNM,MAMM,NMNH Extant Biology,,PRESERVED_SPECIMEN,,,,http://n2t.net/ark:/65665/3916ef209-b7dd-4187-9ec1-1d2c98b2a176,USNM 545889,HB 347,,,1.0,,,Male,,,,,,,,,,PRESENT,Skull,,,,,,,,,,,,,,,,,,,,,,1975-12-01,,335.0,335.0,1975.0,12.0,1.0,1 Dec 1975,,,,,,,,,,"South America, Brazil, Mato Grosso",SOUTH_AMERICA,,,,BR,Mato Grosso,,,Aripuana,,,,,,,,,-9.17,-60.63,,,,Degrees Minutes Seconds,,,,,,,,,,,,,,,,,,,,,,,,,,,,,,,,,,,,,,,,,,,,,,"Lagothrix lagothricha (Humboldt, 1812)",,,,,,,"Animalia, Chordata, Vertebrata, Mammalia, Eutheria, Primates, Haplorrhini, Atelidae, Atelinae",Animalia,Chordata,Mammalia,Primates,,Atelidae,,,,Lagothrix,Lagothrix,,,lagothricha,,,SPECIES,,,,ACCEPTED,,,821cc27a-e3bb-4bc5-ac34-89ada245069d,US,2026-09-04T12:18:34.371Z,,,,,,GEODETIC_DATUM_ASSUMED_WGS84;OCCURRENCE_STATUS_INFERRED_FROM_INDIVIDUAL_COUNT;TAXON_MATCH_FUZZY,,,StillImage,True,False,5786085,5786085,1,44,359,798,,3239607,,,,2436656,,5786085,Lagothrix lagothricha,"Lagothrix lagothricha (Humboldt, 1812)",Lagothrix lagotricha,,EML,2026-09-04T12:18:34.371Z,2026-09-04T06:29:08.774Z,,True,,False,LATIN_AMERICA,NORTH_AMERICA,,BRA,Brazil,BRA.12_1,Mato Grosso,BRA.12.33_2,Colniza,,,VU,MANTER_COM_RESSALVA,"dentro da Amazonia mas fora de AM/AC/RO/RR (estado=Mato Grosso) - fora da area de estudo, mantido apenas como contexto de fundo"
1319424519,,,,CC0_1_0,2019-11-22T12:10:00Z,,,,,urn:lsid:biocol.org:col:34871,urn:uuid:59e56a59-8615-4e0c-841d-eb88f3876b22,,USNM,MAMM,NMNH Extant Biology,,PRESERVED_SPECIMEN,,,,http://n2t.net/ark:/65665/3624d3ad4-e288-4a66-a62c-99197cc3a95e,USNM 545885,HB 318,,,1.0,,,Female,,,,,,,,,,PRESENT,Skull,,,,,,,,,,,,,,,,,,,,,,1975-11-15,,319.0,319.0,1975.0,11.0,15.0,15 Nov 1975,,,,,,,,,,"South America, Brazil, Mato Grosso",SOUTH_AMERICA,,,,BR,Mato Grosso,,,Aripuana,,,,,,,,,-9.17,-60.63,,,,Degrees Minutes Seconds,,,,,,,,,,,,,,,,,,,,,,,,,,,,,,,,,,,,,,,,,,,,,,"Lagothrix lagothricha (Humboldt, 1812)",,,,,,,"Animalia, Chordata, Vertebrata, Mammalia, Eutheria, Primates, Haplorrhini, Atelidae, Atelinae",Animalia,Chordata,Mammalia,Primates,,Atelidae,,,,Lagothrix,Lagothrix,,,lagothricha,,,SPECIES,,,,ACCEPTED,,,821cc27a-e3bb-4bc5-ac34-89ada245069d,US,2026-09-04T12:15:19.763Z,,,,,,GEODETIC_DATUM_ASSUMED_WGS84;OCCURRENCE_STATUS_INFERRED_FROM_INDIVIDUAL_COUNT;TAXON_MATCH_FUZZY,,,StillImage,True,False,5786085,5786085,1,44,359,798,,3239607,,,,2436656,,5786085,Lagothrix lagothricha,"Lagothrix lagothricha (Humboldt, 1812)",Lagothrix lagotricha,,EML,2026-09-04T12:15:19.763Z,2026-09-04T06:29:08.774Z,,True,,False,LATIN_AMERICA,NORTH_AMERICA,,BRA,Brazil,BRA.12_1,Mato Grosso,BRA.12.33_2,Colniza,,,VU,MANTER_COM_RESSALVA,"dentro da Amazonia mas fora de AM/AC/RO/RR (estado=Mato Grosso) - fora da area de estudo, mantido apenas como contexto de fundo"
1318548009,,,,CC0_1_0,2019-11-22T12:10:00Z,,,,,urn:lsid:biocol.org:col:34871,urn:uuid:59e56a59-8615-4e0c-841d-eb88f3876b22,,USNM,MAMM,NMNH Extant Biology,,PRESERVED_SPECIMEN,,,,http://n2t.net/ark:/65665/33b82ecf9-5aed-46e1-9dcc-51337f04ebf3,USNM 545887,HB 325,,,1.0,,,Female,,,,,,,,,,PRESENT,Skull,,,,,,,,,,,,,,,,,,,,,,1975-11-19,,323.0,323.0,1975.0,11.0,19.0,19 Nov 1975,,,,,,,,,,"South America, Brazil, Mato Grosso",SOUTH_AMERICA,,,,BR,Mato Grosso,,,Aripuana,,,,,,,,,-9.17,-60.63,,,,Degrees Minutes Seconds,,,,,,,,,,,,,,,,,,,,,,,,,,,,,,,,,,,,,,,,,,,,,,"Lagothrix lagothricha (Humboldt, 1812)",,,,,,,"Animalia, Chordata, Vertebrata, Mammalia, Eutheria, Primates, Haplorrhini, Atelidae, Atelinae",Animalia,Chordata,Mammalia,Primates,,Atelidae,,,,Lagothrix,Lagothrix,,,lagothricha,,,SPECIES,,,,ACCEPTED,,,821cc27a-e3bb-4bc5-ac34-89ada245069d,US,2026-09-04T12:15:12.298Z,,,,,,GEODETIC_DATUM_ASSUMED_WGS84;OCCURRENCE_STATUS_INFERRED_FROM_INDIVIDUAL_COUNT;TAXON_MATCH_FUZZY,,,StillImage,True,False,5786085,5786085,1,44,359,798,,3239607,,,,2436656,,5786085,Lagothrix lagothricha,"Lagothrix lagothricha (Humboldt, 1812)",Lagothrix lagotricha,,EML,2026-09-04T12:15:12.298Z,2026-09-04T06:29:08.774Z,,True,,False,LATIN_AMERICA,NORTH_AMERICA,,BRA,Brazil,BRA.12_1,Mato Grosso,BRA.12.33_2,Colniza,,,VU,MANTER_COM_RESSALVA,"dentro da Amazonia mas fora de AM/AC/RO/RR (estado=Mato Grosso) - fora da area de estudo, mantido apenas como contexto de fundo"
1318116814,,,,CC0_1_0,2019-11-22T12:10:00Z,,,,,urn:lsid:biocol.org:col:34871,urn:uuid:59e56a59-8615-4e0c-841d-eb88f3876b22,,USNM,MAMM,NMNH Extant Biology,,PRESERVED_SPECIMEN,,,,http://n2t.net/ark:/65665/3286c5ca7-3f79-46fc-862d-ae892f6832fa,USNM 545888,HB 346,,,1.0,,,Male,,,,,,,,,,PRESENT,Skull,,,,,,,,,,,,,,,,,,,,,,1975-12-01,,335.0,335.0,1975.0,12.0,1.0,1 Dec 1975,,,,,,,,,,"South America, Brazil, Mato Grosso",SOUTH_AMERICA,,,,BR,Mato Grosso,,,Aripuana,,,,,,,,,-9.17,-60.63,,,,Degrees Minutes Seconds,,,,,,,,,,,,,,,,,,,,,,,,,,,,,,,,,,,,,,,,,,,,,,"Lagothrix lagothricha (Humboldt, 1812)",,,,,,,"Animalia, Chordata, Vertebrata, Mammalia, Eutheria, Primates, Haplorrhini, Atelidae, Atelinae",Animalia,Chordata,Mammalia,Primates,,Atelidae,,,,Lagothrix,Lagothrix,,,lagothricha,,,SPECIES,,,,ACCEPTED,,,821cc27a-e3bb-4bc5-ac34-89ada245069d,US,2026-09-04T12:16:51.673Z,,,,,,GEODETIC_DATUM_ASSUMED_WGS84;OCCURRENCE_STATUS_INFERRED_FROM_INDIVIDUAL_COUNT;TAXON_MATCH_FUZZY,,,StillImage,True,False,5786085,5786085,1,44,359,798,,3239607,,,,2436656,,5786085,Lagothrix lagothricha,"Lagothrix lagothricha (Humboldt, 1812)",Lagothrix lagotricha,,EML,2026-09-04T12:16:51.673Z,2026-09-04T06:29:08.774Z,,True,,False,LATIN_AMERICA,NORTH_AMERICA,,BRA,Brazil,BRA.12_1,Mato Grosso,BRA.12.33_2,Colniza,,,VU,MANTER_COM_RESSALVA,"dentro da Amazonia mas fora de AM/AC/RO/RR (estado=Mato Grosso) - fora da area de estudo, mantido apenas como contexto de fundo"
1317921952,,,,CC0_1_0,2023-02-10T11:15:00Z,,,,,urn:lsid:biocol.org:col:34871,urn:uuid:59e56a59-8615-4e0c-841d-eb88f3876b22,,USNM,MAMM,NMNH Extant Biology,,PRESERVED_SPECIMEN,,,,http://n2t.net/ark:/65665/31fd06aa2-3f51-41e8-9460-75a92e96d2b3,USNM 545880,A 1716,,,1.0,,,Male,,,,,,,,,,PRESENT,Skull,,,,,,,,,,,,,,,,,,,,,,1974-11-05,,309.0,309.0,1974.0,11.0,5.0,5 Nov 1974,,,,,,,,,,"South America, Brazil, Amazonas",SOUTH_AMERICA,,,,BR,Amazonas,,,"Humaita, Br. 230, Itaituba-Humaita, Km. 969, Transamazonica Hwy.",,,,,,,,,-7.52,-63.03,,,,Degrees Minutes Seconds,,,,,,,,,,,,,,,,,,,,,,,,,,,,,,,,,,,,,,,,,,,,,,"Lagothrix lagothricha (Humboldt, 1812)",,,,,,,"Animalia, Chordata, Vertebrata, Mammalia, Eutheria, Primates, Haplorrhini, Atelidae, Atelinae",Animalia,Chordata,Mammalia,Primates,,Atelidae,,,,Lagothrix,Lagothrix,,,lagothricha,,,SPECIES,,,,ACCEPTED,,,821cc27a-e3bb-4bc5-ac34-89ada245069d,US,2026-09-04T12:15:02.163Z,,,,,,GEODETIC_DATUM_ASSUMED_WGS84;OCCURRENCE_STATUS_INFERRED_FROM_INDIVIDUAL_COUNT;TAXON_MATCH_FUZZY,,,StillImage,True,False,5786085,5786085,1,44,359,798,,3239607,,,,2436656,,5786085,Lagothrix lagothricha,"Lagothrix lagothricha (Humboldt, 1812)",Lagothrix lagotricha,,EML,2026-09-04T12:15:02.163Z,2026-09-04T06:29:08.774Z,,True,,False,LATIN_AMERICA,NORTH_AMERICA,,BRA,Brazil,BRA.4_1,Amazonas,BRA.4.26_2,Humaitá,,,VU,MANTER_COM_RESSALVA,possivel duplicata (mesma coordenada/data/coletor) - conferir antes de modelar
1317541806,,,,CC0_1_0,2023-02-10T11:15:00Z,,,,,urn:lsid:biocol.org:col:34871,urn:uuid:59e56a59-8615-4e0c-841d-eb88f3876b22,,USNM,MAMM,NMNH Extant Biology,,PRESERVED_SPECIMEN,,,,http://n2t.net/ark:/65665/30f0814b2-a584-4c20-96c2-fbcb4e5778e2,USNM 545879,A 1708,,,1.0,,,Male,,,,,,,,,,PRESENT,Skull,,,,,,,,,,,,,,,,,,,,,,1974-11-03,,307.0,307.0,1974.0,11.0,3.0,3 Nov 1974,,,,,,,,,,"South America, Brazil, Amazonas",SOUTH_AMERICA,,,,BR,Amazonas,,,"Humaita, Br. 230, Itaituba-Humaita, Km. 969, Transamazonica Hwy.",,,,,,,,,-7.52,-63.03,,,,Degrees Minutes Seconds,,,,,,,,,,,,,,,,,,,,,,,,,,,,,,,,,,,,,,,,,,,,,,"Lagothrix lagothricha (Humboldt, 1812)",,,,,,,"Animalia, Chordata, Vertebrata, Mammalia, Eutheria, Primates, Haplorrhini, Atelidae, Atelinae",Animalia,Chordata,Mammalia,Primates,,Atelidae,,,,Lagothrix,Lagothrix,,,lagothricha,,,SPECIES,,,,ACCEPTED,,,821cc27a-e3bb-4bc5-ac34-89ada245069d,US,2026-09-04T12:14:57.118Z,,,,,,GEODETIC_DATUM_ASSUMED_WGS84;OCCURRENCE_STATUS_INFERRED_FROM_INDIVIDUAL_COUNT;TAXON_MATCH_FUZZY,,,StillImage,True,False,5786085,5786085,1,44,359,798,,3239607,,,,2436656,,5786085,Lagothrix lagothricha,"Lagothrix lagothricha (Humboldt, 1812)",Lagothrix lagotricha,,EML,2026-09-04T12:14:57.118Z,2026-09-04T06:29:08.774Z,,True,,False,LATIN_AMERICA,NORTH_AMERICA,,BRA,Brazil,BRA.4_1,Amazonas,BRA.4.26_2,Humaitá,,,VU,MANTER_COM_RESSALVA,possivel duplicata (mesma coordenada/data/coletor) - conferir antes de modelar
1317410783,,,,CC0_1_0,2019-11-22T12:10:00Z,,,,,urn:lsid:biocol.org:col:34871,urn:uuid:59e56a59-8615-4e0c-841d-eb88f3876b22,,USNM,MAMM,NMNH Extant Biology,,PRESERVED_SPECIMEN,,,,http://n2t.net/ark:/65665/30937f27f-39ff-448f-8cb7-29abff974d22,USNM 545878,A 1693,,,1.0,,,Female,,,,,,,,,,PRESENT,Skin; Skull,,,,,,,,,,,,,,,,,,,,,,1974-10-30,,303.0,303.0,1974.0,10.0,30.0,30 Oct 1974,,,,,,,,,,"South America, Brazil, Amazonas",SOUTH_AMERICA,,,,BR,Amazonas,,,"Humaita, Br. 230, Itaituba-Humaita, Km. 969, Transamazonica Hwy.",,,,,,,,,-7.52,-63.03,,,,Degrees Minutes Seconds,,,,,,,,,,,,,,,,,,,,,,,,,,,,,,,,,,,,,,,,,,,,,,"Lagothrix lagothricha (Humboldt, 1812)",,,,,,,"Animalia, Chordata, Vertebrata, Mammalia, Eutheria, Primates, Haplorrhini, Atelidae, Atelinae",Animalia,Chordata,Mammalia,Primates,,Atelidae,,,,Lagothrix,Lagothrix,,,lagothricha,,,SPECIES,,,,ACCEPTED,,,821cc27a-e3bb-4bc5-ac34-89ada245069d,US,2026-09-04T12:16:46.291Z,,,,,,GEODETIC_DATUM_ASSUMED_WGS84;OCCURRENCE_STATUS_INFERRED_FROM_INDIVIDUAL_COUNT;TAXON_MATCH_FUZZY,,,StillImage,True,False,5786085,5786085,1,44,359,798,,3239607,,,,2436656,,5786085,Lagothrix lagothricha,"Lagothrix lagothricha (Humboldt, 1812)",Lagothrix lagotricha,,EML,2026-09-04T12:16:46.291Z,2026-09-04T06:29:08.774Z,,True,,False,LATIN_AMERICA,NORTH_AMERICA,,BRA,Brazil,BRA.4_1,Amazonas,BRA.4.26_2,Humaitá,,,VU,MANTER_COM_RESSALVA,possivel duplicata (mesma coordenada/data/coletor) - conferir antes de modelar
1317327021,,,,CC0_1_0,2019-11-22T12:10:00Z,,,,,urn:lsid:biocol.org:col:34871,urn:uuid:59e56a59-8615-4e0c-841d-eb88f3876b22,,USNM,MAMM,NMNH Extant Biology,,PRESERVED_SPECIMEN,,,,http://n2t.net/ark:/65665/305818455-bf90-4aad-81a1-298b8bc0d20d,USNM 545882,HM 4,,,1.0,,,Female,,,,,,,,,,PRESENT,Skin; Skull,,,,,,,,,,,,,,,,,,,,,,1974-08-15,,227.0,227.0,1974.0,8.0,15.0,15 Aug 1974,,,,,,,,,,"South America, Brazil, Mato Grosso",SOUTH_AMERICA,,,,BR,Mato Grosso,,,Aripuana,,,,,,,,,-9.17,-60.63,,,,Degrees Minutes Seconds,,,,,,,,,,,,,,,,,,,,,,,,,,,,,,,,,,,,,,,,,,,,,,"Lagothrix lagothricha (Humboldt, 1812)",,,,,,,"Animalia, Chordata, Vertebrata, Mammalia, Eutheria, Primates, Haplorrhini, Atelidae, Atelinae",Animalia,Chordata,Mammalia,Primates,,Atelidae,,,,Lagothrix,Lagothrix,,,lagothricha,,,SPECIES,,,,ACCEPTED,,,821cc27a-e3bb-4bc5-ac34-89ada245069d,US,2026-09-04T12:14:53.176Z,,,,,,GEODETIC_DATUM_ASSUMED_WGS84;OCCURRENCE_STATUS_INFERRED_FROM_INDIVIDUAL_COUNT;TAXON_MATCH_FUZZY,,,StillImage,True,False,5786085,5786085,1,44,359,798,,3239607,,,,2436656,,5786085,Lagothrix lagothricha,"Lagothrix lagothricha (Humboldt, 1812)",Lagothrix lagotricha,,EML,2026-09-04T12:14:53.176Z,2026-09-04T06:29:08.774Z,,True,,False,LATIN_AMERICA,NORTH_AMERICA,,BRA,Brazil,BRA.12_1,Mato Grosso,BRA.12.33_2,Colniza,,,VU,MANTER_COM_RESSALVA,"dentro da Amazonia mas fora de AM/AC/RO/RR (estado=Mato Grosso) - fora da area de estudo, mantido apenas como contexto de fundo"
1316534072,,,es,CC_BY_NC_4_0,,,,,Evento,860.007.386-1,,,ANDES,ANDES-PRIMATES,,,HUMAN_OBSERVATION,,,,ANDES:ANDES-PRIMATES:Primates267,Primates267,,Pablo R. Stevenson,,,,,,,,,,,,,,,PRESENT,,,,,,,,,,,,,,,,,,,,,,,2007,,,,2007.0,,,,,,,,,,,,,,SOUTH_AMERICA,,,,BR,Alto Río Negro,,,,,,,,,,,,1.075278,-69.513611,,,,,,,,,,,,,,,,,,,,,,,,,,,,,,,,,,,,,,,,,,,,,,,,,,"Lagothrix lagothricha lagothricha (Humboldt, 1812)",,,,,,,,Animalia,Chordata,Mammalia,Primates,,Atelidae,,,,Lagothrix,Lagothrix,,,lagothricha,lagothricha,,SUBSPECIES,,Churuco,,ACCEPTED,,,e307fa47-ae87-4fc9-a1a5-b1415adac8be,CO,2026-09-10T06:23:44.986Z,,,,,,COORDINATE_ROUNDED,,,,True,False,8756566,8756566,1,44,359,798,,3239607,,,,2436656,,5786085,Lagothrix lagothricha,"Lagothrix lagothricha lagothricha (Humboldt, 1812)",Lagothrix lagothricha lagothricha,,EML,2026-09-10T06:23:44.986Z,2026-09-10T06:23:26.680Z,,True,,False,LATIN_AMERICA,LATIN_AMERICA,,BRA,Brazil,BRA.4_1,Amazonas,BRA.4.52_2,São Gabriel da Cachoeira,,,,MANTER_COM_RESSALVA,incerteza de coordenada nao informada
1147132587,http://vertnet.org/resources/norms.html,,en,CC0_1_0,2015-11-04T00:00:00Z,,http://macaulaylibrary.org/audio/165727,,Sound,urn:lsid:biocol.org:col:34939,,,CLO,ML,,,MACHINE_OBSERVATION,,,,770c07ae-04d8-4835-84fc-963cc8aabbea,165727,,Michael G Harvey,,,,,,,,,call,,native,,,requires verification,PRESENT,,,,,,,,hilly terra firme forest,,,,,,,,,,,,,,,2011-07-27,,208.0,208.0,2011.0,7.0,27.0,27-Jul-2011,,,,,,,,,,Brazil;Amazonas,SOUTH_AMERICA,,,,BR,Amazonas,,,left bank Rio Juruena; 30 km SSW Barra de Sao Manoel,Brazil | Amazonas | left bank Rio Juruena; 30 km SSW Barra de Sao Manoel,,,,,,,,-7.6375,-58.236944,,,,,,,,,,,,,,,,,,,,,,,,,,,,,,,,,,,,,,,,,,,,,,,,,,"Lagothrix lagothricha (Humboldt, 1812)",,,,,,,,Animalia,Chordata,Mammalia,Primates,,Atelidae,,,,Lagothrix,Lagothrix,,,lagothricha,,,SPECIES,,Humboldt's woolly monkey,ICZN,ACCEPTED,,,7f6dd0f7-9ed4-49c0-bb71-b2a9c7fed9f1,US,2026-08-24T21:05:43.910Z,,,,,,COORDINATE_ROUNDED;TAXON_MATCH_FUZZY,,,,True,False,5786085,5786085,1,44,359,798,,3239607,,,,2436656,,5786085,Lagothrix lagothricha,"Lagothrix lagothricha (Humboldt, 1812)",Lagothrix lagotricha,,EML,2026-08-24T21:05:43.910Z,2026-08-24T14:23:06.826Z,,True,,False,LATIN_AMERICA,NORTH_AMERICA,,BRA,Brazil,BRA.4_1,Amazonas,BRA.4.5_2,Apuí,,,VU,MANTER_COM_RESSALVA,incerteza de coordenada nao informada
1147066686,http://vertnet.org/resources/norms.html,,en,CC0_1_0,2015-11-04T00:00:00Z,,http://macaulaylibrary.org/audio/35000,,Sound,urn:lsid:biocol.org:col:34939,,,CLO,ML,,,MACHINE_OBSERVATION,,,,2a4b7fac-622c-44a0-9a2a-05171d54c320,35000,,Richard O Bierregaard,,,,,,,,,call; emit alarm; Social context: troop,,native,,,requires verification,PRESENT,,,,,,,,"NOTES: (Species Sound: constant; Sound Delivery Rate: high; General Climate: cyclic wet-dry; Cover Density: medium) (Recordist noted Sound Source as syrinx, but is a monkey so I recorded as larynx.  19Sep01 NES)Number of individuals=UU8-12;",,,,,,,,,,,,,,,1984-12-22,,357.0,357.0,1984.0,12.0,22.0,22-Dec-1984,,,,,,,,,,Brazil;Amazonas,SOUTH_AMERICA,,,,BR,Amazonas,,,Benjamin Constant,Brazil | Amazonas | Benjamin Constant,,,,,,,,-5.5,-69.5,,,,,,,,,,,,,,,,,,,,,,,,,,,,,,,,,,,,,,,,,,,,,,,,,,"Lagothrix lagothricha (Humboldt, 1812)",,,,,,,,Animalia,Chordata,Mammalia,Primates,,Atelidae,,,,Lagothrix,Lagothrix,,,lagothricha,,,SPECIES,,Humboldt's woolly monkey,ICZN,ACCEPTED,,,7f6dd0f7-9ed4-49c0-bb71-b2a9c7fed9f1,US,2026-08-24T21:05:18.056Z,,,,,,TAXON_MATCH_FUZZY,,,,True,False,5786085,5786085,1,44,359,798,,3239607,,,,2436656,,5786085,Lagothrix lagothricha,"Lagothrix lagothricha (Humboldt, 1812)",Lagothrix lagotricha,,EML,2026-08-24T21:05:18.056Z,2026-08-24T14:23:06.826Z,,True,,False,LATIN_AMERICA,NORTH_AMERICA,,BRA,Brazil,BRA.4_1,Amazonas,BRA.4.34_2,Jutaí,,,VU,MANTER_COM_RESSALVA,incerteza de coordenada nao informada
1146718220,,,,CC_BY_NC_4_0,2024-12-20T16:18:07Z,,http://mczbase.mcz.harvard.edu/guid/MCZ:Mamm:57223,President and Fellows of Harvard College,,b4640710-8e03-11d8-b956-b8a03c50a862,,,MCZ,Mamm,,"Museum of Comparative Zoology, Harvard University",PRESERVED_SPECIMEN,,,"""{""""sex"""":""""unknown""""}""",MCZ:Mamm:57223,57223,,,,1.0,,,Indeterminate,,,,,,,,,verified by MCZ collection,PRESENT,whole animal (ethanol),deaccessioned - used up,,,,,,sex: unknown,,,,,,,,,,,,,,,,,,,,,,[no verbatim date data],,,,,,,,,,South America: Brazil,SOUTH_AMERICA,,,,BR,,,,Upper Amazon,"Brazil, Upper Amazon",,,,,,,,-2.51708,-65.43105,937054.0,1e-05,,decimal degrees,,,,,Jeremy Kisala,,GEOLocate,GEOLocate,,,,,,,,,,,,,,,,,,,,,,,,,,,,,for dissection C.P. Lyman probably 37610,,,,,,,,,"Lagothrix lagothricha poeppigii Schinz, 1844",,,,,,,Animalia Chordata Mammalia Primates Cebidae Lagothrix lagothricha poeppigii,Animalia,Chordata,Mammalia,Primates,,Atelidae,,,,Lagothrix,Lagothrix,,,lagothricha,poeppigii,,SUBSPECIES,,,ICZN,ACCEPTED,,,4bfac3ea-8763-4f4b-a71a-76a6f5f243d3,US,2026-09-04T11:58:24.717Z,,,,,,INSTITUTION_MATCH_FUZZY;COLLECTION_MATCH_FUZZY,,,,True,False,5786087,5786087,1,44,359,798,,3239607,,,,2436656,,5786085,Lagothrix lagothricha,"Lagothrix lagothricha poeppigii Schinz, 1844",Lagothrix lagothricha poeppigii,,EML,2026-09-04T11:58:24.717Z,2026-09-04T06:57:18.232Z,,True,,False,LATIN_AMERICA,NORTH_AMERICA,,BRA,Brazil,BRA.4_1,Amazonas,BRA.4.33_2,Juruá,,,,MANTER_COM_RESSALVA,possivel duplicata (mesma coordenada/data/coletor) - conferir antes de modelar
686418951,http://biodiversity.ku.edu/research/university-kansas-biodiversity-institute-data-publication-and-use-norms,,,CC_BY_4_0,2010-01-13T14:54:55Z,,,,,http://grbio.org/cool/iakn-125z,,985f452a-1ed8-11e3-bfac-90b11c41863e,KU,KUM,University of Kansas Biodiversity Institute Mammalogy Collection,,PRESERVED_SPECIMEN,,,,8ce8277f-1ed8-11e3-bfac-90b11c41863e,89932,,W S Cramer,,,,,Female,,,,,,,,,,PRESENT,Skull Complete,,,,,,,,,,,,,,,,,,,,,,1960-10-15,,289.0,289.0,1960.0,10.0,15.0,,,,,,,,,,,,SOUTH_AMERICA,,,,BR,Amazonas,,,"BENJAMIN CONSTANT, UPSTREAM FROM; ISLAND IN AMAZON RIVER",,,,,,,,,-4.3607446,-69.9954147,10.0,,,decimal degrees,,,,,"Slade, Norman",03/01/2009,,,Google Earth,,,,,,,,,,,,,,,,,,,,,,,,,,,,,,,,,,,,,"Lagothrix lagothricha (Humboldt, 1812)",,,,,,,,Animalia,Chordata,Mammalia,Primates,,Atelidae,,,,Lagothrix,Lagothrix,,,lagothricha,,,SPECIES,,,,ACCEPTED,,,1d04e739-98a9-4e16-9970-8f8f3bf9e9e3,US,2026-09-10T19:02:07.695Z,,,,,,COORDINATE_REPROJECTED;TAXON_MATCH_HIGHERRANK,,,,True,False,5786085,5786085,1,44,359,798,,3239607,,,,2436656,,5786085,Lagothrix lagothricha,"Lagothrix lagothricha (Humboldt, 1812)",Lagothrix lagotricha humboldtii,,DWC_ARCHIVE,2026-09-10T19:02:07.695Z,2026-09-10T18:59:23.170Z,,True,,False,LATIN_AMERICA,NORTH_AMERICA,,PER,Peru,PER.17_1,Loreto,PER.17.3_1,Mariscal Ramón Castilla,PER.17.3.4_1,Yavari,VU,REVISAR,fora da distribuicao amazonica plausivel da especie (estado=Loreto) - provavel erro de identificacao/geolocalizacao
665836321,http://fieldmuseum.org/about/copyright-information,,,CC0_1_0,2024-03-20T13:38:00Z,,,The Field Museum of Natural History,PhysicalObject,,https://www.gbif.org/dataset/41fc5c40-5e81-496f-9733-6b5681b3b7a5,mammals-30-jun-2025,FMNH,Mammals,,,PRESERVED_SPECIMEN,,,,cc3284a2-d312-4eab-a8ad-40b781c0e950,74178,1,W. A. Riffler,,1.0,,,Male,,,,,,,,,,PRESENT,skin; skull,,,,,,,,2573051.0,,,,,,,,,,,,,49365,1951-01-25,,25.0,25.0,1951.0,1.0,25.0,,,,,,,,,ffb3bc69-67b8-4c85-93db-9d015e0af585,,"South America, Brazil, Para, 15m: Rio Tapajos, Santarem. [LL]",SOUTH_AMERICA,,,,BR,Para,,,"Rio Tapajos, Santarem",,,,,,,,"ManisNETGazetteerLocalityID: 24649, 24650, 24652 | ValidToLevel: Country, StateProvince | Lacking: MaxErrorDistance, Extent, References, Named Place | GeorefedInMaNIS: no | ChangesSinceOrigLocality:  | VerificationStatus: unverified",-2.433333,-54.700001,,,,,,,,,MaNIS Georeferencing Team,5/9/2003,not recorded,not recorded,Parsed by John Wieczorek from data provided by FMNH on 16 May 2001.,,,,,,,,,,,,,,,,,,,,,,,,,,,,,,,,,,,,,"Lagothrix cana (É.Geoffroy Saint-Hilaire, 1812)",,,,,,,Animalia Chordata Mammalia Primates Atelidae,Animalia,Chordata,Mammalia,Primates,,Atelidae,,,,Lagothrix,Lagothrix,,,cana,,,SPECIES,,,,SYNONYM,,,41fc5c40-5e81-496f-9733-6b5681b3b7a5,US,2026-09-10T19:16:13.812Z,,,,,,COORDINATE_ROUNDED;GEODETIC_DATUM_INVALID;GEODETIC_DATUM_ASSUMED_WGS84;OCCURRENCE_STATUS_INFERRED_FROM_INDIVIDUAL_COUNT;INSTITUTION_MATCH_FUZZY;COLLECTION_MATCH_FUZZY,,,,True,False,9205754,5786086,1,44,359,798,,3239607,,,,2436656,,5786085,Lagothrix lagothricha,"Lagothrix lagothricha cana (É.Geoffroy Saint-Hilaire, 1812)",Lagothrix cana,,EML,2026-09-10T19:16:13.812Z,2026-09-10T19:06:13.183Z,,True,,False,LATIN_AMERICA,NORTH_AMERICA,,BRA,Brazil,BRA.14_1,Pará,BRA.14.114_2,Santarém,,,,MANTER_COM_RESSALVA,"dentro da Amazonia mas fora de AM/AC/RO/RR (estado=Pará) - fora da area de estudo, mantido apenas como contexto de fundo"
476872016,,,,CC_BY_NC_4_0,2024-12-20T16:12:05Z,,http://mczbase.mcz.harvard.edu/guid/MCZ:Mamm:5869,President and Fellows of Harvard College,,b4640710-8e03-11d8-b956-b8a03c50a862,,,MCZ,Mamm,,"Museum of Comparative Zoology, Harvard University",PRESERVED_SPECIMEN,,,"""{""""sex"""":""""unknown""""}""",MCZ:Mamm:5869,5869,2909,Henry Augustus Ward,,1.0,,,Indeterminate,,,,,,,,,verified by MCZ collection,PRESENT,skin (mounted),on loan,,,,,collector number=2909,sex: unknown,,,,,,,,,,,,,,,,,,,,,,[no verbatim date data],,,,,,,,,,South America: Brazil,SOUTH_AMERICA,,,,BR,,,,Brazil,Brazil,,,,,,,,-12.49964,-54.0332,2359900.0,1e-05,,decimal degrees,,,,,Jeremy Kisala,,GEOLocate,GEOLocate,,,,,,,,,,,,,,,,,,,,,,,,,,,,,,,,,,,,,,"Lagothrix lagothricha (Humboldt, 1812)",,,,,,,Animalia Chordata Mammalia Primates Cebidae Lagothrix lagothricha,Animalia,Chordata,Mammalia,Primates,,Atelidae,,,,Lagothrix,Lagothrix,,,lagothricha,,,SPECIES,,,ICZN,ACCEPTED,,,4bfac3ea-8763-4f4b-a71a-76a6f5f243d3,US,2026-09-04T11:58:39.926Z,,,,,,RECORDED_DATE_MISMATCH;INSTITUTION_MATCH_FUZZY;COLLECTION_MATCH_FUZZY,,,,True,False,5786085,5786085,1,44,359,798,,3239607,,,,2436656,,5786085,Lagothrix lagothricha,"Lagothrix lagothricha (Humboldt, 1812)",Lagothrix lagothricha,,EML,2026-09-04T11:58:39.926Z,2026-09-04T06:57:18.232Z,,True,,False,LATIN_AMERICA,NORTH_AMERICA,,BRA,Brazil,BRA.12_1,Mato Grosso,BRA.12.90_2,Paranatinga,,,VU,MANTER_COM_RESSALVA,"dentro da Amazonia mas fora de AM/AC/RO/RR (estado=Mato Grosso) - fora da area de estudo, mantido apenas como contexto de fundo"
476812353,,,,CC_BY_NC_4_0,2024-12-20T16:12:14Z,,http://mczbase.mcz.harvard.edu/guid/MCZ:Mamm:37610,President and Fellows of Harvard College,,b4640710-8e03-11d8-b956-b8a03c50a862,,,MCZ,Mamm,,"Museum of Comparative Zoology, Harvard University",PRESERVED_SPECIMEN,,,"""{""""sex"""":""""male""""}""",MCZ:Mamm:37610,37610,,,,1.0,,,Male,,,,,,,,,verified by MCZ collection,PRESENT,other (dry),unknown,,,,,,sex: male,,,,,,,,,,,,,,,,,,,,,,[no verbatim date data],,,,,,,,,,South America: Brazil,SOUTH_AMERICA,,,,BR,,,,Upper Amazon,"Brazil, Upper Amazon",,,,,,,,-2.51708,-65.43105,937054.0,1e-05,,decimal degrees,,,,,Jeremy Kisala,,GEOLocate,GEOLocate,,,,,,,,,,,,,,,,,,,,,,,,,,,,,Animal died in captivity.  This is probably the same specimen that was recataloged as 57223.,,,,,,,,,"Lagothrix lagothricha poeppigii Schinz, 1844",,,,,,,Animalia Chordata Mammalia Primates Cebidae Lagothrix lagothricha poeppigii,Animalia,Chordata,Mammalia,Primates,,Atelidae,,,,Lagothrix,Lagothrix,,,lagothricha,poeppigii,,SUBSPECIES,,,ICZN,ACCEPTED,,,4bfac3ea-8763-4f4b-a71a-76a6f5f243d3,US,2026-09-04T11:59:12.813Z,,,,,,INSTITUTION_MATCH_FUZZY;COLLECTION_MATCH_FUZZY,,,StillImage,True,False,5786087,5786087,1,44,359,798,,3239607,,,,2436656,,5786085,Lagothrix lagothricha,"Lagothrix lagothricha poeppigii Schinz, 1844",Lagothrix lagothricha poeppigii,,EML,2026-09-04T11:59:12.813Z,2026-09-04T06:57:18.232Z,,True,,False,LATIN_AMERICA,NORTH_AMERICA,,BRA,Brazil,BRA.4_1,Amazonas,BRA.4.33_2,Juruá,,,,MANTER_COM_RESSALVA,possivel duplicata (mesma coordenada/data/coletor) - conferir antes de modelar
