lon,lat,PC1,PC2,PC3,PC4,linha,coluna
-68.91666666666667,2.75,2.8482077,-0.18716429,3.7215757,-1.038481,1,53
-67.91666666666667,2.75,3.310825,-0.25972307,4.656748,-1.0068697,1,59
-67.75000000000001,2.75,3.4457316,-0.27198648,4.8609157,-0.92932826,1,60
-69.08333333333334,2.5833333333333335,2.666861,-0.78444284,3.4564059,-1.2512542,2,52
-68.25000000000001,2.5833333333333335,3.4070053,-0.7544437,4.3159957,-0.99090695,2,57
-68.08333333333334,2.5833333333333335,3.392425,-0.7572245,4.3452244,-1.0042005,2,58
-67.91666666666667,2.5833333333333335,3.4573784,-0.8947609,4.5515995,-1.0579826,2,59
-67.75000000000001,2.5833333333333335,3.5355756,-0.8287833,4.7249928,-1.0043032,2,60
-67.58333333333334,2.5833333333333335,3.6325395,-0.62828064,4.9338183,-0.8964097,2,61
-69.58333333333334,2.416666666666667,2.445255,-0.5283692,2.9307568,-1.1933782,3,49
-69.41666666666667,2.416666666666667,2.5981946,-0.6950264,3.1398838,-1.2126348,3,50
-69.25000000000001,2.416666666666667,2.6721237,-0.737822,3.2085607,-1.1956406,3,51
-68.91666666666667,2.416666666666667,2.938261,-0.9658329,3.46365,-1.1673875,3,53
-68.75000000000001,2.416666666666667,3.0772002,-0.9383996,3.6935277,-1.1418432,3,54
-68.58333333333334,2.416666666666667,3.263036,-0.91101074,3.9504051,-1.0351459,3,55
-68.41666666666667,2.416666666666667,3.4174242,-1.0359348,4.215263,-1.0053376,3,56
-68.25000000000001,2.416666666666667,3.4359953,-1.1214403,4.186449,-1.0576886,3,57
-68.08333333333334,2.416666666666667,3.4633076,-1.1831602,4.1887693,-1.0726933,3,58
-67.91666666666667,2.416666666666667,3.4996192,-1.1731528,4.345097,-1.051961,3,59
-67.75000000000001,2.416666666666667,3.5545719,-1.1776328,4.592615,-1.0238764,3,60
-67.58333333333334,2.416666666666667,3.6047323,-0.9936959,4.652773,-0.9759463,3,61
-67.41666666666667,2.416666666666667,3.5934184,-0.9439807,4.699189,-0.9551339,3,62
-67.25000000000001,2.416666666666667,3.4706383,-0.7518293,4.573568,-0.9466,3,63
-69.41666666666667,2.25,2.6769645,-0.94068265,2.9236248,-1.2424816,4,50
-69.25000000000001,2.25,2.7215428,-1.1012466,2.9568448,-1.2446425,4,51
-69.08333333333334,2.25,2.7465422,-1.3150824,3.0669498,-1.307248,4,52
-68.91666666666667,2.25,2.792188,-1.6573137,3.1562142,-1.3953818,4,53
-68.75000000000001,2.25,3.157241,-1.289423,3.4758983,-1.162457,4,54
-68.58333333333334,2.25,3.3747158,-1.3352609,3.7115953,-1.0197188,4,55
-68.41666666666667,2.25,3.531525,-1.3616127,3.9562218,-1.0191386,4,56
-68.25000000000001,2.25,3.3875613,-1.6818501,3.9471092,-1.1874443,4,57
-68.08333333333334,2.25,3.5284595,-1.4708781,4.006817,-1.0865718,4,58
-67.91666666666667,2.25,3.6184843,-1.5040421,4.217165,-1.0469103,4,59
-67.75000000000001,2.25,3.5852067,-1.426715,4.299827,-1.0237432,4,60
-67.58333333333334,2.25,3.6049943,-1.2831576,4.3624315,-0.9827231,4,61
-67.41666666666667,2.25,3.519596,-1.2310346,4.441219,-0.99562466,4,62
-67.25000000000001,2.25,3.5187411,-1.041828,4.3642106,-0.9889647,4,63
-69.58333333333334,2.0833333333333335,2.665692,-1.2148446,2.6773517,-1.2805765,5,49
-69.41666666666667,2.0833333333333335,2.757985,-1.3739481,2.6819804,-1.2759342,5,50
-69.25000000000001,2.0833333333333335,2.832197,-1.4765618,2.7151537,-1.2604688,5,51
-69.08333333333334,2.0833333333333335,2.8680377,-1.740438,2.8846302,-1.3192717,5,52
-68.91666666666667,2.0833333333333335,3.0220382,-1.7580134,2.9396613,-1.2600921,5,53
-68.75000000000001,2.0833333333333335,3.236112,-1.5568577,3.1559577,-1.1219707,5,54
-68.58333333333334,2.0833333333333335,3.5442905,-1.6810677,3.5827894,-1.0317042,5,55
-68.41666666666667,2.0833333333333335,3.6583943,-1.8001906,3.7814841,-1.0282408,5,56
-68.25000000000001,2.0833333333333335,3.5306098,-2.4294262,3.995766,-1.266683,5,57
-68.08333333333334,2.0833333333333335,3.529105,-2.026811,3.8240972,-1.1920626,5,58
-67.91666666666667,2.0833333333333335,3.7220118,-1.8830147,4.0840836,-1.0727639,5,59
-67.75000000000001,2.0833333333333335,3.6706772,-1.8017145,4.1183095,-1.0571549,5,60
-67.58333333333334,2.0833333333333335,3.6206183,-1.6188384,4.1830344,-0.99807614,5,61
-67.41666666666667,2.0833333333333335,3.5556679,-1.4704524,4.1988807,-0.966085,5,62
-67.25000000000001,2.0833333333333335,3.5119417,-1.3942518,4.07907,-0.9873078,5,63
-69.75000000000001,1.9166666666666667,2.6596427,-1.4300044,2.59972,-1.3026297,6,48
-69.58333333333334,1.9166666666666667,2.8143373,-1.6404071,2.5673656,-1.2801229,6,49
-69.41666666666667,1.9166666666666667,2.813839,-1.6466827,2.3815062,-1.2748587,6,50
-69.25000000000001,1.9166666666666667,2.9751968,-1.7517749,2.548129,-1.2404728,6,51
-69.08333333333334,1.9166666666666667,3.139592,-1.9065601,2.6894019,-1.1902015,6,52
-68.91666666666667,1.9166666666666667,3.2926798,-1.9624432,2.8881006,-1.1586041,6,53
-68.75000000000001,1.9166666666666667,3.411436,-1.9021434,3.1303606,-1.1122867,6,54
-68.58333333333334,1.9166666666666667,3.5956306,-1.9257696,3.3196056,-1.0233624,6,55
-68.41666666666667,1.9166666666666667,3.7104862,-2.034339,3.4682271,-1.023218,6,56
-68.25000000000001,1.9166666666666667,3.6354535,-2.8955011,3.911842,-1.3581046,6,57
-68.08333333333334,1.9166666666666667,3.5771556,-2.6840281,3.6854944,-1.3055246,6,58
-67.91666666666667,1.9166666666666667,3.8387408,-2.2402275,3.9440248,-1.0669991,6,59
-67.75000000000001,1.9166666666666667,3.8437476,-1.9746516,3.9891593,-0.9972223,6,60
-67.58333333333334,1.9166666666666667,3.7574565,-1.747174,4.010258,-0.95755875,6,61
-67.41666666666667,1.9166666666666667,3.6448956,-1.645449,3.9737437,-0.94852245,6,62
-67.25000000000001,1.9166666666666667,3.5174148,-1.6200672,3.8397481,-0.9982794,6,63
-67.08333333333334,1.9166666666666667,3.3216698,-1.3844322,3.6739426,-0.9502442,6,64
-73.91666666666667,1.75,0.5980768,0.14442909,0.5838525,-0.9604285,7,23
-69.91666666666667,1.75,2.879749,-1.6251761,2.4640024,-1.2013052,7,47
-69.75000000000001,1.75,2.8828843,-1.7959913,2.563698,-1.2772791,7,48
-69.58333333333334,1.75,2.9224591,-1.8762861,2.506982,-1.2822096,7,49
-69.41666666666667,1.75,2.9940147,-1.909634,2.3577752,-1.2596649,7,50
-69.25000000000001,1.75,3.0444832,-1.9277186,2.437194,-1.2282634,7,51
-69.08333333333334,1.75,3.2191246,-2.1413493,2.5720294,-1.1818744,7,52
-68.91666666666667,1.75,3.4050539,-2.2372477,2.7189684,-1.143975,7,53
-68.75000000000001,1.75,3.574301,-2.297045,2.9427612,-1.0651574,7,54
-68.58333333333334,1.75,3.7080908,-2.3755803,3.1443567,-1.0111501,7,55
-68.41666666666667,1.75,3.8922563,-2.4408274,3.3550334,-0.9779495,7,56
-68.25000000000001,1.75,4.0710506,-2.4524825,3.584195,-0.95246387,7,57
-68.08333333333334,1.75,4.0520964,-2.4516146,3.7108748,-0.9871458,7,58
-67.91666666666667,1.75,4.009185,-2.4845505,3.8363328,-1.065666,7,59
-67.75000000000001,1.75,4.086449,-2.1765547,3.8188138,-0.9098071,7,60
-67.58333333333334,1.75,3.9566865,-1.9306092,3.826993,-0.8774861,7,61
-67.41666666666667,1.75,3.8255975,-1.7198876,3.5951898,-0.86467797,7,62
-67.25000000000001,1.75,3.7764366,-1.5845844,3.598243,-0.91390604,7,63
-67.08333333333334,1.75,3.6463172,-1.3997879,3.4769826,-0.89718384,7,64
-61.250000000000014,1.75,2.4829192,3.3935728,0.07094219,0.04013447,7,99
-61.08333333333334,1.75,2.492865,3.5162861,0.3374169,0.08409279,7,100
-60.750000000000014,1.75,2.3314347,3.3380468,0.68736696,-0.104124,7,102
-72.91666666666667,1.5833333333333335,1.2828084,1.7513044,0.586503,0.0011733993,8,29
-70.25000000000001,1.5833333333333335,2.6804123,-1.4386883,2.3555322,-1.1814386,8,45
-70.08333333333334,1.5833333333333335,2.6208615,-1.8172743,2.1912732,-1.3235339,8,46
-69.91666666666667,1.5833333333333335,2.7610075,-2.1697755,2.4400177,-1.4187344,8,47
-69.75000000000001,1.5833333333333335,2.8734806,-2.385619,2.4814122,-1.4343555,8,48
-69.58333333333334,1.5833333333333335,2.9243946,-2.4971328,2.2788188,-1.3914936,8,49
-69.41666666666667,1.5833333333333335,3.103744,-2.366821,2.2666926,-1.2823111,8,50
-69.25000000000001,1.5833333333333335,3.2472959,-2.3367014,2.3456542,-1.239576,8,51
-69.08333333333334,1.5833333333333335,3.3749208,-2.4207053,2.3998723,-1.1208045,8,52
-68.91666666666667,1.5833333333333335,3.4750524,-2.4010277,2.434429,-1.0552781,8,53
-68.75000000000001,1.5833333333333335,3.7337303,-2.3245394,2.589659,-0.7130544,8,54
-68.58333333333334,1.5833333333333335,3.808593,-2.558114,2.9142075,-0.9416105,8,55
-68.41666666666667,1.5833333333333335,4.0624995,-2.6586142,3.277052,-0.90572953,8,56
-68.25000000000001,1.5833333333333335,4.4220757,-2.6355777,3.5301688,-0.605997,8,57
-68.08333333333334,1.5833333333333335,4.477718,-2.7659948,3.7157636,-0.6696834,8,58
-67.91666666666667,1.5833333333333335,4.4505258,-2.6952968,3.7486072,-0.8375267,8,59
-67.75000000000001,1.5833333333333335,4.3621454,-2.4427855,3.5788817,-0.812253,8,60
-67.58333333333334,1.5833333333333335,4.1940765,-2.1483386,3.4966688,-0.82557666,8,61
-67.41666666666667,1.5833333333333335,4.0941157,-1.7939397,3.29505,-0.7858675,8,62
-67.25000000000001,1.5833333333333335,4.119065,-1.5176282,3.2757385,-0.8172511,8,63
-67.08333333333334,1.5833333333333335,4.054682,-1.3096056,3.2738369,-0.80319387,8,64
-61.41666666666668,1.5833333333333335,2.7193706,3.2592459,0.33037505,0.0091498345,8,98
-61.08333333333334,1.5833333333333335,2.6269617,3.387184,0.6846987,-0.060784183,8,100
-70.58333333333334,1.4166666666666667,2.6093035,-0.92884606,1.8702422,-0.92900324,9,43
-70.08333333333334,1.4166666666666667,2.9560218,-2.2086067,2.2681084,-1.2842509,9,46
-69.91666666666667,1.4166666666666667,2.9761295,-2.6071887,2.2250395,-1.384343,9,47
-69.75000000000001,1.4166666666666667,3.0346372,-2.8827806,2.357715,-1.4422467,9,48
-69.58333333333334,1.4166666666666667,3.0647316,-2.830593,2.0652802,-1.3788867,9,49
-69.41666666666667,1.4166666666666667,3.315456,-2.6709483,2.0485365,-1.1778227,9,50
-69.25000000000001,1.4166666666666667,3.3862722,-2.7510135,2.1051111,-1.1426398,9,51
-69.08333333333334,1.4166666666666667,3.5606842,-2.5849965,2.1417425,-0.8103048,9,52
-68.91666666666667,1.4166666666666667,3.6370478,-2.4500155,2.1852338,-0.74630696,9,53
-68.75000000000001,1.4166666666666667,3.7816772,-2.3656795,2.4237807,-0.64804375,9,54
-68.58333333333334,1.4166666666666667,4.097749,-2.4028072,2.7036297,-0.5519391,9,55
-68.41666666666667,1.4166666666666667,4.3823867,-2.614755,3.1720896,-0.52265406,9,56
-68.25000000000001,1.4166666666666667,4.68155,-2.9410887,3.5576675,-0.5206857,9,57
-68.08333333333334,1.4166666666666667,4.7315063,-3.1091099,3.6595511,-0.61756474,9,58
-67.91666666666667,1.4166666666666667,4.685406,-2.7103293,3.465458,-0.55710113,9,59
-67.75000000000001,1.4166666666666667,4.6020694,-2.5049589,3.275737,-0.568548,9,60
-67.58333333333334,1.4166666666666667,4.5615234,-2.1386032,3.1336055,-0.51144,9,61
-67.41666666666667,1.4166666666666667,4.363505,-1.7859708,2.9646215,-0.70508844,9,62
-67.25000000000001,1.4166666666666667,4.398603,-1.3788288,2.8670037,-0.6036857,9,63
-67.08333333333334,1.4166666666666667,4.4224095,-1.1574105,2.8504703,-0.5769339,9,64
-61.750000000000014,1.4166666666666667,2.2286754,2.3330019,-0.23661886,-0.59250754,9,96
-61.58333333333334,1.4166666666666667,2.692882,3.1084497,0.13287394,-0.2310659,9,97
-61.41666666666668,1.4166666666666667,2.8378422,3.2390053,0.16460109,-0.05732575,9,98
-61.08333333333334,1.4166666666666667,2.8589115,3.5070233,0.8896956,0.029243238,9,100
-60.91666666666668,1.4166666666666667,2.7398567,3.415142,0.9384533,-0.019840708,9,101
-60.750000000000014,1.4166666666666667,2.603084,3.176285,1.115591,-0.14726843,9,102
-74.25000000000001,1.25,1.1641614,-0.48674494,0.45155,-0.61270654,10,21
-73.41666666666667,1.25,1.2504996,0.9859264,0.36945707,-0.1005766,10,26
-72.75000000000001,1.25,1.4547476,1.1660049,0.19540475,-0.044152692,10,30
-70.25000000000001,1.25,3.0758464,-2.1241193,2.080121,-1.1716312,10,45
-70.08333333333334,1.25,3.1070664,-2.5826201,2.0789201,-1.3168875,10,46
-69.91666666666667,1.25,3.1513817,-3.1044984,2.2639546,-1.4453188,10,47
-69.75000000000001,1.25,3.270522,-3.0332603,2.0851283,-1.3376927,10,48
-69.58333333333334,1.25,3.3810296,-2.9243746,1.9309899,-1.2034141,10,49
-69.41666666666667,1.25,3.5845897,-2.7462091,1.8589618,-0.83125305,10,50
-69.25000000000001,1.25,3.6826584,-2.7931328,1.9450684,-0.7683295,10,51
-69.08333333333334,1.25,3.6330185,-2.906845,2.0663118,-1.031705,10,52
-68.91666666666667,1.25,3.7800975,-2.6406612,2.163946,-0.7001881,10,53
-68.75000000000001,1.25,3.8326824,-2.663231,2.2532427,-0.63348323,10,54
-68.58333333333334,1.25,4.055193,-2.7809587,2.4755855,-0.63345104,10,55
-68.41666666666667,1.25,4.3762317,-3.013615,2.9473739,-0.5920585,10,56
-68.25000000000001,1.25,4.694102,-3.1200962,3.363249,-0.5264638,10,57
-68.08333333333334,1.25,4.8848977,-2.9993258,3.4579086,-0.49258184,10,58
-67.91666666666667,1.25,4.8668485,-2.7238533,3.3050005,-0.43454626,10,59
-67.75000000000001,1.25,4.763212,-2.4616718,3.0401168,-0.44508606,10,60
-67.58333333333334,1.25,4.7372365,-2.195088,2.8149176,-0.4348321,10,61
-67.41666666666667,1.25,4.6465907,-1.5784724,2.617797,-0.37587795,10,62
-67.25000000000001,1.25,4.7239413,-1.2297649,2.5221288,-0.4211754,10,63
-67.08333333333334,1.25,4.881656,-0.8643115,2.4430888,-0.3142872,10,64
-66.91666666666667,1.25,4.833451,-0.32796237,2.0773587,-0.22890723,10,65
-61.91666666666668,1.25,2.626054,2.9373815,0.03835468,-0.29335323,10,95
-61.750000000000014,1.25,2.6373403,2.8983412,0.11411864,-0.322439,10,96
-61.58333333333334,1.25,2.87784,3.126486,0.054493837,-0.2785617,10,97
-61.41666666666668,1.25,2.7506387,3.1061306,0.2147999,-0.3078688,10,98
-61.08333333333334,1.25,3.0942054,3.6024418,1.0017428,0.13518915,10,100
-60.91666666666668,1.25,2.879845,3.3317063,1.0536252,-0.024864916,10,101
-60.750000000000014,1.25,2.7639976,3.2331407,1.2317148,-0.08115851,10,102
-73.41666666666667,1.0833333333333335,1.3477348,0.7048921,0.21383722,-0.1141492,11,26
-70.58333333333334,1.0833333333333335,2.8300564,-1.7811922,1.4677287,-1.0104066,11,43
-70.41666666666667,1.0833333333333335,2.9914286,-2.0673745,1.5295743,-1.0940312,11,44
-70.25000000000001,1.0833333333333335,2.9592092,-2.8080978,1.8575433,-1.3832272,11,45
-70.08333333333334,1.0833333333333335,3.1973026,-2.981147,1.8559678,-1.3363587,11,46
-69.91666666666667,1.0833333333333335,3.3250983,-3.1902783,1.8335675,-1.3098819,11,47
-69.75000000000001,1.0833333333333335,3.4611855,-3.0777478,1.6657248,-1.1752695,11,48
-69.58333333333334,1.0833333333333335,3.6781952,-3.0809572,1.705479,-0.845977,11,49
-69.41666666666667,1.0833333333333335,3.725552,-3.1562371,1.7258542,-0.83400697,11,50
-69.25000000000001,1.0833333333333335,3.804191,-3.1668394,1.7438055,-0.77759045,11,51
-69.08333333333334,1.0833333333333335,3.8302116,-3.2334,1.9853903,-0.7715512,11,52
-68.91666666666667,1.0833333333333335,3.8835895,-3.1595411,2.0861306,-0.7002414,11,53
-68.75000000000001,1.0833333333333335,3.9350822,-3.144723,2.2230604,-0.6689919,11,54
-68.58333333333334,1.0833333333333335,4.154927,-3.147199,2.4382195,-0.6238573,11,55
-68.41666666666667,1.0833333333333335,4.4319797,-3.29108,2.7342117,-0.5984898,11,56
-68.25000000000001,1.0833333333333335,4.686611,-3.2354813,2.9530818,-0.48271886,11,57
-68.08333333333334,1.0833333333333335,4.816147,-3.1109703,3.0466394,-0.44253975,11,58
-67.91666666666667,1.0833333333333335,4.817156,-2.9031537,2.9089363,-0.41581059,11,59
-67.75000000000001,1.0833333333333335,4.7909565,-2.514773,2.6814723,-0.39902306,11,60
-67.58333333333334,1.0833333333333335,4.7755046,-2.0879066,2.491183,-0.36158746,11,61
-67.41666666666667,1.0833333333333335,4.851448,-1.6027554,2.3614717,-0.24458493,11,62
-67.25000000000001,1.0833333333333335,4.8723035,-1.1523354,2.1728425,-0.27952984,11,63
-67.08333333333334,1.0833333333333335,5.0295386,-0.7249494,2.0282788,-0.1866063,11,64
-66.91666666666667,1.0833333333333335,5.062599,-0.24202096,1.7770885,-0.13848865,11,65
-62.08333333333334,1.0833333333333335,2.653013,2.741675,-0.3015423,-0.3437076,11,94
-61.91666666666668,1.0833333333333335,2.660661,2.7729027,-0.24616294,-0.36243045,11,95
-61.750000000000014,1.0833333333333335,2.6306865,2.755155,-0.21278827,-0.38621718,11,96
-61.58333333333334,1.0833333333333335,2.8357532,3.019269,0.010460761,-0.32494062,11,97
-61.41666666666668,1.0833333333333335,2.7424183,2.9844182,-0.023060834,-0.34827015,11,98
-61.08333333333334,1.0833333333333335,2.9762974,3.4283082,0.7774735,-0.13315658,11,100
-60.91666666666668,1.0833333333333335,2.8568978,3.1164393,1.0355736,-0.10546345,11,101
-60.750000000000014,1.0833333333333335,2.7750463,3.0540693,1.2070493,-0.14553173,11,102
-73.08333333333334,0.916666666666667,1.6724287,0.7828627,0.18810515,0.10195414,12,28
-70.75000000000001,0.916666666666667,2.7973142,-1.7703549,1.110309,-0.9286449,12,42
-70.58333333333334,0.916666666666667,2.983844,-2.0195224,1.2837644,-0.9686219,12,43
-70.41666666666667,0.916666666666667,3.017429,-2.569075,1.3804437,-1.1869687,12,44
-70.25000000000001,0.916666666666667,3.1142933,-2.848551,1.3453981,-1.2437007,12,45
-70.08333333333334,0.916666666666667,3.2692473,-3.1404667,1.4065374,-1.2658182,12,46
-69.91666666666667,0.916666666666667,3.4647002,-3.2784362,1.606099,-1.2033566,12,47
-69.75000000000001,0.916666666666667,3.5553708,-3.4164593,1.5348108,-1.1523623,12,48
-69.58333333333334,0.916666666666667,3.8004591,-3.3984296,1.5652145,-0.8159674,12,49
-69.41666666666667,0.916666666666667,3.859953,-3.518518,1.692145,-0.808253,12,50
-69.25000000000001,0.916666666666667,3.9933257,-3.3832095,1.6856339,-0.6974324,12,51
-69.08333333333334,0.916666666666667,3.9694724,-3.4000106,1.8341898,-0.6783193,12,52
-68.91666666666667,0.916666666666667,3.9678853,-3.4414783,1.9615499,-0.6848673,12,53
-68.75000000000001,0.916666666666667,4.070251,-3.4084682,2.1327846,-0.63593847,12,54
-68.58333333333334,0.916666666666667,4.189686,-3.4167304,2.2902129,-0.5910269,12,55
-68.41666666666667,0.916666666666667,4.4294395,-3.393993,2.4792268,-0.5286627,12,56
-68.25000000000001,0.916666666666667,4.526588,-3.3528466,2.62295,-0.47505105,12,57
-68.08333333333334,0.916666666666667,4.6492753,-3.181234,2.6248488,-0.44193253,12,58
-67.91666666666667,0.916666666666667,4.7290754,-2.8391643,2.5425255,-0.3601672,12,59
-67.75000000000001,0.916666666666667,4.720438,-2.4484649,2.3402967,-0.31504688,12,60
-67.58333333333334,0.916666666666667,4.7469697,-2.0243294,2.184462,-0.28452888,12,61
-67.41666666666667,0.916666666666667,4.7570925,-1.5893657,1.9803877,-0.2432365,12,62
-67.25000000000001,0.916666666666667,4.82591,-1.0824673,1.6982688,-0.12299732,12,63
-67.08333333333334,0.916666666666667,4.9780583,-0.6200298,1.5235219,-0.006570532,12,64
-66.91666666666667,0.916666666666667,4.953924,-0.39212424,1.4613328,-0.09970594,12,65
-62.750000000000014,0.916666666666667,2.357762,1.9306126,-1.340048,-0.68808603,12,90
-61.91666666666668,0.916666666666667,2.8941185,2.6961904,-0.49567,-0.4353426,12,95
-61.750000000000014,0.916666666666667,2.6702878,2.5687897,-0.2532889,-0.43847144,12,96
-61.58333333333334,0.916666666666667,2.7629576,2.716762,-0.087637134,-0.46606058,12,97
-61.08333333333334,0.916666666666667,2.9445946,3.1083786,0.7518643,-0.2708049,12,100
-60.91666666666668,0.916666666666667,2.9100003,3.0794356,1.0418909,-0.09181908,12,101
-74.08333333333334,0.75,1.432491,-0.52518725,0.45394695,-0.4993352,13,22
-72.25000000000001,0.75,2.313236,0.6907866,0.5448838,-0.06955651,13,33
-71.75000000000001,0.75,2.5472796,-0.069318175,0.8370409,-0.30271518,13,36
-70.58333333333334,0.75,3.007384,-2.31117,0.9941255,-0.9839296,13,43
-70.41666666666667,0.75,3.1493497,-2.6527345,1.11421,-1.0854169,13,44
-70.25000000000001,0.75,3.3354409,-2.8484945,1.1366514,-1.0886704,13,45
-70.08333333333334,0.75,3.5121217,-3.1133375,1.180139,-0.8971033,13,46
-69.91666666666667,0.75,3.6420116,-3.3439758,1.2843271,-0.87957376,13,47
-69.75000000000001,0.75,3.8116176,-3.474543,1.3642609,-0.7849208,13,48
-69.58333333333334,0.75,3.986578,-3.514294,1.4381753,-0.68519664,13,49
-69.41666666666667,0.75,4.0344286,-3.5829604,1.5532668,-0.601179,13,50
-69.25000000000001,0.75,4.073635,-3.628188,1.6493748,-0.6134958,13,51
-69.08333333333334,0.75,4.093087,-3.6127582,1.6866071,-0.5982346,13,52
-68.91666666666667,0.75,4.028477,-3.6550083,1.7989388,-0.60790837,13,53
-68.75000000000001,0.75,4.1010766,-3.6517797,1.9918886,-0.6001905,13,54
-68.58333333333334,0.75,4.182786,-3.6720884,2.131271,-0.58858407,13,55
-68.41666666666667,0.75,4.284826,-3.614316,2.2566805,-0.55101806,13,56
-68.25000000000001,0.75,4.460391,-3.4089472,2.3200548,-0.40982452,13,57
-68.08333333333334,0.75,4.4629006,-3.282757,2.280244,-0.4381967,13,58
-67.91666666666667,0.75,4.4886293,-2.9598143,2.1326814,-0.413689,13,59
-67.75000000000001,0.75,4.4992037,-2.5746918,1.9576889,-0.36884356,13,60
-67.58333333333334,0.75,4.5259004,-2.0250878,1.7571843,-0.32106897,13,61
-67.41666666666667,0.75,4.5231495,-1.5931714,1.5785277,-0.25998893,13,62
-67.25000000000001,0.75,4.596172,-1.1844776,1.305847,-0.1656735,13,63
-64.58333333333334,0.75,3.4878328,0.49694654,0.3548236,-0.6815144,13,79
-64.41666666666667,0.75,3.467123,0.5793622,0.49826878,-0.68128705,13,80
-64.25000000000001,0.75,3.479907,0.5640551,0.58958185,-0.6466114,13,81
-63.91666666666668,0.75,3.399167,0.7138397,0.7327469,-0.66844785,13,83
-62.750000000000014,0.75,2.470264,1.7677885,-1.2031289,-0.68075484,13,90
-61.750000000000014,0.75,2.7649598,2.4396484,-0.415405,-0.4443853,13,96
-61.08333333333334,0.75,2.9846003,2.9013295,0.5651768,-0.31329954,13,100
-60.91666666666668,0.75,2.8123367,2.6498854,0.53674173,-0.24866149,13,101
-75.91666666666667,0.5833333333333335,3.0894585,-4.094653,2.8818135,-1.1808244,14,11
-75.75000000000001,0.5833333333333335,2.7654135,-3.4441333,2.4903567,-1.124487,14,12
-75.58333333333334,0.5833333333333335,2.3687665,-2.7045155,1.8922802,-1.0256885,14,13
-74.58333333333334,0.5833333333333335,1.5495067,-1.049229,0.62484455,-0.6172467,14,19
-72.25000000000001,0.5833333333333335,2.4352186,0.41770104,0.4330925,-0.10891078,14,33
-71.08333333333334,0.5833333333333335,2.867509,-1.5618366,0.8334032,-0.7216918,14,40
-69.91666666666667,0.5833333333333335,3.8028412,-3.4255278,1.1438091,-0.75320816,14,47
-69.75000000000001,0.5833333333333335,3.9258258,-3.6243806,1.1764966,-0.6697841,14,48
-69.58333333333334,0.5833333333333335,4.069054,-3.6319346,1.3185134,-0.5911622,14,49
-69.41666666666667,0.5833333333333335,4.1064696,-3.6549585,1.4196494,-0.5511929,14,50
-69.25000000000001,0.5833333333333335,4.1433153,-3.68794,1.4997574,-0.51880807,14,51
-69.08333333333334,0.5833333333333335,4.132044,-3.7178657,1.4494874,-0.5109543,14,52
-68.91666666666667,0.5833333333333335,4.089187,-3.8138785,1.581724,-0.55265427,14,53
-68.75000000000001,0.5833333333333335,4.150443,-3.8679507,1.8569971,-0.5764703,14,54
-68.58333333333334,0.5833333333333335,4.225366,-3.8238175,1.9522109,-0.5493391,14,55
-68.41666666666667,0.5833333333333335,4.266373,-3.7895062,1.9965109,-0.54059744,14,56
-68.25000000000001,0.5833333333333335,4.3176665,-3.6773744,1.9691429,-0.50120884,14,57
-68.08333333333334,0.5833333333333335,4.38662,-3.3314152,1.893974,-0.40320814,14,58
-67.91666666666667,0.5833333333333335,4.367605,-3.0102055,1.7212877,-0.38300464,14,59
-67.75000000000001,0.5833333333333335,4.3505745,-2.6024456,1.4958408,-0.35523775,14,60
-67.58333333333334,0.5833333333333335,4.300072,-2.032084,1.3117964,-0.31714472,14,61
-67.41666666666667,0.5833333333333335,4.231811,-1.5602165,1.0606287,-0.2800972,14,62
-67.25000000000001,0.5833333333333335,4.246585,-1.2596847,0.93157727,-0.22715785,14,63
-64.41666666666667,0.5833333333333335,3.5865867,0.40849787,0.6881282,-0.65550745,14,80
-64.25000000000001,0.5833333333333335,3.5963175,0.37321362,0.9119468,-0.688342,14,81
-64.08333333333334,0.5833333333333335,3.6308205,0.4880063,0.99679935,-0.6797431,14,82
-63.91666666666668,0.5833333333333335,3.5741992,0.5104991,1.048858,-0.67419654,14,83
-63.58333333333334,0.5833333333333335,3.339107,0.8547202,0.43840325,-0.6227741,14,85
-63.41666666666668,0.5833333333333335,3.4160414,1.3732802,0.42008397,-0.446167,14,86
-63.250000000000014,0.5833333333333335,3.289347,1.6661408,0.16536534,-0.3736819,14,87
-63.08333333333334,0.5833333333333335,3.0404894,1.5924021,-0.3267758,-0.5137615,14,88
-62.750000000000014,0.5833333333333335,2.6881356,1.6702251,-1.0586563,-0.64613634,14,90
-62.58333333333334,0.5833333333333335,2.7147617,1.8345569,-1.0629039,-0.6220492,14,91
-62.41666666666668,0.5833333333333335,2.7216961,1.9804649,-0.9536968,-0.55859107,14,92
-61.91666666666668,0.5833333333333335,2.6801074,2.0387633,-0.7068881,-0.557761,14,95
-61.250000000000014,0.5833333333333335,3.1349082,2.673831,-0.068805605,-0.3281254,14,99
-61.08333333333334,0.5833333333333335,3.0538592,2.792806,0.29040715,-0.28734726,14,100
-60.91666666666668,0.5833333333333335,2.8565838,2.666266,0.2845218,-0.36716223,14,101
-75.75000000000001,0.41666666666666696,2.7055259,-3.4445047,2.1875083,-1.1255336,15,12
-75.25000000000001,0.41666666666666696,1.7490094,-1.5904058,0.76752836,-1.0209063,15,15
-71.58333333333334,0.41666666666666696,2.864323,-0.6766922,0.54734623,-0.38888887,15,37
-69.75000000000001,0.41666666666666696,3.9952867,-3.5550866,1.0334387,-0.56434375,15,48
-69.58333333333334,0.41666666666666696,3.9921045,-3.8011608,1.1516863,-0.6223584,15,49
-69.41666666666667,0.41666666666666696,4.061419,-3.8459368,1.2028316,-0.5723706,15,50
-69.25000000000001,0.41666666666666696,4.169792,-3.7244864,1.3207884,-0.45364264,15,51
-69.08333333333334,0.41666666666666696,4.1533422,-3.7124357,1.2077163,-0.41487423,15,52
-68.91666666666667,0.41666666666666696,4.192695,-3.7874603,1.384571,-0.42623562,15,53
-68.75000000000001,0.41666666666666696,4.2253213,-3.8521094,1.62504,-0.45962575,15,54
-68.58333333333334,0.41666666666666696,4.1325016,-3.9938784,1.8248905,-0.53609544,15,55
-68.41666666666667,0.41666666666666696,4.178776,-3.9421406,1.8666012,-0.5236022,15,56
-68.25000000000001,0.41666666666666696,4.2524767,-3.814305,1.7883803,-0.46720266,15,57
-68.08333333333334,0.41666666666666696,4.2269893,-3.6403189,1.6343724,-0.46087882,15,58
-67.91666666666667,0.41666666666666696,4.1702447,-3.3323464,1.4034326,-0.46121374,15,59
-67.75000000000001,0.41666666666666696,4.025053,-2.9036791,1.1554606,-0.3891473,15,60
-67.58333333333334,0.41666666666666696,3.9362845,-2.306785,0.89558446,-0.3553158,15,61
-67.41666666666667,0.41666666666666696,3.8140175,-1.6836163,0.5995065,-0.30236176,15,62
-64.58333333333334,0.41666666666666696,3.6228442,0.36856496,0.36333254,-0.6453962,15,79
-64.41666666666667,0.41666666666666696,3.6704245,0.33442706,0.68072027,-0.63933086,15,80
-64.25000000000001,0.41666666666666696,3.7101204,0.25320792,0.98939145,-0.66815543,15,81
-63.91666666666668,0.41666666666666696,3.7209115,0.30860588,1.283396,-0.68404424,15,83
-63.750000000000014,0.41666666666666696,3.6340382,0.49642554,1.0522184,-0.6542359,15,84
-63.58333333333334,0.41666666666666696,3.575449,0.8047605,0.7266074,-0.5852303,15,85
-63.41666666666668,0.41666666666666696,3.5072284,1.1253904,0.48456812,-0.4883862,15,86
-63.250000000000014,0.41666666666666696,3.3386114,1.2552837,0.19909841,-0.5240857,15,87
-63.08333333333334,0.41666666666666696,3.198099,1.357049,-0.17137879,-0.5484998,15,88
-62.91666666666668,0.41666666666666696,3.1758485,1.6348721,-0.370687,-0.48521352,15,89
-62.58333333333334,0.41666666666666696,3.0346882,1.8403457,-0.7042358,-0.4914395,15,91
-62.41666666666668,0.41666666666666696,3.0203261,1.9074562,-0.76327896,-0.5011772,15,92
-62.250000000000014,0.41666666666666696,2.8610868,1.9094739,-0.5307304,-0.535987,15,93
-61.91666666666668,0.41666666666666696,3.0128148,2.1073453,-0.68825674,-0.44229445,15,95
-61.250000000000014,0.41666666666666696,3.242806,2.509714,-0.15883683,-0.32406738,15,99
-61.08333333333334,0.41666666666666696,3.0539408,2.4860392,0.054876424,-0.34711197,15,100
-60.91666666666668,0.41666666666666696,2.8925385,2.3692172,-0.010880203,-0.41412875,15,101
-73.41666666666667,0.25,1.9686484,-0.26045957,0.27142897,-0.13291782,16,26
-72.08333333333334,0.25,2.6786711,-0.32317603,0.32794118,-0.28442946,16,34
-69.58333333333334,0.25,4.1513677,-3.5003607,0.9709545,-0.39719656,16,49
-69.41666666666667,0.25,4.1653886,-3.6109648,1.0452718,-0.3830818,16,50
-69.25000000000001,0.25,4.1029706,-3.8087616,1.0894419,-0.42267787,16,51
-69.08333333333334,0.25,4.034074,-3.9749923,1.1773332,-0.48628524,16,52
-68.91666666666667,0.25,4.0412507,-4.099148,1.4151874,-0.5254854,16,53
-68.75000000000001,0.25,4.116607,-4.070577,1.5307053,-0.47621495,16,54
-68.58333333333334,0.25,4.1550975,-4.0542793,1.5963749,-0.45111385,16,55
-68.41666666666667,0.25,4.1078963,-4.152807,1.748057,-0.5061206,16,56
-68.25000000000001,0.25,4.116389,-4.0436563,1.7225559,-0.49174312,16,57
-68.08333333333334,0.25,4.2336707,-3.6960535,1.390187,-0.3635686,16,58
-67.91666666666667,0.25,4.115407,-3.4530313,1.0528259,-0.39232478,16,59
-67.75000000000001,0.25,3.898655,-3.0087414,0.80468345,-0.35623473,16,60
-67.58333333333334,0.25,3.710778,-2.4766345,0.57066584,-0.35484967,16,61
-67.41666666666667,0.25,3.5902584,-1.9634452,0.3365146,-0.33135018,16,62
-64.58333333333334,0.25,3.6090167,0.0069330963,0.3859771,-0.7762665,16,79
-64.41666666666667,0.25,3.7744584,0.23343089,0.7782552,-0.6452634,16,80
-64.25000000000001,0.25,3.806548,0.09496751,1.0829257,-0.6750119,16,81
-63.91666666666668,0.25,3.8733644,0.037287626,1.5062817,-0.7371197,16,83
-63.250000000000014,0.25,3.3434935,0.8169078,0.11628645,-0.6565734,16,87
-63.08333333333334,0.25,3.3002436,1.0806134,-0.107323125,-0.59511,16,88
-62.91666666666668,0.25,3.3243127,1.3141856,-0.27644768,-0.5442124,16,89
-62.58333333333334,0.25,3.142791,1.4728916,-0.4475471,-0.5790336,16,91
-62.41666666666668,0.25,3.3208027,1.6710212,-0.642942,-0.5791642,16,92
-62.250000000000014,0.25,3.0784838,1.6239827,-0.40563896,-0.5714889,16,93
-62.08333333333334,0.25,2.9846318,1.6645714,-0.4776125,-0.5888289,16,94
-61.91666666666668,0.25,3.0971515,1.8190203,-0.5795047,-0.48805037,16,95
-61.41666666666668,0.25,3.2241004,2.1069615,-0.22627452,-0.44219574,16,98
-61.250000000000014,0.25,3.1791391,2.1417146,-0.11401922,-0.42084697,16,99
-61.08333333333334,0.25,3.0836773,2.1628592,-0.09552882,-0.41273826,16,100
-60.750000000000014,0.25,2.9699256,2.0877326,-0.16653669,-0.2570944,16,102
-73.41666666666667,0.08333333333333348,2.0837767,-0.4182934,0.22872238,-0.16616227,17,26
-72.25000000000001,0.08333333333333348,2.961056,0.053406976,0.16972613,0.19280641,17,33
-71.25000000000001,0.08333333333333348,3.4065337,-1.4199842,0.21215719,-0.13269533,17,39
-69.41666666666667,0.08333333333333348,3.9466517,-3.8339248,0.8067332,-0.36737487,17,50
-69.25000000000001,0.08333333333333348,3.9541485,-3.9457448,0.9118279,-0.3772171,17,51
-69.08333333333334,0.08333333333333348,4.0257864,-3.954767,1.0497553,-0.40621877,17,52
-68.91666666666667,0.08333333333333348,4.085511,-3.958835,1.1647489,-0.38404745,17,53
-68.75000000000001,0.08333333333333348,4.102881,-4.030436,1.3565524,-0.384971,17,54
-68.58333333333334,0.08333333333333348,4.1784115,-4.0161266,1.4771236,-0.35099238,17,55
-68.41666666666667,0.08333333333333348,4.1464777,-4.116323,1.5156645,-0.40068865,17,56
-68.25000000000001,0.08333333333333348,4.098315,-4.135598,1.5094197,-0.36071444,17,57
-68.08333333333334,0.08333333333333348,4.042627,-3.915159,1.1449682,-0.33826843,17,58
-67.91666666666667,0.08333333333333348,3.9978898,-3.530714,0.7668213,-0.3102113,17,59
-67.75000000000001,0.08333333333333348,3.8067093,-3.0597327,0.51513284,-0.3199967,17,60
-67.58333333333334,0.08333333333333348,3.6488771,-2.5518572,0.28016713,-0.29642925,17,61
-67.41666666666667,0.08333333333333348,3.5287738,-2.2028432,0.10298244,-0.28410593,17,62
-63.58333333333334,0.08333333333333348,3.6197479,0.29938552,0.64778876,-0.7079923,17,85
-63.250000000000014,0.08333333333333348,3.361969,0.4988598,0.11398842,-0.7371553,17,87
-63.08333333333334,0.08333333333333348,3.3913388,0.7417953,0.06042688,-0.68061984,17,88
-62.91666666666668,0.08333333333333348,3.340259,0.8551674,0.07398078,-0.6864837,17,89
-62.58333333333334,0.08333333333333348,3.3360662,1.1667618,-0.09026482,-0.48667368,17,91
-62.41666666666668,0.08333333333333348,3.3689916,1.3227324,-0.217639,-0.432477,17,92
-62.250000000000014,0.08333333333333348,3.2119665,1.2103122,-0.30427837,-0.6584212,17,93
-61.91666666666668,0.08333333333333348,3.129663,1.3985959,-0.3843137,-0.60004497,17,95
-61.41666666666668,0.08333333333333348,3.4190779,1.9525878,-0.13322648,-0.25454268,17,98
-61.08333333333334,0.08333333333333348,3.2386463,1.9735106,-0.23271678,-0.24668114,17,100
-60.91666666666668,0.08333333333333348,3.2214031,2.0813065,-0.219591,-0.19360693,17,101
-60.750000000000014,0.08333333333333348,3.1918628,2.0350964,-0.24196413,-0.06610358,17,102
-72.25000000000001,-0.08333333333333304,3.0530057,-0.13968654,-0.02316826,0.17569841,18,33
-69.08333333333334,-0.08333333333333304,3.902636,-4.096317,0.84440297,-0.34523165,18,52
-68.91666666666667,-0.08333333333333304,3.9469593,-4.1288905,1.0160896,-0.3391967,18,53
-68.75000000000001,-0.08333333333333304,3.9335177,-4.1962,1.1375897,-0.36214346,18,54
-68.58333333333334,-0.08333333333333304,4.0160155,-4.173441,1.2515277,-0.33460265,18,55
-68.41666666666667,-0.08333333333333304,3.9436853,-3.8884852,1.225085,-0.6685024,18,56
-68.25000000000001,-0.08333333333333304,3.9495492,-3.828112,1.1665901,-0.649175,18,57
-68.08333333333334,-0.08333333333333304,3.8398387,-3.7587361,0.970586,-0.6831402,18,58
-67.91666666666667,-0.08333333333333304,3.6765316,-3.611775,0.6367876,-0.7253897,18,59
-67.75000000000001,-0.08333333333333304,3.6058276,-3.0304415,0.40614122,-0.60847646,18,60
-67.58333333333334,-0.08333333333333304,3.4929872,-2.626253,0.20789532,-0.56113803,18,61
-67.41666666666667,-0.08333333333333304,3.4343836,-2.4981425,0.08469721,-0.31811708,18,62
-67.25000000000001,-0.08333333333333304,3.3276882,-2.2755299,-0.24082454,-0.29349822,18,63
-65.58333333333334,-0.08333333333333304,3.261693,0.61168885,-1.4407622,-0.49562165,18,73
-65.41666666666667,-0.08333333333333304,3.3433983,0.48922035,-1.1608224,-0.6297451,18,74
-64.41666666666667,-0.08333333333333304,3.7857313,-0.056464113,0.42410126,-0.71231115,18,80
-64.25000000000001,-0.08333333333333304,3.8388062,-0.08065507,0.6705722,-0.6986893,18,81
-64.08333333333334,-0.08333333333333304,3.8582456,-0.14463454,0.7830878,-0.7359394,18,82
-63.58333333333334,-0.08333333333333304,3.6413653,0.19576807,0.5095677,-0.7100337,18,85
-62.58333333333334,-0.08333333333333304,3.4338326,0.6820674,0.23453476,-0.6094685,18,91
-62.41666666666668,-0.08333333333333304,3.4195888,0.77727854,0.09451955,-0.58384997,18,92
-62.250000000000014,-0.08333333333333304,3.3336918,0.75563157,-0.06671202,-0.62682515,18,93
-61.41666666666668,-0.08333333333333304,3.6396255,1.6867422,-0.072803214,-0.27615798,18,98
-60.91666666666668,-0.08333333333333304,3.2814636,1.6513375,-0.28752285,-0.28045198,18,101
-74.25000000000001,-0.25,2.34088,-1.157063,0.557074,-0.19853303,19,21
-74.08333333333334,-0.25,2.3961482,-0.9122791,0.45914915,-0.11621384,19,22
-72.25000000000001,-0.25,3.0837402,-0.42082328,-0.20322113,0.12005388,19,33
-70.25000000000001,-0.25,4.179093,-3.0013113,0.024573646,0.18566044,19,45
-69.91666666666667,-0.25,3.9768589,-3.4887857,0.27796197,0.0017069068,19,47
-69.08333333333334,-0.25,3.9784136,-3.9210804,0.5405939,-0.038487323,19,52
-68.91666666666667,-0.25,3.8222208,-3.7461758,0.67431134,-0.6133521,19,53
-68.75000000000001,-0.25,3.7990777,-3.7798352,0.8102914,-0.6283767,19,54
-68.58333333333334,-0.25,3.8040159,-3.923216,0.9296335,-0.69246846,19,55
-68.41666666666667,-0.25,3.8516984,-3.888595,0.9599043,-0.6824383,19,56
-68.25000000000001,-0.25,3.8390777,-3.7401187,0.89168787,-0.6586164,19,57
-68.08333333333334,-0.25,3.7861335,-3.6012366,0.70765674,-0.66383964,19,58
-67.91666666666667,-0.25,3.7179983,-3.287077,0.49289814,-0.60112375,19,59
-67.75000000000001,-0.25,3.6170478,-2.9260137,0.2775889,-0.54614514,19,60
-67.58333333333334,-0.25,3.5003126,-2.6484022,0.119460136,-0.5255278,19,61
-67.41666666666667,-0.25,3.426506,-2.2886086,-0.08823176,-0.4489393,19,62
-67.25000000000001,-0.25,3.331404,-2.0928118,-0.3119202,-0.4471989,19,63
-67.08333333333334,-0.25,3.318924,-1.7732514,-0.55550754,-0.44539273,19,64
-66.91666666666667,-0.25,3.2437198,-1.4637897,-0.8375947,-0.514148,19,65
-66.75000000000001,-0.25,3.1434422,-1.0440664,-1.1657879,-0.5782321,19,66
-66.08333333333334,-0.25,2.7775137,0.84651077,-2.6408615,-0.5348689,19,70
-65.91666666666667,-0.25,2.9334538,0.81252867,-2.3421538,-0.5063147,19,71
-63.750000000000014,-0.25,3.744447,-0.03546106,0.16019936,-0.7108381,19,84
-63.58333333333334,-0.25,3.61593,0.05227048,0.115930654,-0.73217785,19,85
-62.58333333333334,-0.25,3.4946473,0.19917566,0.46567616,-0.7333884,19,91
-62.41666666666668,-0.25,3.415514,0.217262,0.308884,-0.7471257,19,92
-74.25000000000001,-0.4166666666666665,2.3059042,-1.3920218,0.40177906,-0.2963326,20,21
-74.08333333333334,-0.4166666666666665,2.3795433,-1.2139531,0.32444984,-0.21590151,20,22
-73.91666666666667,-0.4166666666666665,2.441033,-0.98710537,0.1709427,-0.12384313,20,23
-73.75000000000001,-0.4166666666666665,2.4952374,-0.78037655,0.05995566,-0.028826399,20,24
-71.25000000000001,-0.4166666666666665,3.7126112,-1.9330435,-0.3646478,-0.046714876,20,39
-70.41666666666667,-0.4166666666666665,4.2373247,-2.7438838,-0.18496233,0.3470612,20,44
-70.25000000000001,-0.4166666666666665,4.1830463,-2.8289623,-0.13851967,0.36886477,20,45
-68.91666666666667,-0.4166666666666665,3.846886,-3.6642444,0.438292,-0.4117327,20,53
-68.75000000000001,-0.4166666666666665,3.8779736,-3.6949196,0.5613892,-0.41908115,20,54
-68.58333333333334,-0.4166666666666665,3.8524017,-3.7575643,0.67666245,-0.63145316,20,55
-68.41666666666667,-0.4166666666666665,3.8480127,-3.7059202,0.6911213,-0.6287823,20,56
-68.25000000000001,-0.4166666666666665,3.8173172,-3.6151757,0.5940876,-0.6329928,20,57
-68.08333333333334,-0.4166666666666665,3.7709155,-3.479856,0.53276455,-0.63998723,20,58
-67.91666666666667,-0.4166666666666665,3.7241857,-3.1990337,0.371122,-0.5874021,20,59
-67.75000000000001,-0.4166666666666665,3.621434,-2.8963745,0.18236607,-0.54247415,20,60
-67.58333333333334,-0.4166666666666665,3.5842018,-2.5162258,0.042036977,-0.446344,20,61
-67.41666666666667,-0.4166666666666665,3.4067037,-2.3367608,-0.18941376,-0.47161734,20,62
-67.25000000000001,-0.4166666666666665,3.3705142,-2.0557892,-0.38340563,-0.50891554,20,63
-67.08333333333334,-0.4166666666666665,3.2917585,-1.7348529,-0.6226896,-0.49643064,20,64
-66.91666666666667,-0.4166666666666665,3.1036453,-1.5990133,-0.9012001,-0.62233794,20,65
-66.75000000000001,-0.4166666666666665,3.0363188,-1.0708284,-1.2232993,-0.5990628,20,66
-66.58333333333334,-0.4166666666666665,2.9843214,-0.4877768,-1.6128106,-0.5610045,20,67
-66.41666666666667,-0.4166666666666665,2.914055,0.018975792,-2.0976539,-0.5575551,20,68
-66.25000000000001,-0.4166666666666665,2.7425237,0.455605,-2.4169858,-0.5830554,20,69
-66.08333333333334,-0.4166666666666665,2.7586117,0.74252623,-2.4486346,-0.5563051,20,70
-65.91666666666667,-0.4166666666666665,2.8699036,0.6531978,-2.275905,-0.58548653,20,71
-65.75000000000001,-0.4166666666666665,3.0572977,0.63023263,-1.925798,-0.55359054,20,72
-65.58333333333334,-0.4166666666666665,3.1872132,0.53196657,-1.6827184,-0.5352518,20,73
-65.41666666666667,-0.4166666666666665,3.3411033,0.46024948,-1.5023701,-0.5088546,20,74
-64.41666666666667,-0.4166666666666665,3.9679897,-0.01988757,-0.31342056,-0.61297506,20,80
-64.25000000000001,-0.4166666666666665,3.9205513,-0.09940227,-0.1382534,-0.65107006,20,81
-64.08333333333334,-0.4166666666666665,3.8704984,-0.12264767,-0.05643071,-0.68481266,20,82
-63.91666666666668,-0.4166666666666665,3.729745,-0.19890386,-0.10063433,-0.7592762,20,83
-63.750000000000014,-0.4166666666666665,3.6651146,-0.08742235,-0.359533,-0.73261106,20,84
-63.41666666666668,-0.4166666666666665,3.593866,0.0884575,-0.449251,-0.63472307,20,86
-63.250000000000014,-0.4166666666666665,3.4953625,0.10469378,-0.34213513,-0.67570513,20,87
-74.41666666666667,-0.583333333333333,2.465326,-1.3409346,0.3440984,-0.20023426,21,20
-74.25000000000001,-0.583333333333333,2.4275956,-1.3816872,0.2977329,-0.22343072,21,21
-74.08333333333334,-0.583333333333333,2.4425406,-1.3256065,0.18269984,-0.22241646,21,22
-73.91666666666667,-0.583333333333333,2.4442637,-1.266172,0.03986909,-0.21007313,21,23
-73.75000000000001,-0.583333333333333,2.4162593,-1.2407008,-0.10625916,-0.21368398,21,24
-73.58333333333334,-0.583333333333333,2.4836943,-1.0524974,-0.23514047,-0.12959602,21,25
-73.41666666666667,-0.583333333333333,2.5590174,-0.89936846,-0.3641465,-0.059950586,21,26
-73.08333333333334,-0.583333333333333,2.7545733,-0.68220645,-0.5544152,0.05831096,21,28
-72.91666666666667,-0.583333333333333,2.785894,-0.7114101,-0.6212434,0.035513703,21,29
-72.75000000000001,-0.583333333333333,2.6377323,-1.124706,-0.6318812,-0.17295508,21,30
-68.91666666666667,-0.583333333333333,3.8703442,-3.587172,0.3227653,-0.3719822,21,53
-68.75000000000001,-0.583333333333333,3.9292088,-3.563889,0.39984548,-0.36160177,21,54
-68.58333333333334,-0.583333333333333,3.9459717,-3.595003,0.4602463,-0.37982634,21,55
-68.41666666666667,-0.583333333333333,3.8524783,-3.6346354,0.47572628,-0.6097703,21,56
-68.25000000000001,-0.583333333333333,3.8299806,-3.528881,0.42850256,-0.6174465,21,57
-68.08333333333334,-0.583333333333333,3.758177,-3.4199395,0.38640553,-0.63660413,21,58
-67.91666666666667,-0.583333333333333,3.7397738,-3.1312091,0.26647592,-0.57354975,21,59
-67.75000000000001,-0.583333333333333,3.6731975,-2.841587,0.13317572,-0.52656484,21,60
-67.58333333333334,-0.583333333333333,3.589301,-2.6102576,-0.02932573,-0.57058066,21,61
-67.41666666666667,-0.583333333333333,3.5002484,-2.2893472,-0.21332271,-0.528879,21,62
-67.25000000000001,-0.583333333333333,3.447854,-1.950567,-0.4190057,-0.48900145,21,63
-67.08333333333334,-0.583333333333333,3.390283,-1.5832077,-0.63035524,-0.44764864,21,64
-66.91666666666667,-0.583333333333333,3.2564855,-1.3421015,-0.865726,-0.50922805,21,65
-66.75000000000001,-0.583333333333333,3.138447,-0.96533597,-1.2020868,-0.541895,21,66
-66.58333333333334,-0.583333333333333,3.0196004,-0.58469355,-1.5400381,-0.5764456,21,67
-66.41666666666667,-0.583333333333333,2.9589193,-0.13856769,-1.8159417,-0.5725659,21,68
-66.25000000000001,-0.583333333333333,2.8605254,0.23166649,-2.0938811,-0.57417774,21,69
-66.08333333333334,-0.583333333333333,2.8923788,0.44668797,-2.1621466,-0.56966835,21,70
-65.91666666666667,-0.583333333333333,2.9995506,0.53184164,-2.0990024,-0.5600346,21,71
-65.75000000000001,-0.583333333333333,3.118626,0.5272755,-1.8888508,-0.5285256,21,72
-65.58333333333334,-0.583333333333333,3.2370026,0.45900765,-1.6739749,-0.53326446,21,73
-65.41666666666667,-0.583333333333333,3.3899329,0.38353437,-1.4680074,-0.53276485,21,74
-65.25000000000001,-0.583333333333333,3.6140926,0.45316365,-1.2254295,-0.43289334,21,75
-65.08333333333334,-0.583333333333333,3.7148728,0.29716724,-0.9354591,-0.46426678,21,76
-64.91666666666667,-0.583333333333333,3.7680235,0.13656822,-0.7799843,-0.5121786,21,77
-64.75000000000001,-0.583333333333333,3.8195324,0.047596633,-0.50492305,-0.51439565,21,78
-64.58333333333334,-0.583333333333333,3.8495636,-0.1457091,-0.32586813,-0.5769286,21,79
-64.41666666666667,-0.583333333333333,3.8742838,-0.24548027,-0.15612054,-0.6083731,21,80
-64.25000000000001,-0.583333333333333,3.8811495,-0.2585144,-0.10040147,-0.6020338,21,81
-64.08333333333334,-0.583333333333333,3.7681868,-0.3843567,-0.15611212,-0.76692516,21,82
-63.91666666666668,-0.583333333333333,3.7598984,-0.2720278,-0.19703954,-0.6437628,21,83
-63.750000000000014,-0.583333333333333,3.5934103,-0.2775244,-0.33210167,-0.698429,21,84
-63.58333333333334,-0.583333333333333,3.4055855,-0.18454288,-0.6314656,-0.7225369,21,85
-63.41666666666668,-0.583333333333333,3.3007557,-0.107778475,-0.9774925,-0.7213244,21,86
-63.250000000000014,-0.583333333333333,3.364219,-0.06019175,-0.9311762,-0.69643897,21,87
-63.08333333333334,-0.583333333333333,3.4970398,-0.055431694,-0.46231663,-0.73889977,21,88
-62.91666666666668,-0.583333333333333,3.4280808,-0.21291654,-0.20931672,-0.8318458,21,89
-62.750000000000014,-0.583333333333333,3.5133064,-0.16470687,0.08333142,-0.7929479,21,90
-61.91666666666668,-0.583333333333333,4.1293693,-0.052648775,0.93410575,-0.7547977,21,95
-74.41666666666667,-0.75,2.5479538,-1.5028279,0.2933519,-0.21353304,22,20
-74.25000000000001,-0.75,2.5860212,-1.4115517,0.20979635,-0.16976987,22,21
-74.08333333333334,-0.75,2.5823452,-1.3508469,0.09830157,-0.15589376,22,22
-73.91666666666667,-0.75,2.599696,-1.2606899,-0.07539383,-0.119520575,22,23
-73.75000000000001,-0.75,2.5725572,-1.2859495,-0.24347094,-0.15395418,22,24
-73.58333333333334,-0.75,2.5191064,-1.3122188,-0.3761542,-0.18283786,22,25
-73.41666666666667,-0.75,2.4761112,-1.3409758,-0.53439564,-0.22853743,22,26
-73.25000000000001,-0.75,2.571421,-1.2485197,-0.66594124,-0.18883719,22,27
-73.08333333333334,-0.75,2.6435168,-1.216758,-0.76170456,-0.16455701,22,28
-72.91666666666667,-0.75,2.7372456,-1.1726639,-0.79808575,-0.15303436,22,29
-72.75000000000001,-0.75,2.7882652,-1.2603022,-0.7820958,-0.1807978,22,30
-72.58333333333334,-0.75,2.8509176,-1.3051157,-0.84350336,-0.17802297,22,31
-72.41666666666667,-0.75,2.966147,-1.2554207,-0.7726655,-0.12017959,22,32
-72.25000000000001,-0.75,3.2712767,-1.1180677,-0.71628404,0.03085634,22,33
-71.91666666666667,-0.75,3.7468078,-1.063648,-0.6065676,0.38175362,22,35
-71.41666666666667,-0.75,3.8740718,-2.0208864,-0.44567147,0.14401476,22,38
-70.08333333333334,-0.75,3.674547,-2.9763384,-0.27412093,0.5561317,22,46
-69.75000000000001,-0.75,3.5970585,-2.7561762,-0.15747488,0.04513465,22,48
-68.91666666666667,-0.75,3.8962884,-3.536096,0.1802185,-0.34526455,22,53
-68.75000000000001,-0.75,3.9586668,-3.5117478,0.22947833,-0.33294487,22,54
-68.58333333333334,-0.75,4.0060906,-3.450075,0.30895522,-0.32222393,22,55
-68.41666666666667,-0.75,4.0050807,-3.3565922,0.3085982,-0.32062554,22,56
-68.25000000000001,-0.75,3.8673313,-3.4017954,0.30588147,-0.5653262,22,57
-68.08333333333334,-0.75,3.8031368,-3.240931,0.2492983,-0.5562291,22,58
-67.91666666666667,-0.75,3.7414916,-3.0398293,0.14125246,-0.5451679,22,59
-67.75000000000001,-0.75,3.6953514,-2.7693386,0.0741161,-0.56510526,22,60
-67.58333333333334,-0.75,3.6413014,-2.5085592,-0.08819781,-0.53741187,22,61
-67.41666666666667,-0.75,3.6199026,-2.1146557,-0.27538067,-0.4547333,22,62
-67.25000000000001,-0.75,3.5545945,-1.7947365,-0.45092955,-0.41452304,22,63
-67.08333333333334,-0.75,3.5239143,-1.4399172,-0.61452925,-0.3849384,22,64
-66.91666666666667,-0.75,3.4124749,-1.1541874,-0.8120366,-0.41351458,22,65
-66.75000000000001,-0.75,3.1579678,-1.1528069,-1.1387105,-0.6100916,22,66
-66.58333333333334,-0.75,3.0943182,-0.74698555,-1.3798972,-0.6038205,22,67
-66.41666666666667,-0.75,3.061242,-0.2822779,-1.6153957,-0.55358505,22,68
-66.25000000000001,-0.75,3.016648,0.029314773,-1.792292,-0.55677414,22,69
-66.08333333333334,-0.75,3.0386562,0.1826179,-1.8378775,-0.57312024,22,70
-65.91666666666667,-0.75,3.0930762,0.27138314,-1.8117341,-0.5802847,22,71
-65.75000000000001,-0.75,3.159776,0.28319976,-1.7394524,-0.5713774,22,72
-65.58333333333334,-0.75,3.2937567,0.310049,-1.5905206,-0.54350406,22,73
-65.41666666666667,-0.75,3.4987183,0.33385655,-1.3755745,-0.5014174,22,74
-65.25000000000001,-0.75,3.576325,0.19977252,-1.1286843,-0.54358625,22,75
-65.08333333333334,-0.75,3.667328,0.073699616,-0.8943725,-0.5586116,22,76
-64.91666666666667,-0.75,3.7384353,-0.006360898,-0.6496723,-0.5473048,22,77
-64.75000000000001,-0.75,3.7941065,-0.09430934,-0.55894005,-0.5380635,22,78
-64.58333333333334,-0.75,3.821753,-0.25047824,-0.4198372,-0.58691865,22,79
-64.41666666666667,-0.75,3.8360577,-0.31938145,-0.2729272,-0.6192509,22,80
-64.25000000000001,-0.75,3.808011,-0.39187115,-0.23910442,-0.660386,22,81
-64.08333333333334,-0.75,3.8030124,-0.36626583,-0.2640089,-0.6443448,22,82
-63.91666666666668,-0.75,3.8072908,-0.21665575,-0.2514736,-0.59625024,22,83
-63.750000000000014,-0.75,3.6822426,-0.14336094,-0.31513047,-0.55231667,22,84
-63.58333333333334,-0.75,3.5283213,-0.032515608,-0.44910464,-0.64637333,22,85
-63.41666666666668,-0.75,3.1702828,-0.27132264,-0.74794316,-0.7662903,22,86
-63.250000000000014,-0.75,3.152676,-0.23491222,-0.8632281,-0.84193844,22,87
-63.08333333333334,-0.75,3.2569413,-0.23219156,-0.97202235,-0.8263101,22,88
-62.91666666666668,-0.75,3.257964,-0.39636806,-0.6765272,-0.8912239,22,89
-62.750000000000014,-0.75,3.449141,-0.23112553,-0.16881086,-0.8432115,22,90
-61.91666666666668,-0.75,4.3632545,-0.38821256,1.2248552,-0.75995815,22,95
-55.91666666666668,-0.75,2.1633077,-0.150252,1.5504783,-0.8549158,22,131
-74.58333333333334,-0.9166666666666665,2.5281253,-1.8045462,0.29696217,-0.31984457,23,19
-74.41666666666667,-0.9166666666666665,2.6492476,-1.6243623,0.23614582,-0.20203747,23,20
-74.25000000000001,-0.9166666666666665,2.714165,-1.4647969,0.10185592,-0.11713611,23,21
-74.08333333333334,-0.9166666666666665,2.7456965,-1.3708305,0.0049844733,-0.08900742,23,22
-73.91666666666667,-0.9166666666666665,2.7398117,-1.3044677,-0.13023499,-0.067602016,23,23
-73.75000000000001,-0.9166666666666665,2.7876875,-1.2139479,-0.3027175,-0.021033583,23,24
-73.58333333333334,-0.9166666666666665,2.678676,-1.3300102,-0.500405,-0.11021682,23,25
-73.41666666666667,-0.9166666666666665,2.6275556,-1.4008,-0.70578724,-0.17691864,23,26
-73.25000000000001,-0.9166666666666665,2.7099552,-1.2462951,-0.86249405,-0.102232024,23,27
-73.08333333333334,-0.9166666666666665,2.8579283,-1.1131413,-0.9257095,-0.031026304,23,28
-72.91666666666667,-0.9166666666666665,2.9167466,-1.1922705,-0.9518899,-0.06966318,23,29
-72.75000000000001,-0.9166666666666665,2.917839,-1.3504887,-0.9792322,-0.1435266,23,30
-72.58333333333334,-0.9166666666666665,3.0150633,-1.334371,-0.9531994,-0.11103566,23,31
-72.41666666666667,-0.9166666666666665,3.1154997,-1.4261006,-0.91785127,-0.11175826,23,32
-72.25000000000001,-0.9166666666666665,3.4227772,-1.2404678,-0.82695615,0.21180253,23,33
-72.08333333333334,-0.9166666666666665,3.6038954,-1.2369742,-0.70628214,0.26477444,23,34
-71.91666666666667,-0.9166666666666665,3.7787402,-1.2871747,-0.60340136,0.3148471,23,35
-71.75000000000001,-0.9166666666666665,3.9471755,-1.3786056,-0.5611727,0.36970255,23,36
-71.58333333333334,-0.9166666666666665,4.0311956,-1.647755,-0.5006116,0.32164276,23,37
-70.75000000000001,-0.9166666666666665,4.1438336,-2.506871,-0.28705406,0.53765905,23,42
-69.91666666666667,-0.9166666666666665,3.6955242,-2.4426625,-0.17436056,0.22740057,23,47
-68.75000000000001,-0.9166666666666665,3.9664953,-3.4659986,0.16620721,-0.31073532,23,54
-68.58333333333334,-0.9166666666666665,3.9777718,-3.446745,0.21596673,-0.3372522,23,55
-68.41666666666667,-0.9166666666666665,4.016133,-3.3380938,0.19671233,-0.32339194,23,56
-68.25000000000001,-0.9166666666666665,3.998405,-3.186376,0.1440389,-0.30605018,23,57
-68.08333333333334,-0.9166666666666665,3.9014432,-3.0973642,0.15602295,-0.49662006,23,58
-67.91666666666667,-0.9166666666666665,3.860399,-2.877126,0.091543145,-0.5221257,23,59
-67.75000000000001,-0.9166666666666665,3.8132985,-2.6245701,-0.01811061,-0.49712825,23,60
-67.58333333333334,-0.9166666666666665,3.7615216,-2.3650382,-0.09900472,-0.47875476,23,61
-67.41666666666667,-0.9166666666666665,3.6683648,-2.1957278,-0.28684646,-0.5072203,23,62
-67.25000000000001,-0.9166666666666665,3.5975285,-1.8754915,-0.4022879,-0.46631536,23,63
-67.08333333333334,-0.9166666666666665,3.5380814,-1.5972217,-0.565566,-0.47692934,23,64
-66.91666666666667,-0.9166666666666665,3.3840282,-1.4073838,-0.816775,-0.54186356,23,65
-66.75000000000001,-0.9166666666666665,3.3215413,-1.1653174,-0.96881884,-0.5865084,23,66
-66.58333333333334,-0.9166666666666665,3.2471347,-0.8172296,-1.1670694,-0.5799868,23,67
-66.41666666666667,-0.9166666666666665,3.2101932,-0.44836658,-1.339602,-0.5452388,23,68
-66.25000000000001,-0.9166666666666665,3.170057,-0.21696286,-1.4328698,-0.57191795,23,69
-66.08333333333334,-0.9166666666666665,3.1848495,-0.03659727,-1.5042448,-0.56367683,23,70
-65.91666666666667,-0.9166666666666665,3.282059,0.12665342,-1.5476086,-0.5443607,23,71
-65.75000000000001,-0.9166666666666665,3.3878055,0.24695686,-1.534376,-0.5021398,23,72
-65.58333333333334,-0.9166666666666665,3.4585383,0.20610067,-1.4207102,-0.52029306,23,73
-65.41666666666667,-0.9166666666666665,3.5139472,0.08888837,-1.2744881,-0.56539893,23,74
-65.25000000000001,-0.9166666666666665,3.620866,0.023769792,-1.0411252,-0.57624906,23,75
-65.08333333333334,-0.9166666666666665,3.6907427,-0.06522299,-0.8309714,-0.58751386,23,76
-64.91666666666667,-0.9166666666666665,3.7974153,-0.13361226,-0.66729397,-0.56023437,23,77
-64.75000000000001,-0.9166666666666665,3.8416078,-0.27356082,-0.4947378,-0.59098893,23,78
-64.58333333333334,-0.9166666666666665,3.8341634,-0.41635025,-0.4057636,-0.58609587,23,79
-64.41666666666667,-0.9166666666666665,3.8522136,-0.4720452,-0.34720412,-0.59278333,23,80
-64.25000000000001,-0.9166666666666665,3.796942,-0.52318114,-0.27461177,-0.642525,23,81
-64.08333333333334,-0.9166666666666665,3.7333415,-0.52134323,-0.3134701,-0.6625978,23,82
-63.91666666666668,-0.9166666666666665,3.6008594,-0.53661597,-0.47295603,-0.6866231,23,83
-63.750000000000014,-0.9166666666666665,3.4795978,-0.5181051,-0.57113796,-0.721743,23,84
-63.58333333333334,-0.9166666666666665,3.3392944,-0.45462155,-0.7263163,-0.7670987,23,85
-63.41666666666668,-0.9166666666666665,3.2151806,-0.40923694,-0.8673304,-0.7943014,23,86
-63.250000000000014,-0.9166666666666665,3.1148195,-0.36037925,-0.8654231,-0.833786,23,87
-63.08333333333334,-0.9166666666666665,2.9804213,-0.42023823,-0.93488336,-0.9584613,23,88
-62.91666666666668,-0.9166666666666665,3.1481996,-0.24802165,-1.1424054,-0.7202897,23,89
-62.750000000000014,-0.9166666666666665,3.3980384,-0.33013672,-0.7136244,-0.83038497,23,90
-62.58333333333334,-0.9166666666666665,3.618306,-0.4046454,-0.2845316,-0.8739504,23,91
-62.41666666666668,-0.9166666666666665,3.855376,-0.32894775,0.103022106,-0.9358545,23,92
-61.91666666666668,-0.9166666666666665,4.4244866,-0.47421363,1.066354,-0.7869636,23,95
-55.91666666666668,-0.9166666666666665,2.5103579,0.30050153,1.7423652,-0.61571574,23,131
-55.750000000000014,-0.9166666666666665,1.6962464,-0.63635457,1.3483531,-1.2067447,23,132
-74.58333333333334,-1.083333333333333,2.6089056,-2.0307393,0.3021263,-0.34897825,24,19
-74.41666666666667,-1.083333333333333,2.7178857,-1.8612701,0.20814924,-0.25471652,24,20
-74.25000000000001,-1.083333333333333,2.7388775,-1.7868316,0.03463292,-0.21750885,24,21
-74.08333333333334,-1.083333333333333,2.8147743,-1.567302,-0.14189006,-0.101661734,24,22
-73.91666666666667,-1.083333333333333,2.88646,-1.393805,-0.31016207,-0.017665444,24,23
-73.75000000000001,-1.083333333333333,2.823668,-1.4274522,-0.43117523,-0.043390736,24,24
-73.58333333333334,-1.083333333333333,2.8868222,-1.2759606,-0.65357196,0.006300573,24,25
-73.41666666666667,-1.083333333333333,2.7640514,-1.4452677,-0.9017351,-0.12370453,24,26
-73.25000000000001,-1.083333333333333,2.8243306,-1.3647755,-1.0540621,-0.08719691,24,27
-73.08333333333334,-1.083333333333333,2.945725,-1.2791079,-1.0765802,-0.041068304,24,28
-72.91666666666667,-1.083333333333333,3.192329,-1.0755949,-1.0943305,0.26393792,24,29
-72.75000000000001,-1.083333333333333,3.1809855,-1.2900383,-1.0605837,0.15726769,24,30
-72.58333333333334,-1.083333333333333,3.3118086,-1.2253451,-1.0031575,0.21042785,24,31
-72.41666666666667,-1.083333333333333,3.4651835,-1.2449235,-0.91341233,0.23314075,24,32
-72.25000000000001,-1.083333333333333,3.573119,-1.3779297,-0.84207344,0.21813314,24,33
-72.08333333333334,-1.083333333333333,3.7037277,-1.4432242,-0.7153457,0.23360334,24,34
-71.91666666666667,-1.083333333333333,3.7980509,-1.5445694,-0.6077185,0.24718449,24,35
-71.75000000000001,-1.083333333333333,3.8898432,-1.7180738,-0.5331052,0.24870077,24,36
-71.41666666666667,-1.083333333333333,4.2741194,-1.7339625,-0.32405987,0.44085497,24,38
-71.25000000000001,-1.083333333333333,4.380859,-1.892366,-0.27670184,0.46126756,24,39
-70.25000000000001,-1.083333333333333,3.9199195,-2.2976942,-0.2704723,0.3031517,24,45
-69.41666666666667,-1.083333333333333,3.985834,-2.7225869,0.028594675,0.11342911,24,50
-68.91666666666667,-1.083333333333333,3.921215,-3.4958298,0.13342424,-0.19619146,24,53
-68.75000000000001,-1.083333333333333,4.0515738,-3.3660505,0.1511513,-0.25817463,24,54
-68.58333333333334,-1.083333333333333,4.0776887,-3.3184986,0.17040773,-0.27125746,24,55
-68.41666666666667,-1.083333333333333,4.0865116,-3.2643063,0.17963554,-0.29772094,24,56
-68.25000000000001,-1.083333333333333,4.022515,-3.1575963,0.109279245,-0.3025541,24,57
-68.08333333333334,-1.083333333333333,3.9290493,-3.1064582,0.065259226,-0.5106538,24,58
-67.91666666666667,-1.083333333333333,3.9754505,-2.7341354,0.034917366,-0.47277337,24,59
-67.75000000000001,-1.083333333333333,3.9108598,-2.5112934,-0.01165251,-0.44998974,24,60
-67.58333333333334,-1.083333333333333,3.7811186,-2.399223,-0.122263566,-0.505433,24,61
-67.41666666666667,-1.083333333333333,3.7476833,-2.1678934,-0.2090087,-0.4839647,24,62
-67.25000000000001,-1.083333333333333,3.6906812,-1.9141359,-0.32525545,-0.4872427,24,63
-67.08333333333334,-1.083333333333333,3.631328,-1.6342584,-0.48836663,-0.46933472,24,64
-66.91666666666667,-1.083333333333333,3.5607784,-1.4128165,-0.60985243,-0.51143956,24,65
-66.75000000000001,-1.083333333333333,3.4989257,-1.1665394,-0.74256223,-0.5245996,24,66
-66.58333333333334,-1.083333333333333,3.4134493,-0.892712,-0.93107516,-0.5318216,24,67
-66.41666666666667,-1.083333333333333,3.3790026,-0.65019345,-1.0737716,-0.565283,24,68
-66.25000000000001,-1.083333333333333,3.3595154,-0.42061898,-1.2153956,-0.57173693,24,69
-66.08333333333334,-1.083333333333333,3.3936467,-0.17151897,-1.251751,-0.5259556,24,70
-65.91666666666667,-1.083333333333333,3.4786985,0.023923269,-1.2787266,-0.47938722,24,71
-65.75000000000001,-1.083333333333333,3.470629,0.0053876843,-1.3386768,-0.5399443,24,72
-65.58333333333334,-1.083333333333333,3.4843445,-0.050027758,-1.2595291,-0.52318066,24,73
-65.41666666666667,-1.083333333333333,3.5504901,-0.10595186,-1.1587212,-0.5377748,24,74
-65.25000000000001,-1.083333333333333,3.6439843,-0.19201323,-0.9486562,-0.565829,24,75
-65.08333333333334,-1.083333333333333,3.74611,-0.24288057,-0.8144387,-0.55023235,24,76
-64.91666666666667,-1.083333333333333,3.9003892,-0.2601828,-0.655042,-0.50250113,24,77
-64.75000000000001,-1.083333333333333,3.8903513,-0.38019922,-0.53097725,-0.5369708,24,78
-64.58333333333334,-1.083333333333333,3.9214566,-0.4579623,-0.38871896,-0.54729915,24,79
-64.41666666666667,-1.083333333333333,3.902833,-0.57589793,-0.36374167,-0.5961968,24,80
-64.25000000000001,-1.083333333333333,3.8591564,-0.584507,-0.35136887,-0.60832494,24,81
-64.08333333333334,-1.083333333333333,3.8086495,-0.5261662,-0.4277022,-0.61367345,24,82
-63.91666666666668,-1.083333333333333,3.656519,-0.5892626,-0.5230512,-0.68376845,24,83
-63.750000000000014,-1.083333333333333,3.494465,-0.56598383,-0.6324083,-0.72179323,24,84
-63.58333333333334,-1.083333333333333,3.375998,-0.52690244,-0.77398306,-0.75336725,24,85
-63.41666666666668,-1.083333333333333,3.219444,-0.55761343,-0.8444822,-0.835964,24,86
-63.250000000000014,-1.083333333333333,3.1273315,-0.5184278,-0.8939974,-0.86798185,24,87
-63.08333333333334,-1.083333333333333,3.0236156,-0.46495315,-0.9220151,-0.89102286,24,88
-62.91666666666668,-1.083333333333333,2.9433124,-0.5580897,-1.0679982,-0.8387711,24,89
-62.750000000000014,-1.083333333333333,3.216102,-0.4587816,-1.0620625,-0.71187663,24,90
-62.58333333333334,-1.083333333333333,3.605365,-0.3821604,-0.85959613,-0.867036,24,91
-62.41666666666668,-1.083333333333333,3.8132453,-0.36085933,-0.59208065,-0.8243567,24,92
-62.250000000000014,-1.083333333333333,4.0127077,-0.2696667,-0.22015871,-0.84891456,24,93
-62.08333333333334,-1.083333333333333,4.0454154,-0.2669874,-0.06287053,-0.76513773,24,94
-55.91666666666668,-1.083333333333333,2.973138,1.0443542,1.9564283,-0.26230457,24,131
-55.750000000000014,-1.083333333333333,2.2519422,0.3118557,1.5497142,-0.7543459,24,132
-74.91666666666667,-1.25,2.6643767,-1.954877,0.3743666,-0.56662685,25,17
-74.75000000000001,-1.25,2.6584413,-1.9733796,0.33010036,-0.5769672,25,18
-74.58333333333334,-1.25,2.7199838,-2.211485,0.2976737,-0.3602083,25,19
-74.41666666666667,-1.25,2.8443253,-1.991233,0.18602608,-0.23422417,25,20
-74.25000000000001,-1.25,2.900517,-1.858746,0.023121057,-0.14963633,25,21
-74.08333333333334,-1.25,2.8947651,-1.78135,-0.17310572,-0.1192353,25,22
-73.91666666666667,-1.25,2.9496388,-1.6553868,-0.38855666,-0.056167603,25,23
-73.75000000000001,-1.25,3.024389,-1.4539993,-0.6593468,0.042180337,25,24
-73.58333333333334,-1.25,3.0346177,-1.3385909,-0.9042966,0.07055859,25,25
-73.41666666666667,-1.25,3.0949705,-1.235944,-1.056475,0.2834188,25,26
-73.25000000000001,-1.25,3.0395303,-1.332488,-1.2000666,0.19849391,25,27
-73.08333333333334,-1.25,3.2024927,-1.2361017,-1.2148155,0.24967991,25,28
-72.91666666666667,-1.25,3.3462234,-1.1647269,-1.1688163,0.29931307,25,29
-72.75000000000001,-1.25,3.3484972,-1.3471087,-1.1054705,0.189028,25,30
-72.58333333333334,-1.25,3.4383426,-1.3457925,-0.9765293,0.23234478,25,31
-72.41666666666667,-1.25,3.58435,-1.2987411,-0.89008,0.27577418,25,32
-72.25000000000001,-1.25,3.7221358,-1.3642508,-0.782458,0.28581735,25,33
-72.08333333333334,-1.25,3.819856,-1.4224901,-0.6505099,0.30676672,25,34
-71.91666666666667,-1.25,3.8399475,-1.713192,-0.57718766,0.2122506,25,35
-71.75000000000001,-1.25,3.9876025,-1.7683533,-0.47704822,0.27584112,25,36
-71.58333333333334,-1.25,4.1045966,-1.810306,-0.36747682,0.3228409,25,37
-71.41666666666667,-1.25,4.213416,-1.778684,-0.29839957,0.21980266,25,38
-71.25000000000001,-1.25,4.2987633,-1.9431047,-0.21632509,0.21686156,25,39
-71.08333333333334,-1.25,4.32399,-1.9366188,-0.18252458,0.22292471,25,40
-69.91666666666667,-1.25,3.9552226,-2.3932824,-0.09529304,0.30772462,25,47
-69.75000000000001,-1.25,3.9717433,-2.4984305,-0.10443433,0.36009282,25,48
-68.91666666666667,-1.25,4.039998,-3.3881676,0.16367652,-0.15025719,25,53
-68.75000000000001,-1.25,4.178579,-3.2577348,0.17296383,-0.19542967,25,54
-68.58333333333334,-1.25,4.175139,-3.1916883,0.12869422,-0.20408571,25,55
-68.41666666666667,-1.25,4.159856,-3.16456,0.14954385,-0.238878,25,56
-68.25000000000001,-1.25,4.1669807,-3.00199,0.09099673,-0.22936538,25,57
-68.08333333333334,-1.25,4.0910068,-2.8482718,0.04359112,-0.4342683,25,58
-67.91666666666667,-1.25,4.0166154,-2.7076395,0.020875044,-0.4549203,25,59
-67.75000000000001,-1.25,3.9431682,-2.5762966,0.019164627,-0.49392998,25,60
-67.58333333333334,-1.25,3.8860462,-2.354273,-0.07446149,-0.48586977,25,61
-67.41666666666667,-1.25,3.8332067,-2.1455655,-0.12342425,-0.4795063,25,62
-67.25000000000001,-1.25,3.7781503,-1.9389986,-0.25696096,-0.49090976,25,63
-67.08333333333334,-1.25,3.7001247,-1.7428086,-0.3981838,-0.5093298,25,64
-66.91666666666667,-1.25,3.6784391,-1.5054086,-0.472581,-0.5093396,25,65
-66.75000000000001,-1.25,3.6485448,-1.2457494,-0.5535358,-0.50629824,25,66
-66.58333333333334,-1.25,3.5872674,-0.9987331,-0.65248746,-0.5094396,25,67
-66.41666666666667,-1.25,3.5844078,-0.73209256,-0.7988715,-0.50123537,25,68
-66.25000000000001,-1.25,3.6148295,-0.48034745,-0.9429147,-0.46189,25,69
-66.08333333333334,-1.25,3.6218069,-0.2885832,-1.0100945,-0.45612177,25,70
-65.91666666666667,-1.25,3.5957904,-0.23168746,-1.0145448,-0.48952043,25,71
-65.75000000000001,-1.25,3.6050677,-0.1789839,-1.0326003,-0.53051627,25,72
-65.58333333333334,-1.25,3.5875642,-0.20380543,-1.0294814,-0.5205143,25,73
-65.41666666666667,-1.25,3.6362193,-0.20692873,-0.9691978,-0.5298737,25,74
-65.25000000000001,-1.25,3.773587,-0.26042274,-0.8340664,-0.5231936,25,75
-65.08333333333334,-1.25,3.916893,-0.28311,-0.692265,-0.48165527,25,76
-64.91666666666667,-1.25,3.9794614,-0.43269828,-0.6047157,-0.5227426,25,77
-64.75000000000001,-1.25,3.9768736,-0.5555082,-0.46865496,-0.5543449,25,78
-64.58333333333334,-1.25,3.9719791,-0.6028872,-0.3851834,-0.55921525,25,79
-64.41666666666667,-1.25,3.9602528,-0.6506015,-0.40925685,-0.5645271,25,80
-64.25000000000001,-1.25,3.898274,-0.6816815,-0.37548378,-0.61089605,25,81
-64.08333333333334,-1.25,3.9166622,-0.7112855,-0.34208116,-0.7896188,25,82
-63.91666666666668,-1.25,3.8103263,-0.6715017,-0.44239992,-0.8045497,25,83
-63.750000000000014,-1.25,3.5437968,-0.68339014,-0.64473015,-0.7331657,25,84
-63.58333333333334,-1.25,3.4187024,-0.68511647,-0.76648587,-0.79030097,25,85
-63.41666666666668,-1.25,3.2765584,-0.6955804,-0.8584605,-0.8545438,25,86
-63.250000000000014,-1.25,3.231551,-0.581231,-0.9515364,-0.71871316,25,87
-63.08333333333334,-1.25,3.1650949,-0.6006479,-1.0292006,-0.7534212,25,88
-62.91666666666668,-1.25,3.1516895,-0.6249532,-1.0231714,-0.7816651,25,89
-62.750000000000014,-1.25,3.2625263,-0.60141015,-0.9689598,-0.74378276,25,90
-62.58333333333334,-1.25,3.4528887,-0.6213558,-0.77725327,-1.0020733,25,91
-62.41666666666668,-1.25,3.69609,-0.3055779,-0.8884104,-0.824727,25,92
-62.250000000000014,-1.25,3.8339026,0.014165304,-1.145916,-0.6706513,25,93
-62.08333333333334,-1.25,3.8277755,0.21082753,-1.3086642,-0.6227674,25,94
-61.91666666666668,-1.25,3.8447423,0.17288108,-1.0213605,-0.68125606,25,95
-61.750000000000014,-1.25,3.759943,-0.013039723,-0.59539026,-0.75137794,25,96
-74.58333333333334,-1.416666666666666,2.930863,-2.2425914,0.27117172,-0.2776034,26,19
-74.41666666666667,-1.416666666666666,2.9633806,-2.2042212,0.14372505,-0.24779297,26,20
-74.25000000000001,-1.416666666666666,2.98769,-2.1006358,0.026040716,-0.17249812,26,21
-74.08333333333334,-1.416666666666666,3.0243018,-1.9773406,-0.19427603,-0.1109715,26,22
-73.91666666666667,-1.416666666666666,3.1217616,-1.7617859,-0.45614293,0.014422079,26,23
-73.75000000000001,-1.416666666666666,3.1787863,-1.5945535,-0.7312521,0.2605905,26,24
-73.58333333333334,-1.416666666666666,3.2787225,-1.3094624,-0.95062804,0.37396014,26,25
-73.41666666666667,-1.416666666666666,3.2639468,-1.2777839,-1.1323541,0.35218233,26,26
-73.25000000000001,-1.416666666666666,3.1483402,-1.4419148,-1.3076543,0.21916929,26,27
-73.08333333333334,-1.416666666666666,3.2288327,-1.4169751,-1.291161,0.20819674,26,28
-72.91666666666667,-1.416666666666666,3.381798,-1.3434649,-1.2112178,0.27412558,26,29
-72.75000000000001,-1.416666666666666,3.526969,-1.2436337,-1.0930929,0.328165,26,30
-72.58333333333334,-1.416666666666666,3.5694044,-1.3356452,-0.98470783,0.28908378,26,31
-72.41666666666667,-1.416666666666666,3.5885372,-1.3644252,-0.8618128,0.13387361,26,32
-72.25000000000001,-1.416666666666666,3.7185616,-1.3807099,-0.7408674,0.16703652,26,33
-72.08333333333334,-1.416666666666666,3.8917415,-1.3473041,-0.61336327,0.21392812,26,34
-71.91666666666667,-1.416666666666666,3.9688618,-1.491528,-0.5384856,0.17840031,26,35
-71.75000000000001,-1.416666666666666,4.0547175,-1.6276706,-0.41219425,0.17632934,26,36
-71.58333333333334,-1.416666666666666,4.2160697,-1.6179128,-0.27859938,0.2635578,26,37
-71.41666666666667,-1.416666666666666,4.330775,-1.7096776,-0.18982251,0.29903486,26,38
-71.25000000000001,-1.416666666666666,4.4492745,-1.6868165,-0.12327609,0.36205223,26,39
-71.08333333333334,-1.416666666666666,4.2248907,-1.9794116,-0.1214311,0.4307499,26,40
-70.91666666666667,-1.416666666666666,4.2011147,-2.0612345,-0.109321326,0.3997267,26,41
-70.75000000000001,-1.416666666666666,4.192857,-1.980975,-0.1461982,0.44232392,26,42
-70.58333333333334,-1.416666666666666,4.110848,-2.0389616,-0.10753304,0.40540788,26,43
-70.41666666666667,-1.416666666666666,4.114896,-2.097392,-0.057178244,0.40145358,26,44
-69.91666666666667,-1.416666666666666,4.01879,-2.4767041,-0.002887332,0.25338036,26,47
-69.75000000000001,-1.416666666666666,3.9615974,-2.6981559,0.010079987,0.17240705,26,48
-69.58333333333334,-1.416666666666666,4.086357,-2.635416,0.016456058,0.2526611,26,49
-69.41666666666667,-1.416666666666666,4.2530823,-2.5435488,0.107968554,0.32659408,26,50
-69.08333333333334,-1.416666666666666,4.111097,-3.2860053,0.23533957,-0.08977216,26,52
-68.91666666666667,-1.416666666666666,4.120685,-3.326099,0.22581889,-0.09852809,26,53
-68.75000000000001,-1.416666666666666,4.2639823,-3.2266157,0.23089758,-0.15988731,26,54
-68.58333333333334,-1.416666666666666,4.325242,-3.1613772,0.24572472,-0.24254385,26,55
-68.41666666666667,-1.416666666666666,4.2505965,-3.0262427,0.108221576,-0.17140408,26,56
-68.25000000000001,-1.416666666666666,4.3476458,-2.9066672,0.10753416,-0.3274329,26,57
-68.08333333333334,-1.416666666666666,4.2157536,-2.784507,0.012507652,-0.27802306,26,58
-67.91666666666667,-1.416666666666666,4.083338,-2.7135854,-0.012266709,-0.4772785,26,59
-67.75000000000001,-1.416666666666666,4.039614,-2.5317192,0.05532225,-0.49293298,26,60
-67.58333333333334,-1.416666666666666,3.996349,-2.3160892,0.0064315256,-0.4579301,26,61
-67.41666666666667,-1.416666666666666,3.9505553,-2.150473,-0.11094739,-0.47740063,26,62
-67.25000000000001,-1.416666666666666,3.919153,-1.975711,-0.1749811,-0.47707972,26,63
-67.08333333333334,-1.416666666666666,3.8462188,-1.8078151,-0.23000385,-0.49730736,26,64
-66.91666666666667,-1.416666666666666,3.8418403,-1.5601718,-0.26812217,-0.48033452,26,65
-66.75000000000001,-1.416666666666666,3.7941759,-1.296202,-0.32605228,-0.46330115,26,66
-66.58333333333334,-1.416666666666666,3.7795575,-1.0501214,-0.3989724,-0.45677435,26,67
-66.41666666666667,-1.416666666666666,3.7945812,-0.8249519,-0.49268755,-0.44573846,26,68
-66.25000000000001,-1.416666666666666,3.7875357,-0.6986244,-0.53463966,-0.45737055,26,69
-66.08333333333334,-1.416666666666666,3.7877507,-0.52912873,-0.6472034,-0.47093198,26,70
-65.91666666666667,-1.416666666666666,3.7716718,-0.3879121,-0.7403601,-0.4732652,26,71
-65.75000000000001,-1.416666666666666,3.7783272,-0.32251993,-0.82067317,-0.5077111,26,72
-65.58333333333334,-1.416666666666666,3.7243664,-0.28658256,-0.8666471,-0.4945289,26,73
-65.41666666666667,-1.416666666666666,3.7738805,-0.2950633,-0.8354934,-0.50221467,26,74
-65.25000000000001,-1.416666666666666,3.912074,-0.31043896,-0.6787217,-0.4730473,26,75
-65.08333333333334,-1.416666666666666,4.015912,-0.40904328,-0.5854241,-0.46817958,26,76
-64.91666666666667,-1.416666666666666,4.18963,-0.5590572,-0.3546561,-0.59762055,26,77
-64.75000000000001,-1.416666666666666,4.2381964,-0.6459641,-0.23640722,-0.6181574,26,78
-64.58333333333334,-1.416666666666666,4.2188115,-0.689566,-0.14027242,-0.61917925,26,79
-64.41666666666667,-1.416666666666666,4.18776,-0.76262414,-0.15045168,-0.66481864,26,80
-64.25000000000001,-1.416666666666666,4.107991,-0.76688224,-0.22385755,-0.70438856,26,81
-64.08333333333334,-1.416666666666666,3.9981406,-0.7971975,-0.31255206,-0.75998676,26,82
-63.91666666666668,-1.416666666666666,3.8848765,-0.7560912,-0.43089035,-0.78907025,26,83
-63.750000000000014,-1.416666666666666,3.7776437,-0.7209591,-0.5805059,-0.8356337,26,84
-63.58333333333334,-1.416666666666666,3.7135699,-0.6201904,-0.6816994,-0.7103802,26,85
-63.41666666666668,-1.416666666666666,3.5970192,-0.62580335,-0.7764442,-0.75171214,26,86
-63.250000000000014,-1.416666666666666,3.484143,-0.6591471,-0.8533261,-0.80960333,26,87
-63.08333333333334,-1.416666666666666,3.434653,-0.6951895,-0.8707188,-0.83141404,26,88
-62.91666666666668,-1.416666666666666,3.4326186,-0.67890495,-0.9209064,-0.83608323,26,89
-62.750000000000014,-1.416666666666666,3.4860756,-0.67209905,-0.90737885,-0.8200916,26,90
-62.58333333333334,-1.416666666666666,3.5693922,-0.5739991,-0.88264716,-0.7912985,26,91
-62.41666666666668,-1.416666666666666,3.6199565,-0.3815819,-0.9883581,-0.7456389,26,92
-62.250000000000014,-1.416666666666666,3.5330417,-0.25054413,-1.169215,-0.8670911,26,93
-62.08333333333334,-1.416666666666666,3.4690027,0.14153615,-1.5637138,-0.7888279,26,94
-61.91666666666668,-1.416666666666666,3.5252175,0.34971187,-1.6894085,-0.7076369,26,95
-61.750000000000014,-1.416666666666666,3.7432928,0.35858262,-1.2578561,-0.52781063,26,96
-61.58333333333334,-1.416666666666666,3.9247553,0.35784516,-0.9285393,-0.42430177,26,97
-74.41666666666667,-1.583333333333333,3.087667,-2.1768682,0.15120895,-0.47813272,27,20
-74.25000000000001,-1.583333333333333,3.268531,-2.1029296,0.04036584,-0.06037419,27,21
-74.08333333333334,-1.583333333333333,3.2609186,-2.0985272,-0.16229936,-0.040813413,27,22
-73.91666666666667,-1.583333333333333,3.3417497,-1.9487242,-0.4223599,0.21605958,27,23
-73.75000000000001,-1.583333333333333,3.4057508,-1.7462913,-0.6409207,0.29374418,27,24
-73.58333333333334,-1.583333333333333,3.407776,-1.4985237,-0.94377023,0.39225683,27,25
-73.41666666666667,-1.583333333333333,3.354539,-1.4167314,-1.2612256,0.36302325,27,26
-73.25000000000001,-1.583333333333333,3.3293598,-1.3781362,-1.3748119,0.34451044,27,27
-73.08333333333334,-1.583333333333333,3.3600338,-1.4735012,-1.3562992,0.2755969,27,28
-72.91666666666667,-1.583333333333333,3.4861565,-1.4417813,-1.1951792,0.2996428,27,29
-72.75000000000001,-1.583333333333333,3.569706,-1.2822709,-1.0707185,0.23267567,27,30
-72.58333333333334,-1.583333333333333,3.7116575,-1.2184176,-0.92080736,0.2725584,27,31
-72.41666666666667,-1.583333333333333,3.7547238,-1.3369628,-0.7958873,0.21632968,27,32
-72.25000000000001,-1.583333333333333,3.748171,-1.5173366,-0.6852611,0.12864956,27,33
-72.08333333333334,-1.583333333333333,3.8934956,-1.4667543,-0.5543074,0.18618485,27,34
-71.91666666666667,-1.583333333333333,4.059885,-1.4311004,-0.4546808,0.24939083,27,35
-71.75000000000001,-1.583333333333333,4.151579,-1.545875,-0.32751045,0.2639414,27,36
-71.58333333333334,-1.583333333333333,4.2369814,-1.6898992,-0.17769867,0.26447573,27,37
-71.41666666666667,-1.583333333333333,4.416335,-1.6182647,-0.06644338,0.32209063,27,38
-71.25000000000001,-1.583333333333333,4.316278,-1.8441001,-0.041235078,0.31401777,27,39
-71.08333333333334,-1.583333333333333,4.14711,-2.086369,-0.064087786,0.358217,27,40
-70.91666666666667,-1.583333333333333,4.140766,-2.1682625,-0.033608954,0.32487714,27,41
-70.75000000000001,-1.583333333333333,4.124634,-2.1936307,-0.0028895477,0.33227193,27,42
-70.58333333333334,-1.583333333333333,4.1657677,-2.101606,0.030702827,0.37662596,27,43
-70.41666666666667,-1.583333333333333,4.152174,-2.1305375,0.063423015,0.37426838,27,44
-70.25000000000001,-1.583333333333333,4.1989336,-2.142066,0.044430174,0.39176735,27,45
-70.08333333333334,-1.583333333333333,4.1820817,-2.23705,0.003633116,0.33902365,27,46
-69.91666666666667,-1.583333333333333,4.0866823,-2.589178,0.012668943,0.19250867,27,47
-69.75000000000001,-1.583333333333333,4.03081,-2.8562467,-0.0153636215,0.028221762,27,48
-69.58333333333334,-1.583333333333333,4.18421,-2.6630058,0.033458155,0.23067866,27,49
-69.41666666666667,-1.583333333333333,4.4043136,-2.5237153,0.19443919,0.2814041,27,50
-69.25000000000001,-1.583333333333333,4.4147115,-2.757463,0.24023144,0.19172314,27,51
-69.08333333333334,-1.583333333333333,4.2914467,-3.1769397,0.29474142,-0.0847396,27,52
-68.91666666666667,-1.583333333333333,4.3337994,-3.2002676,0.32565072,-0.103272654,27,53
-68.75000000000001,-1.583333333333333,4.344193,-3.2379923,0.31010118,-0.11272123,27,54
-68.58333333333334,-1.583333333333333,4.415645,-3.101724,0.26450852,-0.1970858,27,55
-68.41666666666667,-1.583333333333333,4.364826,-3.0148768,0.15568447,-0.2402072,27,56
-68.25000000000001,-1.583333333333333,4.381839,-2.8553689,0.029000659,-0.24728951,27,57
-68.08333333333334,-1.583333333333333,4.4025245,-2.617438,-0.031849366,-0.26477754,27,58
-67.91666666666667,-1.583333333333333,4.31795,-2.5546527,-0.038358707,-0.31932792,27,59
-67.75000000000001,-1.583333333333333,4.1347036,-2.5056164,-0.07659858,-0.45339933,27,60
-67.58333333333334,-1.583333333333333,4.1020494,-2.3295708,0.020460965,-0.46109134,27,61
-67.41666666666667,-1.583333333333333,4.0377703,-2.177494,-0.040381722,-0.44214305,27,62
-67.25000000000001,-1.583333333333333,4.050561,-1.9974451,-0.036730133,-0.4552817,27,63
-67.08333333333334,-1.583333333333333,4.027436,-1.8045458,-0.0256434,-0.45406374,27,64
-66.91666666666667,-1.583333333333333,4.0114937,-1.6124676,-0.04729796,-0.44156578,27,65
-66.75000000000001,-1.583333333333333,3.9973426,-1.3879616,-0.09987149,-0.43424928,27,66
-66.58333333333334,-1.583333333333333,3.9958456,-1.1114748,-0.16273081,-0.4103916,27,67
-66.41666666666667,-1.583333333333333,4.0449266,-0.8648607,-0.29716417,-0.35774192,27,68
-66.25000000000001,-1.583333333333333,4.0752234,-0.7008831,-0.3156532,-0.34317067,27,69
-66.08333333333334,-1.583333333333333,4.057003,-0.5909015,-0.35537052,-0.3781498,27,70
-65.91666666666667,-1.583333333333333,4.061086,-0.4045891,-0.51070166,-0.3758448,27,71
-65.75000000000001,-1.583333333333333,3.9294345,-0.44113368,-0.62022597,-0.4222907,27,72
-65.58333333333334,-1.583333333333333,3.892941,-0.34783366,-0.6896161,-0.4386776,27,73
-65.41666666666667,-1.583333333333333,3.8987162,-0.30847794,-0.7062887,-0.4448125,27,74
-65.25000000000001,-1.583333333333333,4.000024,-0.40765423,-0.5284552,-0.44743222,27,75
-65.08333333333334,-1.583333333333333,4.2362957,-0.5760978,-0.24430217,-0.5439276,27,76
-64.91666666666667,-1.583333333333333,4.3817954,-0.7283305,-0.1142781,-0.54748404,27,77
-64.75000000000001,-1.583333333333333,4.4317374,-0.84279656,0.020744577,-0.5806254,27,78
-64.58333333333334,-1.583333333333333,4.4034104,-0.8715976,0.026680142,-0.6022415,27,79
-64.41666666666667,-1.583333333333333,4.339209,-0.8912334,-0.03530831,-0.6320585,27,80
-64.25000000000001,-1.583333333333333,4.255358,-0.85232353,-0.13498458,-0.65220004,27,81
-64.08333333333334,-1.583333333333333,4.205849,-0.7970259,-0.26905766,-0.5832607,27,82
-63.91666666666668,-1.583333333333333,4.0752783,-0.7457799,-0.41987732,-0.62028414,27,83
-63.750000000000014,-1.583333333333333,3.9500496,-0.70389426,-0.551762,-0.6393551,27,84
-63.58333333333334,-1.583333333333333,3.852269,-0.6936895,-0.71957606,-0.689885,27,85
-63.41666666666668,-1.583333333333333,3.7652745,-0.61848915,-0.7564146,-0.6958258,27,86
-63.250000000000014,-1.583333333333333,3.7001257,-0.63327795,-0.8133104,-0.7135993,27,87
-63.08333333333334,-1.583333333333333,3.6664789,-0.63095164,-0.8189953,-0.72385484,27,88
-62.91666666666668,-1.583333333333333,3.694435,-0.6372462,-0.8387423,-0.734818,27,89
-62.750000000000014,-1.583333333333333,3.6628075,-0.66539234,-0.8644036,-0.7322171,27,90
-62.58333333333334,-1.583333333333333,3.6923964,-0.6271549,-0.85184383,-0.72078514,27,91
-62.41666666666668,-1.583333333333333,3.7158873,-0.52720684,-0.93907356,-0.7372322,27,92
-62.250000000000014,-1.583333333333333,3.6504495,-0.3143781,-1.1111194,-0.7123593,27,93
-62.08333333333334,-1.583333333333333,3.5505183,-0.06404596,-1.2748492,-0.696727,27,94
-61.91666666666668,-1.583333333333333,3.5549862,0.113129005,-1.268481,-0.66198975,27,95
-61.750000000000014,-1.583333333333333,3.7006536,0.21507347,-1.0382285,-0.5652666,27,96
-61.58333333333334,-1.583333333333333,3.9273763,0.41186726,-0.9477327,-0.39033175,27,97
-74.25000000000001,-1.75,3.3356273,-2.2481446,0.09263461,-0.3518826,28,21
-74.08333333333334,-1.75,3.5846403,-1.9367003,-0.04175092,0.043493263,28,22
-73.91666666666667,-1.75,3.6208088,-1.8176483,-0.22511698,0.12024422,28,23
-73.75000000000001,-1.75,3.4746876,-1.9118253,-0.57487136,0.0440452,28,24
-73.58333333333334,-1.75,3.4471233,-1.6958989,-0.97618103,0.11907148,28,25
-73.41666666666667,-1.75,3.491693,-1.3930173,-1.2925853,0.29885426,28,26
-73.25000000000001,-1.75,3.498387,-1.2673708,-1.4398344,0.3364456,28,27
-73.08333333333334,-1.75,3.4642704,-1.4444197,-1.3404227,0.21373469,28,28
-72.91666666666667,-1.75,3.587684,-1.4143307,-1.1434653,0.24632213,28,29
-72.75000000000001,-1.75,3.677333,-1.380458,-1.0230814,0.27026048,28,30
-72.58333333333334,-1.75,3.8624327,-1.2627952,-0.8702236,0.3339557,28,31
-72.41666666666667,-1.75,3.9295824,-1.2796038,-0.71705717,0.3109949,28,32
-72.25000000000001,-1.75,3.8801427,-1.4728501,-0.6252779,0.199316,28,33
-72.08333333333334,-1.75,3.9745183,-1.524579,-0.52126473,0.18910843,28,34
-71.91666666666667,-1.75,4.0800643,-1.5074841,-0.38399687,0.23439644,28,35
-71.75000000000001,-1.75,4.2410293,-1.5245837,-0.2410602,0.2688839,28,36
-71.58333333333334,-1.75,4.352513,-1.609421,-0.09077902,0.26796058,28,37
-71.41666666666667,-1.75,4.477735,-1.5853238,0.04564161,0.2999704,28,38
-71.25000000000001,-1.75,4.2926927,-1.9307508,0.07260721,0.23980935,28,39
-71.08333333333334,-1.75,4.105867,-2.231181,0.075815864,0.25459936,28,40
-70.91666666666667,-1.75,4.122807,-2.2752826,0.10301621,0.24474066,28,41
-70.75000000000001,-1.75,4.164031,-2.1378598,0.14928068,0.33601552,28,42
-70.58333333333334,-1.75,4.1713705,-2.1851609,0.15357788,0.32442895,28,43
-70.41666666666667,-1.75,4.10642,-2.367706,0.12047463,0.23750396,28,44
-70.25000000000001,-1.75,4.067462,-2.4851608,0.054342642,0.19882596,28,45
-70.08333333333334,-1.75,4.1257367,-2.5157156,0.04539606,0.19750519,28,46
-69.91666666666667,-1.75,4.113824,-2.6451423,-0.0033935409,0.14612189,28,47
-69.75000000000001,-1.75,4.151875,-2.7352927,0.00055316964,0.08215395,28,48
-69.58333333333334,-1.75,4.2400403,-2.8625932,0.09405978,0.06859458,28,49
-69.41666666666667,-1.75,4.2986784,-2.765196,0.2281812,0.0134611195,28,50
-69.25000000000001,-1.75,4.504923,-2.6800692,0.32568184,0.25740746,28,51
-69.08333333333334,-1.75,4.5047197,-2.700883,0.3078206,0.042563386,28,52
-68.91666666666667,-1.75,4.566116,-2.914492,0.3155847,0.14979018,28,53
-68.75000000000001,-1.75,4.535995,-2.9953027,0.27425998,0.019571802,28,54
-68.58333333333334,-1.75,4.493724,-3.0285516,0.18119308,-0.04675064,28,55
-68.41666666666667,-1.75,4.559425,-2.8411558,0.10107152,-0.13110745,28,56
-68.25000000000001,-1.75,4.552151,-2.6213555,0.063800775,-0.12539952,28,57
-68.08333333333334,-1.75,4.4785566,-2.5455215,0.097372346,-0.24287775,28,58
-67.91666666666667,-1.75,4.412282,-2.4050672,0.07067554,-0.2586997,28,59
-67.75000000000001,-1.75,4.3001328,-2.2681744,-4.433594e-05,-0.32862133,28,60
-67.58333333333334,-1.75,4.301684,-2.0891347,-0.07877486,-0.31453553,28,61
-67.41666666666667,-1.75,4.206265,-2.0779405,-0.06989271,-0.38736162,28,62
-67.25000000000001,-1.75,4.1673903,-2.0014017,0.02294169,-0.42512593,28,63
-67.08333333333334,-1.75,4.1918573,-1.8019049,0.0750015,-0.40350455,28,64
-66.91666666666667,-1.75,4.314567,-1.4790748,0.0051295874,-0.21818073,28,65
-66.75000000000001,-1.75,4.376847,-1.201633,0.04338692,-0.15353763,28,66
-66.58333333333334,-1.75,4.356547,-0.98307484,0.03670942,-0.17309377,28,67
-66.41666666666667,-1.75,4.3350735,-0.96688926,0.0046002488,-0.32195055,28,68
-66.25000000000001,-1.75,4.3086014,-0.87058324,0.0076116826,-0.33394396,28,69
-66.08333333333334,-1.75,4.319183,-0.5985034,-0.21623969,-0.2715845,28,70
-65.91666666666667,-1.75,4.3816457,-0.36735994,-0.4466822,-0.08022814,28,71
-65.75000000000001,-1.75,4.2412324,-0.44735262,-0.5257758,-0.22445865,28,72
-65.58333333333334,-1.75,4.065463,-0.4853541,-0.49471444,-0.39367944,28,73
-65.41666666666667,-1.75,4.02381,-0.43475804,-0.5283339,-0.42752776,28,74
-65.25000000000001,-1.75,4.242476,-0.5486216,-0.2302869,-0.52529687,28,75
-65.08333333333334,-1.75,4.510221,-0.80349845,0.042595748,-0.5190162,28,76
-64.91666666666667,-1.75,4.6161265,-0.9538119,0.26236424,-0.51403725,28,77
-64.75000000000001,-1.75,4.719445,-0.98411644,0.28082526,-0.41348004,28,78
-64.58333333333334,-1.75,4.680637,-0.9804726,0.2655431,-0.44617984,28,79
-64.41666666666667,-1.75,4.575966,-0.9244346,0.15884699,-0.45380715,28,80
-64.25000000000001,-1.75,4.456194,-0.89775944,-0.0176442,-0.5123519,28,81
-64.08333333333334,-1.75,4.3269506,-0.8297994,-0.23232275,-0.5265152,28,82
-63.91666666666668,-1.75,4.1874228,-0.7431916,-0.35833418,-0.5383116,28,83
-63.750000000000014,-1.75,4.0637827,-0.75482494,-0.506235,-0.6218084,28,84
-63.58333333333334,-1.75,3.9503193,-0.7288301,-0.64797586,-0.65754145,28,85
-63.41666666666668,-1.75,3.8341186,-0.7561809,-0.7324347,-0.7176045,28,86
-63.250000000000014,-1.75,3.7684395,-0.76093376,-0.7471487,-0.72255147,28,87
-63.08333333333334,-1.75,3.7450826,-0.7190547,-0.775765,-0.709897,28,88
-62.91666666666668,-1.75,3.8084033,-0.6425,-0.78400517,-0.6759112,28,89
-62.750000000000014,-1.75,3.889374,-0.63206905,-0.855984,-0.64289147,28,90
-62.58333333333334,-1.75,3.972654,-0.62394285,-0.8095079,-0.6183749,28,91
-62.41666666666668,-1.75,4.0058074,-0.5138916,-0.8335095,-0.5989125,28,92
-62.250000000000014,-1.75,3.9518607,-0.2417896,-0.9986374,-0.55943716,28,93
-62.08333333333334,-1.75,3.856421,-0.037196,-1.0828936,-0.5563606,28,94
-61.91666666666668,-1.75,3.7771077,-0.01141007,-1.0039288,-0.59748286,28,95
-61.750000000000014,-1.75,3.775259,0.051978715,-0.74792325,-0.5652121,28,96
-61.58333333333334,-1.75,3.8439932,0.16046515,-0.5477259,-0.5018881,28,97
-61.41666666666668,-1.75,4.0092115,0.23994525,-0.5402397,-0.35603034,28,98
-56.08333333333334,-1.75,2.6418612,2.7168403,1.7345796,-0.14843504,28,130
-74.41666666666667,-1.916666666666666,3.5754058,-2.229391,0.3471389,-0.26334995,29,20
-74.25000000000001,-1.916666666666666,3.6563175,-2.2780786,0.26038843,-0.057060346,29,21
-74.08333333333334,-1.916666666666666,3.7457879,-2.244217,0.15807483,0.01621128,29,22
-73.91666666666667,-1.916666666666666,3.8010998,-2.097595,-0.027396472,0.12432298,29,23
-73.75000000000001,-1.916666666666666,3.761368,-2.0946262,-0.3045991,0.12638898,29,24
-73.58333333333334,-1.916666666666666,3.7183435,-1.9742551,-0.67351514,0.24143326,29,25
-73.41666666666667,-1.916666666666666,3.6158817,-1.7435743,-1.0308273,0.2731427,29,26
-73.25000000000001,-1.916666666666666,3.5955358,-1.5614412,-1.1953838,0.34493107,29,27
-73.08333333333334,-1.916666666666666,3.6334376,-1.6019824,-1.1798234,0.30933174,29,28
-72.91666666666667,-1.916666666666666,3.6418605,-1.657307,-1.055329,0.22341025,29,29
-72.75000000000001,-1.916666666666666,3.7496064,-1.5769608,-0.9094884,0.26533055,29,30
-72.58333333333334,-1.916666666666666,3.8440092,-1.5674818,-0.80336064,0.25102848,29,31
-72.41666666666667,-1.916666666666666,4.003058,-1.3584198,-0.6431738,0.35048988,29,32
-72.25000000000001,-1.916666666666666,4.0807157,-1.3310239,-0.53721625,0.32407477,29,33
-72.08333333333334,-1.916666666666666,4.060856,-1.4962193,-0.46324715,0.23110898,29,34
-71.91666666666667,-1.916666666666666,4.1348963,-1.5109768,-0.3434505,0.25466445,29,35
-71.75000000000001,-1.916666666666666,4.278373,-1.5145853,-0.16642754,0.28958967,29,36
-71.58333333333334,-1.916666666666666,4.410067,-1.5548111,-0.027352631,0.30141017,29,37
-71.41666666666667,-1.916666666666666,4.4015326,-1.6927241,0.09363361,0.24207732,29,38
-71.25000000000001,-1.916666666666666,4.25775,-1.9553845,0.21329586,0.20453183,29,39
-71.08333333333334,-1.916666666666666,4.1773458,-2.04697,0.26535368,0.34560543,29,40
-70.91666666666667,-1.916666666666666,4.187105,-2.1233184,0.29163906,0.30324665,29,41
-70.75000000000001,-1.916666666666666,4.193499,-2.1603537,0.2885307,0.28653497,29,42
-70.58333333333334,-1.916666666666666,4.1787543,-2.2516694,0.257878,0.26351452,29,43
-70.41666666666667,-1.916666666666666,4.142043,-2.3670807,0.19497673,0.21920033,29,44
-70.25000000000001,-1.916666666666666,4.091259,-2.4048572,0.120343745,0.13702819,29,45
-70.08333333333334,-1.916666666666666,4.1577034,-2.4394007,0.0580113,0.11637418,29,46
-69.91666666666667,-1.916666666666666,4.2337513,-2.517336,0.062127654,0.004172166,29,47
-69.75000000000001,-1.916666666666666,4.3622975,-2.3544912,0.058662973,0.036249638,29,48
-69.58333333333334,-1.916666666666666,4.25983,-2.7570224,0.120886475,-0.029851317,29,49
-69.41666666666667,-1.916666666666666,4.3106422,-2.8466225,0.27766487,-0.03353041,29,50
-69.25000000000001,-1.916666666666666,4.4520216,-2.8286314,0.37912342,0.014601655,29,51
-69.08333333333334,-1.916666666666666,4.4889817,-2.8928533,0.38763845,-0.026394978,29,52
-68.91666666666667,-1.916666666666666,4.524322,-2.9350388,0.36863834,-0.061564956,29,53
-68.75000000000001,-1.916666666666666,4.4456,-3.0887961,0.3228001,-0.24481821,29,54
-68.58333333333334,-1.916666666666666,4.5077605,-3.1430733,0.26736793,-0.086059585,29,55
-68.41666666666667,-1.916666666666666,4.6143556,-2.8426325,0.21064985,-0.101010114,29,56
-68.25000000000001,-1.916666666666666,4.478937,-2.8066401,0.09537881,-0.20283996,29,57
-68.08333333333334,-1.916666666666666,4.444314,-2.6267378,0.09188216,-0.2274238,29,58
-67.91666666666667,-1.916666666666666,4.4515395,-2.441054,0.08159873,-0.2654053,29,59
-67.75000000000001,-1.916666666666666,4.3509564,-2.3963165,0.10217231,-0.45048252,29,60
-67.58333333333334,-1.916666666666666,4.279916,-2.2700891,0.14807428,-0.45611492,29,61
-67.41666666666667,-1.916666666666666,4.2219157,-2.0925202,0.049692556,-0.36853033,29,62
-67.25000000000001,-1.916666666666666,4.330035,-1.8747044,0.002474237,-0.24110007,29,63
-67.08333333333334,-1.916666666666666,4.390412,-1.6544703,0.0029459388,-0.17961827,29,64
-66.91666666666667,-1.916666666666666,4.3863935,-1.6214348,0.21250838,-0.32995996,29,65
-66.75000000000001,-1.916666666666666,4.426277,-1.504053,0.46880627,-0.31307206,29,66
-66.58333333333334,-1.916666666666666,4.5574193,-1.3840748,0.5587573,-0.29863292,29,67
-66.41666666666667,-1.916666666666666,4.585585,-1.3090385,0.6630279,-0.31509316,29,68
-66.25000000000001,-1.916666666666666,4.5717397,-1.0599095,0.408706,-0.2877623,29,69
-66.08333333333334,-1.916666666666666,4.4935856,-0.7801582,0.11270898,-0.1691139,29,70
-65.91666666666667,-1.916666666666666,4.519406,-0.5573443,-0.05015068,-0.10487819,29,71
-65.75000000000001,-1.916666666666666,4.5659256,-0.47870937,-0.23373057,-0.13920727,29,72
-65.58333333333334,-1.916666666666666,4.560777,-0.4026979,-0.34242064,-0.087844,29,73
-65.41666666666667,-1.916666666666666,4.708155,-0.39493302,-0.21185508,-0.17833517,29,74
-65.25000000000001,-1.916666666666666,4.7680764,-0.7967194,0.18655092,-0.29830182,29,75
-65.08333333333334,-1.916666666666666,4.888907,-1.1362838,0.6446462,-0.41896215,29,76
-64.91666666666667,-1.916666666666666,5.0188985,-1.2451516,0.73334026,-0.33676994,29,77
-64.75000000000001,-1.916666666666666,5.0050483,-1.259164,0.696061,-0.35888392,29,78
-64.58333333333334,-1.916666666666666,4.906239,-1.1849812,0.5842855,-0.38890094,29,79
-64.41666666666667,-1.916666666666666,4.7475944,-1.0669552,0.32461166,-0.4130037,29,80
-64.25000000000001,-1.916666666666666,4.588778,-0.98180455,0.11126121,-0.45295966,29,81
-64.08333333333334,-1.916666666666666,4.4344845,-0.8930881,-0.12329084,-0.49803665,29,82
-63.91666666666668,-1.916666666666666,4.2519,-0.8774883,-0.2937506,-0.56076574,29,83
-63.750000000000014,-1.916666666666666,4.1396556,-0.8275828,-0.43617237,-0.58967733,29,84
-63.58333333333334,-1.916666666666666,4.0383754,-0.8007771,-0.5579853,-0.6439366,29,85
-63.41666666666668,-1.916666666666666,3.9671423,-0.76665586,-0.700648,-0.65920186,29,86
-63.250000000000014,-1.916666666666666,3.933835,-0.7293079,-0.74270105,-0.6502799,29,87
-63.08333333333334,-1.916666666666666,3.8875117,-0.709084,-0.7454381,-0.6480391,29,88
-62.91666666666668,-1.916666666666666,3.8544817,-0.7736796,-0.7411639,-0.6640687,29,89
-62.750000000000014,-1.916666666666666,3.9217343,-0.75310093,-0.7554635,-0.64321625,29,90
-62.58333333333334,-1.916666666666666,4.047022,-0.6875733,-0.76675975,-0.5837687,29,91
-62.41666666666668,-1.916666666666666,4.0735846,-0.6830938,-0.72632754,-0.5955845,29,92
-62.250000000000014,-1.916666666666666,3.9321628,-0.489478,-0.7243306,-0.5912417,29,93
-62.08333333333334,-1.916666666666666,3.873445,-0.32051376,-0.73025,-0.6098944,29,94
-61.91666666666668,-1.916666666666666,3.9070818,-0.12740181,-0.6710577,-0.56524485,29,95
-61.750000000000014,-1.916666666666666,3.9279861,-0.03945036,-0.44732538,-0.538847,29,96
-61.58333333333334,-1.916666666666666,3.9578857,0.053153504,-0.21191944,-0.48798165,29,97
-61.41666666666668,-1.916666666666666,3.9653366,0.20419426,-0.33729017,-0.29721603,29,98
-61.250000000000014,-1.916666666666666,3.8222122,0.24967568,-0.33423656,-0.27713254,29,99
-58.41666666666668,-1.916666666666666,2.7849946,2.5813813,0.2318002,-0.036970183,29,116
-58.250000000000014,-1.916666666666666,2.8019125,2.7334952,0.2606855,0.012449124,29,117
-56.58333333333334,-1.916666666666666,2.6158893,2.6747856,2.2735763,-0.18178195,29,127
-56.41666666666668,-1.916666666666666,2.5937366,3.007397,2.0993023,-0.054544568,29,128
-56.250000000000014,-1.916666666666666,2.9265032,3.695879,1.8197058,0.1787449,29,129
-56.08333333333334,-1.916666666666666,2.8741565,3.7039669,1.4197918,0.13530217,29,130
-55.91666666666668,-1.916666666666666,2.67218,3.6458933,1.0588021,0.0484287,29,131
-55.750000000000014,-1.916666666666666,2.4460135,3.5836222,0.6155507,-0.0043832175,29,132
-74.25000000000001,-2.083333333333333,4.0566874,-2.1775506,0.4836617,0.13427371,30,21
-74.08333333333334,-2.083333333333333,4.011967,-2.4440777,0.49677417,0.0632436,30,22
-73.91666666666667,-2.083333333333333,4.087168,-2.3835702,0.4349976,0.16990115,30,23
-73.75000000000001,-2.083333333333333,4.0714784,-2.52253,0.19011696,0.23966856,30,24
-73.58333333333334,-2.083333333333333,3.9554925,-2.4016793,-0.1692494,0.31161338,30,25
-73.41666666666667,-2.083333333333333,3.853741,-2.1583772,-0.5100423,0.3168781,30,26
-73.25000000000001,-2.083333333333333,3.885013,-1.8065407,-0.7071425,0.4088489,30,27
-73.08333333333334,-2.083333333333333,3.856928,-1.7307149,-0.84105116,0.39941955,30,28
-72.91666666666667,-2.083333333333333,3.795773,-1.8095875,-0.84761727,0.28866354,30,29
-72.75000000000001,-2.083333333333333,3.8154936,-1.7624983,-0.7657845,0.20633774,30,30
-72.58333333333334,-2.083333333333333,3.927421,-1.7047985,-0.6561901,0.22158927,30,31
-72.41666666666667,-2.083333333333333,3.9989076,-1.5784551,-0.5406498,0.25391296,30,32
-72.25000000000001,-2.083333333333333,4.1581483,-1.3739121,-0.47768524,0.33882183,30,33
-72.08333333333334,-2.083333333333333,4.2077165,-1.3919833,-0.36889416,0.31756762,30,34
-71.91666666666667,-2.083333333333333,4.2503695,-1.423497,-0.24757117,0.3128548,30,35
-71.75000000000001,-2.083333333333333,4.3224387,-1.51573,-0.12052136,0.2877301,30,36
-71.58333333333334,-2.083333333333333,4.4036903,-1.6321905,0.04064965,0.26798165,30,37
-71.41666666666667,-2.083333333333333,4.3306823,-1.826891,0.18466598,0.26891044,30,38
-71.25000000000001,-2.083333333333333,4.1468706,-2.0627315,0.2827892,0.31127265,30,39
-71.08333333333334,-2.083333333333333,4.2566943,-1.9503615,0.45705113,0.3712775,30,40
-70.91666666666667,-2.083333333333333,4.334307,-1.884226,0.5160092,0.40165964,30,41
-70.75000000000001,-2.083333333333333,4.324192,-1.9425212,0.46517876,0.38139743,30,42
-70.58333333333334,-2.083333333333333,4.2802367,-2.0817907,0.36467668,0.32255572,30,43
-70.41666666666667,-2.083333333333333,4.2972155,-2.034986,0.2578615,0.28375557,30,44
-70.25000000000001,-2.083333333333333,4.3281045,-2.141561,0.22701195,0.13336892,30,45
-70.08333333333334,-2.083333333333333,4.378492,-2.0836236,0.15203242,0.156375,30,46
-69.91666666666667,-2.083333333333333,4.3964014,-2.1581388,0.08650085,0.14925261,30,47
-69.75000000000001,-2.083333333333333,4.475468,-2.1736915,0.033894878,0.08257255,30,48
-69.58333333333334,-2.083333333333333,4.5618076,-2.2659366,0.16187637,0.1644273,30,49
-69.41666666666667,-2.083333333333333,4.506802,-2.595243,0.30936024,0.07560989,30,50
-69.25000000000001,-2.083333333333333,4.5785966,-2.6987772,0.44168404,0.06113518,30,51
-69.08333333333334,-2.083333333333333,4.636907,-2.798915,0.47831506,0.028879512,30,52
-68.91666666666667,-2.083333333333333,4.634572,-2.912422,0.47686082,-0.028873036,30,53
-68.75000000000001,-2.083333333333333,4.6453953,-2.9500558,0.41027674,-0.047220446,30,54
-68.58333333333334,-2.083333333333333,4.693395,-2.9578824,0.33829224,0.14626715,30,55
-68.41666666666667,-2.083333333333333,4.5375905,-3.0239003,0.19934915,-0.18267941,30,56
-68.25000000000001,-2.083333333333333,4.463438,-2.795172,0.098001525,-0.18988185,30,57
-68.08333333333334,-2.083333333333333,4.3129616,-2.5749424,0.044858288,-0.50087035,30,58
-67.91666666666667,-2.083333333333333,4.339448,-2.6266816,0.046654854,-0.32541305,30,59
-67.75000000000001,-2.083333333333333,4.2923584,-2.5199423,0.075618766,-0.35796183,30,60
-67.58333333333334,-2.083333333333333,4.3184543,-2.3164618,0.081289425,-0.36557898,30,61
-67.41666666666667,-2.083333333333333,4.3786874,-2.08278,0.11131526,-0.3082326,30,62
-67.25000000000001,-2.083333333333333,4.324266,-1.9530369,0.12089141,-0.23690698,30,63
-67.08333333333334,-2.083333333333333,4.4468417,-1.7236906,0.1784783,-0.1752869,30,64
-66.91666666666667,-2.083333333333333,4.477765,-1.6931498,0.37017724,-0.29851362,30,65
-66.75000000000001,-2.083333333333333,4.585004,-1.4200599,0.59092927,-0.3129594,30,66
-66.58333333333334,-2.083333333333333,4.7445703,-1.491052,0.8968899,-0.43154222,30,67
-66.41666666666667,-2.083333333333333,4.939764,-1.2909126,0.9702188,-0.36184698,30,68
-66.25000000000001,-2.083333333333333,4.856758,-0.8036538,0.46538934,-0.22469164,30,69
-66.08333333333334,-2.083333333333333,4.676509,-0.6071052,0.16389582,-0.2277451,30,70
-65.91666666666667,-2.083333333333333,4.6526732,-0.46240532,0.050385408,-0.21193373,30,71
-65.75000000000001,-2.083333333333333,4.7400293,-0.48001787,0.11635,-0.19991764,30,72
-65.58333333333334,-2.083333333333333,4.887282,-0.5442027,0.22244935,-0.17755762,30,73
-65.41666666666667,-2.083333333333333,5.0564456,-0.7263617,0.48636484,-0.09186282,30,74
-65.25000000000001,-2.083333333333333,5.3727994,-1.0282285,0.88725656,-0.1555971,30,75
-65.08333333333334,-2.083333333333333,5.3976607,-1.509582,1.3258723,-0.2734765,30,76
-64.91666666666667,-2.083333333333333,5.404592,-1.6854451,1.328119,-0.2004707,30,77
-64.75000000000001,-2.083333333333333,5.224446,-1.5757108,1.077768,-0.24482973,30,78
-64.58333333333334,-2.083333333333333,5.0169296,-1.3888699,0.7726481,-0.2860905,30,79
-64.41666666666667,-2.083333333333333,4.822436,-1.2331743,0.4458141,-0.34924072,30,80
-64.25000000000001,-2.083333333333333,4.6505747,-1.1307464,0.20478624,-0.4212846,30,81
-64.08333333333334,-2.083333333333333,4.5244813,-0.95710933,-0.03570155,-0.47712532,30,82
-63.91666666666668,-2.083333333333333,4.330687,-0.89563996,-0.25494596,-0.51579475,30,83
-63.750000000000014,-2.083333333333333,4.1980834,-0.8583558,-0.43083677,-0.56421745,30,84
-63.58333333333334,-2.083333333333333,4.0878525,-0.76483876,-0.6092001,-0.57339644,30,85
-63.41666666666668,-2.083333333333333,4.002961,-0.7452316,-0.6395664,-0.5997612,30,86
-63.250000000000014,-2.083333333333333,3.9708366,-0.73483044,-0.7422792,-0.64290553,30,87
-63.08333333333334,-2.083333333333333,3.939694,-0.7379673,-0.7332993,-0.64804095,30,88
-62.91666666666668,-2.083333333333333,3.9269893,-0.7330733,-0.71791387,-0.6430794,30,89
-62.750000000000014,-2.083333333333333,3.9580393,-0.72724295,-0.7001652,-0.61983794,30,90
-62.58333333333334,-2.083333333333333,3.9931517,-0.7629038,-0.6420535,-0.6130159,30,91
-62.41666666666668,-2.083333333333333,4.0102115,-0.6433208,-0.61905277,-0.58366185,30,92
-62.250000000000014,-2.083333333333333,3.9919567,-0.4455827,-0.6242446,-0.5447671,30,93
-62.08333333333334,-2.083333333333333,3.9692025,-0.26880115,-0.579821,-0.5313776,30,94
-61.91666666666668,-2.083333333333333,3.9000654,-0.22860609,-0.40470034,-0.5604592,30,95
-61.750000000000014,-2.083333333333333,3.8691444,-0.28175634,-0.23979717,-0.60504943,30,96
-61.58333333333334,-2.083333333333333,3.9042246,-0.13273132,-0.049552318,-0.53067684,30,97
-61.41666666666668,-2.083333333333333,3.6615596,-0.16300565,-0.10072522,-0.51064515,30,98
-61.250000000000014,-2.083333333333333,3.6952584,0.40869397,-0.3948358,-0.43501002,30,99
-61.08333333333334,-2.083333333333333,3.6809077,0.525249,-0.46092466,-0.37216416,30,100
-56.58333333333334,-2.083333333333333,2.782238,3.3014266,2.3066802,0.081617296,30,127
-56.41666666666668,-2.083333333333333,2.9638143,3.8162606,1.8931745,0.24470545,30,128
-56.250000000000014,-2.083333333333333,2.8289309,3.8797925,1.2938058,0.16403858,30,129
-56.08333333333334,-2.083333333333333,2.5583074,3.786208,0.915824,0.038890257,30,130
-55.91666666666668,-2.083333333333333,2.4334407,3.7553911,0.7149699,-0.04352723,30,131
-55.750000000000014,-2.083333333333333,2.3393276,3.7721806,0.36809584,-0.033252858,30,132
-55.58333333333334,-2.083333333333333,2.1469896,3.7331185,-0.058227185,-0.06357889,30,133
-55.41666666666668,-2.083333333333333,1.9736209,3.5753798,-0.33364037,-0.13733345,30,134
-74.58333333333334,-2.25,3.924047,-2.2144632,0.31093264,0.032414194,31,19
-74.08333333333334,-2.25,4.403581,-2.434456,0.90796196,0.20385985,31,22
-73.91666666666667,-2.25,4.4105816,-2.5888598,0.9142701,0.23912902,31,23
-73.75000000000001,-2.25,4.389866,-2.8384135,0.7205891,0.379068,31,24
-73.58333333333334,-2.25,4.307222,-2.6572173,0.42756063,0.40710318,31,25
-73.41666666666667,-2.25,4.1210966,-2.4871166,0.07876366,0.37534276,31,26
-73.25000000000001,-2.25,4.07757,-2.1685653,-0.18763347,0.420495,31,27
-73.08333333333334,-2.25,4.142679,-1.8786712,-0.3661807,0.49885798,31,28
-72.91666666666667,-2.25,4.0092154,-1.879143,-0.51966435,0.28262433,31,29
-72.75000000000001,-2.25,4.0429497,-1.7568468,-0.52653795,0.2889848,31,30
-72.58333333333334,-2.25,4.0711837,-1.7523701,-0.46180433,0.24378353,31,31
-72.41666666666667,-2.25,4.0057526,-1.8191018,-0.4227917,0.17945686,31,32
-72.25000000000001,-2.25,4.1169534,-1.6548145,-0.35151908,0.24258915,31,33
-72.08333333333334,-2.25,4.270937,-1.4637945,-0.30011582,0.31413203,31,34
-71.91666666666667,-2.25,4.384071,-1.339655,-0.18729107,0.39318866,31,35
-71.75000000000001,-2.25,4.3842487,-1.4950446,-0.08361534,0.40259975,31,36
-71.58333333333334,-2.25,4.5024805,-1.4386493,0.056417584,0.45457748,31,37
-71.41666666666667,-2.25,4.4442625,-1.5959271,0.24526729,0.37222114,31,38
-71.25000000000001,-2.25,4.27237,-1.7758247,0.4081171,0.44717127,31,39
-71.08333333333334,-2.25,4.378465,-1.6696814,0.5636407,0.4899483,31,40
-70.91666666666667,-2.25,4.451765,-1.6478834,0.6419357,0.5180678,31,41
-70.75000000000001,-2.25,4.4558015,-1.7106563,0.54582363,0.49577722,31,42
-70.58333333333334,-2.25,4.3635736,-1.8804106,0.4200937,0.3266141,31,43
-70.41666666666667,-2.25,4.4568987,-1.9001739,0.33591357,0.20747332,31,44
-70.25000000000001,-2.25,4.4340453,-1.9496588,0.23281421,0.17224635,31,45
-70.08333333333334,-2.25,4.4276085,-1.9840329,0.13928582,0.17231551,31,46
-69.91666666666667,-2.25,4.4387503,-2.0568268,0.047528137,0.085644685,31,47
-69.75000000000001,-2.25,4.4245377,-2.1495779,0.010892191,0.051958837,31,48
-69.58333333333334,-2.25,4.5405235,-2.2366455,0.14460185,0.1479816,31,49
-69.41666666666667,-2.25,4.6450624,-2.3088558,0.3185316,0.174553,31,50
-69.25000000000001,-2.25,4.6933694,-2.5972447,0.43803883,0.09576715,31,51
-69.08333333333334,-2.25,4.6634817,-2.9130666,0.515296,-0.022603825,31,52
-68.91666666666667,-2.25,4.781136,-2.848284,0.5996652,0.06622968,31,53
-68.75000000000001,-2.25,4.717731,-2.9477172,0.5714311,-0.04041316,31,54
-68.58333333333334,-2.25,4.6619706,-3.1313717,0.47955483,0.08776736,31,55
-68.41666666666667,-2.25,4.5660105,-2.984108,0.23624688,0.03957869,31,56
-68.25000000000001,-2.25,4.3752394,-2.6570764,0.045480423,-0.4383446,31,57
-68.08333333333334,-2.25,4.3258443,-2.7169216,0.06137089,-0.28877324,31,58
-67.91666666666667,-2.25,4.2905793,-2.4968948,-0.03211969,-0.2771437,31,59
-67.75000000000001,-2.25,4.275326,-2.3580596,0.005261333,-0.301214,31,60
-67.58333333333334,-2.25,4.250734,-2.0487285,0.0003157028,-0.483678,31,61
-67.41666666666667,-2.25,4.2158103,-2.1987352,-0.0059387637,-0.2505996,31,62
-67.25000000000001,-2.25,4.3428154,-1.7026724,0.04961078,-0.32219478,31,63
-67.08333333333334,-2.25,4.351,-1.6385578,0.10337089,-0.25582448,31,64
-66.91666666666667,-2.25,4.511556,-1.5972328,0.26702163,-0.024181487,31,65
-66.75000000000001,-2.25,4.586485,-1.3600979,0.42949858,-0.17863835,31,66
-66.58333333333334,-2.25,4.7346206,-1.2476081,0.6005987,-0.15694219,31,67
-66.41666666666667,-2.25,4.812962,-1.0241128,0.5731549,-0.117705345,31,68
-66.25000000000001,-2.25,4.640408,-0.76640856,0.17042443,-0.15990904,31,69
-66.08333333333334,-2.25,4.5681996,-0.5580536,-0.029806066,-0.15148713,31,70
-65.91666666666667,-2.25,4.6282206,-0.5396812,0.053943623,-0.13154872,31,71
-65.75000000000001,-2.25,4.797433,-0.6519209,0.2700588,-0.10740002,31,72
-65.58333333333334,-2.25,5.051519,-0.862994,0.6061755,-0.101533,31,73
-65.41666666666667,-2.25,5.452005,-1.0569987,1.1319138,0.021633621,31,74
-65.25000000000001,-2.25,5.9057426,-1.4794443,1.8009899,-0.029762013,31,75
-65.08333333333334,-2.25,5.9780416,-1.9699516,2.271977,-0.13127948,31,76
-64.91666666666667,-2.25,5.765134,-1.7962828,1.933128,-0.19524048,31,77
-64.75000000000001,-2.25,5.466024,-1.6712147,1.4353956,-0.13828392,31,78
-64.58333333333334,-2.25,5.146593,-1.4506323,1.0025994,-0.21556628,31,79
-64.41666666666667,-2.25,4.9631844,-1.2957988,0.5691148,-0.3072943,31,80
-64.25000000000001,-2.25,4.704354,-1.1337866,0.24790233,-0.3799027,31,81
-64.08333333333334,-2.25,4.5250435,-0.97602296,-0.04787686,-0.4027258,31,82
-63.91666666666668,-2.25,4.343996,-0.90439343,-0.28773868,-0.46152255,31,83
-63.750000000000014,-2.25,4.2321663,-0.79074943,-0.49055687,-0.5277063,31,84
-63.58333333333334,-2.25,4.119699,-0.7185449,-0.6200078,-0.5393633,31,85
-63.41666666666668,-2.25,4.023633,-0.70040643,-0.65143895,-0.5870728,31,86
-63.250000000000014,-2.25,3.9566703,-0.6504973,-0.6882362,-0.59965414,31,87
-63.08333333333334,-2.25,3.944361,-0.65451294,-0.7373842,-0.6112148,31,88
-62.91666666666668,-2.25,3.9356678,-0.66664356,-0.73268676,-0.6050813,31,89
-62.750000000000014,-2.25,3.947367,-0.6882438,-0.67370415,-0.59437066,31,90
-62.58333333333334,-2.25,3.9731224,-0.6397022,-0.6398883,-0.568793,31,91
-62.41666666666668,-2.25,4.006325,-0.49695766,-0.6106327,-0.518137,31,92
-62.250000000000014,-2.25,3.936125,-0.46178007,-0.55259615,-0.5522861,31,93
-62.08333333333334,-2.25,3.9228024,-0.35774928,-0.44860289,-0.55749714,31,94
-61.91666666666668,-2.25,3.836648,-0.2758325,-0.2835099,-0.49600247,31,95
-61.750000000000014,-2.25,3.8377535,-0.20589316,-0.21481615,-0.488863,31,96
-61.58333333333334,-2.25,3.7540889,-0.13854757,-0.1657269,-0.46817705,31,97
-61.41666666666668,-2.25,3.5887651,-0.08814127,-0.20672415,-0.46730974,31,98
-61.250000000000014,-2.25,3.397632,0.26733232,-0.38683838,-0.58474314,31,99
-61.08333333333334,-2.25,3.5097816,0.6602799,-0.64159906,-0.37782577,31,100
-60.91666666666668,-2.25,3.3087604,0.5955551,-0.523276,-0.42636096,31,101
-59.250000000000014,-2.25,2.8691158,1.9406565,-0.5444132,-0.09235715,31,111
-59.08333333333334,-2.25,2.9649749,2.32121,-0.45557702,0.051599033,31,112
-58.91666666666668,-2.25,2.9161024,2.4747522,-0.3922906,0.0691749,31,113
-58.750000000000014,-2.25,2.92485,2.7198312,-0.29156694,0.016606187,31,114
-58.58333333333334,-2.25,2.8131347,2.7948651,-0.22519942,0.0018161869,31,115
-58.41666666666668,-2.25,2.7272725,2.892778,-0.1653518,-0.0074098096,31,116
-58.08333333333334,-2.25,2.6268904,3.1161387,-0.11351392,0.035382338,31,118
-56.91666666666668,-2.25,2.7918427,2.8512487,2.028102,-0.045236785,31,125
-56.750000000000014,-2.25,3.0441012,3.5045984,2.1980464,0.19537424,31,126
-56.58333333333334,-2.25,3.0529203,3.7832413,1.8580389,0.24715042,31,127
-56.41666666666668,-2.25,2.9377592,3.7727563,1.4247668,0.16625723,31,128
-56.250000000000014,-2.25,2.6227767,3.6017063,1.0261828,0.06609858,31,129
-56.08333333333334,-2.25,1.9438916,3.1508183,0.7904345,-0.23236477,31,130
-55.91666666666668,-2.25,1.7616109,3.148995,0.5288467,-0.29649934,31,131
-55.750000000000014,-2.25,2.0415218,3.6609776,0.372342,-0.09616525,31,132
-55.58333333333334,-2.25,1.9592012,3.6222417,0.08602614,-0.12489332,31,133
-55.41666666666668,-2.25,1.9062791,3.4773495,-0.29710692,-0.20691963,31,134
-55.250000000000014,-2.25,1.7263472,3.114083,-0.42737055,-0.40494007,31,135
-55.08333333333334,-2.25,1.7309964,2.9829237,-0.43013573,-0.50678074,31,136
-54.91666666666668,-2.25,1.6527106,2.8465672,-0.36008155,-0.6432207,31,137
-74.25000000000001,-2.416666666666666,4.2568865,-2.600503,0.8494137,0.08748688,32,21
-73.91666666666667,-2.416666666666666,4.673204,-2.8549197,1.1841359,0.41521385,32,23
-73.75000000000001,-2.416666666666666,4.690586,-2.9138446,1.1558815,0.60601634,32,24
-73.58333333333334,-2.416666666666666,4.593274,-2.8158357,0.91164756,0.6067475,32,25
-73.41666666666667,-2.416666666666666,4.295757,-2.7767289,0.53923225,0.46895003,32,26
-73.25000000000001,-2.416666666666666,4.181145,-2.3845153,0.21404009,0.38649845,32,27
-73.08333333333334,-2.416666666666666,4.1335826,-2.1719606,-0.042793404,0.3849171,32,28
-72.91666666666667,-2.416666666666666,4.1871924,-1.9137241,-0.22635928,0.4349206,32,29
-72.75000000000001,-2.416666666666666,4.187815,-1.803869,-0.289733,0.42080992,32,30
-72.58333333333334,-2.416666666666666,4.27444,-1.6982048,-0.2612976,0.43259662,32,31
-72.41666666666667,-2.416666666666666,4.2008886,-1.7530466,-0.2542301,0.3576628,32,32
-72.25000000000001,-2.416666666666666,4.25013,-1.638525,-0.21693389,0.38069892,32,33
-72.08333333333334,-2.416666666666666,4.365038,-1.4680376,-0.20054337,0.43434656,32,34
-71.91666666666667,-2.416666666666666,4.3301587,-1.610074,-0.1354634,0.34341544,32,35
-71.75000000000001,-2.416666666666666,4.2343054,-1.7714015,-0.017950946,0.25395638,32,36
-71.58333333333334,-2.416666666666666,4.313965,-1.6544186,0.13190463,0.33265156,32,37
-71.41666666666667,-2.416666666666666,4.304398,-1.6404222,0.23318242,0.5046863,32,38
-71.25000000000001,-2.416666666666666,4.3317113,-1.5977535,0.39364174,0.5076074,32,39
-71.08333333333334,-2.416666666666666,4.311959,-1.7055818,0.5712928,0.46896493,32,40
-70.91666666666667,-2.416666666666666,4.3151517,-1.7902983,0.62409335,0.4218841,32,41
-70.75000000000001,-2.416666666666666,4.4999247,-1.5331072,0.55706084,0.5522641,32,42
-70.58333333333334,-2.416666666666666,4.616914,-1.4535447,0.43737224,0.39522326,32,43
-70.41666666666667,-2.416666666666666,4.5424404,-1.5656915,0.30384767,0.34240955,32,44
-70.25000000000001,-2.416666666666666,4.491354,-1.7355888,0.15342505,0.24548218,32,45
-70.08333333333334,-2.416666666666666,4.5457816,-1.7258463,0.07855856,0.18970741,32,46
-69.91666666666667,-2.416666666666666,4.4885774,-1.8551708,-0.028854946,0.1446216,32,47
-69.75000000000001,-2.416666666666666,4.418241,-2.1140823,-0.060836323,0.11331914,32,48
-69.58333333333334,-2.416666666666666,4.4395213,-2.3387966,0.081571914,0.051184304,32,49
-69.41666666666667,-2.416666666666666,4.5143256,-2.5450485,0.27459905,0.03439711,32,50
-69.25000000000001,-2.416666666666666,4.596393,-2.7674181,0.4216175,-0.01442944,32,51
-69.08333333333334,-2.416666666666666,4.757601,-2.844863,0.6193141,0.052042373,32,52
-68.91666666666667,-2.416666666666666,4.7669845,-3.070393,0.73714894,-0.0131919505,32,53
-68.75000000000001,-2.416666666666666,4.6982985,-3.131431,0.7101571,-0.075739466,32,54
-68.58333333333334,-2.416666666666666,4.6075506,-2.9695106,0.55851305,-0.10521754,32,55
-68.41666666666667,-2.416666666666666,4.4901414,-2.7664456,0.26709756,-0.14848696,32,56
-68.25000000000001,-2.416666666666666,4.246991,-2.8983157,0.052566428,-0.17947558,32,57
-68.08333333333334,-2.416666666666666,4.1780567,-2.6962917,-0.018095195,-0.21338867,32,58
-67.91666666666667,-2.416666666666666,4.1867704,-2.4854026,-0.030863196,-0.31731218,32,59
-67.75000000000001,-2.416666666666666,4.1747313,-2.3035676,-0.048294324,-0.31655586,32,60
-67.58333333333334,-2.416666666666666,4.079463,-2.3104062,-0.032736316,-0.28120655,32,61
-67.41666666666667,-2.416666666666666,4.192944,-2.0091593,-0.033275243,-0.097255096,32,62
-67.25000000000001,-2.416666666666666,4.3212605,-1.5273871,-0.03159105,-0.18604252,32,63
-67.08333333333334,-2.416666666666666,4.3855515,-1.444918,0.008904774,-0.19393806,32,64
-66.91666666666667,-2.416666666666666,4.4609585,-1.3046676,0.09828818,-0.15689227,32,65
-66.75000000000001,-2.416666666666666,4.545369,-1.075286,0.103291474,-0.11167253,32,66
-66.58333333333334,-2.416666666666666,4.5293674,-0.9765133,0.014327521,-0.12923889,32,67
-66.41666666666667,-2.416666666666666,4.5333867,-0.69449466,-0.11952454,-0.088769294,32,68
-66.25000000000001,-2.416666666666666,4.416646,-0.32691348,-0.4038819,-0.07035722,32,69
-66.08333333333334,-2.416666666666666,4.3837223,-0.30698738,-0.48161304,-0.13251391,32,70
-65.91666666666667,-2.416666666666666,4.553062,-0.50229454,-0.12058956,-0.1048664,32,71
-65.75000000000001,-2.416666666666666,4.801457,-0.68565387,0.3402764,-0.056782346,32,72
-65.58333333333334,-2.416666666666666,5.298512,-0.86456007,0.8478888,-0.1172636,32,73
-65.41666666666667,-2.416666666666666,5.6453047,-1.2263137,1.3815179,-0.047824442,32,74
-65.25000000000001,-2.416666666666666,6.04807,-1.7023125,2.16886,-0.015794773,32,75
-65.08333333333334,-2.416666666666666,6.235719,-2.053334,2.6256862,-0.009119168,32,76
-64.91666666666667,-2.416666666666666,5.891798,-1.8635199,2.177313,-0.13004538,32,77
-64.75000000000001,-2.416666666666666,5.569779,-1.4564241,1.5102911,-0.203101,32,78
-64.58333333333334,-2.416666666666666,5.1861076,-1.2435004,1.0450758,-0.3091917,32,79
-64.41666666666667,-2.416666666666666,4.971075,-1.1801965,0.5922516,-0.2453068,32,80
-64.25000000000001,-2.416666666666666,4.712308,-1.007694,0.17609814,-0.3075176,32,81
-64.08333333333334,-2.416666666666666,4.4835224,-0.86817086,-0.103112735,-0.3574696,32,82
-63.91666666666668,-2.416666666666666,4.320062,-0.7813979,-0.33503833,-0.39658257,32,83
-63.750000000000014,-2.416666666666666,4.192461,-0.71107185,-0.5183458,-0.42122146,32,84
-63.58333333333334,-2.416666666666666,4.051125,-0.65413505,-0.65659064,-0.4766701,32,85
-63.41666666666668,-2.416666666666666,3.9634948,-0.6570318,-0.71159154,-0.52597183,32,86
-63.250000000000014,-2.416666666666666,3.884229,-0.6232807,-0.73932105,-0.51573247,32,87
-63.08333333333334,-2.416666666666666,3.8800151,-0.5863319,-0.74534047,-0.5605801,32,88
-62.91666666666668,-2.416666666666666,3.910206,-0.6052821,-0.7315931,-0.5777197,32,89
-62.750000000000014,-2.416666666666666,3.885336,-0.6153168,-0.65295297,-0.5214951,32,90
-62.58333333333334,-2.416666666666666,3.9230995,-0.5618035,-0.6181199,-0.4826164,32,91
-62.41666666666668,-2.416666666666666,3.8850548,-0.5468996,-0.52378213,-0.51091236,32,92
-62.250000000000014,-2.416666666666666,3.8497555,-0.43446502,-0.45206696,-0.508904,32,93
-62.08333333333334,-2.416666666666666,3.808692,-0.3300338,-0.37696594,-0.4928253,32,94
-61.91666666666668,-2.416666666666666,3.7846143,-0.2365298,-0.305239,-0.48381323,32,95
-61.750000000000014,-2.416666666666666,3.7121336,-0.18406463,-0.25009835,-0.49073592,32,96
-61.58333333333334,-2.416666666666666,3.639981,-0.07672098,-0.2486627,-0.45579997,32,97
-61.41666666666668,-2.416666666666666,3.5575829,0.10956064,-0.3029179,-0.38206676,32,98
-61.250000000000014,-2.416666666666666,3.2620485,0.36492163,-0.48724753,-0.6005032,32,99
-61.08333333333334,-2.416666666666666,3.4062593,0.90803975,-0.78039867,-0.33536074,32,100
-60.91666666666668,-2.416666666666666,3.3533435,0.971374,-0.8355572,-0.31690174,32,101
-58.41666666666668,-2.416666666666666,2.6361656,2.9234242,-0.18214339,-0.02881263,32,116
-58.08333333333334,-2.416666666666666,2.560771,3.1858537,-0.16835682,0.016454536,32,118
-56.91666666666668,-2.416666666666666,3.3128622,3.4508777,1.7422006,0.3398501,32,125
-56.750000000000014,-2.416666666666666,3.2789447,3.607382,1.6122913,0.33031115,32,126
-56.58333333333334,-2.416666666666666,3.104835,3.67803,1.4018232,0.2915422,32,127
-56.41666666666668,-2.416666666666666,2.725972,3.334296,1.210676,0.070743434,32,128
-56.250000000000014,-2.416666666666666,2.3768098,3.339976,0.99643975,-0.0068305614,32,129
-56.08333333333334,-2.416666666666666,1.7888129,2.7639909,0.63353604,-0.40486124,32,130
-55.91666666666668,-2.416666666666666,1.5777202,2.6094484,0.37626812,-0.5421429,32,131
-55.750000000000014,-2.416666666666666,1.3868786,2.4190776,0.14088091,-0.6642971,32,132
-55.58333333333334,-2.416666666666666,1.3574764,2.4648027,-0.020747269,-0.6931344,32,133
-55.41666666666668,-2.416666666666666,1.3298591,2.5384743,-0.14328778,-0.6739959,32,134
-55.250000000000014,-2.416666666666666,1.4508014,2.7742083,-0.30522308,-0.58126956,32,135
-55.08333333333334,-2.416666666666666,1.6155219,2.7986994,-0.44345915,-0.6013424,32,136
-73.41666666666667,-2.583333333333333,4.306149,-2.783848,0.69872063,0.48470417,33,26
-73.25000000000001,-2.583333333333333,4.112181,-2.6936014,0.42074147,0.3947359,33,27
-73.08333333333334,-2.583333333333333,4.104636,-2.3602684,0.23922743,0.44915903,33,28
-72.91666666666667,-2.583333333333333,4.079738,-2.1922092,0.04900097,0.44365945,33,29
-72.75000000000001,-2.583333333333333,4.0828347,-2.0916157,-0.054084335,0.4263051,33,30
-72.58333333333334,-2.583333333333333,4.194687,-1.9437937,-0.033397734,0.33821112,33,31
-72.41666666666667,-2.583333333333333,4.0953417,-2.0054634,-0.056243144,0.38511506,33,32
-72.25000000000001,-2.583333333333333,4.160797,-1.8476862,-0.05578284,0.42788288,33,33
-72.08333333333334,-2.583333333333333,4.175702,-1.7066565,-0.049344588,0.46001676,33,34
-71.91666666666667,-2.583333333333333,4.09146,-1.906473,-0.019847205,0.32191774,33,35
-71.75000000000001,-2.583333333333333,4.03805,-1.9300586,0.024993673,0.2954139,33,36
-71.58333333333334,-2.583333333333333,4.010312,-2.0259216,0.119472705,0.25184318,33,37
-71.41666666666667,-2.583333333333333,4.16077,-1.8173918,0.27085498,0.34866142,33,38
-71.25000000000001,-2.583333333333333,4.120944,-1.8473091,0.33741722,0.37487832,33,39
-71.08333333333334,-2.583333333333333,4.1770186,-1.8641735,0.4584217,0.37645537,33,40
-70.91666666666667,-2.583333333333333,4.2800627,-1.8214688,0.46604154,0.39896584,33,41
-70.75000000000001,-2.583333333333333,4.4513865,-1.6154143,0.48353365,0.2885691,33,42
-70.58333333333334,-2.583333333333333,4.6017566,-1.3561242,0.39389727,0.4055453,33,43
-70.41666666666667,-2.583333333333333,4.6892524,-1.2197486,0.22925906,0.4754342,33,44
-70.25000000000001,-2.583333333333333,4.7694573,-1.1295792,0.08802505,0.45037112,33,45
-70.08333333333334,-2.583333333333333,4.676711,-1.3116683,-0.043849047,0.34668413,33,46
-69.91666666666667,-2.583333333333333,4.6409035,-1.3759192,-0.16439359,0.31691867,33,47
-69.75000000000001,-2.583333333333333,4.6294446,-1.5064441,-0.15298872,0.33771122,33,48
-69.58333333333334,-2.583333333333333,4.5865664,-1.8449044,0.001443134,0.23109977,33,49
-69.41666666666667,-2.583333333333333,4.630054,-2.152266,0.15628658,0.16874884,33,50
-69.25000000000001,-2.583333333333333,4.6662164,-2.5462866,0.38635695,0.0958476,33,51
-69.08333333333334,-2.583333333333333,4.7752733,-2.8912551,0.66101784,0.04470473,33,52
-68.91666666666667,-2.583333333333333,4.8483377,-3.1049192,0.8885778,-0.00017372085,33,53
-68.75000000000001,-2.583333333333333,4.8178387,-3.1253657,0.9000674,-0.0053084316,33,54
-68.58333333333334,-2.583333333333333,4.62975,-3.0264287,0.6383404,-0.09482288,33,55
-68.41666666666667,-2.583333333333333,4.427546,-3.0096464,0.28752863,0.022102186,33,56
-68.25000000000001,-2.583333333333333,4.1545887,-2.7678733,-0.023103524,-0.17001835,33,57
-68.08333333333334,-2.583333333333333,4.0338335,-2.578643,-0.119042076,-0.23344405,33,58
-67.91666666666667,-2.583333333333333,3.9799476,-2.409453,-0.14959368,-0.27078804,33,59
-67.75000000000001,-2.583333333333333,3.93916,-2.2599847,-0.13672146,-0.27922308,33,60
-67.58333333333334,-2.583333333333333,4.0056005,-2.065981,-0.14533414,-0.23884414,33,61
-67.41666666666667,-2.583333333333333,4.1954823,-1.4453123,-0.210224,-0.2689122,33,62
-67.25000000000001,-2.583333333333333,4.267047,-1.373959,-0.20830148,-0.23561007,33,63
-67.08333333333334,-2.583333333333333,4.2907786,-1.3356911,-0.21181338,-0.165864,33,64
-66.91666666666667,-2.583333333333333,4.3795705,-1.1705095,-0.14133449,-0.12591247,33,65
-66.75000000000001,-2.583333333333333,4.410982,-1.0096864,-0.1180668,-0.12874132,33,66
-66.58333333333334,-2.583333333333333,4.3866596,-0.832286,-0.23781124,-0.12587017,33,67
-66.41666666666667,-2.583333333333333,4.3168716,-0.51449007,-0.4358705,-0.08446861,33,68
-66.25000000000001,-2.583333333333333,4.1290946,-0.2698477,-0.7382361,-0.11095021,33,69
-66.08333333333334,-2.583333333333333,4.1257014,-0.3172601,-0.6259221,-0.16398524,33,70
-65.91666666666667,-2.583333333333333,4.501699,-0.3491846,-0.22889794,-0.057403233,33,71
-65.75000000000001,-2.583333333333333,4.875864,-0.55534476,0.29076734,-0.088316254,33,72
-65.58333333333334,-2.583333333333333,5.1581435,-0.88235843,0.7832122,-0.10294829,33,73
-65.41666666666667,-2.583333333333333,5.467074,-1.1636201,1.2758632,-0.039424855,33,74
-65.25000000000001,-2.583333333333333,5.813042,-1.4362653,1.8693485,-0.018293215,33,75
-65.08333333333334,-2.583333333333333,5.9930067,-1.5293453,2.0487456,-0.023448836,33,76
-64.91666666666667,-2.583333333333333,5.8091354,-1.4962004,1.8282932,-0.09788819,33,77
-64.75000000000001,-2.583333333333333,5.5065722,-1.2592835,1.3527881,-0.17996444,33,78
-64.58333333333334,-2.583333333333333,5.1644235,-1.0816965,0.8610198,-0.28901628,33,79
-64.41666666666667,-2.583333333333333,4.8858256,-0.87675554,0.4389126,-0.36944982,33,80
-64.25000000000001,-2.583333333333333,4.6801724,-0.8339604,0.08630332,-0.25662777,33,81
-64.08333333333334,-2.583333333333333,4.435891,-0.7057261,-0.22385184,-0.32557976,33,82
-63.91666666666668,-2.583333333333333,4.239386,-0.63132554,-0.46298543,-0.36993083,33,83
-63.750000000000014,-2.583333333333333,4.087936,-0.56107605,-0.6309573,-0.4065892,33,84
-63.58333333333334,-2.583333333333333,3.9746397,-0.4961024,-0.79489434,-0.4307705,33,85
-63.41666666666668,-2.583333333333333,3.9115372,-0.50298274,-0.8255457,-0.46011448,33,86
-63.250000000000014,-2.583333333333333,3.833219,-0.49689773,-0.86056185,-0.47804284,33,87
-63.08333333333334,-2.583333333333333,3.8223598,-0.52389586,-0.7984639,-0.50038034,33,88
-62.91666666666668,-2.583333333333333,3.8269513,-0.5349161,-0.7446103,-0.5114828,33,89
-62.750000000000014,-2.583333333333333,3.824757,-0.4974544,-0.66878575,-0.48569605,33,90
-62.58333333333334,-2.583333333333333,3.838534,-0.4816137,-0.572708,-0.4706112,33,91
-62.41666666666668,-2.583333333333333,3.8216126,-0.449248,-0.5004234,-0.48688447,33,92
-62.250000000000014,-2.583333333333333,3.8024395,-0.343048,-0.42810446,-0.46719167,33,93
-62.08333333333334,-2.583333333333333,3.782137,-0.2538648,-0.33114976,-0.45990625,33,94
-61.91666666666668,-2.583333333333333,3.734187,-0.20173033,-0.25421187,-0.46156994,33,95
-61.750000000000014,-2.583333333333333,3.631881,-0.11170842,-0.23323263,-0.4618671,33,96
-61.58333333333334,-2.583333333333333,3.5846887,0.077812865,-0.24618866,-0.39716917,33,97
-61.41666666666668,-2.583333333333333,3.4453177,0.16904412,-0.33617944,-0.3466557,33,98
-61.250000000000014,-2.583333333333333,3.1827624,0.4828769,-0.5403496,-0.5990293,33,99
-61.08333333333334,-2.583333333333333,3.1417727,0.8459258,-0.7794083,-0.466579,33,100
-60.91666666666668,-2.583333333333333,3.3379087,1.3862964,-1.0526608,-0.18840359,33,101
-60.750000000000014,-2.583333333333333,3.5034692,1.4611843,-0.8229342,-0.40975693,33,102
-60.58333333333334,-2.583333333333333,3.2278194,1.2422472,-0.67222285,-0.4666069,33,103
-57.58333333333334,-2.583333333333333,3.0299768,3.6777272,0.33663884,0.25275365,33,121
-57.41666666666668,-2.583333333333333,3.3265595,3.6695817,0.8182768,0.35469162,33,122
-56.91666666666668,-2.583333333333333,3.5339515,3.2768981,1.3777845,0.40957084,33,125
-56.750000000000014,-2.583333333333333,3.3906734,3.4415023,1.2978258,0.42644766,33,126
-56.58333333333334,-2.583333333333333,2.985498,3.269178,1.1730406,0.24122502,33,127
-56.41666666666668,-2.583333333333333,2.4353223,2.9581246,1.02962,-0.07117111,33,128
-56.250000000000014,-2.583333333333333,1.8939366,2.4812393,0.66800493,-0.44029137,33,129
-56.08333333333334,-2.583333333333333,1.7452446,2.5429866,0.42988443,-0.50637406,33,130
-55.91666666666668,-2.583333333333333,1.6379805,2.6175725,0.23117845,-0.5312927,33,131
-55.750000000000014,-2.583333333333333,1.561534,2.658161,0.04415608,-0.5413951,33,132
-55.58333333333334,-2.583333333333333,1.4752381,2.680061,-0.14670938,-0.5422884,33,133
-55.41666666666668,-2.583333333333333,1.4315659,2.583402,-0.30387565,-0.6497678,33,134
-55.250000000000014,-2.583333333333333,1.29658,2.4519272,-0.4887472,-0.7379643,33,135
-55.08333333333334,-2.583333333333333,1.6131746,2.7012389,-0.62658453,-0.62835854,33,136
-76.58333333333334,-2.75,3.156914,-2.1588135,-0.954728,-0.86311924,34,7
-73.25000000000001,-2.75,4.142406,-2.6454737,0.5186568,0.39170724,34,27
-73.08333333333334,-2.75,4.010003,-2.626823,0.35085675,0.31197476,34,28
-72.91666666666667,-2.75,3.984679,-2.4103458,0.24457815,0.34707952,34,29
-72.75000000000001,-2.75,4.0670924,-2.1933224,0.15834787,0.39428097,34,30
-72.58333333333334,-2.75,4.1280293,-1.9850602,0.11864801,0.46234575,34,31
-72.41666666666667,-2.75,4.1207976,-1.9162983,0.09657412,0.44053298,34,32
-72.25000000000001,-2.75,4.08735,-1.8764039,0.035385765,0.41156057,34,33
-72.08333333333334,-2.75,4.011216,-1.8949895,0.017550271,0.35709983,34,34
-71.91666666666667,-2.75,3.9776168,-1.9267049,0.055071138,0.3022134,34,35
-71.75000000000001,-2.75,4.020772,-1.8047588,0.080135785,0.36170256,34,36
-71.58333333333334,-2.75,4.0618615,-1.790946,0.14456177,0.35670805,34,37
-71.41666666666667,-2.75,4.149233,-1.6672887,0.25367922,0.40714097,34,38
-71.25000000000001,-2.75,4.2219553,-1.542532,0.30839455,0.5259598,34,39
-71.08333333333334,-2.75,4.328287,-1.5342332,0.36175984,0.51181096,34,40
-70.91666666666667,-2.75,4.4342537,-1.4416139,0.3425806,0.58521587,34,41
-70.75000000000001,-2.75,4.568722,-1.2652048,0.36716872,0.4322648,34,42
-70.58333333333334,-2.75,4.620751,-1.212881,0.24803147,0.4452497,34,43
-70.41666666666667,-2.75,4.702608,-1.0724628,0.13989651,0.44393408,34,44
-70.25000000000001,-2.75,4.7096596,-0.94221324,-0.016864542,0.4959959,34,45
-70.08333333333334,-2.75,4.7384086,-0.8324269,-0.2071912,0.52263016,34,46
-69.91666666666667,-2.75,4.7778525,-0.814495,-0.33000115,0.56349874,34,47
-69.75000000000001,-2.75,4.7830257,-0.9272798,-0.31865767,0.51774144,34,48
-69.58333333333334,-2.75,4.6493063,-1.3928185,-0.17616951,0.34885222,34,49
-69.41666666666667,-2.75,4.6761985,-1.7019472,-0.035131104,0.30407885,34,50
-69.25000000000001,-2.75,4.7007256,-2.1981783,0.2314588,0.16974036,34,51
-69.08333333333334,-2.75,4.7548866,-2.7219641,0.5998173,0.07226615,34,52
-68.91666666666667,-2.75,4.8910704,-3.082994,0.9820583,0.052555885,34,53
-68.75000000000001,-2.75,4.8886166,-3.2352335,1.0872828,-0.008291896,34,54
-68.58333333333334,-2.75,4.5939445,-2.9851627,0.6739078,-0.11314849,34,55
-68.41666666666667,-2.75,4.364496,-2.8331525,0.20068808,0.053817883,34,56
-68.25000000000001,-2.75,4.070268,-2.529595,-0.1312446,-0.142378,34,57
-68.08333333333334,-2.75,3.8975086,-2.2740536,-0.22251973,-0.19963758,34,58
-67.91666666666667,-2.75,3.8193858,-2.1131818,-0.33365497,-0.23515435,34,59
-67.75000000000001,-2.75,3.7278864,-1.8579483,-0.4170454,-0.5199128,34,60
-67.58333333333334,-2.75,3.8814754,-1.5690922,-0.38480267,-0.3936073,34,61
-67.41666666666667,-2.75,4.071671,-1.325358,-0.30054215,-0.25715044,34,62
-67.25000000000001,-2.75,4.104677,-1.2192683,-0.33874103,-0.11895963,34,63
-67.08333333333334,-2.75,4.291483,-1.1173197,-0.31545746,-0.16510694,34,64
-66.91666666666667,-2.75,4.3388734,-1.0083398,-0.26170596,-0.15100569,34,65
-66.75000000000001,-2.75,4.269044,-0.94245666,-0.18747197,-0.18555273,34,66
-66.58333333333334,-2.75,4.1168156,-0.9385039,-0.27086166,-0.1872771,34,67
-66.41666666666667,-2.75,4.1021247,-0.699788,-0.34694993,-0.15530096,34,68
-66.25000000000001,-2.75,4.0683794,-0.49882877,-0.4200828,-0.15077695,34,69
-66.08333333333334,-2.75,4.234969,-0.2478755,-0.3803317,-0.04423971,34,70
-65.91666666666667,-2.75,4.5182505,-0.2396921,-0.100559704,0.016339311,34,71
-65.75000000000001,-2.75,4.8120975,-0.51595575,0.3844544,-0.08093655,34,72
-65.58333333333334,-2.75,4.9389176,-0.89110804,0.77878106,-0.14242879,34,73
-65.41666666666667,-2.75,5.195056,-1.0349251,1.1227758,-0.07478968,34,74
-65.25000000000001,-2.75,5.4427047,-1.0533475,1.3655931,0.0042405673,34,75
-65.08333333333334,-2.75,5.6117163,-1.1093568,1.4726498,-0.026017977,34,76
-64.91666666666667,-2.75,5.5627766,-1.0226747,1.3004743,-0.07181003,34,77
-64.75000000000001,-2.75,5.354289,-0.8547731,0.96614486,-0.15151957,34,78
-64.58333333333334,-2.75,5.067281,-0.68158317,0.56316304,-0.20997149,34,79
-64.41666666666667,-2.75,4.764493,-0.5914938,0.20320866,-0.3221674,34,80
-64.25000000000001,-2.75,4.5128965,-0.46790156,-0.1456025,-0.39384168,34,81
-64.08333333333334,-2.75,4.3263454,-0.49738914,-0.45322326,-0.2654937,34,82
-63.91666666666668,-2.75,4.161357,-0.41041765,-0.6802868,-0.30847952,34,83
-63.750000000000014,-2.75,3.9852967,-0.36714828,-0.78257567,-0.34401104,34,84
-63.58333333333334,-2.75,3.8700306,-0.33417678,-0.9236508,-0.37851787,34,85
-63.41666666666668,-2.75,3.8478801,-0.36616766,-0.9416406,-0.41490835,34,86
-63.250000000000014,-2.75,3.7974486,-0.37618518,-0.94410497,-0.44756395,34,87
-63.08333333333334,-2.75,3.7644765,-0.39221424,-0.8600613,-0.45164773,34,88
-62.91666666666668,-2.75,3.7696717,-0.43029487,-0.74960935,-0.46037108,34,89
-62.750000000000014,-2.75,3.7710075,-0.40186632,-0.658506,-0.46635634,34,90
-62.58333333333334,-2.75,3.7899911,-0.39125836,-0.57408005,-0.45397153,34,91
-62.41666666666668,-2.75,3.79785,-0.3792542,-0.44306684,-0.44510168,34,92
-62.250000000000014,-2.75,3.7929742,-0.3303269,-0.38145283,-0.44668943,34,93
-62.08333333333334,-2.75,3.731005,-0.20601058,-0.2998155,-0.42908213,34,94
-61.91666666666668,-2.75,3.722825,-0.077363804,-0.217418,-0.3922163,34,95
-61.750000000000014,-2.75,3.6456065,-0.011286682,-0.22874519,-0.3946192,34,96
-61.58333333333334,-2.75,3.5813138,0.2101706,-0.18226403,-0.3127076,34,97
-61.41666666666668,-2.75,3.4101155,0.3054853,-0.26958624,-0.3113887,34,98
-61.250000000000014,-2.75,3.1220465,0.5770517,-0.49977165,-0.6139571,34,99
-61.08333333333334,-2.75,3.008577,0.8069167,-0.60168856,-0.5682077,34,100
-60.91666666666668,-2.75,3.200158,1.194953,-0.5629741,-0.6943302,34,101
-60.750000000000014,-2.75,3.4800498,1.7181097,-0.82156247,-0.4053445,34,102
-60.58333333333334,-2.75,3.350384,1.601538,-0.8412018,-0.4066339,34,103
-58.08333333333334,-2.75,2.5820155,3.249327,-0.05150556,0.037944753,34,118
-57.91666666666668,-2.75,2.8878884,3.6412597,-0.09509892,0.2100868,34,119
-57.58333333333334,-2.75,3.1579359,3.6603878,0.66467017,0.26177907,34,121
-57.41666666666668,-2.75,3.3844502,3.511819,0.901712,0.34230772,34,122
-57.250000000000014,-2.75,3.58009,3.300967,1.1230481,0.42586213,34,123
-57.08333333333334,-2.75,3.761136,3.1427405,1.3090922,0.512213,34,124
-56.91666666666668,-2.75,3.637556,3.1776178,1.1815276,0.48733586,34,125
-56.750000000000014,-2.75,3.2537537,3.1356463,1.1155232,0.37975895,34,126
-56.58333333333334,-2.75,2.5435271,2.767315,0.98293006,0.020259427,34,127
-56.41666666666668,-2.75,2.1652641,2.5872402,0.7213317,-0.2358345,34,128
-56.250000000000014,-2.75,1.9262909,2.5772176,0.4915667,-0.36502838,34,129
-56.08333333333334,-2.75,1.7305923,2.5186832,0.2749941,-0.48394337,34,130
-55.91666666666668,-2.75,1.4935886,2.3630044,0.056352045,-0.6299355,34,131
-55.750000000000014,-2.75,1.5649776,2.6458092,-0.09430251,-0.52746594,34,132
-55.58333333333334,-2.75,1.3920792,2.407721,-0.3037739,-0.6572697,34,133
-55.41666666666668,-2.75,0.9822058,1.7636966,-0.51250815,-1.0051184,34,134
-55.250000000000014,-2.75,0.77690464,2.0466707,-0.8403098,-0.6214507,34,135
-55.08333333333334,-2.75,1.6372405,2.710393,-0.7885486,-0.70538443,34,136
-76.41666666666667,-2.916666666666666,3.0541723,-1.3981111,-1.7593822,-0.67831457,35,8
-73.25000000000001,-2.916666666666666,4.2179475,-2.3916,0.45521104,0.46086702,35,27
-73.08333333333334,-2.916666666666666,4.143735,-2.3001883,0.43178955,0.43527615,35,28
-72.91666666666667,-2.916666666666666,4.0275826,-2.3216152,0.40141535,0.37442535,35,29
-72.75000000000001,-2.916666666666666,4.0160713,-2.2247381,0.34859368,0.3961665,35,30
-72.58333333333334,-2.916666666666666,3.9787374,-2.1139843,0.2518464,0.393331,35,31
-72.41666666666667,-2.916666666666666,4.011548,-1.9833063,0.23222248,0.4048087,35,32
-72.25000000000001,-2.916666666666666,3.99153,-1.9418852,0.18019485,0.3867582,35,33
-72.08333333333334,-2.916666666666666,3.954084,-1.8978081,0.11437473,0.3639106,35,34
-71.91666666666667,-2.916666666666666,3.912037,-1.8708298,0.09760487,0.34061778,35,35
-71.75000000000001,-2.916666666666666,3.9395049,-1.7527735,0.11506289,0.37368688,35,36
-71.58333333333334,-2.916666666666666,4.0505805,-1.5596404,0.1574335,0.45503005,35,37
-71.41666666666667,-2.916666666666666,4.132857,-1.4656564,0.21067774,0.47424173,35,38
-71.25000000000001,-2.916666666666666,4.192161,-1.4785041,0.2910196,0.46092674,35,39
-71.08333333333334,-2.916666666666666,4.313229,-1.4106795,0.2632626,0.4911321,35,40
-70.91666666666667,-2.916666666666666,4.380847,-1.2792522,0.20768079,0.43310854,35,41
-70.75000000000001,-2.916666666666666,4.540596,-1.1963483,0.27150944,0.3583901,35,42
-70.58333333333334,-2.916666666666666,4.5687737,-1.1369746,0.13981064,0.37239912,35,43
-70.41666666666667,-2.916666666666666,4.589157,-1.0498482,-0.031211006,0.40353635,35,44
-70.25000000000001,-2.916666666666666,4.589116,-0.9505346,-0.18823792,0.4285118,35,45
-70.08333333333334,-2.916666666666666,4.647187,-0.7860416,-0.387284,0.47241235,35,46
-69.91666666666667,-2.916666666666666,4.710402,-0.63357145,-0.46749043,0.5663706,35,47
-69.75000000000001,-2.916666666666666,4.7104278,-0.65600187,-0.52404344,0.54456866,35,48
-69.58333333333334,-2.916666666666666,4.6868563,-0.7679583,-0.5226992,0.5231847,35,49
-69.41666666666667,-2.916666666666666,4.672849,-1.0634297,-0.37447688,0.46156365,35,50
-69.25000000000001,-2.916666666666666,4.7249618,-1.4537874,-0.09753066,0.36327717,35,51
-69.08333333333334,-2.916666666666666,4.713461,-2.1262825,0.25403905,0.20007561,35,52
-68.91666666666667,-2.916666666666666,4.9203496,-2.4848413,0.70626354,0.20873968,35,53
-68.75000000000001,-2.916666666666666,4.9329996,-2.68853,0.8723034,0.14771372,35,54
-68.58333333333334,-2.916666666666666,4.6854672,-2.6352274,0.43520328,0.29260916,35,55
-68.41666666666667,-2.916666666666666,4.317841,-2.3445733,-0.079576015,0.1658421,35,56
-68.25000000000001,-2.916666666666666,3.8784616,-2.2899714,-0.3666738,-0.14351566,35,57
-68.08333333333334,-2.916666666666666,3.6651883,-2.128878,-0.41368797,-0.26941457,35,58
-67.91666666666667,-2.916666666666666,3.6086438,-1.8034354,-0.5813568,-0.267,35,59
-67.75000000000001,-2.916666666666666,3.6971278,-1.3402985,-0.5903807,-0.40671983,35,60
-67.58333333333334,-2.916666666666666,3.8290036,-1.2520589,-0.4141194,-0.32918122,35,61
-67.41666666666667,-2.916666666666666,3.9767706,-1.1579779,-0.40416166,-0.24882616,35,62
-67.25000000000001,-2.916666666666666,4.0302324,-1.2266418,-0.35932326,-0.21868406,35,63
-67.08333333333334,-2.916666666666666,4.120045,-1.0371133,-0.36507347,-0.021048361,35,64
-66.91666666666667,-2.916666666666666,4.094397,-1.0198715,-0.28227776,-0.060160004,35,65
-66.75000000000001,-2.916666666666666,4.0341907,-1.0336505,-0.24881828,-0.12662241,35,66
-66.58333333333334,-2.916666666666666,4.0109754,-0.8899292,-0.22554034,-0.14245775,35,67
-66.41666666666667,-2.916666666666666,4.023526,-0.67951006,-0.22057545,-0.10725544,35,68
-66.25000000000001,-2.916666666666666,4.0922284,-0.47480986,-0.19204465,-0.063979395,35,69
-66.08333333333334,-2.916666666666666,4.275389,-0.27511454,-0.12552346,0.019678634,35,70
-65.91666666666667,-2.916666666666666,4.522516,-0.27259582,0.04846082,-0.03947088,35,71
-65.75000000000001,-2.916666666666666,4.5681534,-0.6127014,0.3835215,-0.12978925,35,72
-65.58333333333334,-2.916666666666666,4.70204,-0.7536969,0.71508443,-0.13313828,35,73
-65.41666666666667,-2.916666666666666,4.9171844,-0.8172129,0.91095024,-0.098136626,35,74
-65.25000000000001,-2.916666666666666,5.066754,-0.762785,0.990721,-0.054233506,35,75
-65.08333333333334,-2.916666666666666,5.2083974,-0.6978628,0.9251533,-0.039017364,35,76
-64.91666666666667,-2.916666666666666,5.249468,-0.5372413,0.781933,-0.058885444,35,77
-64.75000000000001,-2.916666666666666,5.1313524,-0.41439006,0.51308537,-0.11499244,35,78
-64.58333333333334,-2.916666666666666,4.9105573,-0.25880933,0.21210364,-0.16753769,35,79
-64.41666666666667,-2.916666666666666,4.5845456,-0.23072691,-0.11833807,-0.27985767,35,80
-64.25000000000001,-2.916666666666666,4.3057528,-0.16352752,-0.43151018,-0.36773548,35,81
-64.08333333333334,-2.916666666666666,4.156562,-0.23302324,-0.6897352,-0.23486559,35,82
-63.91666666666668,-2.916666666666666,4.0243225,-0.15983506,-0.929164,-0.2754415,35,83
-63.750000000000014,-2.916666666666666,3.8622596,-0.16493265,-1.0461996,-0.32900923,35,84
-63.58333333333334,-2.916666666666666,3.7583137,-0.11621534,-1.1084379,-0.33226576,35,85
-63.41666666666668,-2.916666666666666,3.719268,-0.17153466,-1.1061791,-0.34822842,35,86
-63.250000000000014,-2.916666666666666,3.7186198,-0.2225029,-1.0522145,-0.39774895,35,87
-63.08333333333334,-2.916666666666666,3.6899798,-0.29042482,-0.9632573,-0.43461576,35,88
-62.91666666666668,-2.916666666666666,3.6998007,-0.3511907,-0.7912443,-0.45641437,35,89
-62.750000000000014,-2.916666666666666,3.7572412,-0.35062858,-0.68289834,-0.4535591,35,90
-62.58333333333334,-2.916666666666666,3.777483,-0.33858514,-0.5250132,-0.42538437,35,91
-62.41666666666668,-2.916666666666666,3.7593782,-0.32728037,-0.4102394,-0.41466418,35,92
-62.250000000000014,-2.916666666666666,3.7498193,-0.23235346,-0.33975685,-0.39411372,35,93
-62.08333333333334,-2.916666666666666,3.7246077,-0.088409066,-0.2565421,-0.35931593,35,94
-61.91666666666668,-2.916666666666666,3.74772,0.113459945,-0.21894851,-0.24422432,35,95
-61.750000000000014,-2.916666666666666,3.7330935,0.2788908,-0.18310876,-0.21150334,35,96
-61.58333333333334,-2.916666666666666,3.551463,0.24430434,-0.16379234,-0.2941835,35,97
-61.41666666666668,-2.916666666666666,3.3726392,0.6497782,-0.21594588,-0.6035678,35,98
-61.250000000000014,-2.916666666666666,3.1618972,0.7113296,-0.2311108,-0.6204675,35,99
-61.08333333333334,-2.916666666666666,2.9732285,0.8476555,-0.33001816,-0.60472435,35,100
-60.91666666666668,-2.916666666666666,3.1429737,1.1446719,-0.32242346,-0.8128679,35,101
-60.750000000000014,-2.916666666666666,3.1480303,1.4907552,-0.5821138,-0.61866033,35,102
-60.58333333333334,-2.916666666666666,3.4368339,1.989903,-0.8838133,-0.31279695,35,103
-60.41666666666668,-2.916666666666666,3.0768828,1.5525728,-0.7655921,-0.47318113,35,104
-58.250000000000014,-2.916666666666666,3.0125036,3.5815475,-0.008745756,0.25061867,35,117
-57.91666666666668,-2.916666666666666,2.8890944,3.4353552,0.012805339,0.13566916,35,119
-57.750000000000014,-2.916666666666666,2.995231,3.5819716,0.40895265,0.21302141,35,120
-57.58333333333334,-2.916666666666666,3.1003184,3.3740988,0.89804596,0.18711914,35,121
-57.41666666666668,-2.916666666666666,3.014704,2.919015,0.9686109,0.10760391,35,122
-57.250000000000014,-2.916666666666666,3.2863035,2.947946,1.0230045,0.24366629,35,123
-57.08333333333334,-2.916666666666666,3.4555218,2.7871149,0.99361885,0.334908,35,124
-56.91666666666668,-2.916666666666666,3.1563098,2.7616484,1.0685177,0.27784652,35,125
-56.750000000000014,-2.916666666666666,3.0267727,3.03903,0.87882745,0.31949222,35,126
-56.58333333333334,-2.916666666666666,2.5341513,2.914063,0.76415163,0.08770345,35,127
-56.41666666666668,-2.916666666666666,2.083974,2.5728798,0.49557066,-0.23371272,35,128
-56.250000000000014,-2.916666666666666,1.917745,2.5978498,0.30727172,-0.325511,35,129
-56.08333333333334,-2.916666666666666,1.7519834,2.6044667,0.11689495,-0.40674818,35,130
-55.91666666666668,-2.916666666666666,1.6058772,2.521864,-0.042037357,-0.511066,35,131
-55.750000000000014,-2.916666666666666,1.5399925,2.5044405,-0.2013903,-0.5628576,35,132
-55.58333333333334,-2.916666666666666,1.3170663,2.233149,-0.40171865,-0.73016346,35,133
-55.41666666666668,-2.916666666666666,0.82954466,1.4964807,-0.60943234,-1.131302,35,134
-55.250000000000014,-2.916666666666666,1.0577145,2.006085,-0.73993886,-0.9450296,35,135
-55.08333333333334,-2.916666666666666,1.3829255,2.2286065,-0.83288836,-0.8084672,35,136
-75.08333333333334,-3.083333333333333,3.2629979,-1.6168994,-1.1285168,0.06395721,36,16
-73.25000000000001,-3.083333333333333,4.127627,-2.1589313,0.32667902,0.4758512,36,27
-73.08333333333334,-3.083333333333333,4.1077485,-2.1248403,0.3977038,0.42812687,36,28
-72.91666666666667,-3.083333333333333,4.085627,-2.0922792,0.4668659,0.43899608,36,29
-72.75000000000001,-3.083333333333333,4.0548344,-2.0808568,0.4973699,0.4500286,36,30
-72.58333333333334,-3.083333333333333,3.99236,-1.9737667,0.41718304,0.47653556,36,31
-72.41666666666667,-3.083333333333333,3.9746969,-1.8942999,0.34179237,0.4621843,36,32
-72.25000000000001,-3.083333333333333,3.9486377,-1.8038043,0.2663763,0.45527866,36,33
-72.08333333333334,-3.083333333333333,3.9390566,-1.7588118,0.18987732,0.42128977,36,34
-71.91666666666667,-3.083333333333333,3.9128423,-1.6308889,0.1340671,0.4569718,36,35
-71.75000000000001,-3.083333333333333,3.847765,-1.6591069,0.120126575,0.41661942,36,36
-71.58333333333334,-3.083333333333333,3.8646688,-1.6620358,0.12796307,0.37599343,36,37
-71.41666666666667,-3.083333333333333,3.9590197,-1.5473939,0.12905653,0.41227743,36,38
-71.25000000000001,-3.083333333333333,4.0722957,-1.4992062,0.16467115,0.42009366,36,39
-71.08333333333334,-3.083333333333333,4.186623,-1.4358457,0.15750104,0.4632509,36,40
-70.91666666666667,-3.083333333333333,4.343963,-1.2588706,0.1641161,0.29669222,36,41
-70.75000000000001,-3.083333333333333,4.4297376,-1.166959,0.10409075,0.3262945,36,42
-70.58333333333334,-3.083333333333333,4.5200353,-1.0381963,-0.0074655083,0.38386875,36,43
-70.41666666666667,-3.083333333333333,4.585188,-0.8967607,-0.1604503,0.44331172,36,44
-70.25000000000001,-3.083333333333333,4.619251,-0.73632336,-0.35197026,0.49955356,36,45
-70.08333333333334,-3.083333333333333,4.706698,-0.45195886,-0.48278058,0.629941,36,46
-69.91666666666667,-3.083333333333333,4.6174464,-0.44793966,-0.6314221,0.57305944,36,47
-69.75000000000001,-3.083333333333333,4.4655714,-0.5701526,-0.791417,0.44852948,36,48
-69.58333333333334,-3.083333333333333,4.3532143,-0.7006,-0.8695228,0.40179607,36,49
-69.41666666666667,-3.083333333333333,4.273175,-0.9530178,-0.8120292,0.30250335,36,50
-69.25000000000001,-3.083333333333333,4.380739,-1.0230887,-0.61937356,0.33849767,36,51
-69.08333333333334,-3.083333333333333,4.422772,-1.3662086,-0.33270872,0.26392522,36,52
-68.91666666666667,-3.083333333333333,4.382547,-1.9144182,-0.02464307,0.13898118,36,53
-68.75000000000001,-3.083333333333333,4.3122587,-2.1811032,0.0790379,0.01360899,36,54
-68.58333333333334,-3.083333333333333,4.2523117,-2.2614012,-0.07239544,0.22982165,36,55
-68.41666666666667,-3.083333333333333,4.020933,-1.9715598,-0.39968398,0.11802469,36,56
-68.25000000000001,-3.083333333333333,3.8413265,-1.6818589,-0.6229082,0.016043743,36,57
-68.08333333333334,-3.083333333333333,3.5954177,-1.6055584,-0.7069926,-0.14774926,36,58
-67.91666666666667,-3.083333333333333,3.3578935,-1.2395176,-0.77733004,-0.48697147,36,59
-67.75000000000001,-3.083333333333333,3.5420694,-1.1193148,-0.64624864,-0.40471968,36,60
-67.58333333333334,-3.083333333333333,3.624925,-1.1676309,-0.60521364,-0.3623347,36,61
-67.41666666666667,-3.083333333333333,3.7363224,-1.1861793,-0.51270545,-0.30085963,36,62
-67.25000000000001,-3.083333333333333,3.9724605,-0.96298456,-0.442698,-0.14957578,36,63
-67.08333333333334,-3.083333333333333,4.0627017,-0.8927214,-0.34944633,-0.100280024,36,64
-66.91666666666667,-3.083333333333333,3.8609,-1.0772282,-0.2872764,-0.11848054,36,65
-66.75000000000001,-3.083333333333333,3.9035487,-0.99438107,-0.21261603,-0.12842338,36,66
-66.58333333333334,-3.083333333333333,4.058162,-0.79787415,-0.03532556,-0.16959529,36,67
-66.41666666666667,-3.083333333333333,4.006031,-0.6680186,-0.027218029,-0.064380124,36,68
-66.25000000000001,-3.083333333333333,4.179477,-0.46688077,0.10323102,-0.08781249,36,69
-66.08333333333334,-3.083333333333333,4.34161,-0.30255735,0.1591205,-0.026937315,36,70
-65.91666666666667,-3.083333333333333,4.3864,-0.40004984,0.26301736,-0.061470225,36,71
-65.75000000000001,-3.083333333333333,4.391887,-0.5692937,0.35346007,-0.13313675,36,72
-65.58333333333334,-3.083333333333333,4.52577,-0.562309,0.51897466,-0.12227836,36,73
-65.41666666666667,-3.083333333333333,4.5866675,-0.6675846,0.6124694,-0.16390537,36,74
-65.25000000000001,-3.083333333333333,4.693624,-0.5462495,0.6337553,-0.11482132,36,75
-65.08333333333334,-3.083333333333333,4.6764026,-0.4835679,0.57819724,-0.10036425,36,76
-64.91666666666667,-3.083333333333333,4.7906966,-0.2534604,0.31964126,-0.067792386,36,77
-64.75000000000001,-3.083333333333333,4.82311,0.0004942944,0.0690579,-0.060447995,36,78
-64.58333333333334,-3.083333333333333,4.717225,0.13645902,-0.16938521,-0.12972064,36,79
-64.41666666666667,-3.083333333333333,4.500501,0.22754875,-0.5008572,-0.22609055,36,80
-64.25000000000001,-3.083333333333333,4.2063313,0.23055519,-0.8169755,-0.31949878,36,81
-64.08333333333334,-3.083333333333333,3.9099045,0.21596254,-1.0441436,-0.40761295,36,82
-63.91666666666668,-3.083333333333333,3.8222084,0.09652019,-1.2328475,-0.26017725,36,83
-63.750000000000014,-3.083333333333333,3.687878,0.10828912,-1.3458215,-0.28224444,36,84
-63.58333333333334,-3.083333333333333,3.6015136,0.07486105,-1.3803188,-0.30055878,36,85
-63.41666666666668,-3.083333333333333,3.586873,0.042222146,-1.3132265,-0.31017146,36,86
-63.250000000000014,-3.083333333333333,3.6159928,-0.040617704,-1.2007164,-0.3539605,36,87
-63.08333333333334,-3.083333333333333,3.6418843,-0.085364476,-1.0417949,-0.366575,36,88
-62.91666666666668,-3.083333333333333,3.6330895,-0.2123629,-0.8775541,-0.4062584,36,89
-62.750000000000014,-3.083333333333333,3.6839626,-0.2856843,-0.7062905,-0.42922202,36,90
-62.58333333333334,-3.083333333333333,3.7121983,-0.28929266,-0.53450024,-0.39494583,36,91
-62.41666666666668,-3.083333333333333,3.746273,-0.2676762,-0.41466415,-0.3664146,36,92
-62.250000000000014,-3.083333333333333,3.7288136,-0.1831153,-0.27413985,-0.34018645,36,93
-62.08333333333334,-3.083333333333333,3.7433088,-0.044936296,-0.18244746,-0.28566948,36,94
-61.91666666666668,-3.083333333333333,3.7199776,0.03176292,-0.13812731,-0.22890589,36,95
-61.750000000000014,-3.083333333333333,3.6846325,0.19874991,-0.09952628,-0.21721499,36,96
-61.58333333333334,-3.083333333333333,3.6003432,0.6922885,-0.116089195,-0.5302673,36,97
-61.41666666666668,-3.083333333333333,3.8792598,0.97248024,0.23509672,-0.8140136,36,98
-61.250000000000014,-3.083333333333333,3.713387,1.0834931,0.32899743,-0.8431718,36,99
-61.08333333333334,-3.083333333333333,3.5268207,1.2525777,0.14855692,-0.8042126,36,100
-60.91666666666668,-3.083333333333333,3.2920756,1.3529131,-0.14629374,-0.7527552,36,101
-60.750000000000014,-3.083333333333333,2.9828022,1.45885,-0.44316125,-0.7133481,36,102
-60.58333333333334,-3.083333333333333,3.0690613,1.8672156,-0.7252932,-0.47869116,36,103
-60.41666666666668,-3.083333333333333,3.270427,2.0709722,-0.84458965,-0.2998124,36,104
-60.250000000000014,-3.083333333333333,3.0037563,1.8374045,-0.76126134,-0.34822524,36,105
-60.08333333333334,-3.083333333333333,3.2372923,2.1315813,-0.5012261,-0.06876398,36,106
-59.91666666666668,-3.083333333333333,3.219667,2.069003,-0.3395121,0.026923401,36,107
-58.41666666666668,-3.083333333333333,2.9082346,3.3762784,0.46606475,0.07326973,36,116
-58.08333333333334,-3.083333333333333,2.9602048,3.3017278,-0.19851595,0.18300585,36,118
-57.91666666666668,-3.083333333333333,2.8858871,3.4111156,-0.26442906,0.27531314,36,119
-57.750000000000014,-3.083333333333333,3.05152,3.445954,-0.16739844,0.3382302,36,120
-57.58333333333334,-3.083333333333333,2.9886053,3.1574004,0.31690165,0.24253666,36,121
-57.41666666666668,-3.083333333333333,2.975909,2.951358,0.5112886,0.1848634,36,122
-57.250000000000014,-3.083333333333333,3.1574972,2.9213438,0.5771806,0.26857412,36,123
-57.08333333333334,-3.083333333333333,3.0663834,2.734527,0.7045547,0.21687797,36,124
-56.91666666666668,-3.083333333333333,2.9460213,2.8554356,0.73168653,0.23613007,36,125
-56.750000000000014,-3.083333333333333,2.6421704,2.743038,0.61504364,0.08987664,36,126
-56.58333333333334,-3.083333333333333,2.459938,2.9645119,0.53629875,0.105459385,36,127
-56.41666666666668,-3.083333333333333,2.0655048,2.6601985,0.30584925,-0.18093073,36,128
-56.250000000000014,-3.083333333333333,1.8572317,2.5851502,0.15912555,-0.31656954,36,129
-56.08333333333334,-3.083333333333333,1.7750515,2.643594,-0.006438124,-0.35167086,36,130
-55.91666666666668,-3.083333333333333,1.628815,2.5595188,-0.1617656,-0.45653266,36,131
-55.750000000000014,-3.083333333333333,1.4336013,2.3183613,-0.3040433,-0.6179115,36,132
-55.58333333333334,-3.083333333333333,1.1471896,1.8961992,-0.47577918,-0.86023617,36,133
-55.41666666666668,-3.083333333333333,0.64290476,1.188304,-0.6851715,-1.2694215,36,134
-55.250000000000014,-3.083333333333333,1.290133,2.4422522,-0.82419795,-0.72143775,36,135
-55.08333333333334,-3.083333333333333,1.0437298,1.913769,-0.815001,-0.98792076,36,136
-76.41666666666667,-3.25,2.7202797,-0.38108015,-3.1051188,-0.36172262,37,8
-75.08333333333334,-3.25,3.1959605,-1.3294598,-1.3438512,0.1944717,37,16
-73.08333333333334,-3.25,3.9369116,-1.9939122,0.2685839,0.41771048,37,28
-72.91666666666667,-3.25,4.0729876,-1.7845423,0.4735548,0.49820533,37,29
-72.75000000000001,-3.25,3.9337816,-2.0878725,0.5805933,0.4174827,37,30
-72.58333333333334,-3.25,3.793297,-2.1844766,0.48106658,0.36118087,37,31
-72.41666666666667,-3.25,3.8657374,-1.8790313,0.4225172,0.47374454,37,32
-72.25000000000001,-3.25,3.872945,-1.6932125,0.30595675,0.51092774,37,33
-72.08333333333334,-3.25,3.833894,-1.6680119,0.17546614,0.46146643,37,34
-71.91666666666667,-3.25,3.8123546,-1.5823357,0.07261769,0.4528734,37,35
-71.75000000000001,-3.25,3.8267345,-1.4625427,0.060839057,0.4729156,37,36
-71.58333333333334,-3.25,3.8329732,-1.4614313,0.050041165,0.4433257,37,37
-71.41666666666667,-3.25,3.837876,-1.6101152,0.0054414924,0.35226426,37,38
-71.25000000000001,-3.25,3.9495513,-1.5213424,0.052631695,0.39185962,37,39
-71.08333333333334,-3.25,4.08513,-1.4687065,0.0663482,0.42692462,37,40
-70.91666666666667,-3.25,4.279423,-1.2106614,0.048176818,0.28289446,37,41
-70.75000000000001,-3.25,4.4116974,-1.0073372,0.021141093,0.37695256,37,42
-70.58333333333334,-3.25,4.498461,-0.84477264,-0.042177454,0.44929725,37,43
-70.41666666666667,-3.25,4.585702,-0.665208,-0.17306255,0.53552806,37,44
-70.25000000000001,-3.25,4.708063,-0.47632164,-0.32443702,0.64425373,37,45
-70.08333333333334,-3.25,4.648905,-0.35976684,-0.51532334,0.632094,37,46
-69.91666666666667,-3.25,4.4506145,-0.39265394,-0.7520978,0.51900697,37,47
-69.75000000000001,-3.25,4.344482,-0.29123706,-1.0313406,0.4712701,37,48
-69.58333333333334,-3.25,4.2571673,-0.115969755,-1.2492237,0.5118805,37,49
-69.41666666666667,-3.25,4.129837,-0.15737134,-1.3209519,0.4396192,37,50
-69.25000000000001,-3.25,4.008429,-0.4172624,-1.1877538,0.33508092,37,51
-69.08333333333334,-3.25,3.898686,-0.93223584,-0.9577693,0.15128222,37,52
-68.91666666666667,-3.25,3.8412771,-1.3323116,-0.71846116,0.0420217,37,53
-68.75000000000001,-3.25,3.8056738,-1.8805904,-0.57926846,0.19649446,37,54
-68.58333333333334,-3.25,3.7111318,-1.8959111,-0.6603372,0.13487162,37,55
-68.41666666666667,-3.25,3.6365695,-1.7503414,-0.7443583,0.021224586,37,56
-68.25000000000001,-3.25,3.5609012,-1.5476,-0.76912767,-0.016318068,37,57
-68.08333333333334,-3.25,3.407936,-1.1635162,-0.86262196,-0.37199676,37,58
-67.91666666666667,-3.25,3.305075,-1.0891981,-0.90222025,-0.42352176,37,59
-67.75000000000001,-3.25,3.3460946,-1.108817,-0.7750802,-0.43556032,37,60
-67.58333333333334,-3.25,3.468899,-1.1009533,-0.65192413,-0.35930598,37,61
-67.41666666666667,-3.25,3.712534,-0.895305,-0.5766437,-0.20336679,37,62
-67.25000000000001,-3.25,3.7309265,-1.0113751,-0.43042642,-0.22976471,37,63
-67.08333333333334,-3.25,3.8014395,-0.97199285,-0.2971398,-0.19721921,37,64
-66.91666666666667,-3.25,3.6737137,-1.0608463,-0.22538555,-0.16165109,37,65
-66.75000000000001,-3.25,3.7711148,-0.91559833,-0.09272364,-0.13579646,37,66
-66.58333333333334,-3.25,3.9005034,-0.82856905,0.11436854,-0.20806211,37,67
-66.41666666666667,-3.25,3.9754999,-0.7043293,0.2439415,-0.15570375,37,68
-66.25000000000001,-3.25,4.0978503,-0.48934597,0.35244593,-0.064364865,37,69
-66.08333333333334,-3.25,4.2804203,-0.28456938,0.44450226,0.019172255,37,70
-65.91666666666667,-3.25,4.188342,-0.4766907,0.46994594,-0.089323536,37,71
-65.75000000000001,-3.25,4.211576,-0.43100622,0.4542539,-0.086599045,37,72
-65.58333333333334,-3.25,4.29421,-0.44804838,0.37085214,-0.1284257,37,73
-65.41666666666667,-3.25,4.357577,-0.41447526,0.33414719,-0.13691776,37,74
-65.25000000000001,-3.25,4.4022307,-0.24868478,0.32521236,-0.09432206,37,75
-65.08333333333334,-3.25,4.3746314,-0.18401332,0.21677047,-0.098247804,37,76
-64.91666666666667,-3.25,4.358975,-0.03685992,0.024618054,-0.108354405,37,77
-64.75000000000001,-3.25,4.4627805,0.3726909,-0.3502599,0.025081003,37,78
-64.58333333333334,-3.25,4.385631,0.45898074,-0.5957167,-0.10099835,37,79
-64.41666666666667,-3.25,4.2408195,0.5754833,-0.8691668,-0.19175437,37,80
-64.25000000000001,-3.25,4.046863,0.6756983,-1.1574348,-0.26018745,37,81
-64.08333333333334,-3.25,3.7609215,0.59245956,-1.4279867,-0.3571327,37,82
-63.91666666666668,-3.25,3.6083205,0.38676462,-1.6149883,-0.2104356,37,83
-63.750000000000014,-3.25,3.533639,0.47527584,-1.7286367,-0.20780785,37,84
-63.58333333333334,-3.25,3.4465504,0.2983811,-1.6772003,-0.2804209,37,85
-63.41666666666668,-3.25,3.4196332,0.20799252,-1.5578294,-0.30797207,37,86
-63.250000000000014,-3.25,3.4702873,0.16166963,-1.357949,-0.29765704,37,87
-63.08333333333334,-3.25,3.5548453,0.14136769,-1.1765877,-0.299883,37,88
-62.91666666666668,-3.25,3.6250474,0.05140351,-1.0447909,-0.31392726,37,89
-62.750000000000014,-3.25,3.7090654,-0.035161436,-0.81623435,-0.3209728,37,90
-62.58333333333334,-3.25,3.6473987,-0.16204819,-0.5074478,-0.35310736,37,91
-62.41666666666668,-3.25,3.6992168,-0.17195797,-0.30355984,-0.3193393,37,92
-62.250000000000014,-3.25,3.738312,-0.12105206,-0.19974881,-0.29346055,37,93
-62.08333333333334,-3.25,3.73894,-0.09710959,-0.13927285,-0.28829646,37,94
-61.91666666666668,-3.25,3.7240868,0.05829275,-0.043608073,-0.17180113,37,95
-61.750000000000014,-3.25,3.682609,0.1609079,0.024154097,-0.18623841,37,96
-61.58333333333334,-3.25,3.6516278,0.33388475,0.11002126,-0.20555964,37,97
-61.41666666666668,-3.25,3.452498,0.7799867,0.25153053,-0.5361658,37,98
-61.250000000000014,-3.25,3.7255065,1.1408447,0.76514906,-0.84036654,37,99
-61.08333333333334,-3.25,3.6690955,1.4535617,0.42754614,-0.7560685,37,100
-60.91666666666668,-3.25,3.5462444,1.7943623,-0.10847475,-0.6211733,37,101
-60.750000000000014,-3.25,3.3389106,1.9472048,-0.5879336,-0.52218336,37,102
-60.58333333333334,-3.25,3.0516632,1.9428537,-0.6685468,-0.45219868,37,103
-60.41666666666668,-3.25,3.1114056,2.101467,-0.80206925,-0.34883642,37,104
-60.250000000000014,-3.25,3.0525007,1.991258,-0.7899461,-0.29678097,37,105
-60.08333333333334,-3.25,3.059409,2.1502826,-0.7492121,-0.16133817,37,106
-59.91666666666668,-3.25,3.2051072,2.2794569,-0.78061515,-0.03772442,37,107
-59.750000000000014,-3.25,3.318455,2.3377123,-0.7257774,0.061289664,37,108
-59.58333333333334,-3.25,3.370554,2.3823318,-0.64783186,0.18501252,37,109
-59.41666666666668,-3.25,3.3918421,2.4684741,-0.51448137,0.29220936,37,110
-59.250000000000014,-3.25,3.4551547,2.5862455,-0.41435063,0.31715807,37,111
-58.41666666666668,-3.25,3.119494,3.3526254,0.121910706,0.114252485,37,116
-58.250000000000014,-3.25,2.9391892,3.1832907,-0.071136385,0.12114935,37,117
-58.08333333333334,-3.25,2.709065,2.9962707,-0.46613076,0.122273736,37,118
-57.91666666666668,-3.25,2.903559,3.2601643,-0.843616,0.38614509,37,119
-57.750000000000014,-3.25,2.9486868,3.2534485,-1.0622491,0.5031121,37,120
-57.58333333333334,-3.25,2.8117003,2.980313,-0.6673103,0.33531597,37,121
-57.41666666666668,-3.25,2.8690953,2.8527853,-0.113146044,0.22561432,37,122
-57.250000000000014,-3.25,2.9729161,2.8847494,0.22732143,0.24693426,37,123
-57.08333333333334,-3.25,2.9307017,2.8285248,0.42053673,0.22205035,37,124
-56.91666666666668,-3.25,2.716588,2.7330709,0.47074932,0.11383575,37,125
-56.750000000000014,-3.25,2.4887588,2.7984972,0.40221977,0.06645816,37,126
-56.58333333333334,-3.25,2.343153,2.9752257,0.29382646,0.07180658,37,127
-56.41666666666668,-3.25,1.9831475,2.630857,0.16459724,-0.19065101,37,128
-56.250000000000014,-3.25,1.8065627,2.5337977,0.04058804,-0.31276652,37,129
-56.08333333333334,-3.25,1.7220873,2.5540888,-0.09210504,-0.3661361,37,130
-55.91666666666668,-3.25,1.6248592,2.4908729,-0.21168128,-0.44360283,37,131
-55.750000000000014,-3.25,1.4357802,2.307948,-0.34182563,-0.588726,37,132
-55.58333333333334,-3.25,1.1388817,1.9414849,-0.49121514,-0.81460655,37,133
-55.41666666666668,-3.25,0.82960826,1.6158129,-0.6980571,-1.0299968,37,134
-55.250000000000014,-3.25,1.5645803,2.7481039,-0.89248145,-0.5245503,37,135
-74.58333333333334,-3.416666666666666,3.3186355,-1.9173527,-1.221844,0.39119953,38,19
-73.25000000000001,-3.416666666666666,3.59304,-1.6447268,-0.18963253,0.5055275,38,27
-73.08333333333334,-3.416666666666666,3.7186952,-1.6238555,0.011187028,0.49817172,38,28
-72.91666666666667,-3.416666666666666,3.8008044,-1.7286234,0.27069882,0.46461675,38,29
-72.75000000000001,-3.416666666666666,3.868114,-1.7427232,0.4402101,0.5379826,38,30
-72.58333333333334,-3.416666666666666,3.7494538,-1.852218,0.40338546,0.48784086,38,31
-72.41666666666667,-3.416666666666666,3.71018,-1.8863999,0.3689767,0.43950504,38,32
-72.25000000000001,-3.416666666666666,3.800947,-1.5177772,0.24021526,0.5465732,38,33
-72.08333333333334,-3.416666666666666,3.790547,-1.377779,0.069498055,0.5428643,38,34
-71.91666666666667,-3.416666666666666,3.8311076,-1.2159714,0.0042330567,0.59279287,38,35
-71.75000000000001,-3.416666666666666,3.8181224,-1.2305108,-0.063645095,0.5359233,38,36
-71.58333333333334,-3.416666666666666,3.782241,-1.3075688,0.00033531548,0.482314,38,37
-71.41666666666667,-3.416666666666666,3.8138888,-1.4157435,-0.03167497,0.4154149,38,38
-71.25000000000001,-3.416666666666666,3.9668221,-1.3180212,-0.008680767,0.4659768,38,39
-71.08333333333334,-3.416666666666666,4.0752654,-1.0604781,-0.022094307,0.43295082,38,40
-70.91666666666667,-3.416666666666666,4.2274156,-1.0338893,0.06808903,0.35115898,38,41
-70.75000000000001,-3.416666666666666,4.324697,-0.99408734,0.051858615,0.3674873,38,42
-70.58333333333334,-3.416666666666666,4.398841,-0.82825446,0.0024848313,0.44470948,38,43
-70.41666666666667,-3.416666666666666,4.480897,-0.6953338,-0.10258432,0.5498672,38,44
-70.25000000000001,-3.416666666666666,4.564924,-0.5225146,-0.29254413,0.5840446,38,45
-70.08333333333334,-3.416666666666666,4.4994287,-0.4359997,-0.49820587,0.5525716,38,46
-69.91666666666667,-3.416666666666666,4.4518657,-0.0780347,-0.80621487,0.62032086,38,47
-69.75000000000001,-3.416666666666666,4.408118,0.32678986,-1.1868144,0.6860147,38,48
-69.58333333333334,-3.416666666666666,4.1335316,0.4515054,-1.6115992,0.6162399,38,49
-69.41666666666667,-3.416666666666666,3.8930418,0.54216605,-1.8254821,0.51870143,38,50
-69.25000000000001,-3.416666666666666,3.6627624,0.18356034,-1.7976263,0.30892405,38,51
-69.08333333333334,-3.416666666666666,3.5216281,-0.391414,-1.5500406,0.13251504,38,52
-68.91666666666667,-3.416666666666666,3.3358607,-0.94926155,-1.3282899,-0.057846162,38,53
-68.75000000000001,-3.416666666666666,3.226964,-1.7139946,-1.2113492,0.031576846,38,54
-68.58333333333334,-3.416666666666666,3.1221101,-1.6155697,-1.1559458,-0.39279428,38,55
-68.41666666666667,-3.416666666666666,3.1874526,-1.5176394,-1.0311868,-0.3895627,38,56
-68.25000000000001,-3.416666666666666,3.2327375,-1.3220775,-0.9472316,-0.34591722,38,57
-68.08333333333334,-3.416666666666666,3.1942456,-1.246871,-0.9036292,-0.37576792,38,58
-67.91666666666667,-3.416666666666666,3.1943533,-1.199892,-0.8687071,-0.45399964,38,59
-67.75000000000001,-3.416666666666666,3.2333686,-1.1173213,-0.7529394,-0.4190457,38,60
-67.58333333333334,-3.416666666666666,3.3633137,-1.0425757,-0.66019565,-0.35078883,38,61
-67.41666666666667,-3.416666666666666,3.5784066,-0.8806208,-0.54854393,-0.23457932,38,62
-67.25000000000001,-3.416666666666666,3.5296767,-1.0148598,-0.40071997,-0.27130568,38,63
-67.08333333333334,-3.416666666666666,3.640731,-0.9220948,-0.2519869,-0.198314,38,64
-66.91666666666667,-3.416666666666666,3.6550393,-0.9211646,-0.101076856,-0.22765537,38,65
-66.75000000000001,-3.416666666666666,3.7101698,-0.8310227,0.08056414,-0.2027756,38,66
-66.58333333333334,-3.416666666666666,3.7570415,-0.81783444,0.25133952,-0.18882674,38,67
-66.41666666666667,-3.416666666666666,3.8992028,-0.6555058,0.46144843,-0.12540038,38,68
-66.25000000000001,-3.416666666666666,4.0735793,-0.45509765,0.65732974,-0.025199294,38,69
-66.08333333333334,-3.416666666666666,4.181197,-0.33971974,0.71014905,0.0076026805,38,70
-65.91666666666667,-3.416666666666666,3.9971964,-0.49980143,0.686478,-0.12816305,38,71
-65.75000000000001,-3.416666666666666,4.02991,-0.38791823,0.53143686,-0.13860403,38,72
-65.58333333333334,-3.416666666666666,4.0574155,-0.2948741,0.3272673,-0.15085933,38,73
-65.41666666666667,-3.416666666666666,4.094181,-0.14811544,0.15933383,-0.12007016,38,74
-65.25000000000001,-3.416666666666666,4.097921,-0.03655135,0.0028175735,-0.13008025,38,75
-65.08333333333334,-3.416666666666666,4.1133137,0.14777544,-0.15474127,-0.10486342,38,76
-64.91666666666667,-3.416666666666666,4.210374,0.4689065,-0.43001604,-0.031215696,38,77
-64.75000000000001,-3.416666666666666,4.084814,0.629415,-0.58756864,0.0036607112,38,78
-64.58333333333334,-3.416666666666666,3.9555342,0.67704374,-0.91290855,-0.07261778,38,79
-64.41666666666667,-3.416666666666666,3.943451,0.82848,-1.2507267,-0.1524419,38,80
-64.25000000000001,-3.416666666666666,3.8651998,1.076782,-1.5807505,-0.1768272,38,81
-64.08333333333334,-3.416666666666666,3.563163,0.94478524,-1.8126453,-0.31391883,38,82
-63.91666666666668,-3.416666666666666,3.351952,0.64288133,-1.9745816,-0.18797094,38,83
-63.750000000000014,-3.416666666666666,3.251129,0.6460998,-2.0709283,-0.24518575,38,84
-63.58333333333334,-3.416666666666666,3.2692494,0.59965676,-2.062633,-0.2368876,38,85
-63.41666666666668,-3.416666666666666,3.318296,0.51985323,-1.8871121,-0.25904724,38,86
-63.250000000000014,-3.416666666666666,3.3605497,0.3238181,-1.5343244,-0.28251722,38,87
-63.08333333333334,-3.416666666666666,3.4216979,0.18086864,-1.2370414,-0.3013184,38,88
-62.91666666666668,-3.416666666666666,3.553238,0.19233823,-1.0241529,-0.24839725,38,89
-62.750000000000014,-3.416666666666666,3.7541962,0.28096816,-0.8471845,-0.17244107,38,90
-62.58333333333334,-3.416666666666666,3.7180219,0.05593545,-0.5213069,-0.23277739,38,91
-62.41666666666668,-3.416666666666666,3.6803071,-0.047471717,-0.17841184,-0.25020328,38,92
-62.250000000000014,-3.416666666666666,3.7008765,-0.08003918,-0.040900446,-0.24352136,38,93
-62.08333333333334,-3.416666666666666,3.748383,-0.097456485,0.016864266,-0.2610902,38,94
-61.91666666666668,-3.416666666666666,3.770731,0.05452056,0.049766634,-0.12197006,38,95
-61.750000000000014,-3.416666666666666,3.7985768,0.22480473,0.02567325,-0.09124678,38,96
-61.58333333333334,-3.416666666666666,3.7287507,0.35742384,0.03686439,-0.09077256,38,97
-61.41666666666668,-3.416666666666666,3.5859048,0.8832124,0.10286044,-0.42288268,38,98
-61.250000000000014,-3.416666666666666,3.9605203,1.3649085,0.5686659,-0.7059076,38,99
-61.08333333333334,-3.416666666666666,3.89718,1.7064605,0.2710715,-0.64399517,38,100
-60.91666666666668,-3.416666666666666,3.6495383,1.8820151,-0.26337552,-0.5769975,38,101
-60.750000000000014,-3.416666666666666,3.3585372,2.0132806,-0.6670403,-0.49265593,38,102
-60.58333333333334,-3.416666666666666,3.2672994,2.2344303,-0.8582433,-0.38901922,38,103
-60.41666666666668,-3.416666666666666,3.1337001,2.2646515,-0.8689397,-0.26072925,38,104
-60.250000000000014,-3.416666666666666,3.1736536,2.294949,-0.96250904,-0.189828,38,105
-60.08333333333334,-3.416666666666666,3.1280067,2.2628078,-0.8641135,-0.15655029,38,106
-59.91666666666668,-3.416666666666666,3.1228292,2.2835422,-0.8001251,-0.05457949,38,107
-59.750000000000014,-3.416666666666666,3.1019132,2.1682284,-0.7779842,-0.00069555047,38,108
-59.58333333333334,-3.416666666666666,3.0814636,2.0870159,-0.68473125,0.052628472,38,109
-59.41666666666668,-3.416666666666666,3.1829922,2.2255015,-0.49303907,0.18337394,38,110
-59.250000000000014,-3.416666666666666,3.2780302,2.4954107,-0.31838962,0.30864164,38,111
-59.08333333333334,-3.416666666666666,3.3443487,2.7494295,-0.22865267,0.38224164,38,112
-58.91666666666668,-3.416666666666666,3.3006868,2.760354,-0.16290039,0.2689045,38,113
-58.58333333333334,-3.416666666666666,3.1176107,2.9165149,0.031861894,0.16578427,38,115
-58.41666666666668,-3.416666666666666,3.1155105,3.1041052,0.00054546347,0.1603395,38,116
-58.250000000000014,-3.416666666666666,2.9500687,3.0443306,-0.21325266,0.16491625,38,117
-58.08333333333334,-3.416666666666666,2.8825855,3.076251,-0.6643489,0.26567757,38,118
-57.91666666666668,-3.416666666666666,3.047899,3.2885501,-1.2277535,0.5199961,38,119
-57.750000000000014,-3.416666666666666,3.0474975,3.2117755,-1.737868,0.7667856,38,120
-57.58333333333334,-3.416666666666666,2.9027436,2.9766228,-1.2008417,0.49067542,38,121
-57.41666666666668,-3.416666666666666,2.8292084,2.8027155,-0.4141657,0.26591757,38,122
-57.250000000000014,-3.416666666666666,2.8100793,2.7446244,0.0874974,0.16913894,38,123
-57.08333333333334,-3.416666666666666,2.7362902,2.7185202,0.32450047,0.09675415,38,124
-56.91666666666668,-3.416666666666666,2.6681583,2.8480456,0.38628888,0.13570157,38,125
-56.750000000000014,-3.416666666666666,2.395246,2.7431083,0.3119425,0.021290865,38,126
-56.58333333333334,-3.416666666666666,2.1973,2.7151835,0.21243994,-0.06406003,38,127
-56.41666666666668,-3.416666666666666,2.0916893,2.7784605,0.09382193,-0.10087386,38,128
-56.250000000000014,-3.416666666666666,1.8431389,2.58395,-0.050479133,-0.25372425,38,129
-56.08333333333334,-3.416666666666666,1.5951709,2.32131,-0.18773657,-0.44841617,38,130
-55.91666666666668,-3.416666666666666,1.4785215,2.2195694,-0.30393726,-0.54796207,38,131
-55.750000000000014,-3.416666666666666,1.2870955,2.0232916,-0.40453303,-0.69658214,38,132
-55.58333333333334,-3.416666666666666,0.9507039,1.6382593,-0.5642923,-0.9455984,38,133
-55.41666666666668,-3.416666666666666,1.1243209,2.180416,-0.7117558,-0.7303615,38,134
-55.250000000000014,-3.416666666666666,1.4741968,2.511239,-0.89285994,-0.55060333,38,135
-75.91666666666667,-3.583333333333333,2.5897577,-0.055627253,-2.9748785,0.16862269,39,11
-74.41666666666667,-3.583333333333333,3.3736997,-1.6508808,-1.280156,0.50938725,39,20
-73.08333333333334,-3.583333333333333,3.3601243,-1.498183,-0.29693723,0.44784677,39,28
-72.91666666666667,-3.583333333333333,3.4478612,-1.6440237,0.06784166,0.45101526,39,29
-72.75000000000001,-3.583333333333333,3.5034242,-1.7812105,0.29418844,0.46898568,39,30
-72.58333333333334,-3.583333333333333,3.5601053,-1.695892,0.32112768,0.5119305,39,31
-72.41666666666667,-3.583333333333333,3.6152184,-1.5219994,0.19113943,0.546249,39,32
-72.25000000000001,-3.583333333333333,3.609461,-1.4005938,0.071362875,0.544578,39,33
-72.08333333333334,-3.583333333333333,3.5514853,-1.4371653,0.016794221,0.5013087,39,34
-71.91666666666667,-3.583333333333333,3.6153932,-1.3175597,-0.020463604,0.52769643,39,35
-71.75000000000001,-3.583333333333333,3.7822683,-1.0372134,-0.14725478,0.6055824,39,36
-71.58333333333334,-3.583333333333333,3.8203452,-1.0157506,-0.043728244,0.595977,39,37
-71.41666666666667,-3.583333333333333,3.8135276,-1.1126504,-0.1034577,0.5283353,39,38
-71.25000000000001,-3.583333333333333,3.8196883,-1.2970227,-0.15455346,0.43460894,39,39
-71.08333333333334,-3.583333333333333,3.9139895,-1.1197265,-0.08666685,0.36119437,39,40
-70.91666666666667,-3.583333333333333,4.2144456,-0.8637824,0.081508204,0.4048047,39,41
-70.75000000000001,-3.583333333333333,4.2936573,-0.88231593,0.116751984,0.45463032,39,42
-70.58333333333334,-3.583333333333333,4.4165926,-0.67987025,0.114274696,0.55075645,39,43
-70.41666666666667,-3.583333333333333,4.383452,-0.74347425,0.0055363458,0.5188061,39,44
-70.25000000000001,-3.583333333333333,4.4087844,-0.70498866,-0.1933384,0.5181084,39,45
-70.08333333333334,-3.583333333333333,4.516033,-0.31280068,-0.40478295,0.6540122,39,46
-69.91666666666667,-3.583333333333333,4.4980607,0.11574205,-0.72994655,0.72569585,39,47
-69.75000000000001,-3.583333333333333,4.3612723,0.47991395,-1.192438,0.7465239,39,48
-69.58333333333334,-3.583333333333333,4.164723,0.98754716,-1.7553756,0.7911296,39,49
-69.41666666666667,-3.583333333333333,3.6863925,1.0736942,-2.1772447,0.6012448,39,50
-69.25000000000001,-3.583333333333333,3.4275506,0.5621418,-2.1684747,0.32599372,39,51
-69.08333333333334,-3.583333333333333,3.1614027,-0.26686305,-1.9038451,0.046309024,39,52
-68.91666666666667,-3.583333333333333,3.0353432,-0.72820103,-1.6756244,-0.15456674,39,53
-68.75000000000001,-3.583333333333333,2.8480935,-1.3286022,-1.474488,-0.39902693,39,54
-68.58333333333334,-3.583333333333333,2.92081,-1.7910005,-1.2151545,-0.19088754,39,55
-68.41666666666667,-3.583333333333333,2.9306853,-1.467559,-1.0981481,-0.44335824,39,56
-68.25000000000001,-3.583333333333333,3.0114703,-1.3751532,-0.98129535,-0.42049393,39,57
-68.08333333333334,-3.583333333333333,3.0281432,-1.301261,-0.898182,-0.41123593,39,58
-67.91666666666667,-3.583333333333333,3.1011734,-1.2100078,-0.813344,-0.3985846,39,59
-67.75000000000001,-3.583333333333333,3.1019042,-1.2221892,-0.7049453,-0.44874898,39,60
-67.58333333333334,-3.583333333333333,3.2798848,-0.96420544,-0.5936644,-0.32054025,39,61
-67.41666666666667,-3.583333333333333,3.4224093,-0.81603265,-0.46929213,-0.22611132,39,62
-67.25000000000001,-3.583333333333333,3.4156356,-0.8661072,-0.35152048,-0.21885084,39,63
-67.08333333333334,-3.583333333333333,3.4720502,-0.89041686,-0.19439955,-0.21951438,39,64
-66.91666666666667,-3.583333333333333,3.5272503,-0.85044736,-0.04281592,-0.22979233,39,65
-66.75000000000001,-3.583333333333333,3.579843,-0.8098486,0.1748583,-0.2112526,39,66
-66.58333333333334,-3.583333333333333,3.6363306,-0.7420184,0.3433247,-0.19372031,39,67
-66.41666666666667,-3.583333333333333,3.811313,-0.54367703,0.6143469,-0.093287386,39,68
-66.25000000000001,-3.583333333333333,3.9947882,-0.4255579,0.8627906,-0.01802279,39,69
-66.08333333333334,-3.583333333333333,4.0398207,-0.4554768,0.9879797,-0.04664705,39,70
-65.91666666666667,-3.583333333333333,3.8547733,-0.4336973,0.8108648,-0.13062575,39,71
-65.75000000000001,-3.583333333333333,3.8313508,-0.2852402,0.51259387,-0.16882198,39,72
-65.58333333333334,-3.583333333333333,3.8279593,-0.13019101,0.22742365,-0.16442493,39,73
-65.41666666666667,-3.583333333333333,3.8015127,0.055710074,-0.024120437,-0.16182263,39,74
-65.25000000000001,-3.583333333333333,3.8504703,0.27136943,-0.27746922,-0.12665814,39,75
-65.08333333333334,-3.583333333333333,3.8293178,0.48467305,-0.5088317,-0.11160493,39,76
-64.91666666666667,-3.583333333333333,3.944552,0.73383945,-0.7119474,-0.045666534,39,77
-64.75000000000001,-3.583333333333333,3.6360724,0.6206522,-0.90168715,-0.17484778,39,78
-64.58333333333334,-3.583333333333333,3.5750048,0.77986735,-1.1519661,-0.16998957,39,79
-64.41666666666667,-3.583333333333333,3.4586883,0.9010085,-1.5520033,-0.20989354,39,80
-64.25000000000001,-3.583333333333333,3.4578836,1.1189982,-1.9066721,-0.20352814,39,81
-64.08333333333334,-3.583333333333333,3.378002,1.2856709,-2.2005792,-0.30001095,39,82
-63.91666666666668,-3.583333333333333,3.2045336,1.0115348,-2.3527641,-0.15525691,39,83
-63.750000000000014,-3.583333333333333,3.0777617,0.97994554,-2.3750854,-0.19384228,39,84
-63.58333333333334,-3.583333333333333,3.0613966,0.8361917,-2.243731,-0.20792393,39,85
-63.41666666666668,-3.583333333333333,3.1076856,0.6651661,-2.0536602,-0.23769034,39,86
-63.250000000000014,-3.583333333333333,3.3013642,0.63236964,-1.826502,-0.18744412,39,87
-63.08333333333334,-3.583333333333333,3.3959525,0.47038588,-1.4926716,-0.1953156,39,88
-62.91666666666668,-3.583333333333333,3.5284245,0.43407992,-1.0719707,-0.1709818,39,89
-62.750000000000014,-3.583333333333333,3.679303,0.39137274,-0.78406435,-0.13919036,39,90
-62.58333333333334,-3.583333333333333,3.802344,0.35375902,-0.48886496,-0.11221361,39,91
-62.41666666666668,-3.583333333333333,3.818312,0.19459328,-0.14863028,-0.12342159,39,92
-62.250000000000014,-3.583333333333333,3.7675245,0.036368415,0.10403672,-0.1649707,39,93
-62.08333333333334,-3.583333333333333,3.8318462,0.027470969,0.17673689,-0.1294925,39,94
-61.91666666666668,-3.583333333333333,3.8187172,0.1123641,0.13951926,-0.047070503,39,95
-61.750000000000014,-3.583333333333333,3.8935227,0.33565998,-0.016897859,0.020197371,39,96
-61.58333333333334,-3.583333333333333,3.8754985,0.87704164,-0.22786257,-0.2280014,39,97
-61.41666666666668,-3.583333333333333,4.067322,1.0744994,-0.11986146,-0.5440006,39,98
-61.250000000000014,-3.583333333333333,3.9136453,1.2176102,-0.119022,-0.5698711,39,99
-61.08333333333334,-3.583333333333333,3.7792573,1.485401,-0.21853994,-0.52838564,39,100
-60.91666666666668,-3.583333333333333,3.6159103,1.7745312,-0.48905584,-0.4628261,39,101
-60.750000000000014,-3.583333333333333,3.3770237,1.8948418,-0.6420526,-0.44525456,39,102
-60.58333333333334,-3.583333333333333,3.2818274,2.1182277,-0.8089891,-0.35704386,39,103
-60.41666666666668,-3.583333333333333,3.099301,2.127397,-0.8966961,-0.27330634,39,104
-60.250000000000014,-3.583333333333333,3.0703647,2.2398148,-0.96796864,-0.16896565,39,105
-60.08333333333334,-3.583333333333333,3.1093965,2.2740724,-1.0773658,-0.112155825,39,106
-59.91666666666668,-3.583333333333333,3.0971699,2.2861273,-1.0895687,-0.027556723,39,107
-59.750000000000014,-3.583333333333333,2.9924684,2.159726,-0.9807134,-0.011740834,39,108
-59.58333333333334,-3.583333333333333,3.1029782,2.2265158,-0.9137949,0.073580585,39,109
-59.41666666666668,-3.583333333333333,3.2367966,2.3930914,-0.7546951,0.20703396,39,110
-59.250000000000014,-3.583333333333333,3.2811134,2.5286422,-0.5231274,0.28076217,39,111
-59.08333333333334,-3.583333333333333,3.2867205,2.485967,-0.18217106,0.26567036,39,112
-58.750000000000014,-3.583333333333333,3.2008421,2.635727,-0.04765547,0.189199,39,114
-58.58333333333334,-3.583333333333333,2.9535608,2.626127,0.04556242,0.18036787,39,115
-58.41666666666668,-3.583333333333333,2.8863895,2.6484728,-0.085831545,0.18464871,39,116
-58.250000000000014,-3.583333333333333,2.889582,2.7954376,-0.30892086,0.28343636,39,117
-58.08333333333334,-3.583333333333333,2.994022,3.006143,-0.64415026,0.36676922,39,118
-57.91666666666668,-3.583333333333333,2.9629426,2.9514077,-1.041208,0.42638153,39,119
-57.750000000000014,-3.583333333333333,2.8323615,2.902413,-1.2050722,0.4499906,39,120
-57.58333333333334,-3.583333333333333,2.9232144,2.837888,-0.87219095,0.41434675,39,121
-57.41666666666668,-3.583333333333333,2.8236766,2.6750011,-0.23642543,0.20729561,39,122
-57.250000000000014,-3.583333333333333,2.775341,2.6706805,0.28200176,0.12211876,39,123
-57.08333333333334,-3.583333333333333,2.6351058,2.5682998,0.44442946,0.0015495374,39,124
-56.91666666666668,-3.583333333333333,2.5317366,2.6089962,0.41618145,-0.012531395,39,125
-56.750000000000014,-3.583333333333333,2.2847767,2.5309112,0.2857895,-0.08032888,39,126
-56.58333333333334,-3.583333333333333,2.0391052,2.4008858,0.13477634,-0.20963395,39,127
-56.41666666666668,-3.583333333333333,1.9247259,2.4128351,0.013728207,-0.24447976,39,128
-56.250000000000014,-3.583333333333333,1.7847475,2.3746903,-0.0993218,-0.31832266,39,129
-56.08333333333334,-3.583333333333333,1.4528211,2.04126,-0.2381897,-0.5506937,39,130
-55.91666666666668,-3.583333333333333,1.3717968,1.998283,-0.32168442,-0.62175035,39,131
-55.750000000000014,-3.583333333333333,1.2032194,1.8349849,-0.42419904,-0.75115955,39,132
-55.58333333333334,-3.583333333333333,0.9645412,1.6302514,-0.5673395,-0.91731536,39,133
-55.41666666666668,-3.583333333333333,1.2738321,2.3731418,-0.66043144,-0.57552856,39,134
-77.41666666666667,-3.75,3.4037118,0.31095135,-2.4702756,0.14266367,40,2
-74.08333333333334,-3.75,3.2328556,-1.2969853,-1.2894127,0.55511904,40,22
-73.41666666666667,-3.75,2.8295374,-1.2670349,-1.003088,0.42901134,40,26
-73.25000000000001,-3.75,2.9006422,-1.2458735,-0.839218,0.43470913,40,27
-73.08333333333334,-3.75,2.917025,-1.4768152,-0.58918977,0.34622377,40,28
-72.91666666666667,-3.75,3.0351503,-1.670819,-0.23006071,0.34809825,40,29
-72.75000000000001,-3.75,3.093502,-1.8539585,-0.038533244,0.32404244,40,30
-72.58333333333334,-3.75,3.2089348,-1.7624909,0.040213548,0.37379414,40,31
-72.41666666666667,-3.75,3.3058856,-1.5562832,0.0640857,0.45937303,40,32
-72.25000000000001,-3.75,3.3075073,-1.558271,0.034152117,0.43428716,40,33
-72.08333333333334,-3.75,3.3321967,-1.4556024,-0.07598195,0.44001776,40,34
-71.91666666666667,-3.75,3.384242,-1.4019191,-0.120236844,0.4381798,40,35
-71.75000000000001,-3.75,3.528605,-1.1932919,-0.20203918,0.5011001,40,36
-71.58333333333334,-3.75,3.710504,-0.94797283,-0.26064372,0.5832523,40,37
-71.41666666666667,-3.75,3.8189993,-0.86024517,-0.2749133,0.61289495,40,38
-71.25000000000001,-3.75,3.8794851,-0.9083764,-0.34349394,0.55807215,40,39
-71.08333333333334,-3.75,3.9045534,-0.94812065,-0.21487935,0.39939055,40,40
-70.91666666666667,-3.75,4.0294223,-0.8582982,-0.03950544,0.44835183,40,41
-70.75000000000001,-3.75,4.3433914,-0.5922714,0.1424384,0.56175476,40,42
-70.58333333333334,-3.75,4.4240727,-0.47151008,0.12214749,0.6331015,40,43
-70.41666666666667,-3.75,4.4628677,-0.4579573,0.016684022,0.6448972,40,44
-70.25000000000001,-3.75,4.484352,-0.47006524,-0.09505786,0.66479963,40,45
-70.08333333333334,-3.75,4.4338055,-0.48866475,-0.27046826,0.6340752,40,46
-69.91666666666667,-3.75,4.384718,-0.16845386,-0.5586819,0.6894378,40,47
-69.75000000000001,-3.75,4.3426104,0.44462743,-1.0241318,0.7896262,40,48
-69.58333333333334,-3.75,4.075885,0.8986992,-1.6126899,0.7635118,40,49
-69.41666666666667,-3.75,3.7166798,1.0891013,-2.021112,0.66576946,40,50
-69.25000000000001,-3.75,3.3351974,0.5057948,-2.060098,0.3595147,40,51
-69.08333333333334,-3.75,2.9831235,-0.22181362,-1.96301,0.033354707,40,52
-68.91666666666667,-3.75,2.948786,-0.43771258,-1.7581058,-0.076054625,40,53
-68.75000000000001,-3.75,2.7272258,-1.1431116,-1.5326357,-0.3726943,40,54
-68.58333333333334,-3.75,2.761999,-1.2318949,-1.3179168,-0.39583367,40,55
-68.41666666666667,-3.75,2.7813778,-1.2705263,-1.1581204,-0.40607846,40,56
-68.25000000000001,-3.75,2.8551054,-1.2379093,-0.9871952,-0.40690225,40,57
-68.08333333333334,-3.75,2.9183383,-1.2204812,-0.88097376,-0.39800906,40,58
-67.91666666666667,-3.75,2.9757135,-1.1308365,-0.73515916,-0.3737282,40,59
-67.75000000000001,-3.75,3.0488114,-1.0242062,-0.6510019,-0.3440868,40,60
-67.58333333333334,-3.75,3.2357016,-0.72619766,-0.5288341,-0.18475448,40,61
-67.41666666666667,-3.75,3.264509,-0.70833063,-0.45862922,-0.1765135,40,62
-67.25000000000001,-3.75,3.2928414,-0.760141,-0.3469192,-0.21784522,40,63
-67.08333333333334,-3.75,3.338665,-0.8258028,-0.19724704,-0.25677332,40,64
-66.91666666666667,-3.75,3.3865135,-0.7719796,-0.0156214405,-0.251587,40,65
-66.75000000000001,-3.75,3.441649,-0.7282796,0.17732316,-0.24263065,40,66
-66.58333333333334,-3.75,3.5456054,-0.6182971,0.368185,-0.19177428,40,67
-66.41666666666667,-3.75,3.7082808,-0.4242633,0.60984766,-0.10190401,40,68
-66.25000000000001,-3.75,3.844554,-0.34936395,0.8017237,-0.05602637,40,69
-66.08333333333334,-3.75,3.8069773,-0.3667797,0.8881585,-0.10013264,40,70
-65.91666666666667,-3.75,3.6910155,-0.3253871,0.69250876,-0.1815486,40,71
-65.75000000000001,-3.75,3.6133292,-0.16779536,0.37009412,-0.20575802,40,72
-65.58333333333334,-3.75,3.5783837,0.09484783,0.0920594,-0.18308733,40,73
-65.41666666666667,-3.75,3.545591,0.3112608,-0.22938985,-0.1819591,40,74
-65.25000000000001,-3.75,3.5033238,0.42193517,-0.5034442,-0.20646898,40,75
-65.08333333333334,-3.75,3.5826762,0.80678976,-0.74490666,-0.0892842,40,76
-64.91666666666667,-3.75,3.5067515,0.78936845,-0.95572937,-0.15697673,40,77
-64.75000000000001,-3.75,3.3613186,0.8011357,-1.1714544,-0.19799136,40,78
-64.58333333333334,-3.75,3.2945142,0.950686,-1.4074454,-0.19827068,40,79
-64.41666666666667,-3.75,3.1343222,0.9126015,-1.7139978,-0.2920412,40,80
-64.25000000000001,-3.75,3.0142603,1.0531449,-2.0618021,-0.2997774,40,81
-64.08333333333334,-3.75,2.9941785,1.3356867,-2.4155896,-0.28379217,40,82
-63.91666666666668,-3.75,2.9694078,1.2549932,-2.5509002,-0.080079585,40,83
-63.750000000000014,-3.75,2.9724016,1.3452876,-2.674722,-0.07566153,40,84
-63.58333333333334,-3.75,3.0207255,1.1923923,-2.5779476,-0.12929344,40,85
-63.41666666666668,-3.75,3.0538132,0.8576413,-2.1981437,-0.18255213,40,86
-63.250000000000014,-3.75,3.136252,0.6612417,-1.7727103,-0.18914634,40,87
-63.08333333333334,-3.75,3.2765024,0.53440857,-1.3995974,-0.17075467,40,88
-62.91666666666668,-3.75,3.448522,0.43998668,-1.0199647,-0.1485775,40,89
-62.750000000000014,-3.75,3.479958,0.25286123,-0.72779053,-0.18638897,40,90
-62.58333333333334,-3.75,3.7029223,0.310874,-0.42630875,-0.109002985,40,91
-62.41666666666668,-3.75,3.7814698,0.25497544,-0.23504473,-0.061009817,40,92
-62.250000000000014,-3.75,3.8696938,0.18748343,0.11071673,-0.04507244,40,93
-62.08333333333334,-3.75,3.8895361,0.07311788,0.39724147,-0.055013366,40,94
-61.91666666666668,-3.75,3.898064,0.20794503,0.24872716,0.036387067,40,95
-61.750000000000014,-3.75,4.0086236,0.38395667,-0.096666925,0.09574174,40,96
-61.58333333333334,-3.75,4.1873827,0.95642364,-0.3365074,-0.37571558,40,97
-61.41666666666668,-3.75,4.2231765,1.1929219,-0.5859445,-0.28827032,40,98
-61.250000000000014,-3.75,3.9122567,1.272285,-0.56373423,-0.30239078,40,99
-61.08333333333334,-3.75,3.7062414,1.4155529,-0.57689697,-0.40917856,40,100
-60.91666666666668,-3.75,3.521273,1.6616328,-0.62950414,-0.40231803,40,101
-60.750000000000014,-3.75,3.3628325,1.8644222,-0.7305932,-0.37787232,40,102
-60.58333333333334,-3.75,3.2427902,2.0438886,-0.86235815,-0.3028495,40,103
-60.41666666666668,-3.75,3.2024217,2.183239,-0.9949383,-0.21380936,40,104
-60.250000000000014,-3.75,3.0986629,2.2518363,-1.0825876,-0.15499884,40,105
-60.08333333333334,-3.75,2.9641743,2.129692,-1.2131207,-0.17188706,40,106
-59.91666666666668,-3.75,3.0089896,2.2344747,-1.3014121,-0.07094336,40,107
-59.750000000000014,-3.75,3.0747392,2.3190265,-1.2960324,0.031489614,40,108
-59.58333333333334,-3.75,3.1870599,2.4791539,-1.2095784,0.15103742,40,109
-59.41666666666668,-3.75,3.162959,2.3677595,-1.0151373,0.14878158,40,110
-59.250000000000014,-3.75,3.1413412,2.3868263,-0.6864533,0.1781637,40,111
-59.08333333333334,-3.75,3.316839,2.4870455,-0.3198697,0.24713005,40,112
-58.91666666666668,-3.75,3.2121506,2.4635205,-0.14834912,0.19742946,40,113
-58.750000000000014,-3.75,3.04396,2.442599,-0.09282013,0.16083439,40,114
-58.58333333333334,-3.75,2.9914777,2.5517406,-0.06801777,0.18700275,40,115
-58.41666666666668,-3.75,3.0121763,2.7209666,-0.07407563,0.2799687,40,116
-58.250000000000014,-3.75,2.9458046,2.6595926,-0.17896478,0.2954503,40,117
-58.08333333333334,-3.75,2.8791249,2.6982672,-0.35854033,0.35332257,40,118
-57.91666666666668,-3.75,2.9310727,2.8004987,-0.5451619,0.46157974,40,119
-57.750000000000014,-3.75,2.7887125,2.6839607,-0.5186731,0.40054792,40,120
-57.58333333333334,-3.75,2.787708,2.613388,-0.27791956,0.30652222,40,121
-57.41666666666668,-3.75,2.8992045,2.6659276,0.17546411,0.16407825,40,122
-57.250000000000014,-3.75,2.835765,2.5743027,0.7523556,0.040311735,40,123
-57.08333333333334,-3.75,2.6743038,2.510438,0.7930053,-0.051816855,40,124
-56.91666666666668,-3.75,2.412426,2.3402483,0.4915771,-0.1568496,40,125
-56.750000000000014,-3.75,2.2196584,2.3207285,0.27445436,-0.18944068,40,126
-56.58333333333334,-3.75,1.9869432,2.1720324,0.09851277,-0.29119962,40,127
-56.41666666666668,-3.75,1.899664,2.2797852,-0.031188082,-0.28289744,40,128
-56.250000000000014,-3.75,1.7267891,2.2368062,-0.1588329,-0.35728857,40,129
-56.08333333333334,-3.75,1.3775703,1.8572553,-0.30051297,-0.60557073,40,130
-55.91666666666668,-3.75,1.2580179,1.73605,-0.37504816,-0.70532525,40,131
-55.750000000000014,-3.75,1.1010066,1.635108,-0.42813444,-0.80250406,40,132
-55.58333333333334,-3.75,1.135869,1.8981634,-0.4909953,-0.60133225,40,133
-76.58333333333334,-3.916666666666666,3.227414,0.9848041,-3.1543639,0.19580466,41,7
-73.25000000000001,-3.916666666666666,2.729575,-0.96152574,-1.1233907,0.4602656,41,27
-73.08333333333334,-3.916666666666666,2.6511517,-1.400514,-0.8427475,0.28537574,41,28
-72.91666666666667,-3.916666666666666,2.7859693,-1.4818758,-0.5109458,0.33933955,41,29
-72.75000000000001,-3.916666666666666,2.8341587,-1.6380906,-0.31008616,0.31278387,41,30
-72.58333333333334,-3.916666666666666,3.0177011,-1.5347733,-0.18278232,0.45237058,41,31
-72.41666666666667,-3.916666666666666,3.1529996,-1.4336404,-0.14749692,0.5153707,41,32
-72.25000000000001,-3.916666666666666,3.1388369,-1.5251045,-0.13409004,0.44662058,41,33
-72.08333333333334,-3.916666666666666,3.1773872,-1.4135103,-0.19486937,0.47766268,41,34
-71.91666666666667,-3.916666666666666,3.2929013,-1.2867811,-0.22600566,0.45516396,41,35
-71.75000000000001,-3.916666666666666,3.409607,-1.1440681,-0.28509387,0.50286615,41,36
-71.58333333333334,-3.916666666666666,3.464365,-1.0753406,-0.39736062,0.47706422,41,37
-71.41666666666667,-3.916666666666666,3.6069784,-0.89147955,-0.42192242,0.5484876,41,38
-71.25000000000001,-3.916666666666666,3.7824323,-0.74826235,-0.5436943,0.59509104,41,39
-71.08333333333334,-3.916666666666666,3.8661077,-0.63116705,-0.5188202,0.48658523,41,40
-70.91666666666667,-3.916666666666666,3.9669552,-0.5915198,-0.38514856,0.5161667,41,41
-70.75000000000001,-3.916666666666666,4.1460233,-0.5484904,-0.12963699,0.51298046,41,42
-70.58333333333334,-3.916666666666666,4.2581005,-0.44419077,-0.07356494,0.5978041,41,43
-70.41666666666667,-3.916666666666666,4.404914,-0.29211113,-0.06978936,0.7321314,41,44
-70.25000000000001,-3.916666666666666,4.4682903,-0.26644337,-0.09973105,0.8025634,41,45
-70.08333333333334,-3.916666666666666,4.37382,-0.60353506,-0.08390351,0.69285226,41,46
-69.91666666666667,-3.916666666666666,4.378114,-0.4081907,-0.28953564,0.73746735,41,47
-69.75000000000001,-3.916666666666666,4.219303,0.14307389,-0.77538705,0.7644803,41,48
-69.58333333333334,-3.916666666666666,3.937607,0.5674664,-1.3627132,0.6868995,41,49
-69.41666666666667,-3.916666666666666,3.6475492,0.8086006,-1.7945553,0.5954743,41,50
-69.25000000000001,-3.916666666666666,3.3249235,0.50230134,-1.8814794,0.3592373,41,51
-69.08333333333334,-3.916666666666666,2.8647678,-0.23021933,-1.8710383,-0.0070118536,41,52
-68.91666666666667,-3.916666666666666,2.8985615,-0.3072821,-1.6636341,-0.0070556253,41,53
-68.75000000000001,-3.916666666666666,2.6721098,-0.941545,-1.4686472,-0.29546964,41,54
-68.58333333333334,-3.916666666666666,2.5982132,-1.1347555,-1.3192807,-0.39048207,41,55
-68.41666666666667,-3.916666666666666,2.7191057,-1.0459535,-1.1042624,-0.331478,41,56
-68.25000000000001,-3.916666666666666,2.8307362,-1.0101037,-0.9151127,-0.29923257,41,57
-68.08333333333334,-3.916666666666666,2.8909516,-0.9987478,-0.77840835,-0.29378614,41,58
-67.91666666666667,-3.916666666666666,2.8954558,-1.0103381,-0.6844746,-0.3035515,41,59
-67.75000000000001,-3.916666666666666,3.0738025,-0.73224926,-0.5933964,-0.19162588,41,60
-67.58333333333334,-3.916666666666666,3.1626103,-0.57297003,-0.4902777,-0.13086599,41,61
-67.41666666666667,-3.916666666666666,3.111995,-0.673315,-0.40887064,-0.19921128,41,62
-67.25000000000001,-3.916666666666666,3.1557047,-0.6471659,-0.30748817,-0.20646675,41,63
-67.08333333333334,-3.916666666666666,3.2034667,-0.68481016,-0.22668658,-0.2504833,41,64
-66.91666666666667,-3.916666666666666,3.1980174,-0.67699003,-0.024077985,-0.25633147,41,65
-66.75000000000001,-3.916666666666666,3.2933743,-0.61844677,0.122831754,-0.25745165,41,66
-66.58333333333334,-3.916666666666666,3.3869812,-0.5039355,0.30858532,-0.21598518,41,67
-66.41666666666667,-3.916666666666666,3.5896754,-0.18375213,0.46512932,-0.068463795,41,68
-66.25000000000001,-3.916666666666666,3.5531218,-0.29441258,0.56530887,-0.16368656,41,69
-66.08333333333334,-3.916666666666666,3.5294993,-0.21519122,0.58477217,-0.16035609,41,70
-65.91666666666667,-3.916666666666666,3.4401913,-0.19300166,0.41425583,-0.23411335,41,71
-65.75000000000001,-3.916666666666666,3.3558202,0.019472806,0.14611977,-0.24496014,41,72
-65.58333333333334,-3.916666666666666,3.30982,0.26712555,-0.13743713,-0.21371403,41,73
-65.41666666666667,-3.916666666666666,3.2748332,0.44052634,-0.4664815,-0.24766326,41,74
-65.25000000000001,-3.916666666666666,3.22764,0.6853215,-0.75144076,-0.22412544,41,75
-65.08333333333334,-3.916666666666666,3.2908578,0.95671076,-0.9697019,-0.14966379,41,76
-64.91666666666667,-3.916666666666666,3.1699245,0.898809,-1.1551504,-0.22195691,41,77
-64.75000000000001,-3.916666666666666,3.111979,0.92562324,-1.3749402,-0.23531128,41,78
-64.58333333333334,-3.916666666666666,3.003276,0.9455494,-1.5550609,-0.2692264,41,79
-64.41666666666667,-3.916666666666666,2.9294648,1.0060836,-1.8190194,-0.2973027,41,80
-64.25000000000001,-3.916666666666666,2.8375642,1.1473262,-2.1007528,-0.2998349,41,81
-64.08333333333334,-3.916666666666666,2.64517,1.2234952,-2.4047587,-0.38172892,41,82
-63.91666666666668,-3.916666666666666,2.579984,1.1696051,-2.5538034,-0.13020208,41,83
-63.750000000000014,-3.916666666666666,2.5225365,1.1976767,-2.7217457,-0.16604167,41,84
-63.58333333333334,-3.916666666666666,2.5766861,0.9848307,-2.6071718,-0.21897265,41,85
-63.41666666666668,-3.916666666666666,2.847184,0.85738856,-2.2906146,-0.18467335,41,86
-63.250000000000014,-3.916666666666666,3.050189,0.6813785,-1.8859859,-0.16928567,41,87
-63.08333333333334,-3.916666666666666,3.1909444,0.53400344,-1.4169118,-0.13875438,41,88
-62.91666666666668,-3.916666666666666,3.285496,0.3911652,-1.0927526,-0.14813286,41,89
-62.750000000000014,-3.916666666666666,3.4308345,0.31341484,-0.8275539,-0.120533116,41,90
-62.58333333333334,-3.916666666666666,3.5867033,0.30842566,-0.54680383,-0.06688983,41,91
-62.41666666666668,-3.916666666666666,3.7197013,0.3307649,-0.15635256,-0.038206212,41,92
-62.250000000000014,-3.916666666666666,3.8729324,0.31606627,0.12868814,0.014457369,41,93
-62.08333333333334,-3.916666666666666,3.994501,0.3620801,0.29642254,0.1300276,41,94
-61.91666666666668,-3.916666666666666,3.9763737,0.3659721,0.049707238,0.14045568,41,95
-61.750000000000014,-3.916666666666666,4.0169864,0.512024,-0.33784348,0.17612165,41,96
-61.58333333333334,-3.916666666666666,4.2247853,1.0492237,-0.51424646,-0.30637887,41,97
-61.41666666666668,-3.916666666666666,4.1691594,1.1791682,-0.93311536,-0.17652658,41,98
-61.250000000000014,-3.916666666666666,3.8120394,1.1647668,-0.8683014,-0.25958544,41,99
-61.08333333333334,-3.916666666666666,3.6349375,1.3737367,-0.7553598,-0.28096673,41,100
-60.91666666666668,-3.916666666666666,3.4950774,1.5955309,-0.7618393,-0.2986023,41,101
-60.750000000000014,-3.916666666666666,3.331073,1.7982079,-0.81444216,-0.308196,41,102
-60.58333333333334,-3.916666666666666,3.2111976,1.9141575,-0.893641,-0.27345514,41,103
-60.41666666666668,-3.916666666666666,3.1243122,2.0921721,-1.0368906,-0.1916901,41,104
-60.250000000000014,-3.916666666666666,3.0266187,2.1065936,-1.1899463,-0.17617655,41,105
-60.08333333333334,-3.916666666666666,2.9869401,2.1773722,-1.3646518,-0.12201379,41,106
-59.91666666666668,-3.916666666666666,3.0922961,2.3512163,-1.4832842,0.00688798,41,107
-59.750000000000014,-3.916666666666666,3.08711,2.4206026,-1.4967107,0.092457786,41,108
-59.58333333333334,-3.916666666666666,3.059169,2.3443842,-1.4341334,0.09075325,41,109
-59.41666666666668,-3.916666666666666,3.0253155,2.3206162,-1.2359416,0.09111024,41,110
-59.250000000000014,-3.916666666666666,3.13491,2.4748778,-0.98889583,0.17365745,41,111
-59.08333333333334,-3.916666666666666,3.2210538,2.527636,-0.70056045,0.21512508,41,112
-58.91666666666668,-3.916666666666666,3.1913419,2.5454926,-0.42114133,0.23763643,41,113
-58.750000000000014,-3.916666666666666,3.1389964,2.4994743,-0.22583877,0.23633191,41,114
-58.58333333333334,-3.916666666666666,3.0307925,2.535722,-0.062998794,0.217568,41,115
-58.41666666666668,-3.916666666666666,3.0380068,2.6215377,0.019157823,0.27711406,41,116
-58.250000000000014,-3.916666666666666,2.9321783,2.5412853,0.05090405,0.25361055,41,117
-58.08333333333334,-3.916666666666666,2.9014208,2.6001477,0.01609316,0.30167636,41,118
-57.91666666666668,-3.916666666666666,2.890468,2.7257159,-0.017301295,0.3705775,41,119
-57.750000000000014,-3.916666666666666,2.7892907,2.596874,0.08520766,0.3093572,41,120
-57.58333333333334,-3.916666666666666,2.7885835,2.490817,0.28226015,0.22442448,41,121
-57.41666666666668,-3.916666666666666,2.7293036,2.4138749,0.6276959,0.09768237,41,122
-57.250000000000014,-3.916666666666666,2.7320087,2.3656595,0.89745146,-0.084290236,41,123
-57.08333333333334,-3.916666666666666,2.600206,2.317745,0.85467964,-0.13778754,41,124
-56.91666666666668,-3.916666666666666,2.3490748,2.1887908,0.5161616,-0.22263922,41,125
-56.750000000000014,-3.916666666666666,2.118954,2.0727208,0.2583284,-0.29200158,41,126
-56.58333333333334,-3.916666666666666,1.9033154,2.019779,0.058596373,-0.22181346,41,127
-56.41666666666668,-3.916666666666666,1.711659,1.9187686,-0.12169633,-0.31436056,41,128
-56.250000000000014,-3.916666666666666,1.5782738,1.9630889,-0.24416025,-0.3408084,41,129
-56.08333333333334,-3.916666666666666,1.2549745,1.668684,-0.27185023,-0.50091183,41,130
-55.91666666666668,-3.916666666666666,1.0157441,1.4926322,-0.31949484,-0.6457473,41,131
-55.750000000000014,-3.916666666666666,1.0708973,1.7511783,-0.30929536,-0.56660753,41,132
-55.58333333333334,-3.916666666666666,1.4795972,2.5298836,-0.38673192,-0.22982702,41,133
-76.75000000000001,-4.083333333333333,3.4643736,1.0175915,-2.956277,0.40370324,42,6
-76.58333333333334,-4.083333333333333,3.4038153,1.2053972,-2.9744818,0.3374654,42,7
-75.08333333333334,-4.083333333333333,2.5757773,-0.33885217,-2.0439649,0.43422505,42,16
-74.41666666666667,-4.083333333333333,2.937119,-0.48822004,-1.6992956,0.7220163,42,20
-73.41666666666667,-4.083333333333333,2.6632211,-0.5758945,-1.4417859,0.584266,42,26
-73.25000000000001,-4.083333333333333,2.6602092,-0.67712104,-1.2638181,0.554358,42,27
-73.08333333333334,-4.083333333333333,2.6352224,-1.0676913,-1.0504377,0.42088932,42,28
-72.91666666666667,-4.083333333333333,2.66068,-1.2704077,-0.73553276,0.4216487,42,29
-72.75000000000001,-4.083333333333333,2.711523,-1.4097368,-0.50971794,0.40537015,42,30
-72.58333333333334,-4.083333333333333,2.812845,-1.4550908,-0.34633026,0.42038965,42,31
-72.41666666666667,-4.083333333333333,2.9334347,-1.3981559,-0.2765421,0.46548143,42,32
-72.25000000000001,-4.083333333333333,3.0257668,-1.3530499,-0.27782637,0.48720184,42,33
-72.08333333333334,-4.083333333333333,3.0789163,-1.32606,-0.28796282,0.48664746,42,34
-71.91666666666667,-4.083333333333333,3.1363058,-1.2832394,-0.36559448,0.4579573,42,35
-71.75000000000001,-4.083333333333333,3.1788998,-1.2425412,-0.46025535,0.38709977,42,36
-71.58333333333334,-4.083333333333333,3.2897034,-1.1143862,-0.5589484,0.40955967,42,37
-71.41666666666667,-4.083333333333333,3.419307,-0.98546463,-0.64279974,0.4600535,42,38
-71.25000000000001,-4.083333333333333,3.5020778,-0.9528364,-0.7603929,0.4293919,42,39
-71.08333333333334,-4.083333333333333,3.5786114,-0.8751623,-0.79376775,0.46715283,42,40
-70.91666666666667,-4.083333333333333,3.630676,-0.7096294,-0.81236494,0.39769772,42,41
-70.75000000000001,-4.083333333333333,3.7774253,-0.59260267,-0.6543022,0.4905531,42,42
-70.58333333333334,-4.083333333333333,3.969825,-0.49240124,-0.44907692,0.5310804,42,43
-70.41666666666667,-4.083333333333333,4.036418,-0.4677206,-0.34267762,0.61602235,42,44
-70.25000000000001,-4.083333333333333,4.174797,-0.3084497,-0.19108292,0.77870303,42,45
-70.08333333333334,-4.083333333333333,4.2260776,-0.5930727,-0.041626792,0.8428016,42,46
-69.91666666666667,-4.083333333333333,4.2894945,-0.6608057,0.07792222,0.80362993,42,47
-69.75000000000001,-4.083333333333333,3.9954436,-0.08697383,-0.57461417,0.71975213,42,48
-69.58333333333334,-4.083333333333333,3.7244155,0.38579324,-1.1596055,0.660827,42,49
-69.41666666666667,-4.083333333333333,3.4558208,0.50065833,-1.563929,0.51213956,42,50
-69.25000000000001,-4.083333333333333,3.152702,0.1809203,-1.6410513,0.2774698,42,51
-69.08333333333334,-4.083333333333333,2.9199598,-0.053574827,-1.6366938,0.12690857,42,52
-68.91666666666667,-4.083333333333333,2.752,-0.48341417,-1.5159702,-0.086317174,42,53
-68.75000000000001,-4.083333333333333,2.6120179,-0.8814483,-1.348213,-0.27890962,42,54
-68.58333333333334,-4.083333333333333,2.579167,-0.98551035,-1.2013543,-0.322243,42,55
-68.41666666666667,-4.083333333333333,2.6752827,-0.96444964,-1.0020919,-0.2978511,42,56
-68.25000000000001,-4.083333333333333,2.6934047,-1.0415466,-0.8435987,-0.31594416,42,57
-68.08333333333334,-4.083333333333333,2.7561831,-1.0081793,-0.7074967,-0.30904105,42,58
-67.91666666666667,-4.083333333333333,2.8143625,-0.8424446,-0.6108549,-0.16518503,42,59
-67.75000000000001,-4.083333333333333,2.8733323,-0.80591446,-0.517544,-0.16043335,42,60
-67.58333333333334,-4.083333333333333,2.9656527,-0.67832875,-0.4674679,-0.20740607,42,61
-67.41666666666667,-4.083333333333333,2.9910023,-0.538239,-0.37607303,-0.16087054,42,62
-67.25000000000001,-4.083333333333333,2.972796,-0.550334,-0.29406768,-0.18881935,42,63
-67.08333333333334,-4.083333333333333,3.060078,-0.4790852,-0.23994835,-0.1930489,42,64
-66.91666666666667,-4.083333333333333,3.0266514,-0.557646,-0.102578774,-0.26986304,42,65
-66.75000000000001,-4.083333333333333,2.99852,-0.5119349,-0.03269641,-0.18191366,42,66
-66.58333333333334,-4.083333333333333,3.2082133,-0.30946645,0.18665859,-0.20145686,42,67
-66.41666666666667,-4.083333333333333,3.4169562,-0.02778972,0.2688479,-0.10814023,42,68
-66.25000000000001,-4.083333333333333,3.2679749,-0.16853957,0.3747511,-0.1939537,42,69
-66.08333333333334,-4.083333333333333,3.264689,-0.09327889,0.3399261,-0.21828726,42,70
-65.91666666666667,-4.083333333333333,3.2007024,-0.020921335,0.16785492,-0.27433783,42,71
-65.75000000000001,-4.083333333333333,3.1150882,0.19256054,-0.07393113,-0.27192926,42,72
-65.58333333333334,-4.083333333333333,3.1032474,0.43251672,-0.3725718,-0.27240172,42,73
-65.41666666666667,-4.083333333333333,3.0331302,0.6449153,-0.7007119,-0.27591246,42,74
-65.25000000000001,-4.083333333333333,2.9299085,0.78839517,-1.0125086,-0.3129662,42,75
-65.08333333333334,-4.083333333333333,3.0241308,1.1085452,-1.1957138,-0.20305873,42,76
-64.91666666666667,-4.083333333333333,2.8995662,0.9430439,-1.3211817,-0.28782967,42,77
-64.75000000000001,-4.083333333333333,2.8806305,0.9705716,-1.4385751,-0.30417588,42,78
-64.58333333333334,-4.083333333333333,2.821476,1.0010278,-1.564612,-0.29244983,42,79
-64.41666666666667,-4.083333333333333,2.770511,1.0696623,-1.7651386,-0.27555123,42,80
-64.25000000000001,-4.083333333333333,2.683218,1.1349298,-1.9789407,-0.30662414,42,81
-64.08333333333334,-4.083333333333333,2.530937,1.2278283,-2.2340465,-0.34633532,42,82
-63.91666666666668,-4.083333333333333,2.5414836,1.1298633,-2.37694,-0.09362021,42,83
-63.750000000000014,-4.083333333333333,2.5595086,1.1567351,-2.4731667,-0.11658622,42,84
-63.58333333333334,-4.083333333333333,2.6768773,1.062678,-2.5063376,-0.17219093,42,85
-63.41666666666668,-4.083333333333333,2.9474568,1.0498089,-2.2377472,-0.0695562,42,86
-63.250000000000014,-4.083333333333333,3.1014626,0.82161725,-1.838603,-0.0827044,42,87
-63.08333333333334,-4.083333333333333,3.1563423,0.63765776,-1.4290364,-0.055840097,42,88
-62.91666666666668,-4.083333333333333,3.1748385,0.37796506,-1.0476847,-0.13242793,42,89
-62.750000000000014,-4.083333333333333,3.218118,0.2540485,-0.6709088,-0.1310507,42,90
-62.58333333333334,-4.083333333333333,3.3738,0.27290377,-0.43362615,-0.09617076,42,91
-62.41666666666668,-4.083333333333333,3.5870252,0.38097194,-0.22251832,-0.02341884,42,92
-62.250000000000014,-4.083333333333333,3.7931871,0.43457198,-0.019632695,0.04425206,42,93
-62.08333333333334,-4.083333333333333,3.9616423,0.5557386,0.038023442,0.13020916,42,94
-61.91666666666668,-4.083333333333333,4.0148573,0.6375718,-0.09094208,0.21599106,42,95
-61.750000000000014,-4.083333333333333,4.3242717,0.85105693,-0.17429376,0.031214513,42,96
-61.58333333333334,-4.083333333333333,4.1442776,1.2192297,-0.5669429,-0.2293614,42,97
-61.41666666666668,-4.083333333333333,3.860987,1.0971261,-0.7653961,-0.2521018,42,98
-61.250000000000014,-4.083333333333333,3.758202,1.2562171,-0.82586795,-0.23329231,42,99
-61.08333333333334,-4.083333333333333,3.6772568,1.451931,-0.8194805,-0.22634394,42,100
-60.91666666666668,-4.083333333333333,3.5595777,1.6922089,-0.794733,-0.2061777,42,101
-60.750000000000014,-4.083333333333333,3.3823292,1.7910194,-0.8187435,-0.25469354,42,102
-60.58333333333334,-4.083333333333333,3.2773452,1.9461732,-0.91114736,-0.21242669,42,103
-60.41666666666668,-4.083333333333333,3.19462,2.0759742,-1.0628694,-0.16724539,42,104
-60.250000000000014,-4.083333333333333,3.1127715,2.151782,-1.2692583,-0.12047124,42,105
-60.08333333333334,-4.083333333333333,3.0307508,2.2633214,-1.4846264,-0.051589318,42,106
-59.91666666666668,-4.083333333333333,3.0748,2.3785837,-1.6668117,0.039550435,42,107
-59.750000000000014,-4.083333333333333,3.0059617,2.3403656,-1.7355739,0.080454335,42,108
-59.58333333333334,-4.083333333333333,2.9358516,2.3299036,-1.7002015,0.10075813,42,109
-59.41666666666668,-4.083333333333333,3.0352852,2.4418807,-1.5488826,0.16547564,42,110
-59.250000000000014,-4.083333333333333,3.0691397,2.4312837,-1.2369018,0.15447685,42,111
-59.08333333333334,-4.083333333333333,3.094917,2.4404774,-0.9898283,0.16859874,42,112
-58.91666666666668,-4.083333333333333,3.1023793,2.5589843,-0.59571,0.24542749,42,113
-58.750000000000014,-4.083333333333333,3.095961,2.5171373,-0.30665594,0.24757376,42,114
-58.58333333333334,-4.083333333333333,2.9833736,2.4310997,0.055361394,0.19062392,42,115
-58.41666666666668,-4.083333333333333,3.034047,2.5511713,0.276017,0.254694,42,116
-58.250000000000014,-4.083333333333333,2.9746397,2.5083747,0.4409024,0.23562825,42,117
-58.08333333333334,-4.083333333333333,2.9088256,2.4984715,0.4798012,0.23837328,42,118
-57.91666666666668,-4.083333333333333,2.8758383,2.5228736,0.4271863,0.25966516,42,119
-57.750000000000014,-4.083333333333333,2.6944654,2.3753047,0.4442674,0.16892348,42,120
-57.58333333333334,-4.083333333333333,2.8371096,2.5214314,0.5151543,0.21756935,42,121
-57.41666666666668,-4.083333333333333,2.6274538,2.2404993,0.68634516,0.01039437,42,122
-57.250000000000014,-4.083333333333333,2.5278187,2.1142817,0.7119303,-0.08996559,42,123
-57.08333333333334,-4.083333333333333,2.4844608,2.2004008,0.6588324,-0.07309879,42,124
-56.91666666666668,-4.083333333333333,2.2609227,2.060902,0.48205912,-0.13987245,42,125
-56.750000000000014,-4.083333333333333,1.9834672,1.8510853,0.22749884,-0.2686323,42,126
-56.58333333333334,-4.083333333333333,1.8360391,1.8235618,0.012830105,-0.28355926,42,127
-56.41666666666668,-4.083333333333333,1.6243775,1.6855787,-0.1913256,-0.38318053,42,128
-56.250000000000014,-4.083333333333333,1.4527974,1.7260758,-0.26594454,-0.40017182,42,129
-56.08333333333334,-4.083333333333333,1.5274522,2.3028607,-0.19625649,-0.13474914,42,130
-55.91666666666668,-4.083333333333333,1.5446241,2.5786245,-0.10862451,-0.027155237,42,131
-55.750000000000014,-4.083333333333333,1.649889,2.675063,-0.27937987,-0.06944468,42,132
-77.41666666666667,-4.25,3.6140037,0.796389,-2.5202289,0.20012581,43,2
-76.58333333333334,-4.25,3.4751852,1.2758816,-2.8104503,0.40278932,43,7
-74.25000000000001,-4.25,2.8778203,-0.11288029,-1.6960142,0.7640686,43,21
-73.58333333333334,-4.25,2.573412,-0.24604043,-1.7575788,0.62544906,43,25
-73.41666666666667,-4.25,2.5717366,-0.2816755,-1.6354698,0.5975363,43,26
-73.25000000000001,-4.25,2.6341062,-0.44785473,-1.4301137,0.574318,43,27
-73.08333333333334,-4.25,2.4932268,-1.0214244,-1.128255,0.38928285,43,28
-72.91666666666667,-4.25,2.5578773,-1.1255157,-0.8585702,0.41649988,43,29
-72.75000000000001,-4.25,2.5877073,-1.2907138,-0.6334872,0.39720592,43,30
-72.58333333333334,-4.25,2.585677,-1.4113632,-0.49521518,0.3755645,43,31
-72.41666666666667,-4.25,2.7073603,-1.38095,-0.41817507,0.42344767,43,32
-72.25000000000001,-4.25,2.8574007,-1.2927831,-0.37869343,0.46804208,43,33
-72.08333333333334,-4.25,2.9787796,-1.1596798,-0.40410772,0.5244218,43,34
-71.91666666666667,-4.25,3.023386,-1.1594571,-0.47280654,0.49309328,43,35
-71.75000000000001,-4.25,3.061947,-1.1313479,-0.56876713,0.46604264,43,36
-71.58333333333334,-4.25,3.0880241,-1.1874177,-0.7184541,0.33630946,43,37
-71.41666666666667,-4.25,3.2128859,-1.0316732,-0.8297133,0.38244155,43,38
-71.25000000000001,-4.25,3.3134181,-0.92346036,-0.98128474,0.38901883,43,39
-71.08333333333334,-4.25,3.4326403,-0.7156144,-1.0833519,0.46014467,43,40
-70.91666666666667,-4.25,3.5533924,-0.5423462,-1.1652163,0.54747456,43,41
-70.75000000000001,-4.25,3.6014345,-0.39160654,-1.0837463,0.52106607,43,42
-70.58333333333334,-4.25,3.592917,-0.44831067,-0.93601453,0.57467216,43,43
-70.41666666666667,-4.25,3.634523,-0.39166245,-0.79291046,0.64978325,43,44
-70.25000000000001,-4.25,3.6900294,-0.17082651,-0.6729547,0.7937077,43,45
-70.08333333333334,-4.25,3.6955504,-0.27053756,-0.55151147,0.8788068,43,46
-69.91666666666667,-4.25,3.8269408,-0.29019234,-0.31694806,0.75781363,43,47
-69.75000000000001,-4.25,3.5687249,0.049510747,-0.7841826,0.63557786,43,48
-69.58333333333334,-4.25,3.4422553,0.26948175,-1.178314,0.5221677,43,49
-69.41666666666667,-4.25,3.2075224,0.16902088,-1.3545915,0.37827417,43,50
-69.25000000000001,-4.25,2.9907408,0.016976079,-1.4225389,0.25036058,43,51
-69.08333333333334,-4.25,2.8402407,-0.1769805,-1.3889405,0.10796596,43,52
-68.91666666666667,-4.25,2.5897284,-0.69448495,-1.3006824,-0.16936378,43,53
-68.75000000000001,-4.25,2.524503,-0.8195175,-1.1688241,-0.23255008,43,54
-68.58333333333334,-4.25,2.5456793,-0.86839426,-1.0177805,-0.24809654,43,55
-68.41666666666667,-4.25,2.5948837,-0.89673615,-0.8706818,-0.24324667,43,56
-68.25000000000001,-4.25,2.5951753,-1.0229207,-0.7449379,-0.30616456,43,57
-68.08333333333334,-4.25,2.5476844,-1.0908351,-0.61796093,-0.27709037,43,58
-67.91666666666667,-4.25,2.7039678,-0.78607273,-0.5235764,-0.14034493,43,59
-67.75000000000001,-4.25,2.7169304,-0.79934824,-0.46827736,-0.17337525,43,60
-67.58333333333334,-4.25,2.7149224,-0.79781306,-0.44214293,-0.20820257,43,61
-67.41666666666667,-4.25,2.807144,-0.45281407,-0.41994634,-0.06335863,43,62
-67.25000000000001,-4.25,2.7811847,-0.46828905,-0.35997698,-0.09110916,43,63
-67.08333333333334,-4.25,2.813251,-0.42514858,-0.337253,-0.11799971,43,64
-66.91666666666667,-4.25,2.831572,-0.3848115,-0.23826176,-0.123195276,43,65
-66.75000000000001,-4.25,2.8201926,-0.39550743,-0.13363543,-0.17481694,43,66
-66.58333333333334,-4.25,3.0605729,-0.046060313,0.028473109,-0.15026152,43,67
-66.41666666666667,-4.25,3.1271605,-0.016649606,0.12870316,-0.17330125,43,68
-66.25000000000001,-4.25,3.0499175,-0.05799276,0.17501038,-0.23637994,43,69
-66.08333333333334,-4.25,2.990822,0.01633153,0.12858476,-0.26660654,43,70
-65.91666666666667,-4.25,2.9655213,0.111722484,-0.025006706,-0.30814105,43,71
-65.75000000000001,-4.25,2.899334,0.32321286,-0.24651624,-0.29938617,43,72
-65.58333333333334,-4.25,2.8613267,0.5284585,-0.5189695,-0.30172524,43,73
-65.41666666666667,-4.25,2.7787466,0.74060386,-0.8695253,-0.32808,43,74
-65.25000000000001,-4.25,2.752429,1.1326158,-1.2284809,-0.26327357,43,75
-65.08333333333334,-4.25,2.7251704,1.1216197,-1.3370209,-0.28317106,43,76
-64.91666666666667,-4.25,2.6860044,0.9590939,-1.343115,-0.3412462,43,77
-64.75000000000001,-4.25,2.6811423,0.9888876,-1.4161379,-0.31515306,43,78
-64.58333333333334,-4.25,2.7221677,1.0681474,-1.508959,-0.27258137,43,79
-64.41666666666667,-4.25,2.7141082,1.105796,-1.6238893,-0.2681356,43,80
-64.25000000000001,-4.25,2.5961912,1.1168236,-1.7904484,-0.257302,43,81
-64.08333333333334,-4.25,2.5390282,1.1781262,-1.9470915,-0.26649705,43,82
-63.91666666666668,-4.25,2.543593,1.0397619,-2.0743935,-0.0040557464,43,83
-63.750000000000014,-4.25,2.6373029,1.1060126,-2.1610782,-0.017141903,43,84
-63.58333333333334,-4.25,2.7494926,1.0314403,-2.109685,-0.007261067,43,85
-63.41666666666668,-4.25,2.8603525,0.91356426,-1.9463264,-0.081663504,43,86
-63.250000000000014,-4.25,2.8205137,0.5760545,-1.5333539,-0.15972096,43,87
-63.08333333333334,-4.25,2.9865386,0.6185341,-1.324206,-0.075251274,43,88
-62.91666666666668,-4.25,3.0277247,0.40185267,-0.9750424,-0.10212385,43,89
-62.750000000000014,-4.25,3.1281219,0.37166685,-0.71239614,-0.07601503,43,90
-62.58333333333334,-4.25,3.238793,0.3809619,-0.51733017,-0.044163197,43,91
-62.41666666666668,-4.25,3.4830272,0.51299506,-0.3602894,0.047460858,43,92
-62.250000000000014,-4.25,3.7006547,0.62175745,-0.22264853,0.17160429,43,93
-62.08333333333334,-4.25,3.9080505,0.7923459,-0.2192183,0.24398254,43,94
-61.91666666666668,-4.25,4.033095,0.9550488,-0.35189942,0.3425555,43,95
-61.750000000000014,-4.25,4.098257,1.2839125,-0.30900702,-0.2572662,43,96
-61.58333333333334,-4.25,3.9066234,1.2340076,-0.46344104,-0.26496696,43,97
-61.41666666666668,-4.25,3.7412546,1.2716485,-0.5809706,-0.25231785,43,98
-61.250000000000014,-4.25,3.6926692,1.4148725,-0.6768892,-0.21130155,43,99
-61.08333333333334,-4.25,3.6145031,1.5598369,-0.7246333,-0.19481733,43,100
-60.91666666666668,-4.25,3.5759501,1.7309026,-0.7237389,-0.1691848,43,101
-60.750000000000014,-4.25,3.521023,1.9286954,-0.7836933,-0.13266891,43,102
-60.58333333333334,-4.25,3.380414,1.9838394,-0.8897185,-0.17261218,43,103
-60.41666666666668,-4.25,3.2809873,2.1416543,-1.0013992,-0.110832445,43,104
-60.250000000000014,-4.25,3.2600434,2.2749977,-1.2910796,-0.02034452,43,105
-60.08333333333334,-4.25,3.0852103,2.3482208,-1.4837388,0.015923325,43,106
-59.91666666666668,-4.25,3.1009843,2.3822656,-1.8165996,0.07307148,43,107
-59.750000000000014,-4.25,2.9977322,2.424284,-1.9681811,0.14106993,43,108
-59.58333333333334,-4.25,2.9627686,2.480626,-2.0314405,0.19135042,43,109
-59.41666666666668,-4.25,3.0363472,2.5230675,-1.8250371,0.21763676,43,110
-59.250000000000014,-4.25,3.0442483,2.493226,-1.4668556,0.20134106,43,111
-59.08333333333334,-4.25,2.9638977,2.477432,-1.0515487,0.1684509,43,112
-58.91666666666668,-4.25,3.0514119,2.5912752,-0.6506953,0.26078027,43,113
-58.750000000000014,-4.25,2.9792674,2.5167012,-0.23461422,0.2262314,43,114
-58.58333333333334,-4.25,2.9622746,2.4446938,0.12984374,0.20104384,43,115
-58.41666666666668,-4.25,2.954757,2.4880097,0.52128637,0.2135158,43,116
-58.250000000000014,-4.25,2.9755824,2.4926505,0.8389011,0.21219295,43,117
-58.08333333333334,-4.25,2.8567896,2.4014158,0.9481374,0.1686734,43,118
-57.91666666666668,-4.25,2.7759573,2.3589365,0.7915383,0.14240746,43,119
-57.750000000000014,-4.25,2.6440065,2.243877,0.65430754,0.072430775,43,120
-57.58333333333334,-4.25,2.79485,2.4032953,0.6291224,0.16152453,43,121
-57.41666666666668,-4.25,2.5881047,2.1489766,0.6573525,0.012794181,43,122
-57.250000000000014,-4.25,2.456226,2.0106425,0.64150053,-0.124858096,43,123
-57.08333333333334,-4.25,2.4614017,2.1245959,0.5610224,-0.07097126,43,124
-56.91666666666668,-4.25,2.299126,2.0388412,0.409111,-0.11988809,43,125
-56.750000000000014,-4.25,2.0187068,1.7845258,0.18883128,-0.2131966,43,126
-56.58333333333334,-4.25,1.7998275,1.7421091,-0.03467845,-0.2918105,43,127
-56.41666666666668,-4.25,1.9220024,2.269543,-0.14869706,-0.055574805,43,128
-56.250000000000014,-4.25,1.7622306,2.332082,-0.21842456,-0.03566111,43,129
-56.08333333333334,-4.25,1.8184224,2.8823414,-0.09707119,0.21989487,43,130
-76.75000000000001,-4.416666666666666,3.7883258,1.4111137,-2.659817,0.78287363,44,6
-74.58333333333334,-4.416666666666666,2.6932168,0.30639458,-1.750302,0.94245154,44,19
-73.41666666666667,-4.416666666666666,2.524923,0.042485144,-1.7296246,0.67516214,44,26
-73.25000000000001,-4.416666666666666,2.4978302,-0.386856,-1.3765606,0.58306336,44,27
-73.08333333333334,-4.416666666666666,2.4150152,-0.862981,-1.096679,0.4472349,44,28
-72.91666666666667,-4.416666666666666,2.3511977,-1.1794302,-0.88015974,0.3532074,44,29
-72.75000000000001,-4.416666666666666,2.4327655,-1.2373636,-0.69746584,0.36527333,44,30
-72.58333333333334,-4.416666666666666,2.4898787,-1.2886959,-0.5729764,0.38782313,44,31
-72.41666666666667,-4.416666666666666,2.6198483,-1.2259563,-0.48786235,0.4453131,44,32
-72.25000000000001,-4.416666666666666,2.7338252,-1.1479325,-0.44929156,0.4941248,44,33
-72.08333333333334,-4.416666666666666,2.7875795,-1.1631775,-0.49969894,0.48492026,44,34
-71.91666666666667,-4.416666666666666,2.8804665,-1.0882509,-0.5756759,0.49199983,44,35
-71.75000000000001,-4.416666666666666,3.0041935,-0.9247964,-0.6994286,0.5319615,44,36
-71.58333333333334,-4.416666666666666,3.0620008,-0.875054,-0.78785574,0.5224031,44,37
-71.41666666666667,-4.416666666666666,3.2074013,-0.733031,-0.9578641,0.5505285,44,38
-71.25000000000001,-4.416666666666666,3.2908707,-0.6483074,-1.1684941,0.5333455,44,39
-71.08333333333334,-4.416666666666666,3.2992787,-0.5532532,-1.359827,0.47474378,44,40
-70.91666666666667,-4.416666666666666,3.3038304,-0.5149755,-1.4662588,0.47036308,44,41
-70.75000000000001,-4.416666666666666,3.2836096,-0.6514111,-1.3410587,0.5157334,44,42
-70.58333333333334,-4.416666666666666,3.2249818,-0.5232791,-1.1960745,0.4464358,44,43
-70.41666666666667,-4.416666666666666,3.2280133,-0.34239608,-1.075363,0.5572986,44,44
-70.25000000000001,-4.416666666666666,3.1676369,-0.12928994,-1.0520968,0.73465234,44,45
-70.08333333333334,-4.416666666666666,3.0560308,-0.001769112,-1.1026841,0.6606796,44,46
-69.91666666666667,-4.416666666666666,3.1470866,0.009842229,-1.0243512,0.5190917,44,47
-69.75000000000001,-4.416666666666666,3.1279418,0.065797806,-1.0245045,0.4876441,44,48
-69.58333333333334,-4.416666666666666,2.9672124,-0.08961397,-1.098644,0.32158828,44,49
-69.41666666666667,-4.416666666666666,2.8935695,-0.116631985,-1.1478909,0.2719331,44,50
-69.25000000000001,-4.416666666666666,2.7170742,-0.30871713,-1.1943024,0.12652238,44,51
-69.08333333333334,-4.416666666666666,2.687743,-0.40170038,-1.1130513,0.036415473,44,52
-68.91666666666667,-4.416666666666666,2.4926274,-0.81998706,-1.0325494,-0.19350456,44,53
-68.75000000000001,-4.416666666666666,2.4491014,-0.8379726,-0.9456358,-0.21980086,44,54
-68.58333333333334,-4.416666666666666,2.493659,-0.80142903,-0.8573837,-0.20739116,44,55
-68.41666666666667,-4.416666666666666,2.5050147,-0.8785584,-0.75403726,-0.23720244,44,56
-68.25000000000001,-4.416666666666666,2.4027178,-1.031043,-0.65297693,-0.2528697,44,57
-68.08333333333334,-4.416666666666666,2.4713194,-0.9167557,-0.5548973,-0.20483461,44,58
-67.91666666666667,-4.416666666666666,2.6191432,-0.6238981,-0.4707561,-0.056321315,44,59
-67.75000000000001,-4.416666666666666,2.4540353,-0.85533696,-0.4899689,-0.13521321,44,60
-67.58333333333334,-4.416666666666666,2.4339187,-0.7976705,-0.48163962,-0.15112507,44,61
-67.41666666666667,-4.416666666666666,2.4777548,-0.6405937,-0.47220743,-0.10940126,44,62
-67.25000000000001,-4.416666666666666,2.6888518,-0.2998629,-0.42168403,-0.043377437,44,63
-67.08333333333334,-4.416666666666666,2.635446,-0.275669,-0.35748202,-0.08866989,44,64
-66.91666666666667,-4.416666666666666,2.6791165,-0.2595219,-0.29037613,-0.10662641,44,65
-66.75000000000001,-4.416666666666666,2.6746614,-0.2362606,-0.23070893,-0.15721421,44,66
-66.58333333333334,-4.416666666666666,2.895128,0.12837675,-0.16854785,-0.056832485,44,67
-66.41666666666667,-4.416666666666666,2.7807636,-0.016083015,-0.050742228,-0.16249552,44,68
-66.25000000000001,-4.416666666666666,2.8168344,0.040014286,0.036196794,-0.26797184,44,69
-66.08333333333334,-4.416666666666666,2.7814171,0.08395938,-0.0020870725,-0.31277683,44,70
-65.91666666666667,-4.416666666666666,2.77224,0.27390873,-0.15586133,-0.2970411,44,71
-65.75000000000001,-4.416666666666666,2.7286198,0.48216748,-0.30346158,-0.29132366,44,72
-65.58333333333334,-4.416666666666666,2.7222357,0.67513126,-0.57414806,-0.29281715,44,73
-65.41666666666667,-4.416666666666666,2.735005,0.9528321,-0.85673606,-0.2448589,44,74
-65.25000000000001,-4.416666666666666,2.601512,1.0508932,-1.1468769,-0.29177278,44,75
-65.08333333333334,-4.416666666666666,2.5356605,0.9841048,-1.2540313,-0.35670164,44,76
-64.91666666666667,-4.416666666666666,2.5727737,1.0207623,-1.2671453,-0.33057892,44,77
-64.75000000000001,-4.416666666666666,2.6096647,0.9963331,-1.3010235,-0.31103593,44,78
-64.58333333333334,-4.416666666666666,2.6029048,0.99255276,-1.3302947,-0.30076993,44,79
-64.41666666666667,-4.416666666666666,2.5559936,1.0076139,-1.3653281,-0.23682337,44,80
-64.25000000000001,-4.416666666666666,2.56268,1.0839155,-1.44426,-0.2039899,44,81
-64.08333333333334,-4.416666666666666,2.562961,1.1791515,-1.5555062,-0.20544918,44,82
-63.91666666666668,-4.416666666666666,2.5490766,0.88292766,-1.5955395,0.036428064,44,83
-63.750000000000014,-4.416666666666666,2.5765507,0.8067469,-1.6584693,0.014203265,44,84
-63.58333333333334,-4.416666666666666,2.7360923,0.8768433,-1.7040181,0.008820016,44,85
-63.41666666666668,-4.416666666666666,2.8536975,0.90168786,-1.6434431,0.07191205,44,86
-63.250000000000014,-4.416666666666666,2.7921567,0.6798955,-1.4387469,-0.079838775,44,87
-63.08333333333334,-4.416666666666666,2.9015045,0.5952695,-1.2156858,-0.0782162,44,88
-62.91666666666668,-4.416666666666666,2.9358528,0.4835832,-0.9561422,-0.070250034,44,89
-62.750000000000014,-4.416666666666666,3.0357652,0.50108045,-0.79759914,-0.021769537,44,90
-62.58333333333334,-4.416666666666666,3.1859007,0.580434,-0.60147417,0.042240825,44,91
-62.41666666666668,-4.416666666666666,3.3951216,0.69813067,-0.49224943,0.17218162,44,92
-62.250000000000014,-4.416666666666666,3.5797343,0.80042905,-0.4234082,0.24199389,44,93
-62.08333333333334,-4.416666666666666,3.701312,1.3047694,-0.50491536,-0.03531311,44,94
-61.91666666666668,-4.416666666666666,3.6526535,1.2945057,-0.44409406,-0.05487019,44,95
-61.750000000000014,-4.416666666666666,3.6959019,1.2103958,-0.25741288,-0.35616744,44,96
-61.58333333333334,-4.416666666666666,3.6927552,1.3180175,-0.34755757,-0.27950817,44,97
-61.41666666666668,-4.416666666666666,3.7190406,1.4477903,-0.45049965,-0.226542,44,98
-61.250000000000014,-4.416666666666666,3.6533377,1.5726635,-0.483263,-0.19245493,44,99
-61.08333333333334,-4.416666666666666,3.573397,1.6913054,-0.52965623,-0.1776146,44,100
-60.91666666666668,-4.416666666666666,3.5431972,1.8208749,-0.54728055,-0.13273115,44,101
-60.750000000000014,-4.416666666666666,3.4960093,1.894411,-0.60983026,-0.18988892,44,102
-60.58333333333334,-4.416666666666666,3.5214472,2.0634718,-0.7626081,-0.116485976,44,103
-60.41666666666668,-4.416666666666666,3.3540812,2.160828,-0.89860404,-0.0820398,44,104
-60.250000000000014,-4.416666666666666,3.265902,2.2677147,-1.1554834,-0.040273406,44,105
-60.08333333333334,-4.416666666666666,3.2125359,2.3999932,-1.4997967,0.057342984,44,106
-59.91666666666668,-4.416666666666666,3.119482,2.4617658,-1.7824397,0.10649946,44,107
-59.750000000000014,-4.416666666666666,3.069001,2.5560641,-2.058636,0.19890766,44,108
-59.58333333333334,-4.416666666666666,2.96246,2.5942433,-2.1448574,0.24209002,44,109
-59.41666666666668,-4.416666666666666,2.9175491,2.492814,-1.8736768,0.17470378,44,110
-59.250000000000014,-4.416666666666666,2.9989417,2.5441623,-1.5211511,0.20966552,44,111
-59.08333333333334,-4.416666666666666,2.8873818,2.5146906,-1.109607,0.16089651,44,112
-58.91666666666668,-4.416666666666666,2.9236565,2.5419734,-0.7005225,0.22641154,44,113
-58.750000000000014,-4.416666666666666,2.889739,2.5192952,-0.23234273,0.20788093,44,114
-58.58333333333334,-4.416666666666666,2.9694777,2.5590005,0.15827176,0.23310897,44,115
-58.41666666666668,-4.416666666666666,2.91504,2.5002398,0.6428752,0.19989046,44,116
-58.250000000000014,-4.416666666666666,2.874921,2.4638762,1.0403625,0.23798864,44,117
-58.08333333333334,-4.416666666666666,2.7655618,2.2839932,1.195674,0.15336768,44,118
-57.91666666666668,-4.416666666666666,2.6179237,2.1041296,0.99313766,-0.007958359,44,119
-57.750000000000014,-4.416666666666666,2.6677732,2.3202143,0.8043942,0.08989243,44,120
-57.58333333333334,-4.416666666666666,2.7681873,2.444729,0.7182101,0.17540154,44,121
-57.41666666666668,-4.416666666666666,2.5036552,2.1112998,0.6763471,-0.007010072,44,122
-57.250000000000014,-4.416666666666666,2.3886592,2.0121622,0.60507774,-0.074566305,44,123
-57.08333333333334,-4.416666666666666,2.3708599,2.0979385,0.51556104,-0.07581468,44,124
-56.91666666666668,-4.416666666666666,2.1968188,1.951484,0.3689717,-0.1002099,44,125
-56.750000000000014,-4.416666666666666,2.0262792,1.8550922,0.18182343,-0.15178607,44,126
-56.58333333333334,-4.416666666666666,1.8476386,1.8675696,-0.02423505,-0.16991861,44,127
-56.41666666666668,-4.416666666666666,1.8805308,2.2015386,-0.22328547,-0.029431056,44,128
-77.25000000000001,-4.583333333333333,3.724649,1.3452863,-2.6694357,0.6260153,45,3
-76.58333333333334,-4.583333333333333,3.6328473,1.2699524,-2.428599,0.7845619,45,7
-74.75000000000001,-4.583333333333333,2.631259,0.5102384,-1.9347832,0.88713425,45,18
-74.58333333333334,-4.583333333333333,2.6617372,0.5195309,-1.7782106,0.9706086,45,19
-74.41666666666667,-4.583333333333333,2.6664653,0.57571185,-1.669555,1.0022548,45,20
-74.25000000000001,-4.583333333333333,2.7728426,0.48638722,-1.725823,0.84397054,45,21
-74.08333333333334,-4.583333333333333,2.8665674,0.44324997,-1.7933317,0.84282005,45,22
-73.91666666666667,-4.583333333333333,2.7996523,0.3033871,-1.8634158,0.81558776,45,23
-73.75000000000001,-4.583333333333333,2.6225955,0.19821684,-1.8768353,0.7544366,45,24
-73.58333333333334,-4.583333333333333,2.5790622,0.26864877,-1.8544277,0.7593509,45,25
-73.41666666666667,-4.583333333333333,2.5306315,0.068199046,-1.5534486,0.7120494,45,26
-73.25000000000001,-4.583333333333333,2.358478,-0.5289338,-1.3038529,0.5152019,45,27
-73.08333333333334,-4.583333333333333,2.2450638,-0.9786131,-1.0517758,0.38761762,45,28
-72.91666666666667,-4.583333333333333,2.2606947,-1.0975182,-0.8342817,0.38730034,45,29
-72.75000000000001,-4.583333333333333,2.3963683,-1.0703995,-0.6570336,0.44928464,45,30
-72.58333333333334,-4.583333333333333,2.4742079,-1.0819325,-0.55912983,0.4735286,45,31
-72.41666666666667,-4.583333333333333,2.5369725,-1.1427051,-0.53488165,0.45880246,45,32
-72.25000000000001,-4.583333333333333,2.520892,-1.2430049,-0.5158606,0.4216148,45,33
-72.08333333333334,-4.583333333333333,2.645498,-1.1555995,-0.54626703,0.4667514,45,34
-71.91666666666667,-4.583333333333333,2.7600594,-1.0029316,-0.5986713,0.51675874,45,35
-71.75000000000001,-4.583333333333333,2.7770927,-1.0271846,-0.7766151,0.45168805,45,36
-71.58333333333334,-4.583333333333333,2.8757575,-0.94252354,-0.8618688,0.46043706,45,37
-71.41666666666667,-4.583333333333333,2.9870837,-0.78847307,-1.0390226,0.4797279,45,38
-71.25000000000001,-4.583333333333333,2.9185102,-0.9106413,-1.2428848,0.38884377,45,39
-71.08333333333334,-4.583333333333333,2.9841614,-0.7933163,-1.3852195,0.39813688,45,40
-70.91666666666667,-4.583333333333333,3.000222,-0.70003533,-1.4471315,0.41139817,45,41
-70.75000000000001,-4.583333333333333,3.0569637,-0.5485263,-1.4021285,0.5253688,45,42
-70.58333333333334,-4.583333333333333,3.031339,-0.3713975,-1.3031638,0.46281213,45,43
-70.41666666666667,-4.583333333333333,2.9289186,-0.3074494,-1.2405441,0.47059125,45,44
-70.25000000000001,-4.583333333333333,2.8529193,-0.10129057,-1.2632037,0.62290525,45,45
-70.08333333333334,-4.583333333333333,2.6800876,-0.2098513,-1.2588673,0.4438925,45,46
-69.91666666666667,-4.583333333333333,2.696592,-0.20806862,-1.1718578,0.41480228,45,47
-69.75000000000001,-4.583333333333333,2.8112311,-0.19032733,-1.0044061,0.3150993,45,48
-69.58333333333334,-4.583333333333333,2.7283673,-0.26919568,-0.97567177,0.22704683,45,49
-69.41666666666667,-4.583333333333333,2.686358,-0.36323395,-0.96816707,0.16726528,45,50
-69.25000000000001,-4.583333333333333,2.6009688,-0.48334467,-0.95427084,0.053794164,45,51
-69.08333333333334,-4.583333333333333,2.4920683,-0.72524,-0.8668199,-0.0870031,45,52
-68.91666666666667,-4.583333333333333,2.4504333,-0.7639162,-0.77998245,-0.13404985,45,53
-68.75000000000001,-4.583333333333333,2.438577,-0.77555573,-0.6856414,-0.1638817,45,54
-68.58333333333334,-4.583333333333333,2.386629,-0.8811265,-0.6435969,-0.23425433,45,55
-68.41666666666667,-4.583333333333333,2.3326075,-0.9404507,-0.6065494,-0.2007242,45,56
-68.25000000000001,-4.583333333333333,2.4431875,-0.78936684,-0.5317601,-0.11283083,45,57
-68.08333333333334,-4.583333333333333,2.510213,-0.6143046,-0.4696155,-0.037922617,45,58
-67.91666666666667,-4.583333333333333,2.401427,-0.7605576,-0.41586173,-0.1429812,45,59
-67.75000000000001,-4.583333333333333,2.2822526,-0.8257396,-0.4576496,-0.1303555,45,60
-67.58333333333334,-4.583333333333333,2.279752,-0.7046006,-0.44415295,-0.11650376,45,61
-67.41666666666667,-4.583333333333333,2.3709621,-0.48564538,-0.47629538,-0.050530206,45,62
-67.25000000000001,-4.583333333333333,2.4066343,-0.40498996,-0.4518952,-0.11248315,45,63
-67.08333333333334,-4.583333333333333,2.4668956,-0.23640576,-0.46641842,-0.08210868,45,64
-66.91666666666667,-4.583333333333333,2.4969802,-0.14720704,-0.40965286,-0.09054734,45,65
-66.75000000000001,-4.583333333333333,2.5498378,0.00029144273,-0.36370352,-0.09021667,45,66
-66.58333333333334,-4.583333333333333,2.7192135,0.2137336,-0.2771717,-0.03941337,45,67
-66.41666666666667,-4.583333333333333,2.640365,0.08913767,-0.10186157,-0.24488413,45,68
-66.25000000000001,-4.583333333333333,2.6130378,0.08526286,-0.044353917,-0.29580984,45,69
-66.08333333333334,-4.583333333333333,2.5913754,0.15573809,-0.05970857,-0.3271923,45,70
-65.91666666666667,-4.583333333333333,2.5858831,0.34908772,-0.12833756,-0.30833748,45,71
-65.75000000000001,-4.583333333333333,2.556641,0.48095638,-0.2887229,-0.30873853,45,72
-65.58333333333334,-4.583333333333333,2.5934277,0.750594,-0.5090925,-0.2568037,45,73
-65.41666666666667,-4.583333333333333,2.5337913,0.74977785,-0.70915556,-0.3380474,45,74
-65.25000000000001,-4.583333333333333,2.4803433,0.8073329,-0.92718256,-0.37011135,45,75
-65.08333333333334,-4.583333333333333,2.4647796,0.87997127,-1.0353957,-0.3667472,45,76
-64.91666666666667,-4.583333333333333,2.487413,0.91945386,-1.0568682,-0.3363942,45,77
-64.75000000000001,-4.583333333333333,2.4723558,0.88139004,-1.0853137,-0.29515556,45,78
-64.58333333333334,-4.583333333333333,2.499816,0.9650559,-1.0852993,-0.2438388,45,79
-64.41666666666667,-4.583333333333333,2.5490196,1.0157615,-1.0919255,-0.19176677,45,80
-64.25000000000001,-4.583333333333333,2.5139751,0.9684966,-1.0771116,-0.20253202,45,81
-64.08333333333334,-4.583333333333333,2.4509258,0.9458678,-1.09082,-0.21133523,45,82
-63.91666666666668,-4.583333333333333,2.5230858,0.6693227,-1.1046441,0.048861958,45,83
-63.750000000000014,-4.583333333333333,2.5659902,0.7024282,-1.1834829,0.060995296,45,84
-63.58333333333334,-4.583333333333333,2.8393993,0.9362935,-1.3167236,0.1675819,45,85
-63.41666666666668,-4.583333333333333,2.7259867,0.7597567,-1.1990081,0.0706462,45,86
-63.250000000000014,-4.583333333333333,2.785139,0.7845512,-1.1810465,0.09976294,45,87
-63.08333333333334,-4.583333333333333,2.8051338,0.6668901,-1.0642153,0.08036109,45,88
-62.91666666666668,-4.583333333333333,2.890251,0.6454638,-0.9048067,0.10887677,45,89
-62.750000000000014,-4.583333333333333,3.0126495,0.7241729,-0.7649027,0.16014536,45,90
-62.58333333333334,-4.583333333333333,3.130809,0.7994329,-0.65802824,0.20049565,45,91
-62.41666666666668,-4.583333333333333,3.2394798,0.8337524,-0.511233,0.2198288,45,92
-62.250000000000014,-4.583333333333333,3.3903017,0.979097,-0.4724618,0.2711264,45,93
-62.08333333333334,-4.583333333333333,3.51368,1.4738235,-0.51911783,-0.036130086,45,94
-61.91666666666668,-4.583333333333333,3.6584568,1.4096452,-0.2645935,-0.34946567,45,95
-61.750000000000014,-4.583333333333333,3.606586,1.4202715,-0.2718797,-0.31563368,45,96
-61.58333333333334,-4.583333333333333,3.6390343,1.5173314,-0.30605614,-0.2552449,45,97
-61.41666666666668,-4.583333333333333,3.6657655,1.6437508,-0.34383243,-0.19162387,45,98
-61.250000000000014,-4.583333333333333,3.6274016,1.724047,-0.34600773,-0.16941106,45,99
-61.08333333333334,-4.583333333333333,3.631155,1.9064486,-0.3665535,-0.10628216,45,100
-60.91666666666668,-4.583333333333333,3.6480157,2.0766752,-0.3884955,-0.05346497,45,101
-60.750000000000014,-4.583333333333333,3.5512228,2.0781813,-0.42437044,-0.114391625,45,102
-60.58333333333334,-4.583333333333333,3.4091258,2.1063316,-0.46612865,-0.12462997,45,103
-60.41666666666668,-4.583333333333333,3.3741312,2.2320871,-0.6456638,-0.0626307,45,104
-60.250000000000014,-4.583333333333333,3.2702742,2.309641,-0.88301307,-0.025641037,45,105
-60.08333333333334,-4.583333333333333,3.1634583,2.3799264,-1.203476,0.021701349,45,106
-59.91666666666668,-4.583333333333333,3.1405864,2.550178,-1.5667549,0.13405293,45,107
-59.750000000000014,-4.583333333333333,2.9708817,2.499217,-1.717908,0.123357095,45,108
-59.58333333333334,-4.583333333333333,2.8970044,2.5764802,-1.7875218,0.19716886,45,109
-59.41666666666668,-4.583333333333333,2.8809557,2.5770924,-1.6332707,0.2052669,45,110
-59.250000000000014,-4.583333333333333,2.9363086,2.6383855,-1.3762449,0.21836647,45,111
-59.08333333333334,-4.583333333333333,2.8051558,2.5112147,-1.0618932,0.14663403,45,112
-58.91666666666668,-4.583333333333333,2.8447254,2.5809932,-0.6590468,0.2236042,45,113
-58.750000000000014,-4.583333333333333,2.7982595,2.482457,-0.2481323,0.18122041,45,114
-58.58333333333334,-4.583333333333333,2.8029037,2.5005429,0.19594754,0.1776882,45,115
-58.41666666666668,-4.583333333333333,2.7732852,2.407463,0.5805961,0.12602209,45,116
-58.250000000000014,-4.583333333333333,2.7728267,2.3999662,0.9395918,0.17920008,45,117
-58.08333333333334,-4.583333333333333,2.5333972,2.047367,1.0345244,0.00097514817,45,118
-57.91666666666668,-4.583333333333333,2.504173,2.1285965,0.91786546,0.04052811,45,119
-57.750000000000014,-4.583333333333333,2.6110332,2.33796,0.8245793,0.15050587,45,120
-57.58333333333334,-4.583333333333333,2.5470734,2.2940135,0.6849707,0.06477571,45,121
-57.41666666666668,-4.583333333333333,2.5283444,2.3218482,0.6500715,0.08649054,45,122
-57.250000000000014,-4.583333333333333,2.2305987,1.8863261,0.55659604,-0.13206062,45,123
-57.08333333333334,-4.583333333333333,2.1365457,1.7942535,0.46066236,-0.17236182,45,124
-56.91666666666668,-4.583333333333333,2.0726085,1.7797332,0.38871557,-0.15719326,45,125
-56.750000000000014,-4.583333333333333,1.9682037,1.760655,0.28494805,-0.16656782,45,126
-56.58333333333334,-4.583333333333333,1.8766438,1.7798041,0.073491625,-0.16224575,45,127
-56.41666666666668,-4.583333333333333,1.799309,1.9752254,-0.2448864,-0.11064888,45,128
-56.250000000000014,-4.583333333333333,1.8541691,2.1753194,-0.34600157,-0.020235773,45,129
-77.41666666666667,-4.75,3.3799684,1.1610036,-2.7463198,0.53439057,46,2
-77.25000000000001,-4.75,3.5287051,1.2787083,-2.8151977,0.629315,46,3
-77.08333333333334,-4.75,3.5843256,1.2671915,-2.751505,0.66642165,46,4
-76.75000000000001,-4.75,3.6025722,1.142081,-2.3493826,0.81025743,46,6
-76.58333333333334,-4.75,3.6220345,1.230485,-2.22869,0.76251245,46,7
-75.25000000000001,-4.75,2.84511,0.8516809,-1.988686,0.6400829,46,15
-75.08333333333334,-4.75,2.8115373,0.7722824,-1.9618695,0.6624274,46,16
-74.91666666666667,-4.75,2.7780433,0.7398736,-1.9064276,0.7228838,46,17
-74.75000000000001,-4.75,2.6784048,0.70487595,-1.8813239,0.9321051,46,18
-74.58333333333334,-4.75,2.667312,0.70826757,-1.7627112,0.9822563,46,19
-74.41666666666667,-4.75,2.6898563,0.7220129,-1.7411724,1.021386,46,20
-74.25000000000001,-4.75,2.7379599,0.6089833,-1.7915865,0.9627915,46,21
-74.08333333333334,-4.75,2.8042018,0.4998252,-1.7937291,0.88371116,46,22
-73.91666666666667,-4.75,2.738233,0.3208943,-1.709142,0.85799724,46,23
-73.75000000000001,-4.75,2.675335,0.20272799,-1.5977184,0.8488647,46,24
-73.58333333333334,-4.75,2.6174715,0.07319004,-1.5256468,0.78766716,46,25
-73.41666666666667,-4.75,2.405838,-0.30518878,-1.3148872,0.6205281,46,26
-73.25000000000001,-4.75,2.2420287,-0.7334953,-1.1533624,0.4561345,46,27
-73.08333333333334,-4.75,2.1268196,-1.0631303,-0.937392,0.36186782,46,28
-72.91666666666667,-4.75,2.1852603,-1.067356,-0.70807666,0.40968996,46,29
-72.75000000000001,-4.75,2.2085302,-1.1786721,-0.5828007,0.4021338,46,30
-72.58333333333334,-4.75,2.285667,-1.2238468,-0.5327386,0.4017456,46,31
-72.41666666666667,-4.75,2.3517842,-1.2688441,-0.5311397,0.40135324,46,32
-72.25000000000001,-4.75,2.4921062,-1.1019522,-0.5449923,0.48054662,46,33
-72.08333333333334,-4.75,2.5396402,-1.0654734,-0.5802542,0.48654586,46,34
-71.91666666666667,-4.75,2.4663703,-1.2255912,-0.6661658,0.37702587,46,35
-71.75000000000001,-4.75,2.553512,-1.17058,-0.79620785,0.3697674,46,36
-71.58333333333334,-4.75,2.711784,-0.9733379,-0.91677123,0.44260615,46,37
-71.41666666666667,-4.75,2.7284024,-0.9455126,-1.0775304,0.40065143,46,38
-71.25000000000001,-4.75,2.709138,-0.94130564,-1.2448392,0.3637906,46,39
-71.08333333333334,-4.75,2.7665088,-0.8363123,-1.3507019,0.3839894,46,40
-70.91666666666667,-4.75,2.843324,-0.6676874,-1.37184,0.45644596,46,41
-70.75000000000001,-4.75,2.7700796,-0.6571489,-1.4027355,0.54218745,46,42
-70.58333333333334,-4.75,2.7048404,-0.7224584,-1.3360302,0.45677462,46,43
-70.41666666666667,-4.75,2.6989892,-0.3120279,-1.3489826,0.4118018,46,44
-70.25000000000001,-4.75,2.6576145,-0.32439354,-1.2890506,0.74846375,46,45
-70.08333333333334,-4.75,2.5023196,-0.28648642,-1.2494901,0.4443315,46,46
-69.91666666666667,-4.75,2.4112954,-0.5008819,-1.1245949,0.24297555,46,47
-69.75000000000001,-4.75,2.4736042,-0.45406348,-1.005921,0.23164594,46,48
-69.58333333333334,-4.75,2.5697794,-0.39782113,-0.801596,0.17650464,46,49
-69.41666666666667,-4.75,2.4314284,-0.64997524,-0.75754195,0.027860645,46,50
-69.25000000000001,-4.75,2.4371946,-0.6874573,-0.6868632,-0.017214825,46,51
-69.08333333333334,-4.75,2.3784213,-0.84142685,-0.58738184,-0.11816696,46,52
-68.91666666666667,-4.75,2.3598099,-0.8810907,-0.5067391,-0.15800565,46,53
-68.75000000000001,-4.75,2.3484204,-0.8543475,-0.45344278,-0.16993444,46,54
-68.58333333333334,-4.75,2.3168678,-0.89078844,-0.41370618,-0.11687589,46,55
-68.41666666666667,-4.75,2.3971934,-0.69199383,-0.37853637,-0.045615476,46,56
-68.25000000000001,-4.75,2.2925837,-0.82010835,-0.38329154,-0.14578138,46,57
-68.08333333333334,-4.75,2.318981,-0.68915313,-0.37573782,-0.08021304,46,58
-67.91666666666667,-4.75,2.1419246,-0.86768854,-0.4074118,-0.12877162,46,59
-67.75000000000001,-4.75,2.133443,-0.7635259,-0.41927344,-0.1165118,46,60
-67.58333333333334,-4.75,2.1944044,-0.5954048,-0.43579295,-0.06685955,46,61
-67.41666666666667,-4.75,2.194728,-0.44964677,-0.47953957,-0.033978745,46,62
-67.25000000000001,-4.75,2.1368403,-0.4845434,-0.5286865,-0.09979779,46,63
-67.08333333333334,-4.75,2.2744522,-0.15438218,-0.5448654,-0.05449641,46,64
-66.91666666666667,-4.75,2.3424578,0.014136061,-0.51935124,-0.050383847,46,65
-66.75000000000001,-4.75,2.478868,0.27698883,-0.45821962,0.004991197,46,66
-66.58333333333334,-4.75,2.4369414,0.20941065,-0.30088767,-0.08006592,46,67
-66.41666666666667,-4.75,2.4153993,0.07279671,-0.12276809,-0.29242477,46,68
-66.25000000000001,-4.75,2.417366,0.11944255,-0.040784474,-0.32448223,46,69
-66.08333333333334,-4.75,2.4528606,0.25600204,-0.039643068,-0.32313424,46,70
-65.91666666666667,-4.75,2.4641166,0.39061487,-0.08273316,-0.31237307,46,71
-65.75000000000001,-4.75,2.5103414,0.56170124,-0.20385593,-0.2686736,46,72
-65.58333333333334,-4.75,2.4709342,0.6363335,-0.3610945,-0.2922265,46,73
-65.41666666666667,-4.75,2.440836,0.63956076,-0.5483263,-0.34754935,46,74
-65.25000000000001,-4.75,2.4514897,0.77078,-0.6854038,-0.32367492,46,75
-65.08333333333334,-4.75,2.48294,0.85406995,-0.7689725,-0.3108613,46,76
-64.91666666666667,-4.75,2.419563,0.8708476,-0.8073475,-0.24965397,46,77
-64.75000000000001,-4.75,2.4610493,0.90381134,-0.82188314,-0.21979801,46,78
-64.58333333333334,-4.75,2.462549,0.8838421,-0.8031401,-0.2272274,46,79
-64.41666666666667,-4.75,2.446631,0.8318468,-0.73008263,-0.22676146,46,80
-64.25000000000001,-4.75,2.450503,0.8267122,-0.6423093,-0.18246417,46,81
-64.08333333333334,-4.75,2.4413426,0.82314944,-0.5804262,-0.17249896,46,82
-63.91666666666668,-4.75,2.535574,0.58514374,-0.5704645,0.081157885,46,83
-63.750000000000014,-4.75,2.6861324,0.79228693,-0.69027203,0.17503713,46,84
-63.58333333333334,-4.75,2.5909247,0.7064827,-0.7990274,0.13862474,46,85
-63.41666666666668,-4.75,2.6205416,0.69890594,-0.8571185,0.14609192,46,86
-63.250000000000014,-4.75,2.6299624,0.6484004,-0.8741423,0.15114379,46,87
-63.08333333333334,-4.75,2.7413185,0.6850543,-0.83717465,0.13604073,46,88
-62.91666666666668,-4.75,2.8446763,0.79476804,-0.76180327,0.1910114,46,89
-62.750000000000014,-4.75,2.9756792,0.90745306,-0.69713384,0.23843902,46,90
-62.58333333333334,-4.75,3.1706612,1.0834821,-0.6832036,0.30034778,46,91
-62.41666666666668,-4.75,3.2883558,1.1698595,-0.636338,0.33425888,46,92
-62.250000000000014,-4.75,3.3929129,1.227467,-0.58403134,0.36723617,46,93
-62.08333333333334,-4.75,3.1930072,1.4575181,-0.5750896,-0.09473654,46,94
-61.91666666666668,-4.75,3.411744,1.495238,-0.28362772,-0.3633214,46,95
-61.750000000000014,-4.75,3.4789848,1.5867091,-0.25045606,-0.30633584,46,96
-61.58333333333334,-4.75,3.5304904,1.6711506,-0.2484155,-0.2583129,46,97
-61.41666666666668,-4.75,3.6153488,1.8234291,-0.22635972,-0.16500014,46,98
-61.250000000000014,-4.75,3.631738,1.9366974,-0.18823159,-0.106442295,46,99
-61.08333333333334,-4.75,3.542461,1.940181,-0.16486558,-0.14242809,46,100
-60.91666666666668,-4.75,3.5224001,2.040522,-0.11414171,-0.09800988,46,101
-60.750000000000014,-4.75,3.4785175,2.1239681,-0.023720821,-0.11607392,46,102
-60.58333333333334,-4.75,3.445062,2.1762397,-0.14658652,-0.10263742,46,103
-60.41666666666668,-4.75,3.3107603,2.2101657,-0.27473396,-0.096927375,46,104
-60.250000000000014,-4.75,3.255727,2.2667863,-0.49470374,-0.054530174,46,105
-60.08333333333334,-4.75,3.17312,2.3871188,-0.7998198,0.0063076676,46,106
-59.91666666666668,-4.75,3.179249,2.6031601,-1.1675261,0.13519333,46,107
-59.750000000000014,-4.75,2.9670405,2.5126865,-1.3446698,0.09998913,46,108
-59.58333333333334,-4.75,2.8799334,2.5269308,-1.400612,0.14051235,46,109
-59.41666666666668,-4.75,2.8372579,2.5774705,-1.320356,0.16717277,46,110
-59.250000000000014,-4.75,2.9120345,2.6786995,-1.1718595,0.23011912,46,111
-59.08333333333334,-4.75,2.7499056,2.605773,-0.8716329,0.16874993,46,112
-58.91666666666668,-4.75,2.7388747,2.5820973,-0.5505226,0.20809501,46,113
-58.750000000000014,-4.75,2.7164214,2.538743,-0.16257772,0.19870396,46,114
-58.58333333333334,-4.75,2.5715837,2.2909565,0.14682892,0.11680531,46,115
-58.41666666666668,-4.75,2.5500104,2.2840788,0.42834494,0.096382715,46,116
-58.250000000000014,-4.75,2.6193542,2.4373212,0.73298424,0.16662648,46,117
-58.08333333333334,-4.75,2.4097886,2.1820745,0.7645115,0.030965144,46,118
-57.91666666666668,-4.75,2.466312,2.3239758,0.776841,0.093268566,46,119
-57.750000000000014,-4.75,2.3973787,2.2033374,0.6907353,0.048714697,46,120
-57.58333333333334,-4.75,2.3392491,2.1630023,0.60203123,0.031496517,46,121
-57.41666666666668,-4.75,2.3015015,2.0919077,0.5639724,0.014893251,46,122
-57.250000000000014,-4.75,1.9304463,1.539615,0.43321455,-0.24418165,46,123
-57.08333333333334,-4.75,1.8275211,1.3947113,0.37103075,-0.29834712,46,124
-56.91666666666668,-4.75,1.9144652,1.6736903,0.33852613,-0.14336042,46,125
-56.750000000000014,-4.75,2.095719,2.043196,0.34581423,0.05205023,46,126
-56.58333333333334,-4.75,2.0304708,2.0719604,0.11666416,0.06179084,46,127
-77.25000000000001,-4.916666666666666,3.223257,1.1616334,-2.948476,0.56682634,47,3
-77.08333333333334,-4.916666666666666,3.3425565,1.2246516,-2.8986006,0.62793946,47,4
-76.91666666666667,-4.916666666666666,3.5284956,1.3544167,-2.6531463,0.85977954,47,5
-76.75000000000001,-4.916666666666666,3.589093,1.3072256,-2.398703,0.8934192,47,6
-76.58333333333334,-4.916666666666666,3.561878,1.4196429,-2.2800543,0.88318276,47,7
-76.41666666666667,-4.916666666666666,3.4586015,1.4524626,-2.2814128,0.78603995,47,8
-76.25000000000001,-4.916666666666666,3.400004,1.4799374,-2.26719,0.7805399,47,9
-75.58333333333334,-4.916666666666666,3.042926,1.2329783,-1.9685267,0.6401999,47,13
-75.41666666666667,-4.916666666666666,2.9421275,1.1223181,-1.9557425,0.64132184,47,14
-75.25000000000001,-4.916666666666666,2.9207299,1.0358183,-1.8800987,0.69250274,47,15
-75.08333333333334,-4.916666666666666,2.8419292,0.9556169,-1.8866857,0.7183823,47,16
-74.91666666666667,-4.916666666666666,2.7686586,0.88776624,-1.8405362,0.75890154,47,17
-74.75000000000001,-4.916666666666666,2.7084584,0.82394075,-1.8610244,0.87405,47,18
-74.58333333333334,-4.916666666666666,2.7018876,0.83113426,-1.8433536,0.9831542,47,19
-74.41666666666667,-4.916666666666666,2.687761,0.7459563,-1.8679475,0.9596499,47,20
-74.25000000000001,-4.916666666666666,2.729231,0.6884563,-1.8214381,0.9152186,47,21
-74.08333333333334,-4.916666666666666,2.7389443,0.52372557,-1.7593011,0.8980364,47,22
-73.91666666666667,-4.916666666666666,2.7542984,0.29325965,-1.6110729,0.8481615,47,23
-73.75000000000001,-4.916666666666666,2.764768,0.097976595,-1.4166646,0.81918305,47,24
-73.58333333333334,-4.916666666666666,2.5308003,-0.42792177,-1.1707187,0.6228986,47,25
-73.41666666666667,-4.916666666666666,2.307371,-0.6917668,-1.0986991,0.49274948,47,26
-73.25000000000001,-4.916666666666666,2.1394277,-0.9139029,-0.98001736,0.40742806,47,27
-73.08333333333334,-4.916666666666666,2.0259545,-1.155642,-0.8139338,0.32948565,47,28
-72.91666666666667,-4.916666666666666,2.0398493,-1.1950569,-0.62111384,0.35380986,47,29
-72.75000000000001,-4.916666666666666,2.0411909,-1.3006959,-0.51460487,0.34756348,47,30
-72.58333333333334,-4.916666666666666,2.2113254,-1.1796396,-0.49178192,0.4404081,47,31
-72.41666666666667,-4.916666666666666,2.3307579,-1.115037,-0.47858652,0.49250025,47,32
-72.25000000000001,-4.916666666666666,2.2479756,-1.2876592,-0.5352793,0.37466505,47,33
-72.08333333333334,-4.916666666666666,2.3042948,-1.2631727,-0.60896665,0.3708681,47,34
-71.91666666666667,-4.916666666666666,2.2933135,-1.3403448,-0.6833805,0.3154091,47,35
-71.75000000000001,-4.916666666666666,2.466117,-1.0560247,-0.80004156,0.4261191,47,36
-71.58333333333334,-4.916666666666666,2.539871,-0.9773702,-0.9130901,0.42922708,47,37
-71.41666666666667,-4.916666666666666,2.4821942,-1.0870988,-1.0816255,0.3416166,47,38
-71.25000000000001,-4.916666666666666,2.5176992,-1.0386312,-1.2146306,0.33040524,47,39
-71.08333333333334,-4.916666666666666,2.5266402,-0.908595,-1.2829669,0.42861485,47,40
-70.91666666666667,-4.916666666666666,2.5479963,-0.83720505,-1.3597156,0.45475766,47,41
-70.75000000000001,-4.916666666666666,2.509094,-0.7821715,-1.3872613,0.47811827,47,42
-70.58333333333334,-4.916666666666666,2.4583628,-0.80194616,-1.3478404,0.47640127,47,43
-70.41666666666667,-4.916666666666666,2.529872,-0.50693935,-1.2767246,0.63364786,47,44
-70.25000000000001,-4.916666666666666,2.3418665,-0.4370075,-1.2033718,0.36354327,47,45
-70.08333333333334,-4.916666666666666,2.3664303,-0.33797228,-1.1140734,0.39766452,47,46
-69.91666666666667,-4.916666666666666,2.2026267,-0.6328347,-1.0296243,0.22070526,47,47
-69.75000000000001,-4.916666666666666,2.2357917,-0.61945003,-0.8584505,0.22378749,47,48
-69.58333333333334,-4.916666666666666,2.2123709,-0.76040167,-0.71071064,0.14761795,47,49
-69.41666666666667,-4.916666666666666,2.2601843,-0.88846904,-0.52271485,0.008103499,47,50
-69.25000000000001,-4.916666666666666,2.2718606,-0.9780432,-0.42167276,-0.12860334,47,51
-69.08333333333334,-4.916666666666666,2.1881194,-1.1291575,-0.3322368,-0.15032619,47,52
-68.91666666666667,-4.916666666666666,2.2308116,-1.0475794,-0.24277341,-0.121005766,47,53
-68.75000000000001,-4.916666666666666,2.322127,-0.77639604,-0.1919797,-0.017868876,47,54
-68.58333333333334,-4.916666666666666,2.28722,-0.770438,-0.17693406,-0.052216005,47,55
-68.41666666666667,-4.916666666666666,2.1107683,-0.9626859,-0.17866366,-0.17583376,47,56
-68.25000000000001,-4.916666666666666,2.1491292,-0.8767584,-0.20166425,-0.16203363,47,57
-68.08333333333334,-4.916666666666666,2.1508331,-0.75046736,-0.21457909,-0.14467487,47,58
-67.91666666666667,-4.916666666666666,1.9796449,-0.7954113,-0.31445423,-0.13695689,47,59
-67.75000000000001,-4.916666666666666,2.0504596,-0.6432238,-0.3629501,-0.08710122,47,60
-67.58333333333334,-4.916666666666666,2.0389547,-0.5392436,-0.4077335,-0.06626594,47,61
-67.41666666666667,-4.916666666666666,2.0168858,-0.48529106,-0.45246133,-0.07614066,47,62
-67.25000000000001,-4.916666666666666,2.048603,-0.25399604,-0.5141093,-0.008030953,47,63
-67.08333333333334,-4.916666666666666,2.0349367,-0.15769377,-0.5559113,-0.036073335,47,64
-66.91666666666667,-4.916666666666666,2.1372,0.14942689,-0.5685124,0.057118677,47,65
-66.75000000000001,-4.916666666666666,2.2400198,0.2515402,-0.4543139,-0.051437233,47,66
-66.58333333333334,-4.916666666666666,2.118597,0.08156615,-0.24686742,-0.21233977,47,67
-66.41666666666667,-4.916666666666666,2.185304,0.104036555,-0.05776555,-0.35705066,47,68
-66.25000000000001,-4.916666666666666,2.2504196,0.1917348,-0.00019075754,-0.37337425,47,69
-66.08333333333334,-4.916666666666666,2.2894702,0.30422223,0.057947423,-0.31201074,47,70
-65.91666666666667,-4.916666666666666,2.3896499,0.4389004,0.009273519,-0.29450816,47,71
-65.75000000000001,-4.916666666666666,2.4280508,0.5535449,-0.06943354,-0.26031786,47,72
-65.58333333333334,-4.916666666666666,2.3765392,0.48432755,-0.18751448,-0.34183413,47,73
-65.41666666666667,-4.916666666666666,2.4035852,0.5983201,-0.30756748,-0.32018,47,74
-65.25000000000001,-4.916666666666666,2.416939,0.63710845,-0.40502292,-0.33137116,47,75
-65.08333333333334,-4.916666666666666,2.3556256,0.6411937,-0.4682597,-0.28366622,47,76
-64.91666666666667,-4.916666666666666,2.3391507,0.6844131,-0.5190929,-0.28710815,47,77
-64.75000000000001,-4.916666666666666,2.3735359,0.7639936,-0.52673924,-0.23323506,47,78
-64.58333333333334,-4.916666666666666,2.38355,0.77026016,-0.48435277,-0.2231966,47,79
-64.41666666666667,-4.916666666666666,2.4268699,0.78706896,-0.40089512,-0.1757532,47,80
-64.25000000000001,-4.916666666666666,2.4430094,0.746642,-0.25934628,-0.16989638,47,81
-64.08333333333334,-4.916666666666666,2.5035326,0.793622,-0.11630376,-0.1113377,47,82
-63.91666666666668,-4.916666666666666,2.5846548,0.8641752,-0.13585922,-0.083939135,47,83
-63.750000000000014,-4.916666666666666,2.5645657,0.57280505,-0.25647855,0.14591329,47,84
-63.58333333333334,-4.916666666666666,2.4857478,0.5758735,-0.42177185,0.12897004,47,85
-63.41666666666668,-4.916666666666666,2.5200663,0.668123,-0.59301305,0.15505412,47,86
-63.250000000000014,-4.916666666666666,2.541287,0.6581895,-0.651179,0.14904983,47,87
-63.08333333333334,-4.916666666666666,2.6197724,0.76853514,-0.6508641,0.15558611,47,88
-62.91666666666668,-4.916666666666666,2.8579576,0.9874769,-0.65401614,0.25427836,47,89
-62.750000000000014,-4.916666666666666,3.067768,1.1733812,-0.60529536,0.40463084,47,90
-62.58333333333334,-4.916666666666666,2.9971468,1.1527817,-0.6800307,0.2689661,47,91
-62.41666666666668,-4.916666666666666,3.0465055,1.1960459,-0.69310945,0.26307043,47,92
-62.250000000000014,-4.916666666666666,2.9089518,1.5000099,-0.6932462,-0.11135014,47,93
-62.08333333333334,-4.916666666666666,3.1909137,1.5669953,-0.3805157,-0.38324213,47,94
-61.91666666666668,-4.916666666666666,3.3139863,1.710548,-0.314952,-0.32276943,47,95
-61.750000000000014,-4.916666666666666,3.4034655,1.7853453,-0.25601083,-0.27240434,47,96
-61.58333333333334,-4.916666666666666,3.476461,1.8465945,-0.17600912,-0.2077941,47,97
-61.41666666666668,-4.916666666666666,3.5304415,1.9183139,-0.10173739,-0.17619638,47,98
-61.250000000000014,-4.916666666666666,3.530163,2.0232704,0.026879573,-0.11980356,47,99
-61.08333333333334,-4.916666666666666,3.51118,2.0648487,0.091654286,-0.0917761,47,100
-60.91666666666668,-4.916666666666666,3.4887698,2.0992596,0.14367422,-0.13833974,47,101
-60.750000000000014,-4.916666666666666,3.4800558,2.1682777,0.19699472,-0.1254805,47,102
-60.58333333333334,-4.916666666666666,3.4006078,2.2003517,0.28191,-0.13352415,47,103
-60.41666666666668,-4.916666666666666,3.3273284,2.249736,0.1997567,-0.11882846,47,104
-60.250000000000014,-4.916666666666666,3.2781143,2.3686643,-0.08744324,-0.050338805,47,105
-60.08333333333334,-4.916666666666666,3.1831388,2.4228005,-0.41478673,0.0046237013,47,106
-59.91666666666668,-4.916666666666666,3.0646365,2.512471,-0.71474236,0.058185313,47,107
-59.750000000000014,-4.916666666666666,2.955709,2.5469668,-0.9239472,0.10159259,47,108
-59.58333333333334,-4.916666666666666,2.8586206,2.5694494,-1.0362899,0.12806153,47,109
-59.41666666666668,-4.916666666666666,2.7954812,2.6160038,-0.99594396,0.14716856,47,110
-59.250000000000014,-4.916666666666666,2.807927,2.7131896,-0.8581106,0.21357335,47,111
-59.08333333333334,-4.916666666666666,2.570583,2.4780343,-0.68529403,0.06971131,47,112
-58.91666666666668,-4.916666666666666,2.5578368,2.4992797,-0.49853942,0.071219206,47,113
-58.750000000000014,-4.916666666666666,2.4586916,2.3366628,-0.23545034,0.1033331,47,114
-58.58333333333334,-4.916666666666666,2.4269495,2.3274899,0.055429216,0.09525341,47,115
-58.41666666666668,-4.916666666666666,2.5374434,2.548161,0.34999385,0.20156421,47,116
-58.250000000000014,-4.916666666666666,2.3838673,2.3742387,0.5022941,0.09572971,47,117
-58.08333333333334,-4.916666666666666,2.3243794,2.3276498,0.55761683,0.064349145,47,118
-57.91666666666668,-4.916666666666666,2.2512226,2.253698,0.57897556,0.024894277,47,119
-57.750000000000014,-4.916666666666666,2.1314216,2.0349598,0.56324524,-0.077406995,47,120
-57.58333333333334,-4.916666666666666,2.1409302,2.0615985,0.52204365,-0.058608465,47,121
-57.41666666666668,-4.916666666666666,2.2042515,2.1448658,0.50396425,0.013425543,47,122
-57.250000000000014,-4.916666666666666,1.6143874,1.2447028,0.35373962,-0.43029425,47,123
-57.08333333333334,-4.916666666666666,1.6647176,1.4862468,0.285973,-0.37782544,47,124
-56.91666666666668,-4.916666666666666,1.9602811,1.9883789,0.3094859,-0.034132224,47,125
-56.750000000000014,-4.916666666666666,1.8755435,1.7403386,0.23139553,-0.13031651,47,126
-77.08333333333334,-5.083333333333332,3.016557,1.1480509,-3.0744157,0.54863566,48,4
-76.58333333333334,-5.083333333333332,3.3401825,1.3364213,-2.4276307,0.7325056,48,7
-76.25000000000001,-5.083333333333332,3.2536192,1.4569067,-2.2691417,0.5860454,48,9
-76.08333333333334,-5.083333333333332,3.2185225,1.4674473,-2.176051,0.60779655,48,10
-75.91666666666667,-5.083333333333332,3.146447,1.462547,-2.0837407,0.62057793,48,11
-75.75000000000001,-5.083333333333332,3.068234,1.433886,-2.014578,0.6357426,48,12
-75.58333333333334,-5.083333333333332,3.0189917,1.35303,-1.9833752,0.622453,48,13
-75.41666666666667,-5.083333333333332,2.975823,1.2546067,-1.863884,0.67208683,48,14
-75.25000000000001,-5.083333333333332,2.9500241,1.1948569,-1.810701,0.729001,48,15
-75.08333333333334,-5.083333333333332,2.8911512,1.1031915,-1.8206681,0.7679835,48,16
-74.91666666666667,-5.083333333333332,2.7907083,0.98665154,-1.8406794,0.7577626,48,17
-74.75000000000001,-5.083333333333332,2.7196097,0.9566405,-1.9161584,0.950877,48,18
-74.58333333333334,-5.083333333333332,2.6978965,0.8931229,-1.941182,0.9632687,48,19
-74.41666666666667,-5.083333333333332,2.6995401,0.86484545,-1.9579842,0.9444745,48,20
-74.25000000000001,-5.083333333333332,2.7197592,0.80466145,-1.9484491,0.94639677,48,21
-74.08333333333334,-5.083333333333332,2.7444086,0.6381958,-1.8400552,0.9269449,48,22
-73.91666666666667,-5.083333333333332,2.739132,0.42391247,-1.5901358,0.88663924,48,23
-73.75000000000001,-5.083333333333332,2.529836,-0.18615673,-1.3120224,0.69000435,48,24
-73.58333333333334,-5.083333333333332,2.4299097,-0.6613261,-1.0321964,0.5144283,48,25
-73.41666666666667,-5.083333333333332,2.2462552,-0.82928365,-0.9909441,0.43314046,48,26
-73.25000000000001,-5.083333333333332,2.1281705,-0.9102082,-0.86192966,0.4237015,48,27
-73.08333333333334,-5.083333333333332,1.9856714,-1.095044,-0.7202817,0.39422566,48,28
-72.91666666666667,-5.083333333333332,2.019087,-1.0569552,-0.5299596,0.46248487,48,29
-72.75000000000001,-5.083333333333332,2.0678964,-1.0801975,-0.4360244,0.50030893,48,30
-72.58333333333334,-5.083333333333332,2.091533,-1.1609842,-0.48761958,0.4599791,48,31
-72.41666666666667,-5.083333333333332,2.0618188,-1.3226534,-0.48496202,0.37796345,48,32
-72.25000000000001,-5.083333333333332,2.0500681,-1.4669993,-0.5569578,0.28979266,48,33
-72.08333333333334,-5.083333333333332,2.122913,-1.4050007,-0.62451565,0.30532628,48,34
-71.91666666666667,-5.083333333333332,2.2649615,-1.1452656,-0.6932905,0.41797438,48,35
-71.75000000000001,-5.083333333333332,2.2425396,-1.1493015,-0.8257766,0.42930782,48,36
-71.58333333333334,-5.083333333333332,2.1848686,-1.3110423,-0.9355056,0.3165713,48,37
-71.41666666666667,-5.083333333333332,2.2059567,-1.2787067,-1.0682343,0.29767212,48,38
-71.25000000000001,-5.083333333333332,2.2816644,-1.0809138,-1.1755316,0.37703618,48,39
-71.08333333333334,-5.083333333333332,2.2368877,-1.1357032,-1.2482673,0.33678055,48,40
-70.91666666666667,-5.083333333333332,2.2708519,-1.0107313,-1.3070205,0.37338486,48,41
-70.75000000000001,-5.083333333333332,2.2966213,-0.86725223,-1.2835505,0.4350011,48,42
-70.58333333333334,-5.083333333333332,2.3656354,-0.64821875,-1.2339002,0.54654706,48,43
-70.41666666666667,-5.083333333333332,2.1852906,-0.56103975,-1.2046399,0.29497945,48,44
-70.25000000000001,-5.083333333333332,2.20961,-0.4880493,-1.0657612,0.31203425,48,45
-70.08333333333334,-5.083333333333332,2.146045,-0.6123833,-0.9686641,0.2521934,48,46
-69.91666666666667,-5.083333333333332,2.0547748,-0.7197128,-0.8452852,0.17433147,48,47
-69.75000000000001,-5.083333333333332,1.9788678,-0.8417691,-0.6846619,0.10309496,48,48
-69.58333333333334,-5.083333333333332,1.9466968,-1.0041579,-0.5136739,0.039745156,48,49
-69.41666666666667,-5.083333333333332,2.0139866,-1.0553495,-0.32858703,0.025003191,48,50
-69.25000000000001,-5.083333333333332,2.1967509,-0.9753734,-0.11452547,-0.031681344,48,51
-69.08333333333334,-5.083333333333332,2.2971978,-0.9479939,0.047857214,-0.007760885,48,52
-68.91666666666667,-5.083333333333332,2.299157,-0.9229996,0.09618152,-0.018258775,48,53
-68.75000000000001,-5.083333333333332,2.1991127,-0.97373736,0.08751765,-0.08028109,48,54
-68.58333333333334,-5.083333333333332,2.0395384,-1.0806814,0.07114154,-0.1793589,48,55
-68.41666666666667,-5.083333333333332,1.9546,-1.0203478,-0.014910357,-0.21434578,48,56
-68.25000000000001,-5.083333333333332,1.9984945,-0.7929021,-0.08520332,-0.045416243,48,57
-68.08333333333334,-5.083333333333332,1.8783567,-0.8961267,-0.13158682,-0.1487666,48,58
-67.91666666666667,-5.083333333333332,1.8598595,-0.76077104,-0.18708634,-0.12209304,48,59
-67.75000000000001,-5.083333333333332,1.8317415,-0.7257535,-0.2562428,-0.14109582,48,60
-67.58333333333334,-5.083333333333332,1.7970489,-0.5779294,-0.28398034,-0.11939881,48,61
-67.41666666666667,-5.083333333333332,1.8736365,-0.39097765,-0.31975898,-0.079201214,48,62
-67.25000000000001,-5.083333333333332,1.8970804,-0.18539645,-0.37288556,-0.028066883,48,63
-67.08333333333334,-5.083333333333332,1.9950651,0.031225555,-0.4456679,0.035376523,48,64
-66.91666666666667,-5.083333333333332,1.994652,0.12640578,-0.37690604,0.028822467,48,65
-66.75000000000001,-5.083333333333332,1.8585821,-0.04615673,-0.23161587,-0.1376328,48,66
-66.58333333333334,-5.083333333333332,1.8602633,-0.036567226,-0.06489549,-0.21502696,48,67
-66.41666666666667,-5.083333333333332,2.0717223,0.13287897,0.25342053,-0.35366467,48,68
-66.25000000000001,-5.083333333333332,2.1353426,0.2500635,0.36361828,-0.35089502,48,69
-66.08333333333334,-5.083333333333332,2.2001672,0.31559956,0.30507368,-0.36790395,48,70
-65.91666666666667,-5.083333333333332,2.254723,0.3240436,0.20776725,-0.3262809,48,71
-65.75000000000001,-5.083333333333332,2.3103855,0.3807151,0.088369995,-0.31177804,48,72
-65.58333333333334,-5.083333333333332,2.2483172,0.33065164,0.0005822296,-0.3017151,48,73
-65.41666666666667,-5.083333333333332,2.2856777,0.3795846,-0.0711632,-0.29651847,48,74
-65.25000000000001,-5.083333333333332,2.3037846,0.4824623,-0.13240327,-0.27024883,48,75
-65.08333333333334,-5.083333333333332,2.3247738,0.58290213,-0.19281785,-0.25312716,48,76
-64.91666666666667,-5.083333333333332,2.318904,0.6792228,-0.23984928,-0.22169471,48,77
-64.75000000000001,-5.083333333333332,2.29917,0.6665251,-0.2581332,-0.24109288,48,78
-64.58333333333334,-5.083333333333332,2.3146434,0.69769377,-0.26593167,-0.20896654,48,79
-64.41666666666667,-5.083333333333332,2.3426523,0.6822347,-0.1861875,-0.19784765,48,80
-64.25000000000001,-5.083333333333332,2.3646069,0.6855623,0.012396352,-0.1456177,48,81
-64.08333333333334,-5.083333333333332,2.4426744,0.66012,0.26406628,-0.10256494,48,82
-63.91666666666668,-5.083333333333332,2.4907808,0.6685314,0.30928794,-0.09273738,48,83
-63.750000000000014,-5.083333333333332,2.269371,0.9922598,-0.03853661,-0.52362925,48,84
-63.58333333333334,-5.083333333333332,2.3194344,0.86623883,-0.23635855,-0.16622008,48,85
-63.41666666666668,-5.083333333333332,2.4078865,0.6764369,-0.3881956,0.14196302,48,86
-63.250000000000014,-5.083333333333332,2.43339,0.7651017,-0.48290408,0.18286237,48,87
-63.08333333333334,-5.083333333333332,2.5826845,0.9871046,-0.5374367,0.23009793,48,88
-62.91666666666668,-5.083333333333332,2.801384,1.1687224,-0.53572476,0.37548068,48,89
-62.750000000000014,-5.083333333333332,2.7644083,1.1221356,-0.4718899,0.30479512,48,90
-62.58333333333334,-5.083333333333332,2.6187367,1.496106,-0.7253439,-0.22800028,48,91
-62.41666666666668,-5.083333333333332,2.6285696,1.5261246,-0.7166183,-0.21276197,48,92
-62.250000000000014,-5.083333333333332,2.8985476,1.604757,-0.45296854,-0.5248882,48,93
-62.08333333333334,-5.083333333333332,3.0460558,1.7643467,-0.4100636,-0.34966552,48,94
-61.91666666666668,-5.083333333333332,3.1198492,1.7974685,-0.34824404,-0.3090442,48,95
-61.750000000000014,-5.083333333333332,3.2534425,1.8903785,-0.24367455,-0.26437107,48,96
-61.58333333333334,-5.083333333333332,3.365077,1.973983,-0.1279566,-0.19816238,48,97
-61.41666666666668,-5.083333333333332,3.4927392,2.0634847,0.045293473,-0.13154371,48,98
-61.250000000000014,-5.083333333333332,3.4680429,2.0812168,0.1218767,-0.065160014,48,99
-61.08333333333334,-5.083333333333332,3.4872265,2.160785,0.23986264,-0.06309255,48,100
-60.91666666666668,-5.083333333333332,3.4670851,2.1648924,0.35384884,-0.12917283,48,101
-60.750000000000014,-5.083333333333332,3.457893,2.1796353,0.5250635,-0.1439282,48,102
-60.58333333333334,-5.083333333333332,3.3977578,2.2220597,0.6237041,-0.14537992,48,103
-60.41666666666668,-5.083333333333332,3.4557188,2.4102745,0.64636034,-0.057038587,48,104
-60.250000000000014,-5.083333333333332,3.2403479,2.3253717,0.37729916,-0.08875406,48,105
-60.08333333333334,-5.083333333333332,3.1211357,2.3749566,0.022566898,-0.038561586,48,106
-59.91666666666668,-5.083333333333332,3.0279245,2.4964051,-0.30404344,0.041624043,48,107
-59.750000000000014,-5.083333333333332,2.9086115,2.5403306,-0.50145304,0.075104244,48,108
-59.58333333333334,-5.083333333333332,2.8255832,2.607798,-0.6831447,0.113079414,48,109
-59.41666666666668,-5.083333333333332,2.79594,2.6810944,-0.7245018,0.16468945,48,110
-59.250000000000014,-5.083333333333332,2.6051533,2.5794687,-0.60700494,0.16295959,48,111
-59.08333333333334,-5.083333333333332,2.456526,2.4439368,-0.47916275,0.06913699,48,112
-58.91666666666668,-5.083333333333332,2.3735096,2.4161248,-0.36089942,0.044771712,48,113
-58.750000000000014,-5.083333333333332,2.304886,2.3857756,-0.1693102,0.020266658,48,114
-58.58333333333334,-5.083333333333332,2.3583198,2.5243015,0.011044144,0.08250716,48,115
-58.41666666666668,-5.083333333333332,2.4292648,2.6199188,0.22082658,0.19498628,48,116
-58.250000000000014,-5.083333333333332,2.2029128,2.282033,0.3418076,0.026026394,48,117
-58.08333333333334,-5.083333333333332,2.206303,2.3676615,0.45782846,0.055208184,48,118
-57.91666666666668,-5.083333333333332,2.0254974,2.0900586,0.49751782,-0.07975197,48,119
-57.750000000000014,-5.083333333333332,1.8260885,1.7853999,0.49876204,-0.29748335,48,120
-57.58333333333334,-5.083333333333332,1.9670386,2.073939,0.5039511,-0.14275455,48,121
-57.41666666666668,-5.083333333333332,2.0825438,2.2572436,0.5104316,-0.026327657,48,122
-57.250000000000014,-5.083333333333332,1.399667,1.1178294,0.33228877,-0.58662635,48,123
-57.08333333333334,-5.083333333333332,1.4767529,1.3937198,0.25354874,-0.46222627,48,124
-56.91666666666668,-5.083333333333332,1.737152,1.9709523,0.15606746,-0.18875107,48,125
-56.750000000000014,-5.083333333333332,1.781216,1.9576255,0.18933341,-0.16116005,48,126
-76.41666666666667,-5.25,2.8964567,1.0991944,-2.4729476,0.34882766,49,8
-76.25000000000001,-5.25,3.0979435,1.4607042,-2.2742999,0.543246,49,9
-76.08333333333334,-5.25,3.1847079,1.6427531,-2.1229625,0.6494776,49,10
-75.58333333333334,-5.25,2.9773524,1.4574598,-1.859518,0.6641753,49,13
-75.41666666666667,-5.25,2.9436219,1.3970685,-1.8337756,0.7290672,49,14
-75.25000000000001,-5.25,2.9475312,1.3248134,-1.775897,0.76496273,49,15
-75.08333333333334,-5.25,2.88911,1.2497485,-1.7631141,0.7886196,49,16
-74.91666666666667,-5.25,2.901827,1.2228601,-1.7996229,1.0460086,49,17
-74.75000000000001,-5.25,2.8273869,1.094653,-1.9100513,1.101198,49,18
-74.58333333333334,-5.25,2.7536266,1.0761194,-1.9977449,1.1293995,49,19
-74.41666666666667,-5.25,2.691974,1.0722133,-2.0427876,1.0321658,49,20
-74.25000000000001,-5.25,2.6267998,0.9175293,-2.0899405,0.94329095,49,21
-74.08333333333334,-5.25,2.6346886,0.67640805,-1.9603926,0.8886151,49,22
-73.91666666666667,-5.25,2.5770667,0.39986393,-1.689093,0.85460997,49,23
-73.75000000000001,-5.25,2.3869655,-0.24683294,-1.4152273,0.6236488,49,24
-73.58333333333334,-5.25,2.3103712,-0.53021014,-1.1734829,0.5407668,49,25
-73.41666666666667,-5.25,2.2457361,-0.6598266,-0.99516386,0.5046868,49,26
-73.25000000000001,-5.25,2.1762626,-0.7442826,-0.8436427,0.51243705,49,27
-73.08333333333334,-5.25,2.055068,-0.88533074,-0.6711427,0.50175625,49,28
-72.91666666666667,-5.25,2.0054424,-0.9503529,-0.56484723,0.52266574,49,29
-72.75000000000001,-5.25,1.8827959,-1.248461,-0.5107229,0.40055272,49,30
-72.58333333333334,-5.25,1.8503537,-1.3947799,-0.50092363,0.34230685,49,31
-72.41666666666667,-5.25,1.8408211,-1.5397494,-0.53286684,0.2640282,49,32
-72.25000000000001,-5.25,1.9296325,-1.4923793,-0.60473245,0.28114948,49,33
-72.08333333333334,-5.25,2.125249,-1.2312553,-0.6582527,0.40065983,49,34
-71.91666666666667,-5.25,2.0546682,-1.2808661,-0.7541891,0.3940551,49,35
-71.75000000000001,-5.25,2.037011,-1.3352456,-0.852784,0.34507698,49,36
-71.58333333333334,-5.25,1.9616295,-1.4477408,-0.9756003,0.2522445,49,37
-71.41666666666667,-5.25,2.0009234,-1.3364153,-1.0911394,0.27288902,49,38
-71.25000000000001,-5.25,2.0923026,-1.1356715,-1.146308,0.3473616,49,39
-71.08333333333334,-5.25,2.1170027,-1.0158145,-1.2265652,0.39405835,49,40
-70.91666666666667,-5.25,2.1556156,-0.8959002,-1.1983988,0.42907798,49,41
-70.75000000000001,-5.25,2.167405,-0.8015494,-1.1518649,0.47330007,49,42
-70.58333333333334,-5.25,2.010758,-0.7162008,-1.1369122,0.2270037,49,43
-70.41666666666667,-5.25,1.9747534,-0.7246427,-1.0720655,0.18765372,49,44
-70.25000000000001,-5.25,2.044074,-0.5536735,-0.9322858,0.25799176,49,45
-70.08333333333334,-5.25,1.868073,-0.88621587,-0.83605623,0.07699398,49,46
-69.91666666666667,-5.25,1.7811195,-1.0304762,-0.713652,-0.0040471223,49,47
-69.75000000000001,-5.25,1.7396749,-1.0941789,-0.5400012,-0.048661854,49,48
-69.58333333333334,-5.25,1.8067036,-1.1266319,-0.31622654,-0.03213499,49,49
-69.41666666666667,-5.25,1.9699383,-0.9652247,-0.070451654,0.06651051,49,50
-69.25000000000001,-5.25,2.0826154,-0.98906994,0.15578443,0.0716498,49,51
-69.08333333333334,-5.25,2.0953958,-1.1354413,0.35071582,0.028858522,49,52
-68.91666666666667,-5.25,2.1719992,-1.0004431,0.3845136,0.089587234,49,53
-68.75000000000001,-5.25,1.8851428,-1.26523,0.25458425,-0.112363264,49,54
-68.58333333333334,-5.25,1.8802521,-1.1883581,0.26299295,-0.22754815,49,55
-68.41666666666667,-5.25,1.7792932,-1.041006,0.10620053,-0.1265259,49,56
-68.25000000000001,-5.25,1.8234755,-0.8628783,0.059434325,-0.084388725,49,57
-68.08333333333334,-5.25,1.6834427,-0.95973504,-0.015194482,-0.18857007,49,58
-67.91666666666667,-5.25,1.7052478,-0.783953,-0.08236967,-0.13781126,49,59
-67.75000000000001,-5.25,1.6475797,-0.73419476,-0.14647488,-0.1543436,49,60
-67.58333333333334,-5.25,1.6957772,-0.49070728,-0.14850253,-0.063959144,49,61
-67.41666666666667,-5.25,1.74886,-0.30036765,-0.19680473,-0.022913449,49,62
-67.25000000000001,-5.25,1.83254,-0.0146498075,-0.2433901,0.04866463,49,63
-67.08333333333334,-5.25,1.7676018,-0.048115317,-0.2045056,-0.020897428,49,64
-66.91666666666667,-5.25,1.6587739,-0.21718168,-0.13447334,-0.16486734,49,65
-66.75000000000001,-5.25,1.7009063,-0.12065501,0.016944472,-0.17990504,49,66
-66.58333333333334,-5.25,1.7626263,-0.03641877,0.2923245,-0.1988452,49,67
-66.41666666666667,-5.25,1.905711,0.05783938,0.5653257,-0.28140402,49,68
-66.25000000000001,-5.25,1.9183939,0.05177663,0.61805654,-0.33958235,49,69
-66.08333333333334,-5.25,2.011939,0.10098446,0.53229976,-0.34757572,49,70
-65.91666666666667,-5.25,2.0774055,0.13673267,0.4227922,-0.3492848,49,71
-65.75000000000001,-5.25,2.1437,0.21627538,0.29607007,-0.2970688,49,72
-65.58333333333334,-5.25,2.17533,0.21763042,0.2273319,-0.2992905,49,73
-65.41666666666667,-5.25,2.206902,0.32140726,0.17709327,-0.26379442,49,74
-65.25000000000001,-5.25,2.229799,0.36598614,0.15686226,-0.2536941,49,75
-65.08333333333334,-5.25,2.2451656,0.4712227,0.10448917,-0.22400928,49,76
-64.91666666666667,-5.25,2.2581325,0.5112703,0.031540968,-0.22347794,49,77
-64.75000000000001,-5.25,2.254323,0.5897199,-0.037641797,-0.20372728,49,78
-64.58333333333334,-5.25,2.241452,0.62267685,-0.08751187,-0.21138029,49,79
-64.41666666666667,-5.25,2.1575565,0.8951161,-0.115602545,-0.5162026,49,80
-64.25000000000001,-5.25,2.286293,0.6873964,0.049361777,-0.1415604,49,81
-64.08333333333334,-5.25,2.3269687,0.68859184,0.2571511,-0.0903962,49,82
-63.91666666666668,-5.25,2.2803075,0.6275482,0.2781541,-0.13528399,49,83
-63.750000000000014,-5.25,2.254463,0.80872625,0.08923783,-0.123034574,49,84
-63.58333333333334,-5.25,2.2501242,0.97967696,-0.148956,-0.13521716,49,85
-63.41666666666668,-5.25,2.2468457,1.1412662,-0.31721845,-0.12797189,49,86
-63.250000000000014,-5.25,2.2508652,1.2951282,-0.4481466,-0.18679525,49,87
-63.08333333333334,-5.25,2.423625,1.5827988,-0.56850255,-0.14912497,49,88
-62.91666666666668,-5.25,2.519143,1.2255974,-0.57085496,0.2536582,49,89
-62.750000000000014,-5.25,2.2537408,1.463598,-0.65503556,-0.26989245,49,90
-62.58333333333334,-5.25,2.461676,1.6193842,-0.76795644,-0.22106095,49,91
-62.41666666666668,-5.25,2.3394933,1.5464221,-0.74589664,-0.23594567,49,92
-62.250000000000014,-5.25,2.7446294,1.7563465,-0.5227621,-0.5086633,49,93
-62.08333333333334,-5.25,2.8431232,1.8260581,-0.4852764,-0.45253223,49,94
-61.91666666666668,-5.25,2.9627016,1.9364651,-0.39351574,-0.35842225,49,95
-61.750000000000014,-5.25,3.1279118,2.0214732,-0.305441,-0.2139158,49,96
-61.58333333333334,-5.25,3.2517664,2.0727108,-0.13825229,-0.15142937,49,97
-61.41666666666668,-5.25,3.3768117,2.1365173,0.012852642,-0.10459409,49,98
-61.250000000000014,-5.25,3.4086838,2.15053,0.22469859,-0.13725303,49,99
-61.08333333333334,-5.25,3.4129484,2.1431062,0.3897861,-0.1360856,49,100
-60.91666666666668,-5.25,3.408125,2.1487205,0.5678657,-0.10685598,49,101
-60.750000000000014,-5.25,3.4452698,2.2442713,0.68791556,-0.06940462,49,102
-60.58333333333334,-5.25,3.4046807,2.31632,0.78538954,-0.06582462,49,103
-60.41666666666668,-5.25,3.3468404,2.3356905,0.7715705,-0.035117023,49,104
-60.250000000000014,-5.25,3.1580725,2.3070157,0.6421821,-0.063046336,49,105
-60.08333333333334,-5.25,3.0210223,2.3581188,0.3191247,-0.018497843,49,106
-59.91666666666668,-5.25,2.9129481,2.4512002,0.033262465,0.040892582,49,107
-59.750000000000014,-5.25,2.8223805,2.575843,-0.18684472,0.12262751,49,108
-59.58333333333334,-5.25,2.7243917,2.6539836,-0.3751247,0.15009819,49,109
-59.41666666666668,-5.25,2.630606,2.6740847,-0.39001387,0.16681457,49,110
-59.250000000000014,-5.25,2.408071,2.48374,-0.3853843,0.06705328,49,111
-59.08333333333334,-5.25,2.3916867,2.5575733,-0.2848548,0.09160146,49,112
-58.91666666666668,-5.25,2.2440963,2.407333,-0.17843093,0.0080762915,49,113
-58.750000000000014,-5.25,2.283747,2.5796862,-0.045581017,0.080187514,49,114
-58.58333333333334,-5.25,2.2866728,2.5825624,0.11392499,0.08957256,49,115
-58.41666666666668,-5.25,2.1675596,2.4192104,0.24952608,-0.004422635,49,116
-58.250000000000014,-5.25,1.9856976,2.1770384,0.3381471,-0.13521852,49,117
-58.08333333333334,-5.25,1.9745609,2.2332423,0.440519,-0.12410015,49,118
-57.91666666666668,-5.25,1.9640064,2.2056236,0.5111986,-0.12648275,49,119
-57.750000000000014,-5.25,1.7207806,1.8603164,0.5219987,-0.29248673,49,120
-57.58333333333334,-5.25,1.815311,2.0623713,0.50418663,-0.18321994,49,121
-57.41666666666668,-5.25,1.8760698,2.161402,0.53261244,-0.11794147,49,122
-57.250000000000014,-5.25,1.3863164,1.4336305,0.36524945,-0.4926376,49,123
-57.08333333333334,-5.25,1.7457714,2.1349325,0.3597304,-0.14238389,49,124
-56.91666666666668,-5.25,1.7738638,2.1666415,0.23589674,-0.11223893,49,125
-48.41666666666668,-5.25,-0.753705,3.6356158,0.26032245,-1.1041365,49,176
-48.250000000000014,-5.25,-0.93718976,3.572763,0.16483952,-1.2138631,49,177
-76.91666666666667,-5.416666666666666,-0.36868757,-3.117892,-4.419108,-2.0235515,50,5
-76.08333333333334,-5.416666666666666,3.0533297,1.7894876,-2.0592191,0.59691495,50,10
-75.25000000000001,-5.416666666666666,2.916818,1.4170985,-1.65594,0.8009639,50,15
-75.08333333333334,-5.416666666666666,2.8942032,1.3328911,-1.68366,0.8292158,50,16
-74.91666666666667,-5.416666666666666,2.883572,1.289938,-1.6793088,1.0545424,50,17
-74.75000000000001,-5.416666666666666,2.853699,1.1939167,-1.7874814,1.044088,50,18
-74.58333333333334,-5.416666666666666,2.7194963,1.1756116,-1.9966923,1.1314353,50,19
-74.41666666666667,-5.416666666666666,2.7388175,1.2469248,-2.1232038,1.1126006,50,20
-74.25000000000001,-5.416666666666666,2.5759892,0.9566982,-2.2204547,0.8995213,50,21
-74.08333333333334,-5.416666666666666,2.5349433,0.7437935,-2.0799885,0.8360511,50,22
-73.91666666666667,-5.416666666666666,2.4757009,0.44522426,-1.8059282,0.8019458,50,23
-73.75000000000001,-5.416666666666666,2.3309076,-0.07683359,-1.5245887,0.62827444,50,24
-73.58333333333334,-5.416666666666666,2.1470814,-0.56241155,-1.3469294,0.46129066,50,25
-73.41666666666667,-5.416666666666666,2.144532,-0.5679262,-1.1346284,0.5116494,50,26
-73.25000000000001,-5.416666666666666,1.997845,-0.8441571,-0.9806896,0.433496,50,27
-73.08333333333334,-5.416666666666666,1.9409134,-0.9789837,-0.7896754,0.42356253,50,28
-72.91666666666667,-5.416666666666666,1.9179873,-1.0305586,-0.6591365,0.46295863,50,29
-72.75000000000001,-5.416666666666666,1.7776892,-1.352963,-0.6152187,0.3353788,50,30
-72.58333333333334,-5.416666666666666,1.7006384,-1.5288224,-0.6220166,0.2662118,50,31
-72.41666666666667,-5.416666666666666,1.7293153,-1.5340393,-0.6057031,0.26765218,50,32
-72.25000000000001,-5.416666666666666,1.8647484,-1.3811605,-0.65143603,0.34098318,50,33
-72.08333333333334,-5.416666666666666,1.9255633,-1.322853,-0.7227003,0.39658442,50,34
-71.91666666666667,-5.416666666666666,1.7777777,-1.5484222,-0.812607,0.25912085,50,35
-71.75000000000001,-5.416666666666666,1.7621087,-1.603608,-0.88904035,0.22418761,50,36
-71.58333333333334,-5.416666666666666,1.8336219,-1.4476768,-0.9730867,0.27532566,50,37
-71.41666666666667,-5.416666666666666,1.8892301,-1.292088,-1.0612229,0.31944335,50,38
-71.25000000000001,-5.416666666666666,1.8859967,-1.2338353,-1.1339756,0.32144833,50,39
-71.08333333333334,-5.416666666666666,1.9570345,-1.0628598,-1.1284143,0.3862298,50,40
-70.91666666666667,-5.416666666666666,1.933406,-1.0094396,-1.0985498,0.37833503,50,41
-70.75000000000001,-5.416666666666666,1.8073237,-1.2040551,-1.0811319,0.2759229,50,42
-70.58333333333334,-5.416666666666666,1.7330412,-0.98408234,-1.0449059,0.06762124,50,43
-70.41666666666667,-5.416666666666666,1.8743002,-0.6518684,-0.93383217,0.21717063,50,44
-70.25000000000001,-5.416666666666666,1.7714729,-0.7908296,-0.82372147,0.11676466,50,45
-70.08333333333334,-5.416666666666666,1.6394871,-1.0507854,-0.71318847,-0.032528583,50,46
-69.91666666666667,-5.416666666666666,1.5806925,-1.2005295,-0.5749222,-0.106304646,50,47
-69.75000000000001,-5.416666666666666,1.6063238,-1.0984538,-0.3956747,-0.049596205,50,48
-69.58333333333334,-5.416666666666666,1.7460548,-0.98658663,-0.15376216,0.020724194,50,49
-69.41666666666667,-5.416666666666666,1.8240347,-1.014422,0.09868554,0.020995107,50,50
-69.25000000000001,-5.416666666666666,1.867868,-1.1765807,0.35714188,-0.014713613,50,51
-69.08333333333334,-5.416666666666666,1.9960234,-1.1625389,0.62882745,0.044292662,50,52
-68.91666666666667,-5.416666666666666,1.9468836,-1.2118917,0.6575071,-0.0017894973,50,53
-68.75000000000001,-5.416666666666666,1.7303265,-1.3112954,0.45712188,-0.14523533,50,54
-68.58333333333334,-5.416666666666666,1.7317164,-1.1161525,0.3392341,-0.09936175,50,55
-68.41666666666667,-5.416666666666666,1.7048825,-0.97749025,0.24436517,-0.08244522,50,56
-68.25000000000001,-5.416666666666666,1.5877465,-0.9988061,0.18167458,-0.14800268,50,57
-68.08333333333334,-5.416666666666666,1.5094188,-0.9529366,0.10717662,-0.1814551,50,58
-67.91666666666667,-5.416666666666666,1.5099244,-0.81596094,0.023126535,-0.17186059,50,59
-67.75000000000001,-5.416666666666666,1.485807,-0.71359503,-0.039053068,-0.16048166,50,60
-67.58333333333334,-5.416666666666666,1.6471279,-0.33660445,-0.04219319,0.0014969488,50,61
-67.41666666666667,-5.416666666666666,1.6918876,-0.15370633,-0.091392495,0.022760833,50,62
-67.25000000000001,-5.416666666666666,1.6235101,-0.134559,-0.07909102,-0.018220352,50,63
-67.08333333333334,-5.416666666666666,1.5061871,-0.27825537,-0.03700945,-0.125935,50,64
-66.91666666666667,-5.416666666666666,1.46507,-0.3377242,0.025138056,-0.2224011,50,65
-66.75000000000001,-5.416666666666666,1.5416814,-0.18952541,0.15757172,-0.20531763,50,66
-66.58333333333334,-5.416666666666666,1.6197034,-0.14211226,0.4195138,-0.2224275,50,67
-66.41666666666667,-5.416666666666666,1.7908567,-0.03693759,0.6703426,-0.28693336,50,68
-66.25000000000001,-5.416666666666666,1.8814703,0.045891035,0.72893083,-0.3012031,50,69
-66.08333333333334,-5.416666666666666,1.8978893,0.012913997,0.7115503,-0.35831,50,70
-65.91666666666667,-5.416666666666666,1.9778156,0.029303797,0.646409,-0.34845945,50,71
-65.75000000000001,-5.416666666666666,2.0376408,0.112616085,0.58141935,-0.3302377,50,72
-65.58333333333334,-5.416666666666666,2.0914912,0.15132958,0.538127,-0.29599538,50,73
-65.41666666666667,-5.416666666666666,2.1915445,0.2553366,0.43401822,-0.23312022,50,74
-65.25000000000001,-5.416666666666666,2.2017474,0.33792865,0.42202964,-0.19775882,50,75
-65.08333333333334,-5.416666666666666,2.2384694,0.37974674,0.36709145,-0.19484639,50,76
-64.91666666666667,-5.416666666666666,2.1972709,0.4176869,0.27278763,-0.22140123,50,77
-64.75000000000001,-5.416666666666666,2.1649797,0.49417737,0.1550717,-0.2059058,50,78
-64.58333333333334,-5.416666666666666,2.1899092,0.6443864,0.023745636,-0.17263693,50,79
-64.41666666666667,-5.416666666666666,2.2009132,0.77864414,-0.07705249,-0.11490671,50,80
-64.25000000000001,-5.416666666666666,2.046899,1.0514278,-0.11834849,-0.46774918,50,81
-64.08333333333334,-5.416666666666666,2.1449873,0.78264844,0.05523932,-0.13214837,50,82
-63.91666666666668,-5.416666666666666,2.0460844,1.146794,0.01745505,-0.44792837,50,83
-63.750000000000014,-5.416666666666666,2.1798236,1.021871,-0.026083264,-0.08219528,50,84
-63.58333333333334,-5.416666666666666,2.1189802,1.1224478,-0.15813094,-0.08048578,50,85
-63.41666666666668,-5.416666666666666,2.043088,1.5126137,-0.3621233,-0.46534458,50,86
-63.250000000000014,-5.416666666666666,2.207507,1.4915165,-0.44399995,-0.14259271,50,87
-63.08333333333334,-5.416666666666666,2.2163994,1.6083268,-0.5694653,-0.12575161,50,88
-62.91666666666668,-5.416666666666666,2.0843232,1.5572735,-0.639429,-0.2088009,50,89
-62.750000000000014,-5.416666666666666,2.018407,1.5553377,-0.6997092,-0.25549844,50,90
-62.58333333333334,-5.416666666666666,2.2135744,1.7843856,-0.78298235,-0.16910453,50,91
-62.41666666666668,-5.416666666666666,2.4858189,1.7988598,-0.5660479,-0.5412185,50,92
-62.250000000000014,-5.416666666666666,2.5661774,1.9073752,-0.6082873,-0.47942922,50,93
-62.08333333333334,-5.416666666666666,2.6581492,2.0077753,-0.61118937,-0.4127424,50,94
-61.91666666666668,-5.416666666666666,2.8027213,2.0878844,-0.47714332,-0.35274205,50,95
-61.750000000000014,-5.416666666666666,2.9554334,2.251457,-0.19846575,-0.22450258,50,96
-61.58333333333334,-5.416666666666666,3.1228597,2.1851091,-0.10336638,-0.21226794,50,97
-61.41666666666668,-5.416666666666666,3.243417,2.1966462,0.11540381,-0.16681118,50,98
-61.250000000000014,-5.416666666666666,3.3603742,2.3218124,0.46324444,-0.072195455,50,99
-61.08333333333334,-5.416666666666666,3.398426,2.2764666,0.62684137,-0.07753269,50,100
-60.91666666666668,-5.416666666666666,3.3485544,2.2013173,0.75085527,-0.091895215,50,101
-60.750000000000014,-5.416666666666666,3.3500407,2.301243,0.825153,-0.026702229,50,102
-60.58333333333334,-5.416666666666666,3.2490783,2.226737,0.9251638,-0.07947952,50,103
-60.41666666666668,-5.416666666666666,3.244773,2.326622,0.8917901,-0.023147468,50,104
-60.250000000000014,-5.416666666666666,3.077476,2.2945647,0.7830164,-0.04647447,50,105
-60.08333333333334,-5.416666666666666,2.9416754,2.4003727,0.5668531,0.0038416756,50,106
-59.91666666666668,-5.416666666666666,2.8398097,2.4912286,0.31359008,0.056796435,50,107
-59.750000000000014,-5.416666666666666,2.7329488,2.6267722,0.057605542,0.11069166,50,108
-59.58333333333334,-5.416666666666666,2.6010683,2.6673892,-0.062140465,0.1338542,50,109
-59.41666666666668,-5.416666666666666,2.4892106,2.662057,-0.11147602,0.14175788,50,110
-59.250000000000014,-5.416666666666666,2.324444,2.5218227,-0.145198,0.049875874,50,111
-59.08333333333334,-5.416666666666666,2.2205,2.4648,-0.09652584,0.014877064,50,112
-58.91666666666668,-5.416666666666666,2.14232,2.465362,-0.05404887,-0.0027070486,50,113
-58.750000000000014,-5.416666666666666,2.2176425,2.6684923,0.10396179,0.09578349,50,114
-58.58333333333334,-5.416666666666666,2.073902,2.4493592,0.23342821,-0.014244678,50,115
-58.41666666666668,-5.416666666666666,1.9518089,2.2882152,0.3481137,-0.10384103,50,116
-58.250000000000014,-5.416666666666666,1.8256942,2.1642876,0.4242816,-0.17863305,50,117
-58.08333333333334,-5.416666666666666,1.7696593,2.1558437,0.49728757,-0.19669141,50,118
-57.91666666666668,-5.416666666666666,1.8742111,2.278291,0.61556506,-0.12559356,50,119
-57.750000000000014,-5.416666666666666,1.6102226,1.848594,0.6013666,-0.32462457,50,120
-57.58333333333334,-5.416666666666666,1.4476798,1.6382219,0.55484754,-0.43160528,50,121
-57.41666666666668,-5.416666666666666,1.5113536,1.7922579,0.5769998,-0.347955,50,122
-57.250000000000014,-5.416666666666666,1.5366287,1.9425657,0.56641984,-0.28869587,50,123
-57.08333333333334,-5.416666666666666,1.7886416,2.3830721,0.5060179,-0.059645224,50,124
-56.91666666666668,-5.416666666666666,1.6465843,2.0912838,0.5496069,-0.19575177,50,125
-49.41666666666668,-5.416666666666666,-0.48389333,3.0675602,0.61622536,-0.9505437,50,170
-48.250000000000014,-5.416666666666666,-1.3121841,3.2883582,0.08607956,-1.2639124,50,177
-48.08333333333334,-5.416666666666666,-1.5838331,3.391348,0.1028794,-1.2707607,50,178
-47.91666666666668,-5.416666666666666,-1.7269052,3.4405155,-0.02130492,-1.3534857,50,179
-47.750000000000014,-5.416666666666666,-1.7978755,3.1386595,-0.27135006,-1.2293265,50,180
-76.75000000000001,-5.583333333333332,-0.60287315,-3.0717967,-4.267682,-2.0436552,51,6
-75.41666666666667,-5.583333333333332,2.6270547,1.0979972,-1.7665074,0.56157285,51,14
-75.25000000000001,-5.583333333333332,2.8553724,1.4184736,-1.6028655,0.82637024,51,15
-75.08333333333334,-5.583333333333332,2.9501762,1.5280296,-1.5165877,1.0945077,51,16
-74.91666666666667,-5.583333333333332,2.8829503,1.4331477,-1.4965876,1.1228781,51,17
-74.75000000000001,-5.583333333333332,2.7834828,1.4907609,-1.5955063,1.2317191,51,18
-74.58333333333334,-5.583333333333332,2.688916,1.305798,-1.8761232,1.1394737,51,19
-74.41666666666667,-5.583333333333332,2.589914,1.2034518,-2.195173,1.0792416,51,20
-74.25000000000001,-5.583333333333332,2.5120926,1.0171386,-2.2747025,0.7945163,51,21
-74.08333333333334,-5.583333333333332,2.4023361,0.7855764,-2.1365983,0.773141,51,22
-73.91666666666667,-5.583333333333332,2.3718169,0.49114797,-1.8868728,0.7333876,51,23
-73.75000000000001,-5.583333333333332,2.225996,0.012907769,-1.6428541,0.6017553,51,24
-73.58333333333334,-5.583333333333332,2.1065574,-0.34026936,-1.4344133,0.51312315,51,25
-73.41666666666667,-5.583333333333332,2.0294843,-0.5592386,-1.2240839,0.48155016,51,26
-73.25000000000001,-5.583333333333332,1.8618182,-0.89259136,-1.0908735,0.38991898,51,27
-73.08333333333334,-5.583333333333332,1.8688086,-0.9800486,-0.9184582,0.41991034,51,28
-72.91666666666667,-5.583333333333332,1.8551208,-1.0803323,-0.78665626,0.41676039,51,29
-72.75000000000001,-5.583333333333332,1.6877763,-1.443928,-0.71406424,0.26153383,51,30
-72.58333333333334,-5.583333333333332,1.7276235,-1.372992,-0.6778753,0.32382822,51,31
-72.41666666666667,-5.583333333333332,1.6888872,-1.3970096,-0.6618392,0.38063306,51,32
-72.25000000000001,-5.583333333333332,1.7088689,-1.3949034,-0.68110913,0.38496387,51,33
-72.08333333333334,-5.583333333333332,1.7664185,-1.3956767,-0.7430296,0.38211292,51,34
-71.91666666666667,-5.583333333333332,1.6689311,-1.5940056,-0.8307075,0.28294644,51,35
-71.75000000000001,-5.583333333333332,1.6059515,-1.715,-0.9060028,0.20024337,51,36
-71.58333333333334,-5.583333333333332,1.6561041,-1.5981226,-0.9969571,0.21341127,51,37
-71.41666666666667,-5.583333333333332,1.727348,-1.3844963,-1.0288982,0.29315975,51,38
-71.25000000000001,-5.583333333333332,1.7938663,-1.190573,-1.0573592,0.3543792,51,39
-71.08333333333334,-5.583333333333332,1.7328451,-1.2648201,-1.0519695,0.27831808,51,40
-70.91666666666667,-5.583333333333332,1.7058941,-1.1951227,-1.0251219,0.29369858,51,41
-70.75000000000001,-5.583333333333332,1.6463437,-1.2699412,-0.98012125,0.24617516,51,42
-70.58333333333334,-5.583333333333332,1.6612593,-0.85172594,-0.9081167,0.10599504,51,43
-70.41666666666667,-5.583333333333332,1.6811303,-0.73792386,-0.80408114,0.14355327,51,44
-70.25000000000001,-5.583333333333332,1.4732165,-1.0710112,-0.7144997,-0.06281468,51,45
-70.08333333333334,-5.583333333333332,1.4101584,-1.1198022,-0.56774366,-0.11182818,51,46
-69.91666666666667,-5.583333333333332,1.3589623,-1.2734733,-0.44285446,-0.17916168,51,47
-69.75000000000001,-5.583333333333332,1.453028,-1.1178392,-0.27068314,-0.10551271,51,48
-69.58333333333334,-5.583333333333332,1.510737,-1.1045008,-0.032200214,-0.08011083,51,49
-69.41666666666667,-5.583333333333332,1.60863,-1.119393,0.20554858,-0.06377555,51,50
-69.25000000000001,-5.583333333333332,1.7535825,-1.0250303,0.43614656,0.023112692,51,51
-69.08333333333334,-5.583333333333332,1.7682354,-1.096676,0.63953733,0.020575037,51,52
-68.91666666666667,-5.583333333333332,1.5580732,-1.4002657,0.62574005,-0.16110374,51,53
-68.75000000000001,-5.583333333333332,1.5326179,-1.2543141,0.5233921,-0.1340717,51,54
-68.58333333333334,-5.583333333333332,1.442578,-1.2229172,0.4193924,-0.17680162,51,55
-68.41666666666667,-5.583333333333332,1.5011061,-0.9716614,0.3689105,-0.09840947,51,56
-68.25000000000001,-5.583333333333332,1.346911,-1.1032906,0.24827619,-0.22105236,51,57
-68.08333333333334,-5.583333333333332,1.3498288,-0.9540925,0.21400549,-0.1994596,51,58
-67.91666666666667,-5.583333333333332,1.3196939,-0.85398495,0.123347804,-0.20306978,51,59
-67.75000000000001,-5.583333333333332,1.5021989,-0.41357568,0.07784609,-0.015616862,51,60
-67.58333333333334,-5.583333333333332,1.5375714,-0.2663247,0.04855954,0.0068166214,51,61
-67.41666666666667,-5.583333333333332,1.4167428,-0.32905862,0.0572583,-0.07827834,51,62
-67.25000000000001,-5.583333333333332,1.3556706,-0.35677534,0.07438462,-0.13984463,51,63
-67.08333333333334,-5.583333333333332,1.3471732,-0.34601697,0.10151457,-0.18410955,51,64
-66.91666666666667,-5.583333333333332,1.3630142,-0.28964758,0.19321084,-0.1857722,51,65
-66.75000000000001,-5.583333333333332,1.4207631,-0.22473034,0.27446064,-0.2000878,51,66
-66.58333333333334,-5.583333333333332,1.5869099,-0.0307007,0.48182702,-0.1441764,51,67
-66.41666666666667,-5.583333333333332,1.7244624,-0.020419484,0.7276859,-0.24217948,51,68
-66.25000000000001,-5.583333333333332,1.7990919,-0.03556842,0.80892265,-0.27527437,51,69
-66.08333333333334,-5.583333333333332,1.9239398,0.07879496,0.8651298,-0.25379694,51,70
-65.91666666666667,-5.583333333333332,1.9634342,-0.020669445,0.8520092,-0.32277128,51,71
-65.75000000000001,-5.583333333333332,1.9949558,0.035002746,0.85088044,-0.30027586,51,72
-65.58333333333334,-5.583333333333332,2.0945044,0.032406125,0.83763266,-0.26843357,51,73
-65.41666666666667,-5.583333333333332,2.12274,0.0776227,0.7733635,-0.26709598,51,74
-65.25000000000001,-5.583333333333332,2.1251192,0.09962159,0.7444402,-0.25990015,51,75
-65.08333333333334,-5.583333333333332,2.14988,0.2098096,0.67049474,-0.23555973,51,76
-64.91666666666667,-5.583333333333332,2.1882637,0.40018058,0.5453878,-0.15166774,51,77
-64.75000000000001,-5.583333333333332,2.1551032,0.5170179,0.36518365,-0.14124408,51,78
-64.58333333333334,-5.583333333333332,2.0740893,0.63305825,0.13567524,-0.14351404,51,79
-64.41666666666667,-5.583333333333332,2.0151963,0.79008543,-0.13459785,-0.15207884,51,80
-64.25000000000001,-5.583333333333332,2.1020453,1.100538,-0.24581456,-0.03440989,51,81
-64.08333333333334,-5.583333333333332,2.067883,1.430857,-0.21262403,-0.30874425,51,82
-63.91666666666668,-5.583333333333332,2.1690176,1.2267909,-0.13278227,0.015740162,51,83
-63.750000000000014,-5.583333333333332,2.1120493,1.2492732,-0.17205533,-0.02272187,51,84
-63.58333333333334,-5.583333333333332,2.084338,1.3260311,-0.24060363,-0.09481593,51,85
-63.41666666666668,-5.583333333333332,2.0662549,1.4498832,-0.3597746,-0.092754714,51,86
-63.250000000000014,-5.583333333333332,2.0414965,1.5742838,-0.46842495,-0.096416,51,87
-63.08333333333334,-5.583333333333332,1.8600264,1.4942235,-0.53363246,-0.1963958,51,88
-62.91666666666668,-5.583333333333332,1.7892411,1.4840113,-0.62635,-0.26334855,51,89
-62.750000000000014,-5.583333333333332,1.8807237,1.6917357,-0.72261566,-0.20920853,51,90
-62.58333333333334,-5.583333333333332,1.9098366,1.8021209,-0.8275881,-0.18544595,51,91
-62.41666666666668,-5.583333333333332,2.2396977,1.9641094,-0.62464815,-0.50441957,51,92
-62.250000000000014,-5.583333333333332,2.3211153,2.0778124,-0.70091575,-0.45003352,51,93
-62.08333333333334,-5.583333333333332,2.4354541,2.1724527,-0.7084865,-0.3932933,51,94
-61.91666666666668,-5.583333333333332,2.5704763,2.2240443,-0.6255045,-0.34196097,51,95
-61.750000000000014,-5.583333333333332,2.7879713,2.272477,-0.39352447,-0.27389178,51,96
-61.58333333333334,-5.583333333333332,2.9909055,2.2800786,-0.098018385,-0.1984239,51,97
-61.41666666666668,-5.583333333333332,3.182958,2.291038,0.23721293,-0.13291283,51,98
-61.250000000000014,-5.583333333333332,3.4485128,2.4707167,0.52001697,-0.005751254,51,99
-61.08333333333334,-5.583333333333332,3.4306216,2.4085143,0.69446564,3.6430625e-05,51,100
-60.91666666666668,-5.583333333333332,3.3848226,2.3603032,0.85546064,-0.006425524,51,101
-60.750000000000014,-5.583333333333332,3.2685068,2.346439,1.0093085,-0.0135434605,51,102
-60.58333333333334,-5.583333333333332,3.144065,2.2855053,1.068651,-0.058496293,51,103
-60.41666666666668,-5.583333333333332,3.0924976,2.3466558,1.0096909,-0.010408724,51,104
-60.250000000000014,-5.583333333333332,2.9628997,2.350548,0.8926576,-0.0012902748,51,105
-60.08333333333334,-5.583333333333332,2.8263211,2.4214995,0.74805224,0.020925289,51,106
-59.91666666666668,-5.583333333333332,2.713352,2.5274725,0.4935253,0.06186665,51,107
-59.750000000000014,-5.583333333333332,2.5371237,2.5252984,0.31170118,0.04636685,51,108
-59.58333333333334,-5.583333333333332,2.498443,2.7074199,0.15456146,0.118753195,51,109
-59.41666666666668,-5.583333333333332,2.316051,2.5916495,0.070669904,0.05910665,51,110
-59.250000000000014,-5.583333333333332,2.1778271,2.568455,0.019528868,0.02927131,51,111
-59.08333333333334,-5.583333333333332,2.027136,2.4264371,0.036973596,-0.04612425,51,112
-58.91666666666668,-5.583333333333332,2.0041318,2.4849348,0.095881745,-0.034029424,51,113
-58.750000000000014,-5.583333333333332,2.0441198,2.6010509,0.24103326,0.020538481,51,114
-58.58333333333334,-5.583333333333332,1.9231874,2.4373348,0.33397633,-0.05836559,51,115
-58.41666666666668,-5.583333333333332,1.8056622,2.2871702,0.46741363,-0.12771074,51,116
-58.250000000000014,-5.583333333333332,1.5713321,1.9667202,0.51829904,-0.30400988,51,117
-58.08333333333334,-5.583333333333332,1.5238142,1.9793029,0.591373,-0.31599736,51,118
-57.91666666666668,-5.583333333333332,1.7238489,2.2444615,0.73301226,-0.16907065,51,119
-57.750000000000014,-5.583333333333332,1.4871207,1.8669486,0.7280147,-0.34676164,51,120
-57.58333333333334,-5.583333333333332,1.3649895,1.7254785,0.71953243,-0.4180002,51,121
-57.41666666666668,-5.583333333333332,1.6024747,2.1857731,0.75260067,-0.19719736,51,122
-57.250000000000014,-5.583333333333332,1.6695107,2.3042212,0.6802919,-0.13939597,51,123
-57.08333333333334,-5.583333333333332,1.6862227,2.3890598,0.72544533,-0.09086289,51,124
-48.08333333333334,-5.583333333333332,-1.6305286,3.4090602,0.0674314,-1.2610241,51,178
-47.91666666666668,-5.583333333333332,-2.2014778,3.0230203,0.0011083826,-1.5036297,51,179
-47.750000000000014,-5.583333333333332,-2.4079847,2.4738486,-0.26910162,-1.5072634,51,180
-47.58333333333334,-5.583333333333332,-2.4170785,2.8742697,-0.30597407,-1.3405656,51,181
-76.25000000000001,-5.75,2.6322296,1.8525796,-2.1111393,0.51043123,52,9
-75.25000000000001,-5.75,2.8217533,1.533144,-1.4562776,0.8495597,52,15
-75.08333333333334,-5.75,2.9178574,1.6218207,-1.2973498,1.1223434,52,16
-74.91666666666667,-5.75,2.8610582,1.4090841,-1.2695042,1.1167451,52,17
-74.75000000000001,-5.75,2.7673025,1.4445388,-1.3480657,1.1291472,52,18
-74.58333333333334,-5.75,2.5743356,1.3006562,-1.8117518,1.0868446,52,19
-74.41666666666667,-5.75,2.451359,1.1639451,-2.1646442,0.82327116,52,20
-74.25000000000001,-5.75,2.3768141,1.0204641,-2.2346544,0.7436536,52,21
-74.08333333333334,-5.75,2.3026958,0.82068664,-2.0909097,0.71170825,52,22
-73.91666666666667,-5.75,2.2361417,0.58311504,-1.8441628,0.71967655,52,23
-73.75000000000001,-5.75,2.104681,0.09264556,-1.6562924,0.5748824,52,24
-73.58333333333334,-5.75,1.979708,-0.28524262,-1.5032861,0.50027716,52,25
-73.41666666666667,-5.75,1.807601,-0.73587316,-1.3408017,0.3646585,52,26
-73.25000000000001,-5.75,1.7316926,-0.93783903,-1.1806276,0.34156847,52,27
-73.08333333333334,-5.75,1.7882572,-0.94641024,-1.0482204,0.40762025,52,28
-72.91666666666667,-5.75,1.6825484,-1.1739353,-0.9148978,0.3535899,52,29
-72.75000000000001,-5.75,1.5985426,-1.3587825,-0.8599688,0.34629825,52,30
-72.58333333333334,-5.75,1.5775888,-1.466856,-0.7687356,0.31905094,52,31
-72.41666666666667,-5.75,1.60377,-1.4522297,-0.747581,0.3447745,52,32
-72.25000000000001,-5.75,1.5127902,-1.624484,-0.8013048,0.26333928,52,33
-72.08333333333334,-5.75,1.6317006,-1.4651166,-0.7959063,0.35779113,52,34
-71.91666666666667,-5.75,1.5625557,-1.613141,-0.8754157,0.28545672,52,35
-71.75000000000001,-5.75,1.4371339,-1.8626208,-0.9664556,0.13628815,52,36
-71.58333333333334,-5.75,1.4637169,-1.7284086,-1.0235496,0.18034327,52,37
-71.41666666666667,-5.75,1.6144564,-1.378732,-1.0317897,0.31479588,52,38
-71.25000000000001,-5.75,1.4580587,-1.549102,-1.0436305,0.18615322,52,39
-71.08333333333334,-5.75,1.5027866,-1.4389304,-1.0095496,0.2157954,52,40
-70.91666666666667,-5.75,1.4831483,-1.4310857,-0.9739758,0.18914673,52,41
-70.75000000000001,-5.75,1.4678057,-1.0739369,-0.9332383,0.009964218,52,42
-70.58333333333334,-5.75,1.390324,-1.1142578,-0.83313924,-0.05403265,52,43
-70.41666666666667,-5.75,1.4504334,-0.89391536,-0.69250244,0.034294132,52,44
-70.25000000000001,-5.75,1.2248473,-1.2430279,-0.60956013,-0.18246634,52,45
-70.08333333333334,-5.75,1.1812437,-1.1984667,-0.45108122,-0.16867787,52,46
-69.91666666666667,-5.75,1.1252971,-1.3134328,-0.3374855,-0.22983386,52,47
-69.75000000000001,-5.75,1.1696389,-1.2662055,-0.1880829,-0.21398424,52,48
-69.58333333333334,-5.75,1.31139,-1.1078341,0.032815184,-0.1302872,52,49
-69.41666666666667,-5.75,1.4717317,-0.93736464,0.27089146,-0.026654419,52,50
-69.25000000000001,-5.75,1.4494311,-1.0656768,0.43619567,-0.06574162,52,51
-69.08333333333334,-5.75,1.343623,-1.3401558,0.5304787,-0.18341574,52,52
-68.91666666666667,-5.75,1.3096564,-1.3532555,0.54401183,-0.20214432,52,53
-68.75000000000001,-5.75,1.2884963,-1.3101417,0.49900585,-0.20555957,52,54
-68.58333333333334,-5.75,1.2402382,-1.1831076,0.4412636,-0.19533311,52,55
-68.41666666666667,-5.75,1.2714114,-0.9796767,0.40280938,-0.12816192,52,56
-68.25000000000001,-5.75,1.1470215,-1.0349035,0.32380542,-0.21705563,52,57
-68.08333333333334,-5.75,1.1130426,-0.96341985,0.26793742,-0.22957255,52,58
-67.91666666666667,-5.75,1.2333634,-0.59881186,0.24239132,-0.08490968,52,59
-67.75000000000001,-5.75,1.3668154,-0.30472633,0.16779275,0.027187327,52,60
-67.58333333333334,-5.75,1.2338682,-0.44166416,0.14978243,-0.09407698,52,61
-67.41666666666667,-5.75,1.1619409,-0.4749481,0.14977166,-0.15855378,52,62
-67.25000000000001,-5.75,1.1689292,-0.43742797,0.18490681,-0.17443295,52,63
-67.08333333333334,-5.75,1.2175459,-0.33380532,0.23322076,-0.17989984,52,64
-66.91666666666667,-5.75,1.3274441,-0.20500974,0.29402405,-0.13561845,52,65
-66.75000000000001,-5.75,1.3929813,-0.1067641,0.37789366,-0.12815201,52,66
-66.58333333333334,-5.75,1.4922903,-0.11829501,0.6120733,-0.24264285,52,67
-66.41666666666667,-5.75,1.5843385,-0.12027763,0.76666105,-0.2652362,52,68
-66.25000000000001,-5.75,1.6919229,-0.04802589,0.8994281,-0.26043394,52,69
-66.08333333333334,-5.75,1.7770468,-0.07073468,0.982632,-0.27749947,52,70
-65.91666666666667,-5.75,1.9377869,0.08932578,1.0469314,-0.2076998,52,71
-65.75000000000001,-5.75,2.0268905,0.075876,1.0928271,-0.2134335,52,72
-65.58333333333334,-5.75,2.1426232,0.09742581,1.1378341,-0.17764786,52,73
-65.41666666666667,-5.75,2.1557827,0.058210824,1.1630656,-0.18837547,52,74
-65.25000000000001,-5.75,2.188055,0.06657156,1.1218925,-0.19159468,52,75
-65.08333333333334,-5.75,2.2101982,0.1358978,1.0660175,-0.19169441,52,76
-64.91666666666667,-5.75,2.121376,0.16132487,0.91225034,-0.21504828,52,77
-64.75000000000001,-5.75,2.0507867,0.33590296,0.6683477,-0.2088932,52,78
-64.58333333333334,-5.75,2.0078533,0.6292582,0.3127755,-0.16031219,52,79
-64.41666666666667,-5.75,2.0588837,1.0524381,-0.08244799,-0.012344945,52,80
-64.25000000000001,-5.75,1.9562126,1.1782098,-0.23075074,-0.025874272,52,81
-64.08333333333334,-5.75,1.8359358,1.1606597,-0.1845726,-0.06204318,52,82
-63.91666666666668,-5.75,1.6692502,1.4227117,-0.21466896,-0.4439708,52,83
-63.750000000000014,-5.75,1.7419485,1.5827807,-0.2711884,-0.42363253,52,84
-63.58333333333334,-5.75,1.6900764,1.5789511,-0.3275882,-0.44305244,52,85
-63.41666666666668,-5.75,1.6424469,1.6501248,-0.3863466,-0.47017273,52,86
-63.250000000000014,-5.75,1.7330196,1.8249433,-0.5104993,-0.43884525,52,87
-63.08333333333334,-5.75,1.515532,1.69147,-0.58355135,-0.53075457,52,88
-62.91666666666668,-5.75,1.5189607,1.788836,-0.6732154,-0.5211508,52,89
-62.750000000000014,-5.75,1.6752149,1.7401308,-0.74972856,-0.20154072,52,90
-62.58333333333334,-5.75,1.66199,1.8479261,-0.8582617,-0.18721172,52,91
-62.41666666666668,-5.75,2.0155778,2.0671031,-0.7105265,-0.49359623,52,92
-62.250000000000014,-5.75,2.0811377,2.2056224,-0.79174083,-0.43166658,52,93
-62.08333333333334,-5.75,2.1676064,2.3210914,-0.85148215,-0.3884378,52,94
-61.91666666666668,-5.75,2.323225,2.4006617,-0.8005089,-0.32017222,52,95
-61.750000000000014,-5.75,2.5501986,2.3872573,-0.50630784,-0.25167868,52,96
-61.58333333333334,-5.75,2.843847,2.3576362,-0.11326519,-0.1811688,52,97
-61.41666666666668,-5.75,3.1519501,2.4365747,0.38912278,-0.054587685,52,98
-61.250000000000014,-5.75,3.3112047,2.4727514,0.80262995,0.031497706,52,99
-61.08333333333334,-5.75,3.288961,2.3299134,0.86739063,-0.026737027,52,100
-60.91666666666668,-5.75,3.212388,2.3223972,1.0095861,-0.015792878,52,101
-60.750000000000014,-5.75,3.1189141,2.3658328,1.1626089,0.007016135,52,102
-60.58333333333334,-5.75,3.0183887,2.346179,1.1705215,-0.0038921959,52,103
-60.41666666666668,-5.75,2.9042606,2.3083405,1.1332315,-0.024982087,52,104
-60.250000000000014,-5.75,2.8751853,2.4025903,1.0055218,0.04250567,52,105
-60.08333333333334,-5.75,2.6740737,2.4338682,0.8910922,0.041779388,52,106
-59.91666666666668,-5.75,2.54081,2.4851317,0.6361814,0.041515596,52,107
-59.750000000000014,-5.75,2.321235,2.4600148,0.44793057,0.003530899,52,108
-59.58333333333334,-5.75,2.3727272,2.7499878,0.3077728,0.12598877,52,109
-59.41666666666668,-5.75,2.2450871,2.728411,0.22341356,0.08790462,52,110
-59.250000000000014,-5.75,2.0981967,2.6917322,0.16755974,0.061665405,52,111
-59.08333333333334,-5.75,1.9256319,2.5265203,0.1684487,-0.04025618,52,112
-58.91666666666668,-5.75,1.8024522,2.4287302,0.22488382,-0.11289928,52,113
-58.750000000000014,-5.75,1.8178821,2.5326812,0.33355483,-0.07022615,52,114
-58.58333333333334,-5.75,1.7448465,2.4544063,0.4431256,-0.106285475,52,115
-58.41666666666668,-5.75,1.5701737,2.205094,0.54773283,-0.23047678,52,116
-58.250000000000014,-5.75,1.3222373,1.7904999,0.61754966,-0.4395614,52,117
-58.08333333333334,-5.75,1.4712343,2.0784445,0.7407232,-0.30012122,52,118
-57.91666666666668,-5.75,1.5067992,2.1150672,0.83330154,-0.2700909,52,119
-57.750000000000014,-5.75,1.4356493,2.0254,0.85288006,-0.32301947,52,120
-57.58333333333334,-5.75,1.7217929,2.5697792,0.9392784,-0.055262916,52,121
-57.41666666666668,-5.75,1.7595614,2.654952,0.8671642,-0.01384724,52,122
-49.41666666666668,-5.75,-0.8874824,2.8039253,0.26968387,-1.1005998,52,170
-48.250000000000014,-5.75,-1.5587306,3.28883,-0.05813822,-1.2453675,52,177
-48.08333333333334,-5.75,-1.9813696,2.9451742,-0.023087028,-1.4792148,52,178
-47.91666666666668,-5.75,-2.4112415,2.3252423,-0.101430856,-1.4908537,52,179
-76.25000000000001,-5.916666666666666,2.6204424,2.063519,-1.8510848,0.6598662,53,9
-75.25000000000001,-5.916666666666666,2.776792,1.6254448,-1.3411249,0.91174674,53,15
-75.08333333333334,-5.916666666666666,2.8314729,1.641815,-1.1125926,1.1289912,53,16
-74.91666666666667,-5.916666666666666,2.8125286,1.4721222,-0.96866125,1.1347849,53,17
-74.75000000000001,-5.916666666666666,2.707075,1.3969909,-1.1951246,1.0800083,53,18
-74.58333333333334,-5.916666666666666,2.5087419,1.3098419,-1.669097,1.0735,53,19
-74.41666666666667,-5.916666666666666,2.3281417,1.1565477,-1.943526,0.82064193,53,20
-74.25000000000001,-5.916666666666666,2.2522972,1.0447168,-2.0079393,0.77666223,53,21
-74.08333333333334,-5.916666666666666,2.1466482,0.7640406,-1.9745376,0.717926,53,22
-73.91666666666667,-5.916666666666666,2.003627,0.39739314,-1.7912605,0.64558065,53,23
-73.75000000000001,-5.916666666666666,1.9342803,0.084089234,-1.6381637,0.5848919,53,24
-73.58333333333334,-5.916666666666666,1.8174219,-0.3094977,-1.5042613,0.4951613,53,25
-73.41666666666667,-5.916666666666666,1.623545,-0.7793366,-1.3963056,0.3491078,53,26
-73.25000000000001,-5.916666666666666,1.6378542,-0.8894969,-1.2511399,0.40527087,53,27
-73.08333333333334,-5.916666666666666,1.5796534,-1.0754979,-1.1310089,0.38479868,53,28
-72.91666666666667,-5.916666666666666,1.439324,-1.3265274,-1.0200003,0.3121414,53,29
-72.75000000000001,-5.916666666666666,1.3892039,-1.552838,-0.9646708,0.24296217,53,30
-72.58333333333334,-5.916666666666666,1.4554217,-1.4691359,-0.8864468,0.3188844,53,31
-72.41666666666667,-5.916666666666666,1.404738,-1.6419746,-0.8587542,0.2502755,53,32
-72.25000000000001,-5.916666666666666,1.4544034,-1.5882851,-0.8770912,0.29808667,53,33
-72.08333333333334,-5.916666666666666,1.4692136,-1.5704072,-0.8763387,0.32312202,53,34
-71.91666666666667,-5.916666666666666,1.3359784,-1.8434443,-0.924917,0.18928747,53,35
-71.75000000000001,-5.916666666666666,1.419506,-1.7436426,-0.9457161,0.22678615,53,36
-71.58333333333334,-5.916666666666666,1.4368476,-1.5407354,-1.015127,0.30087432,53,37
-71.41666666666667,-5.916666666666666,1.3391734,-1.6409739,-1.0484495,0.20111512,53,38
-71.25000000000001,-5.916666666666666,1.2780765,-1.6929947,-1.0217313,0.14304334,53,39
-71.08333333333334,-5.916666666666666,1.329711,-1.5330546,-0.96843624,0.20773931,53,40
-70.91666666666667,-5.916666666666666,1.3034555,-1.4577531,-0.92237353,0.18881755,53,41
-70.75000000000001,-5.916666666666666,1.1345795,-1.3709713,-0.90044963,-0.16135634,53,42
-70.58333333333334,-5.916666666666666,1.2641563,-1.0472076,-0.74493146,-0.033966295,53,43
-70.41666666666667,-5.916666666666666,1.1233274,-1.1351392,-0.6273056,-0.12152884,53,44
-70.25000000000001,-5.916666666666666,0.9246171,-1.3948348,-0.52387136,-0.28605825,53,45
-70.08333333333334,-5.916666666666666,0.94511557,-1.3036021,-0.3801127,-0.26624963,53,46
-69.91666666666667,-5.916666666666666,1.0140576,-1.1694453,-0.2566731,-0.21043587,53,47
-69.75000000000001,-5.916666666666666,1.1475234,-0.97333694,-0.07364582,-0.12374111,53,48
-69.58333333333334,-5.916666666666666,1.1732981,-0.92783415,0.09404178,-0.09540577,53,49
-69.41666666666667,-5.916666666666666,1.2093065,-0.9432386,0.24829592,-0.08639882,53,50
-69.25000000000001,-5.916666666666666,1.0764974,-1.2594515,0.34296554,-0.22997724,53,51
-69.08333333333334,-5.916666666666666,1.0549726,-1.3739624,0.4207794,-0.27111873,53,52
-68.91666666666667,-5.916666666666666,1.048903,-1.2804077,0.45439398,-0.23677033,53,53
-68.75000000000001,-5.916666666666666,1.0641459,-1.2221044,0.43237522,-0.21869028,53,54
-68.58333333333334,-5.916666666666666,1.031726,-1.1115118,0.41385913,-0.200417,53,55
-68.41666666666667,-5.916666666666666,0.9886139,-1.0378287,0.39697868,-0.20082913,53,56
-68.25000000000001,-5.916666666666666,0.90962535,-1.0472391,0.3451299,-0.2425935,53,57
-68.08333333333334,-5.916666666666666,0.92472607,-0.9361815,0.30901182,-0.23064506,53,58
-67.91666666666667,-5.916666666666666,1.0941145,-0.4890068,0.3054159,-0.050644636,53,59
-67.75000000000001,-5.916666666666666,1.1002693,-0.37707698,0.22235794,-0.044857807,53,60
-67.58333333333334,-5.916666666666666,0.91895115,-0.64015687,0.16262884,-0.20653464,53,61
-67.41666666666667,-5.916666666666666,0.97196925,-0.49001974,0.20684074,-0.18353274,53,62
-67.25000000000001,-5.916666666666666,1.0313394,-0.36181796,0.2549936,-0.14719173,53,63
-67.08333333333334,-5.916666666666666,1.106207,-0.29329893,0.30241343,-0.15694612,53,64
-66.91666666666667,-5.916666666666666,1.1781776,-0.23963667,0.38500342,-0.15290812,53,65
-66.75000000000001,-5.916666666666666,1.2133923,-0.22338028,0.4419687,-0.16523066,53,66
-66.58333333333334,-5.916666666666666,1.3670176,-0.20923176,0.6404191,-0.2823821,53,67
-66.41666666666667,-5.916666666666666,1.4620757,-0.18045482,0.8062896,-0.2702794,53,68
-66.25000000000001,-5.916666666666666,1.5451661,-0.20596886,0.9316738,-0.30756536,53,69
-66.08333333333334,-5.916666666666666,1.6446077,-0.1962035,1.0647633,-0.29970694,53,70
-65.91666666666667,-5.916666666666666,1.7481188,-0.14676537,1.1897807,-0.2814027,53,71
-65.75000000000001,-5.916666666666666,1.8728299,-0.15446562,1.2586439,-0.25247476,53,72
-65.58333333333334,-5.916666666666666,1.9562557,-0.1502379,1.395048,-0.23845887,53,73
-65.41666666666667,-5.916666666666666,2.1148546,-0.048634354,1.4827758,-0.17454307,53,74
-65.25000000000001,-5.916666666666666,2.1834188,-0.050777193,1.5094941,-0.16342454,53,75
-65.08333333333334,-5.916666666666666,2.2553737,0.030459186,1.4936064,-0.13557047,53,76
-64.91666666666667,-5.916666666666666,2.251913,0.21234971,1.3905594,-0.07821585,53,77
-64.75000000000001,-5.916666666666666,2.1834886,0.4753847,1.0926164,-0.03811117,53,78
-64.58333333333334,-5.916666666666666,2.0708783,0.7943455,0.6550775,-0.01640327,53,79
-64.41666666666667,-5.916666666666666,1.9375483,0.9880162,0.22824462,-0.037568342,53,80
-64.25000000000001,-5.916666666666666,1.6941854,1.0586565,0.0029506441,-0.10990404,53,81
-64.08333333333334,-5.916666666666666,1.5517032,1.087076,-0.08677485,-0.13526736,53,82
-63.91666666666668,-5.916666666666666,1.4504893,1.5318376,-0.19264778,-0.43366143,53,83
-63.750000000000014,-5.916666666666666,1.4024792,1.5011277,-0.24401203,-0.49145824,53,84
-63.58333333333334,-5.916666666666666,1.3486366,1.4765403,-0.3074977,-0.52919126,53,85
-63.41666666666668,-5.916666666666666,1.4139361,1.6693934,-0.36713064,-0.487775,53,86
-63.250000000000014,-5.916666666666666,1.4197388,1.7726169,-0.47484022,-0.48055112,53,87
-63.08333333333334,-5.916666666666666,1.3237303,1.7433989,-0.5692587,-0.52472466,53,88
-62.91666666666668,-5.916666666666666,1.3161052,1.8364927,-0.678104,-0.5211161,53,89
-62.750000000000014,-5.916666666666666,1.4428552,1.7722943,-0.7491687,-0.19233777,53,90
-62.58333333333334,-5.916666666666666,1.425949,1.8723956,-0.88876826,-0.19447629,53,91
-62.41666666666668,-5.916666666666666,1.807165,2.1262977,-0.76264715,-0.48844603,53,92
-62.250000000000014,-5.916666666666666,1.8543845,2.2865927,-0.90732086,-0.43146405,53,93
-62.08333333333334,-5.916666666666666,1.896473,2.4299593,-1.029906,-0.37145966,53,94
-61.91666666666668,-5.916666666666666,2.034229,2.522696,-0.99585027,-0.3152783,53,95
-61.750000000000014,-5.916666666666666,2.3966482,2.6972573,-0.6640684,-0.15728925,53,96
-61.58333333333334,-5.916666666666666,2.8190076,2.6947622,-0.17255563,-0.07313656,53,97
-61.41666666666668,-5.916666666666666,3.0573764,2.5082543,0.45211667,-0.038621996,53,98
-61.250000000000014,-5.916666666666666,3.118622,2.3915434,0.94306743,-0.029102243,53,99
-61.08333333333334,-5.916666666666666,3.1276016,2.314943,1.0535257,-0.038286224,53,100
-60.91666666666668,-5.916666666666666,3.0488162,2.3232214,1.1718102,-0.016803442,53,101
-60.750000000000014,-5.916666666666666,2.9631536,2.3180346,1.2447386,-0.01735249,53,102
-60.58333333333334,-5.916666666666666,2.8535037,2.3340855,1.2581366,-0.01232618,53,103
-60.41666666666668,-5.916666666666666,2.7333014,2.3090158,1.2062523,-0.014898494,53,104
-60.250000000000014,-5.916666666666666,2.71973,2.443673,1.1430316,0.06683645,53,105
-60.08333333333334,-5.916666666666666,2.5397496,2.4729931,0.9790831,0.050373223,53,106
-59.91666666666668,-5.916666666666666,2.2595766,2.3739958,0.7637511,-0.017762626,53,107
-59.750000000000014,-5.916666666666666,2.0964816,2.4138,0.5252643,-0.050043337,53,108
-59.58333333333334,-5.916666666666666,2.0672283,2.6276422,0.40205553,0.018461797,53,109
-59.41666666666668,-5.916666666666666,1.985184,2.6365855,0.28694305,0.005518432,53,110
-59.250000000000014,-5.916666666666666,1.8687458,2.613469,0.22360045,-0.017660785,53,111
-59.08333333333334,-5.916666666666666,1.8118645,2.6384616,0.26096836,-0.02361597,53,112
-58.91666666666668,-5.916666666666666,1.6254201,2.445438,0.34577844,-0.14362562,53,113
-58.750000000000014,-5.916666666666666,1.593699,2.457328,0.45831555,-0.14463969,53,114
-58.58333333333334,-5.916666666666666,1.5516474,2.4243457,0.557294,-0.1588092,53,115
-58.41666666666668,-5.916666666666666,1.3555683,2.1156168,0.65673596,-0.31034502,53,116
-58.250000000000014,-5.916666666666666,1.188847,1.8036712,0.7200839,-0.47070763,53,117
-58.08333333333334,-5.916666666666666,1.3520552,2.1005998,0.8701808,-0.3284466,53,118
-57.91666666666668,-5.916666666666666,1.3341398,2.0359333,0.9472253,-0.35435212,53,119
-57.750000000000014,-5.916666666666666,1.4693458,2.334274,1.0211747,-0.21824536,53,120
-57.58333333333334,-5.916666666666666,1.6955359,2.690626,1.0132,-0.03166336,53,121
-49.58333333333334,-5.916666666666666,-1.6885551,1.5496255,0.04088403,-1.7124859,53,169
-49.41666666666668,-5.916666666666666,-1.1007954,2.8610122,0.20121993,-1.0691657,53,170
-47.91666666666668,-5.916666666666666,-2.6330993,2.1745458,-0.028275533,-1.4976696,53,179
-75.25000000000001,-6.083333333333332,2.7243478,1.7166923,-1.2698154,0.9345922,54,15
-75.08333333333334,-6.083333333333332,2.7264338,1.6461316,-1.0978422,0.95499223,54,16
-74.91666666666667,-6.083333333333332,2.6820931,1.439626,-0.8924722,0.9616285,54,17
-74.75000000000001,-6.083333333333332,2.5483263,1.3117454,-1.164721,0.8837379,54,18
-74.58333333333334,-6.083333333333332,2.3823593,1.2370327,-1.4877051,0.89626354,54,19
-74.41666666666667,-6.083333333333332,2.300952,1.1640108,-1.7275301,0.85195833,54,20
-74.25000000000001,-6.083333333333332,2.2787454,1.2085712,-1.7416979,0.91503996,54,21
-74.08333333333334,-6.083333333333332,2.039569,0.78172785,-1.7768005,0.7511929,54,22
-73.91666666666667,-6.083333333333332,1.8062904,0.1778596,-1.742075,0.5207353,54,23
-73.75000000000001,-6.083333333333332,1.7286865,-0.118189454,-1.6163129,0.47945243,54,24
-73.58333333333334,-6.083333333333332,1.7001051,-0.33231944,-1.4879907,0.4696418,54,25
-73.41666666666667,-6.083333333333332,1.4904174,-0.83792067,-1.3880607,0.31803656,54,26
-73.25000000000001,-6.083333333333332,1.4996598,-0.896855,-1.2644222,0.40278915,54,27
-73.08333333333334,-6.083333333333332,1.299205,-1.2973613,-1.2057749,0.25766084,54,28
-72.91666666666667,-6.083333333333332,1.2403969,-1.4970522,-1.1052382,0.21176699,54,29
-72.75000000000001,-6.083333333333332,1.2654895,-1.5327709,-1.0229254,0.25012228,54,30
-72.58333333333334,-6.083333333333332,1.2444786,-1.6069235,-0.9722355,0.25770476,54,31
-72.41666666666667,-6.083333333333332,1.2724001,-1.6772362,-0.92076284,0.2614265,54,32
-72.25000000000001,-6.083333333333332,1.2843736,-1.7096853,-0.9309384,0.2715133,54,33
-72.08333333333334,-6.083333333333332,1.2978635,-1.7096992,-0.92529905,0.27599669,54,34
-71.91666666666667,-6.083333333333332,1.1365169,-1.9834522,-0.9724452,0.12628673,54,35
-71.75000000000001,-6.083333333333332,1.1956422,-1.8372542,-0.97765464,0.2039612,54,36
-71.58333333333334,-6.083333333333332,1.1968738,-1.6776636,-1.0202385,0.25837103,54,37
-71.41666666666667,-6.083333333333332,1.0642837,-1.8793682,-1.0504096,0.1105499,54,38
-71.25000000000001,-6.083333333333332,1.0996076,-1.7820879,-1.007692,0.12975745,54,39
-71.08333333333334,-6.083333333333332,1.0922719,-1.6715785,-0.9504692,0.1513305,54,40
-70.91666666666667,-6.083333333333332,0.9915307,-1.7636417,-0.90428036,0.056762468,54,41
-70.75000000000001,-6.083333333333332,1.02272,-1.2831945,-0.8383959,-0.1165149,54,42
-70.58333333333334,-6.083333333333332,1.0438002,-1.1172135,-0.6992727,-0.07579038,54,43
-70.41666666666667,-6.083333333333332,0.795138,-1.4609269,-0.61492556,-0.2981886,54,44
-70.25000000000001,-6.083333333333332,0.7536096,-1.4157708,-0.44885364,-0.3174836,54,45
-70.08333333333334,-6.083333333333332,0.72365546,-1.4087453,-0.30737677,-0.34525523,54,46
-69.91666666666667,-6.083333333333332,0.8545721,-1.1614407,-0.20461284,-0.25411722,54,47
-69.75000000000001,-6.083333333333332,0.9467136,-0.9914957,-0.014538186,-0.18466839,54,48
-69.58333333333334,-6.083333333333332,0.9490208,-0.9615733,0.0954781,-0.1845685,54,49
-69.41666666666667,-6.083333333333332,0.88881725,-1.0650622,0.19266489,-0.2295687,54,50
-69.25000000000001,-6.083333333333332,0.78009593,-1.3239306,0.24501571,-0.3398067,54,51
-69.08333333333334,-6.083333333333332,0.8225215,-1.2678461,0.33034965,-0.29658672,54,52
-68.91666666666667,-6.083333333333332,0.83517957,-1.1657252,0.37009692,-0.2506883,54,53
-68.75000000000001,-6.083333333333332,0.79711705,-1.2031525,0.39741486,-0.2702974,54,54
-68.58333333333334,-6.083333333333332,0.77659297,-1.1121761,0.380874,-0.24183062,54,55
-68.41666666666667,-6.083333333333332,0.72512275,-1.0502524,0.3801635,-0.23543881,54,56
-68.25000000000001,-6.083333333333332,0.6852718,-1.0105753,0.34426782,-0.25303918,54,57
-68.08333333333334,-6.083333333333332,0.7781536,-0.7325099,0.31531453,-0.17149402,54,58
-67.91666666666667,-6.083333333333332,0.93673074,-0.37837902,0.25324464,-0.045328755,54,59
-67.75000000000001,-6.083333333333332,0.8587425,-0.44115075,0.22721687,-0.10776496,54,60
-67.58333333333334,-6.083333333333332,0.76861656,-0.5836236,0.19807374,-0.20984541,54,61
-67.41666666666667,-6.083333333333332,0.797281,-0.47388542,0.23478031,-0.19334438,54,62
-67.25000000000001,-6.083333333333332,0.8420665,-0.40440416,0.28660792,-0.19273455,54,63
-67.08333333333334,-6.083333333333332,0.9414671,-0.31684402,0.35938147,-0.17259634,54,64
-66.91666666666667,-6.083333333333332,1.0932906,-0.29941988,0.48062086,-0.26773176,54,65
-66.75000000000001,-6.083333333333332,1.1481107,-0.30686358,0.5688688,-0.29340395,54,66
-66.58333333333334,-6.083333333333332,1.2430993,-0.2420828,0.6608603,-0.28628585,54,67
-66.41666666666667,-6.083333333333332,1.3320991,-0.23561728,0.8208019,-0.28769794,54,68
-66.25000000000001,-6.083333333333332,1.4566342,-0.21304566,0.9725405,-0.27787384,54,69
-66.08333333333334,-6.083333333333332,1.5683635,-0.19560066,1.1132874,-0.27328363,54,70
-65.91666666666667,-6.083333333333332,1.6616611,-0.21529405,1.269031,-0.27360284,54,71
-65.75000000000001,-6.083333333333332,1.7512898,-0.24683033,1.4353347,-0.26432717,54,72
-65.58333333333334,-6.083333333333332,1.882285,-0.223598,1.5907497,-0.22349453,54,73
-65.41666666666667,-6.083333333333332,2.0099912,-0.20920941,1.7635442,-0.19061774,54,74
-65.25000000000001,-6.083333333333332,2.144743,-0.21575156,1.9003963,-0.16252674,54,75
-65.08333333333334,-6.083333333333332,2.2260997,-0.19289343,1.9856192,-0.12149014,54,76
-64.91666666666667,-6.083333333333332,2.2558045,-0.040553883,1.8932353,-0.07746853,54,77
-64.75000000000001,-6.083333333333332,2.1399794,0.27958873,1.5493748,-0.041029576,54,78
-64.58333333333334,-6.083333333333332,1.8526201,0.555031,1.0538955,-0.08171176,54,79
-64.41666666666667,-6.083333333333332,1.7100538,0.89700097,0.51582426,-0.074782,54,80
-64.25000000000001,-6.083333333333332,1.5327451,1.041546,0.15905161,-0.11151596,54,81
-64.08333333333334,-6.083333333333332,1.2947271,1.0106814,-0.012522158,-0.20262152,54,82
-63.91666666666668,-6.083333333333332,1.1808985,1.4722074,-0.14329821,-0.4982433,54,83
-63.750000000000014,-6.083333333333332,1.1131986,1.4657909,-0.2252116,-0.527419,54,84
-63.58333333333334,-6.083333333333332,1.1404699,1.5624831,-0.28285354,-0.5299119,54,85
-63.41666666666668,-6.083333333333332,1.1856874,1.7307117,-0.37014806,-0.4933124,54,86
-63.250000000000014,-6.083333333333332,1.0913441,1.6638014,-0.45360553,-0.5553587,54,87
-63.08333333333334,-6.083333333333332,1.0839195,1.7630441,-0.5365541,-0.5463724,54,88
-62.91666666666668,-6.083333333333332,1.088785,1.8657031,-0.6402678,-0.52974594,54,89
-62.750000000000014,-6.083333333333332,1.1926169,1.7445918,-0.7260401,-0.2184875,54,90
-62.58333333333334,-6.083333333333332,1.2240016,1.9096438,-0.83549744,-0.17564052,54,91
-62.41666666666668,-6.083333333333332,1.6007965,2.1487017,-0.7252352,-0.49268684,54,92
-62.250000000000014,-6.083333333333332,1.6872798,2.3388183,-0.9174486,-0.42727298,54,93
-62.08333333333334,-6.083333333333332,1.7227647,2.5697672,-1.1040269,-0.35050002,54,94
-61.91666666666668,-6.083333333333332,1.8611305,2.8324442,-1.2369858,-0.22540097,54,95
-61.750000000000014,-6.083333333333332,2.1691346,2.7861903,-0.8196001,-0.15752988,54,96
-61.58333333333334,-6.083333333333332,2.4106746,2.4513252,-0.052717004,-0.18536834,54,97
-61.41666666666668,-6.083333333333332,2.6888611,2.2848523,0.5987132,-0.17460296,54,98
-61.250000000000014,-6.083333333333332,2.8403354,2.2553089,1.0227832,-0.13670655,54,99
-61.08333333333334,-6.083333333333332,2.8867683,2.2388945,1.1942186,-0.09609214,54,100
-60.91666666666668,-6.083333333333332,2.8322845,2.2668107,1.2758808,-0.05786133,54,101
-60.750000000000014,-6.083333333333332,2.7779708,2.2895362,1.3228313,-0.042796932,54,102
-60.58333333333334,-6.083333333333332,2.646617,2.281749,1.300225,-0.053982977,54,103
-60.41666666666668,-6.083333333333332,2.5324128,2.3068733,1.2756445,-0.035136946,54,104
-60.250000000000014,-6.083333333333332,2.477559,2.4630458,1.1639711,0.047600128,54,105
-60.08333333333334,-6.083333333333332,2.3103876,2.4669936,1.0020946,0.03756048,54,106
-59.91666666666668,-6.083333333333332,2.0552917,2.3899846,0.74817,-0.046882875,54,107
-59.750000000000014,-6.083333333333332,1.8307596,2.3598893,0.5324261,-0.11580639,54,108
-59.58333333333334,-6.083333333333332,1.7994233,2.5247948,0.38560015,-0.07062281,54,109
-59.41666666666668,-6.083333333333332,1.769252,2.7154725,0.33150873,-0.0069483933,54,110
-59.250000000000014,-6.083333333333332,1.598356,2.53877,0.29044956,-0.103325605,54,111
-59.08333333333334,-6.083333333333332,1.6838238,2.7588453,0.3684179,-0.0144222425,54,112
-58.91666666666668,-6.083333333333332,1.3942245,2.3722565,0.42202073,-0.23450254,54,113
-58.750000000000014,-6.083333333333332,1.3975033,2.482492,0.55587554,-0.19086933,54,114
-58.58333333333334,-6.083333333333332,1.2531362,2.2816236,0.6686985,-0.29539096,54,115
-58.41666666666668,-6.083333333333332,1.2337714,2.165503,0.7864991,-0.33149692,54,116
-58.250000000000014,-6.083333333333332,1.0799266,1.9186003,0.862727,-0.4579713,54,117
-58.08333333333334,-6.083333333333332,1.2513331,2.1769323,1.0364767,-0.33696738,54,118
-57.91666666666668,-6.083333333333332,1.2344033,2.1301818,1.1160407,-0.35248375,54,119
-57.750000000000014,-6.083333333333332,1.4982996,2.6220794,1.221347,-0.103179514,54,120
-57.58333333333334,-6.083333333333332,1.5203109,2.6569903,1.193616,-0.088583216,54,121
-49.91666666666668,-6.083333333333332,-1.7165979,1.2297242,-0.12904392,-1.9122275,54,167
-49.750000000000014,-6.083333333333332,-1.9100661,1.3699373,0.014851075,-1.7879225,54,168
-49.58333333333334,-6.083333333333332,-1.6209822,2.1964371,0.16714105,-1.3657688,54,169
-49.41666666666668,-6.083333333333332,-1.2343923,3.0715795,0.24421398,-0.9436649,54,170
-48.250000000000014,-6.083333333333332,-1.9228486,3.067522,-0.14549497,-1.2838975,54,177
-47.91666666666668,-6.083333333333332,-2.984307,1.5669633,-0.12112561,-1.7337376,54,179
-47.750000000000014,-6.083333333333332,-3.765589,1.098475,-0.3679081,-1.4008033,54,180
-75.25000000000001,-6.25,2.6454966,1.909217,-1.3290578,0.9858401,55,15
-75.08333333333334,-6.25,2.6089716,1.7369065,-1.2662457,0.95208275,55,16
-74.91666666666667,-6.25,2.50965,1.5675077,-1.1717603,0.9386795,55,17
-74.75000000000001,-6.25,2.403056,1.3792758,-1.2684609,0.8501891,55,18
-74.58333333333334,-6.25,2.2390256,1.2253013,-1.5194483,0.8379736,55,19
-74.41666666666667,-6.25,2.1296844,1.0842365,-1.6449707,0.79773366,55,20
-74.25000000000001,-6.25,2.0875216,1.0688823,-1.6602144,0.8344317,55,21
-74.08333333333334,-6.25,1.83573,0.5240512,-1.705281,0.6269728,55,22
-73.91666666666667,-6.25,1.6143715,-0.01761646,-1.685601,0.431249,55,23
-73.75000000000001,-6.25,1.5483884,-0.2647285,-1.5607673,0.41263157,55,24
-73.58333333333334,-6.25,1.5163697,-0.45250654,-1.4293814,0.41676047,55,25
-73.41666666666667,-6.25,1.3526684,-0.892225,-1.3549521,0.3115748,55,26
-73.25000000000001,-6.25,1.3422776,-0.95065534,-1.2499576,0.37261444,55,27
-73.08333333333334,-6.25,1.1459988,-1.3808078,-1.1930844,0.23594008,55,28
-72.91666666666667,-6.25,1.0502561,-1.607148,-1.1547579,0.15205082,55,29
-72.75000000000001,-6.25,1.0765775,-1.6088909,-1.0951355,0.20944268,55,30
-72.58333333333334,-6.25,1.0968939,-1.7209105,-1.0365672,0.2151245,55,31
-72.41666666666667,-6.25,1.1470995,-1.7022603,-0.9776986,0.26414108,55,32
-72.25000000000001,-6.25,1.0831413,-1.8599341,-1.007706,0.20410654,55,33
-72.08333333333334,-6.25,1.1121844,-1.8463901,-0.99951845,0.22365783,55,34
-71.91666666666667,-6.25,0.9480505,-2.14023,-1.0177953,0.08484405,55,35
-71.75000000000001,-6.25,1.0082029,-1.95241,-1.0357001,0.18045297,55,36
-71.58333333333334,-6.25,0.988088,-1.8943195,-1.0616188,0.18231393,55,37
-71.41666666666667,-6.25,0.862486,-2.1042156,-1.0977955,0.04032768,55,38
-71.25000000000001,-6.25,0.97167385,-1.8243624,-1.0205476,0.14105621,55,39
-71.08333333333334,-6.25,0.8558872,-1.8916765,-0.9759719,0.046520084,55,40
-70.91666666666667,-6.25,0.8604494,-1.7031871,-0.8914129,0.10633409,55,41
-70.75000000000001,-6.25,0.8410231,-1.6570343,-0.78498685,0.07394118,55,42
-70.58333333333334,-6.25,0.81595707,-1.2637146,-0.65407187,-0.15465726,55,43
-70.41666666666667,-6.25,0.644853,-1.4544859,-0.5533456,-0.31602013,55,44
-70.25000000000001,-6.25,0.52135855,-1.5123566,-0.42351294,-0.40718734,55,45
-70.08333333333334,-6.25,0.60211647,-1.3062803,-0.2556437,-0.33580703,55,46
-69.91666666666667,-6.25,0.67269135,-1.1114346,-0.09823862,-0.2906294,55,47
-69.75000000000001,-6.25,0.72631985,-1.0325396,0.044293396,-0.288885,55,48
-69.58333333333334,-6.25,0.70200396,-1.0183631,0.11529623,-0.27402103,55,49
-69.41666666666667,-6.25,0.5814606,-1.1580911,0.14349514,-0.3384015,55,50
-69.25000000000001,-6.25,0.50578636,-1.3167166,0.15706109,-0.41493058,55,51
-69.08333333333334,-6.25,0.54576105,-1.231402,0.2172472,-0.35430187,55,52
-68.91666666666667,-6.25,0.5096522,-1.2941688,0.2779005,-0.37323368,55,53
-68.75000000000001,-6.25,0.55472606,-1.1603092,0.34127182,-0.2960236,55,54
-68.58333333333334,-6.25,0.50944364,-1.1424025,0.35585827,-0.2753221,55,55
-68.41666666666667,-6.25,0.5047736,-1.049894,0.3641362,-0.26390767,55,56
-68.25000000000001,-6.25,0.5397703,-0.8414988,0.32512102,-0.2101321,55,57
-68.08333333333334,-6.25,0.7053997,-0.5121717,0.25336543,-0.08628015,55,58
-67.91666666666667,-6.25,0.65335953,-0.4329517,0.2205694,-0.08540108,55,59
-67.75000000000001,-6.25,0.55039066,-0.5970779,0.18112531,-0.21147226,55,60
-67.58333333333334,-6.25,0.567875,-0.55837333,0.22055733,-0.21402158,55,61
-67.41666666666667,-6.25,0.61604846,-0.42311722,0.26455534,-0.19196042,55,62
-67.25000000000001,-6.25,0.689785,-0.37620208,0.30364156,-0.18116888,55,63
-67.08333333333334,-6.25,0.77203846,-0.35922524,0.3559129,-0.1840452,55,64
-66.91666666666667,-6.25,0.9117284,-0.34739473,0.5113072,-0.2842782,55,65
-66.75000000000001,-6.25,1.0102503,-0.27736357,0.5994905,-0.28040427,55,66
-66.58333333333334,-6.25,1.0903257,-0.24479017,0.6784349,-0.28780827,55,67
-66.41666666666667,-6.25,1.2025354,-0.23828048,0.77151287,-0.2813329,55,68
-66.25000000000001,-6.25,1.3488798,-0.17805414,0.97181076,-0.2408358,55,69
-66.08333333333334,-6.25,1.4686291,-0.16570422,1.1434639,-0.22330835,55,70
-65.91666666666667,-6.25,1.5723165,-0.13713846,1.344206,-0.1944988,55,71
-65.75000000000001,-6.25,1.6758897,-0.20660685,1.5328907,-0.21333455,55,72
-65.58333333333334,-6.25,1.7926027,-0.24040398,1.7191081,-0.20915979,55,73
-65.41666666666667,-6.25,1.9121231,-0.2809116,1.9379948,-0.17495038,55,74
-65.25000000000001,-6.25,2.0557647,-0.31302282,2.1843014,-0.1352916,55,75
-65.08333333333334,-6.25,2.1936078,-0.37085047,2.4163826,-0.12098545,55,76
-64.91666666666667,-6.25,2.4019082,-0.13530739,2.5300884,0.02014726,55,77
-64.75000000000001,-6.25,2.0805986,0.06965641,1.9678094,-0.06782276,55,78
-64.58333333333334,-6.25,1.6972865,0.49554315,1.266407,-0.09617998,55,79
-64.41666666666667,-6.25,1.5378526,0.9205387,0.6547533,-0.07157636,55,80
-64.25000000000001,-6.25,1.3109584,1.0539786,0.25147647,-0.12394988,55,81
-64.08333333333334,-6.25,0.96953917,1.3450158,0.0073664375,-0.580368,55,82
-63.91666666666668,-6.25,1.0502222,1.1761141,-0.073412545,-0.19194664,55,83
-63.750000000000014,-6.25,0.8893791,1.4915599,-0.18067059,-0.55611444,55,84
-63.58333333333334,-6.25,0.88071984,1.6189371,-0.24141635,-0.53951746,55,85
-63.41666666666668,-6.25,0.94830763,1.7488691,-0.31973216,-0.5110518,55,86
-63.250000000000014,-6.25,0.85916376,1.6923351,-0.38650283,-0.5639263,55,87
-63.08333333333334,-6.25,0.84239453,1.7619258,-0.49460346,-0.57022065,55,88
-62.91666666666668,-6.25,0.86448437,1.8611023,-0.589883,-0.54384166,55,89
-62.750000000000014,-6.25,0.9050741,1.9936693,-0.66030544,-0.50355256,55,90
-62.58333333333334,-6.25,1.0340562,1.8557441,-0.7181927,-0.18273099,55,91
-62.41666666666668,-6.25,1.4321735,2.10954,-0.5997734,-0.5042304,55,92
-62.250000000000014,-6.25,1.584665,2.4029288,-0.77250916,-0.38554308,55,93
-62.08333333333334,-6.25,1.6390779,2.588051,-0.93794274,-0.31892323,55,94
-61.91666666666668,-6.25,1.6949725,2.8527658,-1.1166699,-0.22274871,55,95
-61.750000000000014,-6.25,1.9574225,2.4907792,-0.41056216,-0.2517323,55,96
-61.58333333333334,-6.25,2.2771099,2.1722534,0.42992693,-0.27220422,55,97
-61.41666666666668,-6.25,2.490038,2.1064537,0.89402926,-0.23520562,55,98
-61.250000000000014,-6.25,2.595168,2.1330857,1.2026894,-0.18724376,55,99
-61.08333333333334,-6.25,2.6475642,2.1279497,1.3495424,-0.15375474,55,100
-60.91666666666668,-6.25,2.589807,2.1992767,1.4113989,-0.107446566,55,101
-60.750000000000014,-6.25,2.5379608,2.2395391,1.3611157,-0.08272964,55,102
-60.58333333333334,-6.25,2.4107413,2.2245154,1.321231,-0.09406417,55,103
-60.41666666666668,-6.25,2.334301,2.315571,1.2599262,-0.044784818,55,104
-60.250000000000014,-6.25,2.1852803,2.3568842,1.0931339,-0.0417916,55,105
-60.08333333333334,-6.25,2.06507,2.4993496,0.9357506,0.0019253198,55,106
-59.91666666666668,-6.25,1.8908594,2.5311196,0.6951032,-0.021551115,55,107
-59.750000000000014,-6.25,1.5689417,2.3305357,0.4687277,-0.18074688,55,108
-59.58333333333334,-6.25,1.4811411,2.4138508,0.33134827,-0.1822135,55,109
-59.41666666666668,-6.25,1.4266708,2.516291,0.28077945,-0.16172019,55,110
-59.250000000000014,-6.25,1.4257087,2.615496,0.33842027,-0.1277648,55,111
-59.08333333333334,-6.25,1.4684339,2.760016,0.4175101,-0.06036248,55,112
-58.91666666666668,-6.25,1.1900221,2.3958166,0.506643,-0.2655176,55,113
-58.750000000000014,-6.25,1.129843,2.3479195,0.6445617,-0.300084,55,114
-58.58333333333334,-6.25,0.88969535,2.0016935,0.73818517,-0.4873359,55,115
-58.41666666666668,-6.25,1.2560556,2.6113296,0.96014905,-0.19039014,55,116
-58.250000000000014,-6.25,1.3520786,2.7208724,1.0915164,-0.12686309,55,117
-58.08333333333334,-6.25,1.3667341,2.7155573,1.2354636,-0.12416961,55,118
-57.91666666666668,-6.25,1.4327656,2.7917562,1.36733,-0.0790964,55,119
-57.750000000000014,-6.25,1.5844434,3.0527048,1.4063374,0.07293304,55,120
-49.91666666666668,-6.25,-2.1848845,0.87551385,-0.15416521,-2.0490775,55,167
-49.750000000000014,-6.25,-2.028476,1.3802315,0.010384552,-1.7543317,55,168
-49.58333333333334,-6.25,-1.7719415,2.1983583,0.16618952,-1.3508376,55,169
-48.250000000000014,-6.25,-2.2182257,2.9222758,-0.04183819,-1.291949,55,177
-48.08333333333334,-6.25,-2.6585426,2.1849933,-0.08524247,-1.7208166,55,178
-47.91666666666668,-6.25,-3.0773134,1.4265115,-0.04114428,-1.71211,55,179
-47.750000000000014,-6.25,-4.0547423,0.5627951,-0.39892364,-1.556315,55,180
-75.25000000000001,-6.416666666666666,2.5006597,2.0008154,-1.5402514,0.93708104,56,15
-75.08333333333334,-6.416666666666666,2.4500372,1.8883904,-1.5688943,0.92298687,56,16
-74.91666666666667,-6.416666666666666,2.3633964,1.7035006,-1.491848,0.88772184,56,17
-74.75000000000001,-6.416666666666666,2.2079613,1.4439688,-1.5116366,0.7984547,56,18
-74.58333333333334,-6.416666666666666,1.9982252,1.1190342,-1.6311744,0.71656126,56,19
-74.41666666666667,-6.416666666666666,1.9174222,1.0023625,-1.6848638,0.7035807,56,20
-74.25000000000001,-6.416666666666666,1.8278191,0.7458918,-1.677195,0.64887345,56,21
-74.08333333333334,-6.416666666666666,1.6396763,0.303328,-1.6582189,0.50881344,56,22
-73.91666666666667,-6.416666666666666,1.4518745,-0.18764316,-1.6119791,0.37576476,56,23
-73.75000000000001,-6.416666666666666,1.4094952,-0.32254112,-1.4841257,0.4113592,56,24
-73.58333333333334,-6.416666666666666,1.3009621,-0.60849667,-1.3913528,0.36411706,56,25
-73.41666666666667,-6.416666666666666,1.1608638,-0.93245965,-1.3032275,0.30475378,56,26
-73.25000000000001,-6.416666666666666,1.1049268,-1.1601183,-1.222487,0.2730356,56,27
-73.08333333333334,-6.416666666666666,1.0746632,-1.305024,-1.1625488,0.28389126,56,28
-72.91666666666667,-6.416666666666666,0.88106567,-1.7019099,-1.1490364,0.14526801,56,29
-72.75000000000001,-6.416666666666666,0.92985165,-1.6827248,-1.1267529,0.20819305,56,30
-72.58333333333334,-6.416666666666666,0.93867886,-1.713238,-1.10327,0.22607401,56,31
-72.41666666666667,-6.416666666666666,0.85063136,-1.9115494,-1.1075611,0.15680172,56,32
-72.25000000000001,-6.416666666666666,0.8333343,-2.0449526,-1.0872736,0.121724315,56,33
-72.08333333333334,-6.416666666666666,0.8684207,-2.0161774,-1.0788592,0.16739699,56,34
-71.91666666666667,-6.416666666666666,0.78784776,-2.2309954,-1.0800747,0.08770412,56,35
-71.75000000000001,-6.416666666666666,0.91344154,-2.0081186,-1.0898983,0.19680656,56,36
-71.58333333333334,-6.416666666666666,0.7661948,-2.181846,-1.1058687,0.074645475,56,37
-71.41666666666667,-6.416666666666666,0.752932,-2.1022928,-1.1171939,0.06918767,56,38
-71.25000000000001,-6.416666666666666,0.7328245,-1.9917216,-1.0966083,0.06498774,56,39
-71.08333333333334,-6.416666666666666,0.6997155,-1.9351227,-1.0182314,0.038103536,56,40
-70.91666666666667,-6.416666666666666,0.65645456,-1.8571838,-0.9170675,0.03708433,56,41
-70.75000000000001,-6.416666666666666,0.6480696,-1.7604443,-0.7945402,0.048318878,56,42
-70.58333333333334,-6.416666666666666,0.49006492,-1.5189819,-0.6842397,-0.30410022,56,43
-70.41666666666667,-6.416666666666666,0.35578924,-1.6346842,-0.53668696,-0.42906544,56,44
-70.25000000000001,-6.416666666666666,0.35929936,-1.4808306,-0.38853142,-0.42818767,56,45
-70.08333333333334,-6.416666666666666,0.3655894,-1.3747461,-0.2547634,-0.43109378,56,46
-69.91666666666667,-6.416666666666666,0.43710142,-1.1841877,-0.019508868,-0.39076966,56,47
-69.75000000000001,-6.416666666666666,0.4501455,-1.1035383,0.09122427,-0.37725285,56,48
-69.58333333333334,-6.416666666666666,0.45373285,-1.0876808,0.14027372,-0.36410958,56,49
-69.41666666666667,-6.416666666666666,0.44931465,-0.99354494,0.10315669,-0.32884666,56,50
-69.25000000000001,-6.416666666666666,0.40255058,-1.0308818,0.081959374,-0.3309582,56,51
-69.08333333333334,-6.416666666666666,0.41812932,-1.007117,0.08184721,-0.30283126,56,52
-68.91666666666667,-6.416666666666666,0.4170336,-1.0205659,0.17009635,-0.27642933,56,53
-68.75000000000001,-6.416666666666666,0.3955638,-1.0372986,0.25931463,-0.25756225,56,54
-68.58333333333334,-6.416666666666666,0.39580664,-1.0114722,0.33933783,-0.23639435,56,55
-68.41666666666667,-6.416666666666666,0.40094587,-0.87863743,0.3426082,-0.18894535,56,56
-68.25000000000001,-6.416666666666666,0.4333632,-0.64850765,0.27826324,-0.13579288,56,57
-68.08333333333334,-6.416666666666666,0.41103762,-0.53990215,0.22014554,-0.1211021,56,58
-67.91666666666667,-6.416666666666666,0.4007439,-0.49928138,0.17384581,-0.14392282,56,59
-67.75000000000001,-6.416666666666666,0.32498506,-0.615433,0.17268993,-0.23960154,56,60
-67.58333333333334,-6.416666666666666,0.36337888,-0.5632211,0.18746199,-0.24221666,56,61
-67.41666666666667,-6.416666666666666,0.4032024,-0.46184954,0.22179733,-0.22584529,56,62
-67.25000000000001,-6.416666666666666,0.4805485,-0.4099292,0.283611,-0.21313438,56,63
-67.08333333333334,-6.416666666666666,0.5833712,-0.3623627,0.3497272,-0.20824856,56,64
-66.91666666666667,-6.416666666666666,0.7983592,-0.22446293,0.5185431,-0.24366331,56,65
-66.75000000000001,-6.416666666666666,0.9049097,-0.21228987,0.5980211,-0.23974499,56,66
-66.58333333333334,-6.416666666666666,0.9938089,-0.19004558,0.6922674,-0.2257418,56,67
-66.41666666666667,-6.416666666666666,1.0716823,-0.25476933,0.78221667,-0.27575266,56,68
-66.25000000000001,-6.416666666666666,1.2023817,-0.2532382,0.9272779,-0.26501685,56,69
-66.08333333333334,-6.416666666666666,1.3167766,-0.1870368,1.1185931,-0.2134912,56,70
-65.91666666666667,-6.416666666666666,1.5312614,-0.020476362,1.3562944,-0.1162159,56,71
-65.75000000000001,-6.416666666666666,1.6771785,0.032423634,1.5493617,-0.07586511,56,72
-65.58333333333334,-6.416666666666666,1.7707534,0.0064175692,1.7695051,-0.062183756,56,73
-65.41666666666667,-6.416666666666666,1.9022026,-0.047513023,2.0193534,-0.039765347,56,74
-65.25000000000001,-6.416666666666666,2.0000265,-0.107156456,2.2385867,-0.04106883,56,75
-65.08333333333334,-6.416666666666666,2.1057887,-0.15111615,2.458487,-0.037782095,56,76
-64.91666666666667,-6.416666666666666,2.1637633,-0.10844928,2.5287354,0.007068434,56,77
-64.75000000000001,-6.416666666666666,1.8426107,0.13714424,1.9938277,-0.06411238,56,78
-64.58333333333334,-6.416666666666666,1.4790928,0.5428302,1.2659608,-0.09414366,56,79
-64.41666666666667,-6.416666666666666,1.2901462,1.0295416,0.5914642,-0.07384843,56,80
-64.25000000000001,-6.416666666666666,1.033755,1.1052499,0.23190118,-0.14313702,56,81
-64.08333333333334,-6.416666666666666,0.7665018,1.3853241,0.0345998,-0.5996628,56,82
-63.91666666666668,-6.416666666666666,0.71669537,1.461641,-0.08641206,-0.59642106,56,83
-63.750000000000014,-6.416666666666666,0.63764083,1.5108726,-0.15455958,-0.5892656,56,84
-63.58333333333334,-6.416666666666666,0.67357767,1.6053036,-0.21053176,-0.5639875,56,85
-63.41666666666668,-6.416666666666666,0.6700139,1.6627332,-0.27466857,-0.55873597,56,86
-63.250000000000014,-6.416666666666666,0.71596694,1.8117827,-0.33573577,-0.52031785,56,87
-63.08333333333334,-6.416666666666666,0.6199735,1.7615622,-0.41202986,-0.5781789,56,88
-62.91666666666668,-6.416666666666666,0.65008634,1.878185,-0.45963788,-0.54167277,56,89
-62.750000000000014,-6.416666666666666,0.7667746,2.067998,-0.51437455,-0.47760484,56,90
-62.58333333333334,-6.416666666666666,0.8807722,2.2388222,-0.6098703,-0.41215342,56,91
-62.41666666666668,-6.416666666666666,1.316393,2.5048757,-0.3882876,-0.7329338,56,92
-62.250000000000014,-6.416666666666666,1.486215,2.326869,-0.41846868,-0.3868296,56,93
-62.08333333333334,-6.416666666666666,1.4925456,2.3107574,-0.36674705,-0.38700488,56,94
-61.91666666666668,-6.416666666666666,1.6767026,2.1412792,-0.007776479,-0.39695573,56,95
-61.750000000000014,-6.416666666666666,2.1608553,1.9190075,0.89783204,-0.33796594,56,96
-61.58333333333334,-6.416666666666666,2.2363102,1.8770782,1.1765999,-0.34507263,56,97
-61.41666666666668,-6.416666666666666,2.3168724,1.9575386,1.2887994,-0.29445034,56,98
-61.250000000000014,-6.416666666666666,2.3786006,1.9535588,1.4391769,-0.26108003,56,99
-61.08333333333334,-6.416666666666666,2.3878822,2.0048237,1.5503385,-0.2276735,56,100
-60.91666666666668,-6.416666666666666,2.3310254,2.0973945,1.5466564,-0.1804624,56,101
-60.750000000000014,-6.416666666666666,2.2629158,2.127646,1.457496,-0.1619065,56,102
-60.58333333333334,-6.416666666666666,2.2135153,2.2134104,1.3648769,-0.12503946,56,103
-60.41666666666668,-6.416666666666666,2.1104217,2.3320353,1.2115233,-0.08292766,56,104
-60.250000000000014,-6.416666666666666,1.7736427,2.1591988,0.9909308,-0.20107682,56,105
-60.08333333333334,-6.416666666666666,1.7280163,2.446889,0.7738152,-0.08099792,56,106
-59.91666666666668,-6.416666666666666,1.5046483,2.3856726,0.5106326,-0.16925076,56,107
-59.750000000000014,-6.416666666666666,1.318621,2.4161701,0.36417043,-0.19637989,56,108
-59.58333333333334,-6.416666666666666,1.1242025,2.2596989,0.20498642,-0.31193325,56,109
-59.41666666666668,-6.416666666666666,1.1371919,2.4735754,0.19529507,-0.24679524,56,110
-59.250000000000014,-6.416666666666666,1.1571714,2.5750766,0.30521646,-0.21129768,56,111
-59.08333333333334,-6.416666666666666,1.2499436,2.7537053,0.4360439,-0.11730058,56,112
-58.91666666666668,-6.416666666666666,1.0064592,2.4317498,0.54866385,-0.30296955,56,113
-58.750000000000014,-6.416666666666666,0.8467334,2.2180967,0.6955807,-0.41934937,56,114
-58.58333333333334,-6.416666666666666,0.7937607,2.1445537,0.8826793,-0.47153673,56,115
-58.41666666666668,-6.416666666666666,0.9455089,2.4083529,1.0635113,-0.34318393,56,116
-58.250000000000014,-6.416666666666666,1.1725066,2.7963774,1.2291272,-0.14722838,56,117
-58.08333333333334,-6.416666666666666,1.3584646,3.0587115,1.3690491,0.002692636,56,118
-50.250000000000014,-6.416666666666666,-3.0771585,-0.88727397,-0.46044108,-2.930786,56,165
-50.08333333333334,-6.416666666666666,-2.3274884,0.6328011,-0.28698853,-2.1742668,56,166
-49.91666666666668,-6.416666666666666,-2.3612134,1.0421877,-0.074669264,-1.9194083,56,167
-49.750000000000014,-6.416666666666666,-2.3049881,1.0550182,-0.1568606,-1.9175991,56,168
-49.58333333333334,-6.416666666666666,-1.8853681,1.9555436,-0.0005037077,-1.4873885,56,169
-48.41666666666668,-6.416666666666666,-2.2827346,2.208822,-0.5335584,-1.5433168,56,176
-48.250000000000014,-6.416666666666666,-2.305143,2.7127638,-0.14274089,-1.3584716,56,177
-48.08333333333334,-6.416666666666666,-2.6744113,2.2003114,-0.058758005,-1.6362748,56,178
-47.91666666666668,-6.416666666666666,-3.5117111,0.9288139,-0.09762039,-2.2970004,56,179
-47.750000000000014,-6.416666666666666,-4.1675186,0.296782,-0.41202906,-1.6027329,56,180
-47.58333333333334,-6.416666666666666,-4.1925807,0.6935935,-0.1785777,-1.2134191,56,181
-75.25000000000001,-6.583333333333332,2.2228298,2.0055416,-1.9036891,0.79565585,57,15
-75.08333333333334,-6.583333333333332,2.288369,2.0971746,-1.9344792,0.8719234,57,16
-74.91666666666667,-6.583333333333332,2.1691186,1.8466095,-1.8335415,0.83347154,57,17
-74.75000000000001,-6.583333333333332,1.9223111,1.4546205,-1.8250709,0.74469846,57,18
-74.58333333333334,-6.583333333333332,1.7113276,1.0380908,-1.8445307,0.5962102,57,19
-74.41666666666667,-6.583333333333332,1.5809237,0.74018437,-1.8087319,0.5195889,57,20
-74.25000000000001,-6.583333333333332,1.5168078,0.4741228,-1.7320299,0.4870685,57,21
-74.08333333333334,-6.583333333333332,1.381154,0.0918695,-1.6478852,0.4037396,57,22
-73.91666666666667,-6.583333333333332,1.2976614,-0.24093746,-1.5457022,0.35026935,57,23
-73.75000000000001,-6.583333333333332,1.2068269,-0.47205546,-1.4112644,0.34477976,57,24
-73.58333333333334,-6.583333333333332,1.0660983,-0.83231306,-1.3117378,0.3007431,57,25
-73.41666666666667,-6.583333333333332,0.9977533,-1.0363928,-1.2239184,0.2925986,57,26
-73.25000000000001,-6.583333333333332,0.99629766,-1.15729,-1.1676383,0.30476013,57,27
-73.08333333333334,-6.583333333333332,0.8003866,-1.5392766,-1.1440816,0.17137837,57,28
-72.91666666666667,-6.583333333333332,0.7387893,-1.6709846,-1.1231698,0.17954634,57,29
-72.75000000000001,-6.583333333333332,0.7767993,-1.6340799,-1.1186479,0.24456878,57,30
-72.58333333333334,-6.583333333333332,0.65211475,-1.9122993,-1.1596177,0.14351656,57,31
-72.41666666666667,-6.583333333333332,0.5442704,-2.1427605,-1.1919357,0.036481,57,32
-72.25000000000001,-6.583333333333332,0.57574344,-2.2000327,-1.1657442,0.056146093,57,33
-72.08333333333334,-6.583333333333332,0.61539286,-2.2206821,-1.1256862,0.090977974,57,34
-71.91666666666667,-6.583333333333332,0.67541486,-2.1765134,-1.1178541,0.138143,57,35
-71.75000000000001,-6.583333333333332,0.64532644,-2.276805,-1.1471465,0.087917134,57,36
-71.58333333333334,-6.583333333333332,0.5490288,-2.3999362,-1.1523248,-0.013847757,57,37
-71.41666666666667,-6.583333333333332,0.5143241,-2.3305202,-1.1381574,-0.042347968,57,38
-71.25000000000001,-6.583333333333332,0.45309803,-2.233171,-1.1375906,-0.06280236,57,39
-71.08333333333334,-6.583333333333332,0.42379135,-2.1276402,-1.130784,-0.075379536,57,40
-70.91666666666667,-6.583333333333332,0.4435847,-1.9923673,-1.0020226,-0.041882154,57,41
-70.75000000000001,-6.583333333333332,0.35251153,-2.0384002,-0.87085396,-0.08415068,57,42
-70.58333333333334,-6.583333333333332,0.20485617,-1.7467971,-0.73729694,-0.41895896,57,43
-70.41666666666667,-6.583333333333332,0.15135247,-1.6925044,-0.57319885,-0.47498193,57,44
-70.25000000000001,-6.583333333333332,0.20385398,-1.4962904,-0.40034813,-0.44661665,57,45
-70.08333333333334,-6.583333333333332,0.22677597,-1.2724962,-0.21823005,-0.41185725,57,46
-69.91666666666667,-6.583333333333332,0.31482464,-0.96907383,0.19670448,-0.31886196,57,47
-69.75000000000001,-6.583333333333332,0.44316447,-0.78105694,0.2173816,-0.25657073,57,48
-69.58333333333334,-6.583333333333332,0.44777003,-0.74035853,0.14480351,-0.23361969,57,49
-69.41666666666667,-6.583333333333332,0.41084823,-0.70404494,0.07260168,-0.21726076,57,50
-69.25000000000001,-6.583333333333332,0.38291386,-0.6506691,-0.02431671,-0.20273034,57,51
-69.08333333333334,-6.583333333333332,0.37362882,-0.63887435,-0.061270863,-0.18764973,57,52
-68.91666666666667,-6.583333333333332,0.33534154,-0.73267686,0.051920336,-0.1930191,57,53
-68.75000000000001,-6.583333333333332,0.30885026,-0.7440733,0.18183559,-0.1514785,57,54
-68.58333333333334,-6.583333333333332,0.29319844,-0.76468784,0.2898042,-0.13758908,57,55
-68.41666666666667,-6.583333333333332,0.24544792,-0.72122276,0.28644842,-0.13782418,57,56
-68.25000000000001,-6.583333333333332,0.20422533,-0.5961571,0.21024567,-0.12962504,57,57
-68.08333333333334,-6.583333333333332,0.15797226,-0.58042765,0.15002821,-0.16971937,57,58
-67.91666666666667,-6.583333333333332,0.08055763,-0.6635842,0.10861587,-0.24583924,57,59
-67.75000000000001,-6.583333333333332,0.083707534,-0.6452061,0.10895111,-0.2898807,57,60
-67.58333333333334,-6.583333333333332,0.109089114,-0.5933225,0.14659889,-0.27568394,57,61
-67.41666666666667,-6.583333333333332,0.20609377,-0.546779,0.16273023,-0.2852436,57,62
-67.25000000000001,-6.583333333333332,0.2561911,-0.4812049,0.22493975,-0.26394013,57,63
-67.08333333333334,-6.583333333333332,0.34647185,-0.43117434,0.29361555,-0.2500223,57,64
-66.91666666666667,-6.583333333333332,0.5582485,-0.34790498,0.45249462,-0.28386733,57,65
-66.75000000000001,-6.583333333333332,0.71507436,-0.25969878,0.5624324,-0.24609448,57,66
-66.58333333333334,-6.583333333333332,0.89198965,-0.12404989,0.68622684,-0.16977915,57,67
-66.41666666666667,-6.583333333333332,1.0158811,-0.07854539,0.8025208,-0.14667544,57,68
-66.25000000000001,-6.583333333333332,1.160329,0.0037471799,0.96909136,-0.10678602,57,69
-66.08333333333334,-6.583333333333332,1.2752179,0.01901328,1.1428277,-0.08351023,57,70
-65.91666666666667,-6.583333333333332,1.321227,-0.070644505,1.3097799,-0.1448673,57,71
-65.75000000000001,-6.583333333333332,1.3788929,-0.11276877,1.490521,-0.15820916,57,72
-65.58333333333334,-6.583333333333332,1.4704059,-0.1519345,1.6916473,-0.13860442,57,73
-65.41666666666667,-6.583333333333332,1.5839273,-0.15759957,1.9089496,-0.12723313,57,74
-65.25000000000001,-6.583333333333332,1.6920052,-0.1487287,2.072344,-0.10653997,57,75
-65.08333333333334,-6.583333333333332,1.7927214,-0.024674652,2.175826,-0.036797117,57,76
-64.91666666666667,-6.583333333333332,1.7274817,0.08118932,2.0709274,-0.03416546,57,77
-64.75000000000001,-6.583333333333332,1.5151067,0.32709393,1.6913508,-0.07299474,57,78
-64.58333333333334,-6.583333333333332,1.286068,0.7161256,1.1117021,-0.07420949,57,79
-64.41666666666667,-6.583333333333332,1.0410377,1.167352,0.5335263,-0.057291787,57,80
-64.25000000000001,-6.583333333333332,0.7570919,1.1068959,0.25837386,-0.18217605,57,81
-64.08333333333334,-6.583333333333332,0.5505248,1.4371794,0.080501474,-0.6047369,57,82
-63.91666666666668,-6.583333333333332,0.5109637,1.483003,-0.004506101,-0.5966027,57,83
-63.750000000000014,-6.583333333333332,0.44493872,1.4883293,-0.05317551,-0.61439484,57,84
-63.58333333333334,-6.583333333333332,0.44867486,1.5875176,-0.12791084,-0.58395267,57,85
-63.41666666666668,-6.583333333333332,0.40854567,1.5671017,-0.20029362,-0.61190283,57,86
-63.250000000000014,-6.583333333333332,0.45872772,1.7319869,-0.25346056,-0.5623686,57,87
-63.08333333333334,-6.583333333333332,0.381318,1.6965064,-0.30647653,-0.6134032,57,88
-62.91666666666668,-6.583333333333332,0.45146605,1.8517581,-0.35235354,-0.55120134,57,89
-62.750000000000014,-6.583333333333332,0.5382124,2.0013788,-0.37679654,-0.49835607,57,90
-62.58333333333334,-6.583333333333332,0.6054446,2.110949,-0.36042142,-0.45073938,57,91
-62.41666666666668,-6.583333333333332,0.76601005,2.263422,-0.43302953,-0.39802554,57,92
-62.250000000000014,-6.583333333333332,1.2452662,2.0301173,0.00055199314,-0.48870236,57,93
-62.08333333333334,-6.583333333333332,1.3777843,2.0374541,0.21614556,-0.47322682,57,94
-61.91666666666668,-6.583333333333332,1.5942627,1.8937398,0.5772535,-0.46813083,57,95
-61.750000000000014,-6.583333333333332,1.8947521,1.7960433,1.0807124,-0.41542792,57,96
-61.58333333333334,-6.583333333333332,2.0223725,1.7405691,1.4378965,-0.3989297,57,97
-61.41666666666668,-6.583333333333332,2.102011,1.8280509,1.5934714,-0.3515406,57,98
-61.250000000000014,-6.583333333333332,2.112736,1.8148252,1.6936834,-0.34556076,57,99
-61.08333333333334,-6.583333333333332,2.144472,1.9339721,1.7728177,-0.26791173,57,100
-60.91666666666668,-6.583333333333332,2.083412,1.9262761,1.7110964,-0.26829988,57,101
-60.750000000000014,-6.583333333333332,1.9660683,1.9436214,1.59903,-0.26495427,57,102
-60.58333333333334,-6.583333333333332,1.9375883,2.1324782,1.4439766,-0.19038428,57,103
-60.41666666666668,-6.583333333333332,1.8937323,2.3501122,1.1882678,-0.09400849,57,104
-60.250000000000014,-6.583333333333332,1.4879037,2.1070566,0.90300214,-0.2759209,57,105
-60.08333333333334,-6.583333333333332,1.3796008,2.416245,0.64059937,-0.15837155,57,106
-59.91666666666668,-6.583333333333332,1.0069145,2.1037607,0.2984865,-0.37512746,57,107
-59.750000000000014,-6.583333333333332,0.96277255,2.3558373,0.14568363,-0.3027429,57,108
-59.58333333333334,-6.583333333333332,0.95024073,2.4879243,0.104552545,-0.27398157,57,109
-59.41666666666668,-6.583333333333332,0.78337413,2.3765795,0.1447831,-0.36392614,57,110
-59.250000000000014,-6.583333333333332,0.86541635,2.5442023,0.2467789,-0.28905717,57,111
-59.08333333333334,-6.583333333333332,1.0473914,2.8361905,0.4319317,-0.14711815,57,112
-58.91666666666668,-6.583333333333332,0.81108874,2.4561913,0.5840043,-0.34742385,57,113
-58.750000000000014,-6.583333333333332,0.6872118,2.323032,0.77902126,-0.43068513,57,114
-58.58333333333334,-6.583333333333332,0.83207166,2.5396857,1.0089822,-0.31994176,57,115
-58.41666666666668,-6.583333333333332,0.9108385,2.6885207,1.1516805,-0.25875396,57,116
-58.250000000000014,-6.583333333333332,0.7749462,2.4274337,1.2944478,-0.38130206,57,117
-51.91666666666668,-6.583333333333332,-2.9838018,0.057300977,0.9444866,-2.402651,57,155
-51.250000000000014,-6.583333333333332,-2.8859143,0.5883393,0.61550945,-2.377653,57,159
-51.08333333333334,-6.583333333333332,-2.9377086,0.29239798,0.34275526,-2.4765143,57,160
-50.41666666666668,-6.583333333333332,-2.4588373,0.5455338,-0.14593878,-2.1978378,57,164
-50.250000000000014,-6.583333333333332,-2.461737,1.1261711,0.09547187,-1.8874964,57,165
-50.08333333333334,-6.583333333333332,-2.1764321,1.6950125,0.15602383,-1.5969782,57,166
-49.91666666666668,-6.583333333333332,-2.2034671,1.7574595,0.19848621,-1.5623707,57,167
-48.41666666666668,-6.583333333333332,-2.5859134,1.9558542,-0.3510795,-1.6436552,57,176
-48.250000000000014,-6.583333333333332,-2.4242632,2.7179756,-0.002669617,-1.3210787,57,177
-48.08333333333334,-6.583333333333332,-2.6146572,2.2085314,-0.08240485,-1.6226728,57,178
-47.91666666666668,-6.583333333333332,-3.5901,0.6626275,-0.14068988,-2.3958516,57,179
-47.41666666666668,-6.583333333333332,-3.813638,1.3996837,-0.2041884,-0.9081232,57,182
-75.08333333333334,-6.75,2.0882914,2.2424078,-2.328994,0.8270531,58,16
-74.91666666666667,-6.75,1.931857,1.9586147,-2.2460093,0.79061925,58,17
-74.75000000000001,-6.75,1.693683,1.4860938,-2.1377077,0.64452374,58,18
-74.58333333333334,-6.75,1.4784583,1.0084367,-2.044746,0.4935656,58,19
-74.41666666666667,-6.75,1.4158096,0.73989725,-1.9246461,0.48341626,58,20
-74.25000000000001,-6.75,1.249171,0.30998164,-1.8016862,0.37872887,58,21
-74.08333333333334,-6.75,0.92742854,-0.50960875,-1.6960764,0.09474665,58,22
-73.91666666666667,-6.75,1.0153956,-0.49036586,-1.5081607,0.22139521,58,23
-73.75000000000001,-6.75,1.0007836,-0.6639091,-1.3540827,0.28393888,58,24
-73.58333333333334,-6.75,0.89919853,-0.9518308,-1.2172607,0.25563493,58,25
-73.41666666666667,-6.75,0.8574408,-1.0914063,-1.1622989,0.28496084,58,26
-73.25000000000001,-6.75,0.7592554,-1.3540986,-1.1356759,0.22110544,58,27
-73.08333333333334,-6.75,0.549246,-1.7521976,-1.1245495,0.08442375,58,28
-72.91666666666667,-6.75,0.51363575,-1.7557722,-1.1147563,0.13831326,58,29
-72.75000000000001,-6.75,0.5358967,-1.776821,-1.1517478,0.17471994,58,30
-72.58333333333334,-6.75,0.3146816,-2.1696143,-1.2071861,0.008972087,58,31
-72.41666666666667,-6.75,0.25357538,-2.3825748,-1.2638749,-0.059374385,58,32
-72.25000000000001,-6.75,0.3319779,-2.3287413,-1.2383486,0.020461967,58,33
-72.08333333333334,-6.75,0.43606633,-2.2495644,-1.1919744,0.093632825,58,34
-71.91666666666667,-6.75,0.46495053,-2.2911816,-1.1721979,0.10353733,58,35
-71.75000000000001,-6.75,0.31158283,-2.6117117,-1.1859697,-0.06492076,58,36
-71.58333333333334,-6.75,0.29429433,-2.6181474,-1.1825211,-0.093695246,58,37
-71.41666666666667,-6.75,0.31215134,-2.4315553,-1.17047,-0.089643985,58,38
-71.25000000000001,-6.75,0.30159426,-2.2824068,-1.1658435,-0.09040896,58,39
-71.08333333333334,-6.75,0.3438694,-2.00829,-1.1315297,-0.010722705,58,40
-70.91666666666667,-6.75,0.34930736,-1.9135098,-1.1020116,-0.0042278697,58,41
-70.75000000000001,-6.75,0.36507118,-1.793124,-0.9006956,0.05262168,58,42
-70.58333333333334,-6.75,0.39679813,-1.6265926,-0.70040596,0.09925923,58,43
-70.41666666666667,-6.75,0.31567705,-1.1785449,-0.60787696,-0.2146412,58,44
-70.25000000000001,-6.75,0.32767743,-1.0130392,-0.45159626,-0.21641839,58,45
-70.08333333333334,-6.75,0.3236688,-0.8604434,-0.21264347,-0.21301864,58,46
-69.91666666666667,-6.75,0.30418777,-0.7535654,0.11618522,-0.22196966,58,47
-69.75000000000001,-6.75,0.25423783,-0.75884193,0.16318962,-0.2544583,58,48
-69.58333333333334,-6.75,0.08181771,-0.96262383,0.09523591,-0.3646681,58,49
-69.41666666666667,-6.75,0.04894083,-0.95630276,0.01609885,-0.370774,58,50
-69.25000000000001,-6.75,-0.021309199,-0.9411172,-0.074216634,-0.36731496,58,51
-69.08333333333334,-6.75,-0.06748809,-0.9247373,-0.098307766,-0.35324958,58,52
-68.91666666666667,-6.75,-0.030637093,-0.9236558,0.0022067386,-0.3080499,58,53
-68.75000000000001,-6.75,-0.03142945,-0.89391786,0.08902944,-0.2621076,58,54
-68.58333333333334,-6.75,-0.03277049,-0.84900355,0.1627173,-0.2251264,58,55
-68.41666666666667,-6.75,-0.06890104,-0.7852823,0.1812719,-0.21035877,58,56
-68.25000000000001,-6.75,-0.15010272,-0.8009667,0.12619294,-0.26997766,58,57
-68.08333333333334,-6.75,-0.2101502,-0.78974897,0.07640491,-0.31739083,58,58
-67.91666666666667,-6.75,-0.18250737,-0.74163765,0.06337217,-0.2973596,58,59
-67.75000000000001,-6.75,-0.13841236,-0.6416186,0.055385835,-0.3002576,58,60
-67.58333333333334,-6.75,-0.060530607,-0.5454434,0.090273224,-0.2725688,58,61
-67.41666666666667,-6.75,0.06326969,-0.42493623,0.12960121,-0.21569647,58,62
-67.25000000000001,-6.75,0.16741368,-0.34731525,0.1750713,-0.18490066,58,63
-67.08333333333334,-6.75,0.25937095,-0.29035613,0.2361078,-0.1693764,58,64
-66.91666666666667,-6.75,0.4562504,-0.2205073,0.40699065,-0.20644797,58,65
-66.75000000000001,-6.75,0.59019244,-0.18850774,0.51193225,-0.18162031,58,66
-66.58333333333334,-6.75,0.73458445,-0.10692426,0.641338,-0.14366736,58,67
-66.41666666666667,-6.75,0.85728574,-0.05192027,0.77319366,-0.12111717,58,68
-66.25000000000001,-6.75,0.8840428,-0.15965362,0.914982,-0.18606056,58,69
-66.08333333333334,-6.75,0.97786963,-0.116304934,1.1110504,-0.17403895,58,70
-65.91666666666667,-6.75,1.0826437,-0.085426725,1.251691,-0.1552799,58,71
-65.75000000000001,-6.75,1.1627423,-0.12525737,1.4170448,-0.16830677,58,72
-65.58333333333334,-6.75,1.2833604,-0.08982946,1.5891762,-0.13796364,58,73
-65.41666666666667,-6.75,1.3759792,-0.08778258,1.7104378,-0.12362856,58,74
-65.25000000000001,-6.75,1.4183434,-0.05260721,1.808768,-0.11737996,58,75
-65.08333333333334,-6.75,1.5372565,0.16592005,1.8412266,-0.047489397,58,76
-64.91666666666667,-6.75,1.4138818,0.2753736,1.7380239,-0.06109235,58,77
-64.75000000000001,-6.75,1.2794541,0.5202506,1.5048535,-0.045275707,58,78
-64.58333333333334,-6.75,1.168309,0.8872244,1.0664194,-0.022575768,58,79
-64.41666666666667,-6.75,0.82625604,1.01342,0.72674704,-0.12051886,58,80
-64.25000000000001,-6.75,0.5948663,1.00456,0.49877864,-0.22642246,58,81
-64.08333333333334,-6.75,0.36992654,1.3668298,0.3148841,-0.6575345,58,82
-63.91666666666668,-6.75,0.30707833,1.4549688,0.19134264,-0.6406279,58,83
-63.750000000000014,-6.75,0.23507102,1.4561939,0.056554176,-0.6420964,58,84
-63.58333333333334,-6.75,0.21601228,1.5636789,-0.07334611,-0.6051951,58,85
-63.41666666666668,-6.75,0.18002455,1.5486469,-0.13485761,-0.6231785,58,86
-63.250000000000014,-6.75,0.20503448,1.6415107,-0.16979718,-0.60615873,58,87
-63.08333333333334,-6.75,0.2239759,1.7493511,-0.16606055,-0.55954796,58,88
-62.91666666666668,-6.75,0.28186253,1.8789449,-0.16973062,-0.5087582,58,89
-62.750000000000014,-6.75,0.35789472,2.0053036,-0.2140548,-0.49176335,58,90
-62.58333333333334,-6.75,0.44910097,2.0568473,-0.2404667,-0.46749145,58,91
-62.41666666666668,-6.75,0.5447566,2.1388953,-0.17912772,-0.42266715,58,92
-62.250000000000014,-6.75,0.6058011,1.7200696,0.044388287,-0.15125366,58,93
-62.08333333333334,-6.75,1.1898904,1.899814,0.60106856,-0.5209031,58,94
-61.91666666666668,-6.75,1.4012618,1.8112869,0.9251959,-0.5026794,58,95
-61.750000000000014,-6.75,1.6191586,1.7368481,1.2252035,-0.482545,58,96
-61.58333333333334,-6.75,1.7706885,1.6907041,1.5370338,-0.45544752,58,97
-61.41666666666668,-6.75,1.8129581,1.7553021,1.8074749,-0.40646812,58,98
-61.250000000000014,-6.75,1.8415169,1.7203428,1.9025497,-0.4044749,58,99
-61.08333333333334,-6.75,1.9031482,1.8068863,1.9528582,-0.3455209,58,100
-60.91666666666668,-6.75,1.7857559,1.7282388,1.9153298,-0.39188415,58,101
-60.750000000000014,-6.75,1.7798003,1.8643155,1.785271,-0.3224878,58,102
-60.58333333333334,-6.75,1.723152,1.9993869,1.5752014,-0.2726112,58,103
-60.41666666666668,-6.75,1.664161,2.2634325,1.2467632,-0.16940305,58,104
-60.250000000000014,-6.75,1.2354208,2.0758612,0.81918633,-0.34071276,58,105
-60.08333333333334,-6.75,1.1094764,2.5014877,0.52378094,-0.173452,58,106
-59.91666666666668,-6.75,0.6649614,2.1243436,0.10078283,-0.44118932,58,107
-59.750000000000014,-6.75,0.48548362,2.0710416,-0.12240745,-0.5239003,58,108
-59.58333333333334,-6.75,0.6159297,2.435371,-0.07371525,-0.37175652,58,109
-59.41666666666668,-6.75,0.3393735,2.1514037,0.031956036,-0.5339178,58,110
-59.250000000000014,-6.75,0.43126947,2.266434,0.16934529,-0.49444476,58,111
-59.08333333333334,-6.75,0.8055218,2.8925097,0.46782854,-0.16820434,58,112
-58.91666666666668,-6.75,0.67192036,2.597623,0.65205944,-0.34227777,58,113
-58.750000000000014,-6.75,0.48313025,2.292131,0.8226038,-0.50465727,58,114
-58.58333333333334,-6.75,0.50962144,2.3771284,1.0331925,-0.46702176,58,115
-58.41666666666668,-6.75,0.44039458,2.651668,1.2025958,-0.8518773,58,116
-58.250000000000014,-6.75,-0.06014486,1.8457346,1.2998863,-1.2558292,58,117
-58.08333333333334,-6.75,-0.09057268,1.9345208,1.4590232,-1.2293098,58,118
-57.91666666666668,-6.75,0.18508303,2.5345814,1.6727372,-0.9469764,58,119
-57.750000000000014,-6.75,0.11377181,2.5023253,1.6720678,-0.9820921,58,120
-51.91666666666668,-6.75,-3.0148332,0.44695625,0.97020924,-2.5974894,58,155
-51.750000000000014,-6.75,-2.9285772,0.74420387,1.0287018,-2.4336076,58,156
-51.58333333333334,-6.75,-2.8403773,0.8879097,0.87668186,-2.3479266,58,157
-51.41666666666668,-6.75,-2.8629377,0.8854258,0.8271552,-2.2826433,58,158
-50.91666666666668,-6.75,-2.967717,0.08673881,0.14224225,-2.4897988,58,161
-50.750000000000014,-6.75,-3.0800672,-0.4190172,-0.11391447,-2.668661,58,162
-50.58333333333334,-6.75,-2.729541,0.3331301,-0.022219226,-2.2456694,58,163
-50.41666666666668,-6.75,-2.594848,0.75942796,0.04405153,-2.029669,58,164
-50.250000000000014,-6.75,-2.5646503,1.0656857,0.1436299,-1.8702569,58,165
-49.91666666666668,-6.75,-2.4173408,1.5311177,0.1158654,-1.6191237,58,167
-49.58333333333334,-6.75,-2.0707333,2.3799207,0.1300106,-1.22832,58,169
-48.41666666666668,-6.75,-2.5228658,2.2758696,-0.13914965,-1.4697887,58,176
-48.250000000000014,-6.75,-2.5248802,2.4875488,-0.027080415,-1.4086263,58,177
-48.08333333333334,-6.75,-2.7454433,1.9262838,-0.04681379,-1.7182429,58,178
-47.91666666666668,-6.75,-3.314397,1.2457066,0.14394912,-2.0239868,58,179
-75.08333333333334,-6.916666666666666,1.8309976,2.2639837,-2.7426176,0.7172666,59,16
-74.91666666666667,-6.916666666666666,1.6100391,1.8941582,-2.6145627,0.63174385,59,17
-74.75000000000001,-6.916666666666666,1.4122353,1.3742157,-2.44688,0.4713328,59,18
-74.58333333333334,-6.916666666666666,1.231531,0.894532,-2.2813041,0.35273486,59,19
-74.41666666666667,-6.916666666666666,1.1941348,0.6933,-2.0703638,0.39780205,59,20
-74.25000000000001,-6.916666666666666,1.0806351,0.31346497,-1.8748666,0.34980065,59,21
-74.08333333333334,-6.916666666666666,0.80177665,-0.4276841,-1.7145962,0.13472366,59,22
-73.91666666666667,-6.916666666666666,0.47832987,-1.3346552,-1.5606793,-0.17119522,59,23
-73.75000000000001,-6.916666666666666,0.71520424,-0.91455895,-1.2912188,0.17927286,59,24
-73.58333333333334,-6.916666666666666,0.6389337,-1.2395933,-1.1342946,0.14242288,59,25
-73.41666666666667,-6.916666666666666,0.59148115,-1.3798833,-1.0961652,0.15222354,59,26
-73.25000000000001,-6.916666666666666,0.47754422,-1.6119752,-1.1031463,0.09324009,59,27
-73.08333333333334,-6.916666666666666,0.30720934,-1.8879573,-1.142594,0.024289193,59,28
-72.91666666666667,-6.916666666666666,0.30083293,-1.8399917,-1.1602657,0.091686904,59,29
-72.75000000000001,-6.916666666666666,0.18914458,-2.03098,-1.2190887,0.02395652,59,30
-72.58333333333334,-6.916666666666666,0.0061709825,-2.4192188,-1.2724822,-0.12808119,59,31
-72.41666666666667,-6.916666666666666,-0.0031150486,-2.4713485,-1.312443,-0.11021689,59,32
-72.25000000000001,-6.916666666666666,0.13214126,-2.3241313,-1.2911278,0.018945824,59,33
-72.08333333333334,-6.916666666666666,0.19277588,-2.3078122,-1.2710441,0.07866221,59,34
-71.91666666666667,-6.916666666666666,0.16251886,-2.5248508,-1.2594286,-0.020058423,59,35
-71.75000000000001,-6.916666666666666,0.22006664,-2.5612319,-1.193086,0.0066212122,59,36
-71.58333333333334,-6.916666666666666,0.21936463,-2.54771,-1.1948929,-0.031790454,59,37
-71.41666666666667,-6.916666666666666,0.30308262,-2.1974778,-1.1745703,0.035640102,59,38
-71.25000000000001,-6.916666666666666,0.32852635,-1.9325217,-1.1713079,0.06352003,59,39
-71.08333333333334,-6.916666666666666,0.2869079,-1.843167,-1.1342791,0.036798965,59,40
-70.91666666666667,-6.916666666666666,0.20404096,-1.8287235,-1.1111583,0.002078817,59,41
-70.75000000000001,-6.916666666666666,0.17119876,-1.7177023,-1.0637869,0.036371764,59,42
-70.58333333333334,-6.916666666666666,0.121322826,-1.6909938,-0.91543496,0.017219888,59,43
-70.41666666666667,-6.916666666666666,0.08577597,-1.6577324,-0.7400794,-0.02198514,59,44
-70.25000000000001,-6.916666666666666,-0.042743035,-1.2624098,-0.63821775,-0.37093133,59,45
-70.08333333333334,-6.916666666666666,-0.07650847,-1.1806365,-0.38950083,-0.39032003,59,46
-69.91666666666667,-6.916666666666666,-0.08944294,-1.1099415,-0.14694461,-0.38142285,59,47
-69.75000000000001,-6.916666666666666,-0.038986746,-0.97881967,-0.019305436,-0.33345854,59,48
-69.58333333333334,-6.916666666666666,-0.27953386,-1.2942226,-0.07128263,-0.51838005,59,49
-69.41666666666667,-6.916666666666666,-0.30831036,-1.2698001,-0.1015945,-0.50454247,59,50
-69.25000000000001,-6.916666666666666,-0.4297902,-1.3322313,-0.14723678,-0.5429102,59,51
-69.08333333333334,-6.916666666666666,-0.41147286,-1.2141314,-0.12045942,-0.46747553,59,52
-68.91666666666667,-6.916666666666666,-0.3730652,-1.1439055,-0.08096296,-0.4105855,59,53
-68.75000000000001,-6.916666666666666,-0.38529354,-1.1103672,-0.020532258,-0.38293096,59,54
-68.58333333333334,-6.916666666666666,-0.41207242,-1.0418907,0.052717827,-0.35430998,59,55
-68.41666666666667,-6.916666666666666,-0.4283253,-1.0002226,0.040310863,-0.35768512,59,56
-68.25000000000001,-6.916666666666666,-0.43820876,-0.88023615,0.03318764,-0.3261866,59,57
-68.08333333333334,-6.916666666666666,-0.41827834,-0.74385387,0.016687993,-0.31320107,59,58
-67.91666666666667,-6.916666666666666,-0.35343984,-0.6400415,0.005439062,-0.2991526,59,59
-67.75000000000001,-6.916666666666666,-0.28826827,-0.4983706,0.0046468605,-0.24819122,59,60
-67.58333333333334,-6.916666666666666,-0.22940335,-0.41171262,0.037383564,-0.21821539,59,61
-67.41666666666667,-6.916666666666666,-0.10814835,-0.33883306,0.07253318,-0.18207452,59,62
-67.25000000000001,-6.916666666666666,-0.055004183,-0.39003074,0.13067248,-0.18620118,59,63
-67.08333333333334,-6.916666666666666,0.10593849,-0.38216397,0.23044363,-0.2747073,59,64
-66.91666666666667,-6.916666666666666,0.23849303,-0.32497045,0.34952125,-0.2490876,59,65
-66.75000000000001,-6.916666666666666,0.34329942,-0.26592204,0.44729307,-0.23701286,59,66
-66.58333333333334,-6.916666666666666,0.47627905,-0.20829433,0.55262357,-0.18423957,59,67
-66.41666666666667,-6.916666666666666,0.5836159,-0.18601689,0.6831656,-0.17710099,59,68
-66.25000000000001,-6.916666666666666,0.69606817,-0.09206988,0.8733673,-0.15651521,59,69
-66.08333333333334,-6.916666666666666,0.7943338,-0.068866834,1.0264033,-0.16676924,59,70
-65.91666666666667,-6.916666666666666,0.8605044,-0.08270957,1.188848,-0.16821939,59,71
-65.75000000000001,-6.916666666666666,0.99952674,-0.015032869,1.3237545,-0.13398038,59,72
-65.58333333333334,-6.916666666666666,1.1014603,0.018732565,1.4433075,-0.112607904,59,73
-65.41666666666667,-6.916666666666666,1.166683,0.08547822,1.5368102,-0.08114365,59,74
-65.25000000000001,-6.916666666666666,1.2404912,0.15575857,1.6097708,-0.06712758,59,75
-65.08333333333334,-6.916666666666666,1.2528697,0.2919037,1.5891155,-0.03474391,59,76
-64.91666666666667,-6.916666666666666,1.1544724,0.445968,1.5546217,-0.047967188,59,77
-64.75000000000001,-6.916666666666666,1.1239877,0.6239344,1.3971264,-0.05356612,59,78
-64.58333333333334,-6.916666666666666,1.0008143,0.84831864,1.1863873,-0.05846716,59,79
-64.41666666666667,-6.916666666666666,0.6663916,0.83782023,1.042372,-0.17620967,59,80
-64.25000000000001,-6.916666666666666,0.53130627,0.97509676,0.8703675,-0.21669412,59,81
-64.08333333333334,-6.916666666666666,0.34858516,0.9351525,0.6930447,-0.2880989,59,82
-63.91666666666668,-6.916666666666666,0.12202111,1.3496315,0.45806158,-0.695258,59,83
-63.750000000000014,-6.916666666666666,0.05858478,1.4166358,0.25393215,-0.66086584,59,84
-63.58333333333334,-6.916666666666666,0.02282032,1.45465,0.051496822,-0.6488728,59,85
-63.41666666666668,-6.916666666666666,-0.01100951,1.4690342,-0.037647773,-0.6534306,59,86
-63.250000000000014,-6.916666666666666,-0.03328854,1.5232497,-0.07771946,-0.65389776,59,87
-63.08333333333334,-6.916666666666666,0.04327078,1.7293087,-0.049426045,-0.5486072,59,88
-62.91666666666668,-6.916666666666666,0.03268354,1.7460028,-0.06606174,-0.56830347,59,89
-62.750000000000014,-6.916666666666666,0.14383475,1.880242,-0.065162145,-0.5163948,59,90
-62.58333333333334,-6.916666666666666,0.2849138,2.0331821,-0.016740315,-0.49158958,59,91
-62.41666666666668,-6.916666666666666,0.27402613,1.9924209,0.07563013,-0.517959,59,92
-62.250000000000014,-6.916666666666666,0.2896007,1.9205409,0.24456438,-0.5455864,59,93
-62.08333333333334,-6.916666666666666,0.50543904,1.6018492,0.5463893,-0.16652443,59,94
-61.91666666666668,-6.916666666666666,1.1551644,1.6995478,1.1312987,-0.5702341,59,95
-61.750000000000014,-6.916666666666666,1.3417397,1.6684009,1.3978583,-0.53986496,59,96
-61.58333333333334,-6.916666666666666,1.4709543,1.608615,1.6689466,-0.53776157,59,97
-61.41666666666668,-6.916666666666666,1.5067123,1.5904877,1.9487389,-0.5140364,59,98
-61.250000000000014,-6.916666666666666,1.4851472,1.4828748,2.0615072,-0.55708283,59,99
-61.08333333333334,-6.916666666666666,1.6342082,1.6238778,2.1006916,-0.4664859,59,100
-60.91666666666668,-6.916666666666666,1.606843,1.6505505,2.104166,-0.44499412,59,101
-60.750000000000014,-6.916666666666666,1.5015942,1.5996199,1.9873856,-0.46817893,59,102
-60.58333333333334,-6.916666666666666,1.5888033,1.9117975,1.7687392,-0.3051187,59,103
-60.41666666666668,-6.916666666666666,1.3031268,1.9024698,1.4054476,-0.3791863,59,104
-60.250000000000014,-6.916666666666666,0.95014286,1.9189985,0.86504847,-0.44386297,59,105
-60.08333333333334,-6.916666666666666,0.721091,2.2526243,0.3388243,-0.36279768,59,106
-59.91666666666668,-6.916666666666666,0.21903133,2.1006045,-0.06927219,-0.51580423,59,107
-59.750000000000014,-6.916666666666666,0.09630853,2.0935192,-0.32519245,-0.59025645,59,108
-59.58333333333334,-6.916666666666666,0.19602878,2.2791996,-0.2689235,-0.5261184,59,109
-59.41666666666668,-6.916666666666666,-0.035565257,1.9973681,-0.064546175,-0.6793525,59,110
-59.250000000000014,-6.916666666666666,0.20780213,2.3966243,0.15587513,-0.49044472,59,111
-59.08333333333334,-6.916666666666666,0.5777254,2.9147825,0.4568523,-0.23558874,59,112
-58.91666666666668,-6.916666666666666,0.57073843,2.7780268,0.6893421,-0.30910164,59,113
-58.750000000000014,-6.916666666666666,0.370039,2.3923213,0.90640664,-0.5059524,59,114
-58.58333333333334,-6.916666666666666,-0.13976261,2.0867484,1.0492282,-1.1827625,59,115
-58.41666666666668,-6.916666666666666,0.25656474,2.6565921,1.2919438,-0.8996704,59,116
-58.250000000000014,-6.916666666666666,-0.22703207,1.8781134,1.4533229,-1.3068025,59,117
-58.08333333333334,-6.916666666666666,-0.40737072,1.6712929,1.5721121,-1.4172766,59,118
-57.91666666666668,-6.916666666666666,-0.30126697,2.0753305,1.8215864,-1.2204508,59,119
-57.750000000000014,-6.916666666666666,-0.38953656,2.276481,2.020942,-1.1616243,59,120
-50.58333333333334,-6.916666666666666,-3.1444297,-0.4061572,-0.09628528,-2.5498042,59,163
-50.41666666666668,-6.916666666666666,-2.77242,0.5062209,0.10461097,-2.0756903,59,164
-50.250000000000014,-6.916666666666666,-2.7804008,0.8116145,0.15243885,-1.9490837,59,165
-50.08333333333334,-6.916666666666666,-2.4747865,1.3107681,0.06251194,-1.7345135,59,166
-49.91666666666668,-6.916666666666666,-2.4900153,1.4451821,0.1338223,-1.660356,59,167
-49.750000000000014,-6.916666666666666,-2.2514796,2.0831378,0.21022263,-1.3538787,59,168
-49.58333333333334,-6.916666666666666,-2.0971267,2.4154122,0.16488147,-1.2171077,59,169
-48.41666666666668,-6.916666666666666,-2.5503163,2.281784,-0.014471283,-1.4455438,59,176
-48.250000000000014,-6.916666666666666,-2.575563,2.2545655,-0.03563745,-1.4854467,59,177
-48.08333333333334,-6.916666666666666,-2.7413197,1.981125,0.09005397,-1.6376791,59,178
-47.91666666666668,-6.916666666666666,-3.2060266,1.179702,0.038767174,-2.014295,59,179
-75.08333333333334,-7.083333333333332,1.4303838,2.004894,-3.1224194,0.489544,60,16
-74.91666666666667,-7.083333333333332,1.0478265,1.2492379,-2.9569206,0.17599776,60,17
-74.75000000000001,-7.083333333333332,0.9758007,0.9786553,-2.7400587,0.15717813,60,18
-74.58333333333334,-7.083333333333332,0.5781176,0.058809564,-2.5183816,-0.14173506,60,19
-74.41666666666667,-7.083333333333332,0.8747093,0.44953042,-2.2189727,0.21344389,60,20
-74.25000000000001,-7.083333333333332,0.8146612,0.09942654,-1.9556799,0.20851617,60,21
-74.08333333333334,-7.083333333333332,0.8131337,-0.15399118,-1.6963254,0.26177004,60,22
-73.91666666666667,-7.083333333333332,0.19760919,-1.5422295,-1.5474089,-0.26902875,60,23
-73.75000000000001,-7.083333333333332,0.25070724,-1.5953473,-1.2898402,-0.14044482,60,24
-73.58333333333334,-7.083333333333332,0.43315586,-1.3883128,-1.027268,0.09547986,60,25
-73.41666666666667,-7.083333333333332,0.41710064,-1.5190084,-0.99710506,0.115117006,60,26
-73.25000000000001,-7.083333333333332,0.29656106,-1.7090868,-1.0626954,0.06780786,60,27
-73.08333333333334,-7.083333333333332,0.16239661,-1.8768435,-1.1348119,0.023414264,60,28
-72.91666666666667,-7.083333333333332,0.09077043,-1.9027362,-1.1964092,0.040066767,60,29
-72.75000000000001,-7.083333333333332,0.0040733297,-1.98114,-1.2451088,0.038485575,60,30
-72.58333333333334,-7.083333333333332,-0.074527875,-2.1800668,-1.2795291,-0.020360693,60,31
-72.41666666666667,-7.083333333333332,-0.12747815,-2.3259535,-1.3380505,-0.056671478,60,32
-72.25000000000001,-7.083333333333332,-0.15999494,-2.4285483,-1.3741912,-0.07239707,60,33
-72.08333333333334,-7.083333333333332,-0.0836398,-2.4149597,-1.4021529,-0.012380193,60,34
-71.91666666666667,-7.083333333333332,0.045102634,-2.3765419,-1.3769519,0.026617162,60,35
-71.75000000000001,-7.083333333333332,0.24335264,-2.2249434,-1.2863948,0.16979793,60,36
-71.58333333333334,-7.083333333333332,0.23268816,-2.1365063,-1.3195672,0.13870418,60,37
-71.41666666666667,-7.083333333333332,0.07996028,-2.0910976,-1.3522736,0.012180522,60,38
-71.25000000000001,-7.083333333333332,-0.043510724,-2.1207824,-1.281752,-0.12150334,60,39
-71.08333333333334,-7.083333333333332,-0.19072406,-2.2298303,-1.1757178,-0.26099777,60,40
-70.91666666666667,-7.083333333333332,-0.24327058,-2.2218933,-1.1134393,-0.28976122,60,41
-70.75000000000001,-7.083333333333332,-0.15952495,-1.9595083,-1.0961086,-0.1560688,60,42
-70.58333333333334,-7.083333333333332,-0.2850893,-2.078276,-1.0713682,-0.22122377,60,43
-70.41666666666667,-7.083333333333332,-0.35181767,-2.079476,-0.9131926,-0.2457011,60,44
-70.25000000000001,-7.083333333333332,-0.33141947,-1.8954483,-0.70564556,-0.19010021,60,45
-70.08333333333334,-7.083333333333332,-0.3815044,-1.3975762,-0.5626108,-0.47812966,60,46
-69.91666666666667,-7.083333333333332,-0.42634532,-1.3928518,-0.4079596,-0.50714993,60,47
-69.75000000000001,-7.083333333333332,-0.24243574,-1.0530803,-0.20431915,-0.3325183,60,48
-69.58333333333334,-7.083333333333332,-0.5161688,-1.4276124,-0.19488603,-0.54761165,60,49
-69.41666666666667,-7.083333333333332,-0.65747267,-1.5290278,-0.1923464,-0.6147685,60,50
-69.25000000000001,-7.083333333333332,-0.5762186,-1.3269329,-0.15873891,-0.5006193,60,51
-69.08333333333334,-7.083333333333332,-0.55806524,-1.1782136,-0.117412895,-0.406213,60,52
-68.91666666666667,-7.083333333333332,-0.6651015,-1.2532737,-0.116279446,-0.43496588,60,53
-68.75000000000001,-7.083333333333332,-0.7203011,-1.2708753,-0.08658046,-0.45119193,60,54
-68.58333333333334,-7.083333333333332,-0.72493756,-1.1807095,-0.05266657,-0.41282386,60,55
-68.41666666666667,-7.083333333333332,-0.71585226,-1.0656328,-0.046562996,-0.39255136,60,56
-68.25000000000001,-7.083333333333332,-0.7125507,-0.9505391,-0.051174052,-0.37448484,60,57
-68.08333333333334,-7.083333333333332,-0.71200496,-0.8471206,-0.083682194,-0.39120147,60,58
-67.91666666666667,-7.083333333333332,-0.67359,-0.75513196,-0.09429216,-0.38572276,60,59
-67.75000000000001,-7.083333333333332,-0.604303,-0.5843774,-0.097674236,-0.33570182,60,60
-67.58333333333334,-7.083333333333332,-0.5047447,-0.45466962,-0.08804704,-0.25892377,60,61
-67.41666666666667,-7.083333333333332,-0.4060924,-0.42760402,-0.048806384,-0.23482955,60,62
-67.25000000000001,-7.083333333333332,-0.31187296,-0.44107914,0.024870673,-0.22024602,60,63
-67.08333333333334,-7.083333333333332,-0.1052942,-0.396115,0.16310279,-0.26059863,60,64
-66.91666666666667,-7.083333333333332,0.029928023,-0.36653733,0.25848633,-0.2392566,60,65
-66.75000000000001,-7.083333333333332,0.1227207,-0.33144838,0.37139362,-0.2313523,60,66
-66.58333333333334,-7.083333333333332,0.2613393,-0.24599256,0.45950797,-0.18645822,60,67
-66.41666666666667,-7.083333333333332,0.38003862,-0.17798603,0.6024239,-0.17619978,60,68
-66.25000000000001,-7.083333333333332,0.51763,-0.062369164,0.81921566,-0.14184268,60,69
-66.08333333333334,-7.083333333333332,0.57342577,-0.050693925,0.9682404,-0.15731286,60,70
-65.91666666666667,-7.083333333333332,0.70284516,0.03623946,1.125469,-0.12936543,60,71
-65.75000000000001,-7.083333333333332,0.7525638,0.011141101,1.1968361,-0.14519294,60,72
-65.58333333333334,-7.083333333333332,0.8442606,0.06038769,1.2848363,-0.12383823,60,73
-65.41666666666667,-7.083333333333332,0.9165281,0.14354722,1.3504884,-0.08015962,60,74
-65.25000000000001,-7.083333333333332,0.9535959,0.19495018,1.3708762,-0.071961515,60,75
-65.08333333333334,-7.083333333333332,1.0084051,0.4087165,1.3830702,-0.00631123,60,76
-64.91666666666667,-7.083333333333332,0.99537873,0.5790299,1.3831297,0.012465306,60,77
-64.75000000000001,-7.083333333333332,0.9933495,0.74723005,1.3232172,-0.007729896,60,78
-64.58333333333334,-7.083333333333332,0.7972801,0.8192805,1.312301,-0.074176185,60,79
-64.41666666666667,-7.083333333333332,0.4872971,0.7148167,1.2899845,-0.2238328,60,80
-64.25000000000001,-7.083333333333332,0.3866938,0.8939232,1.2555587,-0.21701209,60,81
-64.08333333333334,-7.083333333333332,0.21004854,0.8645312,1.0458356,-0.29771325,60,82
-63.91666666666668,-7.083333333333332,-0.038053494,1.2526556,0.70346814,-0.72492206,60,83
-63.750000000000014,-7.083333333333332,-0.103650086,1.336791,0.44027832,-0.70061016,60,84
-63.58333333333334,-7.083333333333332,-0.185859,1.3431703,0.18717325,-0.6897233,60,85
-63.41666666666668,-7.083333333333332,-0.2302859,1.4069916,0.057189982,-0.6642961,60,86
-63.250000000000014,-7.083333333333332,-0.17632286,1.5699699,0.07002894,-0.58718127,60,87
-63.08333333333334,-7.083333333333332,-0.22529717,1.6282114,0.09908802,-0.5746033,60,88
-62.91666666666668,-7.083333333333332,-0.13308574,1.71244,0.022304235,-0.56767756,60,89
-62.750000000000014,-7.083333333333332,-0.04833361,1.7962748,0.035564672,-0.54074585,60,90
-62.58333333333334,-7.083333333333332,-0.09157559,1.778499,0.1255476,-0.6173661,60,91
-62.41666666666668,-7.083333333333332,-0.08396186,1.7824287,0.27392066,-0.6238282,60,92
-62.250000000000014,-7.083333333333332,0.02749749,1.8272856,0.40788263,-0.6095697,60,93
-62.08333333333334,-7.083333333333332,0.158795,1.8157665,0.60171103,-0.6125616,60,94
-61.91666666666668,-7.083333333333332,0.41076246,1.4577788,0.9024507,-0.19509189,60,95
-61.750000000000014,-7.083333333333332,0.53263754,1.3879658,1.1909206,-0.15494819,60,96
-61.58333333333334,-7.083333333333332,0.6417414,1.3755398,1.4629271,-0.12709808,60,97
-61.41666666666668,-7.083333333333332,1.1590463,1.378277,2.0502958,-0.66877127,60,98
-61.250000000000014,-7.083333333333332,1.2613825,1.3747057,2.196991,-0.6287379,60,99
-61.08333333333334,-7.083333333333332,1.3590894,1.5128232,2.3165681,-0.5341018,60,100
-60.91666666666668,-7.083333333333332,1.3590207,1.5388411,2.299205,-0.52085835,60,101
-60.750000000000014,-7.083333333333332,1.378797,1.637389,2.1860147,-0.45841032,60,102
-60.58333333333334,-7.083333333333332,1.249701,1.5521586,2.0113955,-0.5030961,60,103
-60.41666666666668,-7.083333333333332,1.0399903,1.6406211,1.6569073,-0.5101406,60,104
-60.250000000000014,-7.083333333333332,0.8066212,1.9445297,0.9826325,-0.47652265,60,105
-60.08333333333334,-7.083333333333332,0.3493037,2.1673682,0.23109296,-0.48379156,60,106
-59.91666666666668,-7.083333333333332,-0.10597133,2.8357768,-0.33371466,-0.7878159,60,107
-59.750000000000014,-7.083333333333332,-0.26582918,2.7457256,-0.49328458,-0.86867297,60,108
-59.58333333333334,-7.083333333333332,-0.3276835,2.4981906,-0.37896875,-0.9986404,60,109
-59.41666666666668,-7.083333333333332,-0.34547326,1.8947442,-0.13988234,-0.7848097,60,110
-59.250000000000014,-7.083333333333332,-0.22541101,1.983758,0.07164562,-0.74941427,60,111
-59.08333333333334,-7.083333333333332,0.2763196,2.688343,0.4178322,-0.41359466,60,112
-58.91666666666668,-7.083333333333332,0.47956964,2.9395032,0.74630237,-0.27218902,60,113
-58.750000000000014,-7.083333333333332,0.2039775,2.932097,0.94751066,-0.8161771,60,114
-58.58333333333334,-7.083333333333332,-0.116694964,2.4349716,1.1924491,-1.0681182,60,115
-58.41666666666668,-7.083333333333332,-0.18059261,2.2888837,1.3992109,-1.161152,60,116
-58.250000000000014,-7.083333333333332,-0.012730038,2.5343375,1.6750181,-1.0349656,60,117
-58.08333333333334,-7.083333333333332,-0.17239758,2.3520432,1.7969674,-1.1348326,60,118
-57.91666666666668,-7.083333333333332,-0.4826926,2.0102913,1.839472,-1.3093948,60,119
-57.750000000000014,-7.083333333333332,-0.8148679,1.807513,2.1271996,-1.4234099,60,120
-57.58333333333334,-7.083333333333332,-0.8267892,1.8437554,2.1689901,-1.4145536,60,121
-50.750000000000014,-7.083333333333332,-3.711546,-1.272322,-0.114431724,-3.048352,60,162
-50.250000000000014,-7.083333333333332,-2.8118978,0.9132284,0.16074517,-1.8965876,60,165
-49.91666666666668,-7.083333333333332,-2.326357,1.790025,0.19081455,-1.4867989,60,167
-49.750000000000014,-7.083333333333332,-2.1979282,2.220366,0.22815207,-1.2865808,60,168
-48.41666666666668,-7.083333333333332,-2.7178528,2.0429616,0.055867586,-1.5097914,60,176
-48.250000000000014,-7.083333333333332,-2.5616114,2.2357163,0.022852425,-1.4516511,60,177
-48.08333333333334,-7.083333333333332,-2.7032704,2.0358105,0.17987797,-1.5288336,60,178
-47.750000000000014,-7.083333333333332,-2.6935897,2.0266678,0.12149025,-1.5107121,60,180
-75.25000000000001,-7.25,1.6358778,2.82927,-3.3748581,0.81861275,61,15
-75.08333333333334,-7.25,1.5987206,2.4779172,-3.3400297,0.6688309,61,16
-74.91666666666667,-7.25,0.8830848,1.1094409,-3.1265173,0.095011115,61,17
-74.75000000000001,-7.25,0.76391345,0.8748228,-2.93575,0.06565666,61,18
-74.58333333333334,-7.25,0.25500327,-0.21419461,-2.692014,-0.3092385,61,19
-74.41666666666667,-7.25,0.20269012,-0.47970214,-2.407223,-0.28787115,61,20
-74.25000000000001,-7.25,0.59621304,-0.04235853,-2.0588806,0.11117161,61,21
-74.08333333333334,-7.25,0.5938139,-0.35835922,-1.7227991,0.15228915,61,22
-73.91666666666667,-7.25,0.31752297,-1.0938278,-1.4507116,-0.005030492,61,23
-73.75000000000001,-7.25,-0.15467975,-2.3057625,-1.2853107,-0.44035313,61,24
-73.58333333333334,-7.25,0.28806758,-1.5673211,-0.9095035,0.08245181,61,25
-73.41666666666667,-7.25,0.23050351,-1.6216108,-0.9189376,0.08317536,61,26
-73.25000000000001,-7.25,0.12539539,-1.7079749,-0.98873234,0.06450595,61,27
-73.08333333333334,-7.25,-0.036029514,-1.7703952,-1.082204,0.055819754,61,28
-72.91666666666667,-7.25,-0.1338724,-1.791056,-1.2414811,0.04991018,61,29
-72.75000000000001,-7.25,-0.19699314,-1.8708613,-1.3476402,0.036500003,61,30
-72.58333333333334,-7.25,-0.2665805,-2.0004072,-1.3857901,0.023161583,61,31
-72.41666666666667,-7.25,-0.25805277,-2.1005912,-1.3915312,0.016432893,61,32
-72.25000000000001,-7.25,-0.19614302,-2.0818143,-1.4027433,0.06451049,61,33
-72.08333333333334,-7.25,-0.1444865,-2.0579302,-1.5050178,0.10048432,61,34
-71.91666666666667,-7.25,-0.128694,-2.1086795,-1.5677811,0.09823788,61,35
-71.75000000000001,-7.25,-0.21692151,-2.2341025,-1.6343964,-0.01602638,61,36
-71.58333333333334,-7.25,-0.2562164,-2.2125757,-1.6313396,-0.06068078,61,37
-71.41666666666667,-7.25,-0.3900515,-2.2571862,-1.6169116,-0.19328554,61,38
-71.25000000000001,-7.25,-0.44698927,-2.2235196,-1.4796659,-0.2710809,61,39
-71.08333333333334,-7.25,-0.4347104,-2.2033892,-1.2302556,-0.4172916,61,40
-70.91666666666667,-7.25,-0.3219081,-2.010514,-1.0468203,-0.32337648,61,41
-70.75000000000001,-7.25,-0.46073434,-2.1669638,-1.0948402,-0.29943174,61,42
-70.58333333333334,-7.25,-0.6528516,-2.4391828,-1.0982659,-0.41861024,61,43
-70.41666666666667,-7.25,-0.62395334,-2.2982728,-0.95721465,-0.3376039,61,44
-70.25000000000001,-7.25,-0.46794465,-1.948559,-0.7736165,-0.16599083,61,45
-70.08333333333334,-7.25,-0.562915,-1.9531822,-0.6566974,-0.19728309,61,46
-69.91666666666667,-7.25,-0.49094734,-1.2686497,-0.5585336,-0.3997373,61,47
-69.75000000000001,-7.25,-0.61508626,-1.3853574,-0.39323682,-0.46933648,61,48
-69.58333333333334,-7.25,-0.70892,-1.396237,-0.2835013,-0.49129584,61,49
-69.41666666666667,-7.25,-0.8061896,-1.4849548,-0.25652403,-0.5293553,61,50
-69.25000000000001,-7.25,-0.7547097,-1.3280325,-0.17292607,-0.4457179,61,51
-69.08333333333334,-7.25,-0.8052469,-1.2967845,-0.14819646,-0.43016106,61,52
-68.91666666666667,-7.25,-0.8390735,-1.2303505,-0.13065684,-0.3824054,61,53
-68.75000000000001,-7.25,-0.8667552,-1.1355969,-0.119716205,-0.35081753,61,54
-68.58333333333334,-7.25,-0.8887027,-1.0935916,-0.11390304,-0.35256928,61,55
-68.41666666666667,-7.25,-0.97647226,-1.1878154,-0.12503685,-0.43179846,61,56
-68.25000000000001,-7.25,-0.9905653,-1.0389296,-0.14116497,-0.4122,61,57
-68.08333333333334,-7.25,-0.95583963,-0.87538683,-0.15450764,-0.3955009,61,58
-67.91666666666667,-7.25,-0.8913325,-0.7364165,-0.17592326,-0.3819631,61,59
-67.75000000000001,-7.25,-0.8712076,-0.6187925,-0.21757282,-0.38334164,61,60
-67.58333333333334,-7.25,-0.7905724,-0.4714525,-0.1964863,-0.29998153,61,61
-67.41666666666667,-7.25,-0.69573706,-0.47470763,-0.17388074,-0.2841897,61,62
-67.25000000000001,-7.25,-0.54602504,-0.46702725,-0.088024095,-0.22971855,61,63
-67.08333333333334,-7.25,-0.36367756,-0.44355887,0.0006268656,-0.16431579,61,64
-66.91666666666667,-7.25,-0.12810403,-0.31980962,0.1503764,-0.14979623,61,65
-66.75000000000001,-7.25,-0.040268842,-0.3195091,0.2611556,-0.17044772,61,66
-66.58333333333334,-7.25,0.07146362,-0.25320452,0.37291366,-0.16655509,61,67
-66.41666666666667,-7.25,0.19675097,-0.15350305,0.49737188,-0.15228826,61,68
-66.25000000000001,-7.25,0.3003228,-0.06782479,0.7187929,-0.1629039,61,69
-66.08333333333334,-7.25,0.3814255,0.014254215,0.90273845,-0.14239137,61,70
-65.91666666666667,-7.25,0.46885824,0.046990238,1.0034472,-0.14787,61,71
-65.75000000000001,-7.25,0.5385401,0.088979125,1.0962911,-0.124330126,61,72
-65.58333333333334,-7.25,0.61356556,0.1629973,1.1609187,-0.089790784,61,73
-65.41666666666667,-7.25,0.6667369,0.2074958,1.1630945,-0.07669947,61,74
-65.25000000000001,-7.25,0.7668537,0.34180722,1.1908168,-0.03579608,61,75
-65.08333333333334,-7.25,0.9130454,0.6169311,1.1856235,0.06030986,61,76
-64.91666666666667,-7.25,0.9376436,0.7656741,1.1983612,0.06642258,61,77
-64.75000000000001,-7.25,0.7678227,0.88614804,1.3536475,0.057105187,61,78
-64.58333333333334,-7.25,0.55661327,0.7226626,1.3478038,-0.11636129,61,79
-64.41666666666667,-7.25,0.35910726,0.6860486,1.4576242,-0.20513031,61,80
-64.25000000000001,-7.25,0.24983282,0.80055916,1.5619766,-0.2225554,61,81
-64.08333333333334,-7.25,0.07558864,0.7856647,1.2816981,-0.31850734,61,82
-63.91666666666668,-7.25,-0.093522996,0.8281936,0.95632684,-0.32615915,61,83
-63.750000000000014,-7.25,-0.26815447,1.2516292,0.5965197,-0.71744436,61,84
-63.58333333333334,-7.25,-0.38707444,1.2541345,0.3224379,-0.7353638,61,85
-63.41666666666668,-7.25,-0.4371807,1.3220427,0.15034066,-0.6943003,61,86
-63.250000000000014,-7.25,-0.42434776,1.4780507,0.1928691,-0.60868484,61,87
-63.08333333333334,-7.25,-0.44620118,1.5104158,0.18412888,-0.6007801,61,88
-62.91666666666668,-7.25,-0.3510311,1.6322469,0.120397955,-0.58789533,61,89
-62.750000000000014,-7.25,-0.39903572,1.6155016,0.18615831,-0.64652,61,90
-62.58333333333334,-7.25,-0.44284898,1.5740631,0.25295848,-0.7137661,61,91
-62.41666666666668,-7.25,-0.36185566,1.6630268,0.38990045,-0.6998266,61,92
-62.250000000000014,-7.25,-0.25387928,1.7503713,0.5690332,-0.6762692,61,93
-62.08333333333334,-7.25,-0.14291096,1.7047976,0.75249463,-0.7048231,61,94
-61.91666666666668,-7.25,0.011329416,1.6714301,0.9756047,-0.680468,61,95
-61.750000000000014,-7.25,0.22460131,1.2526134,1.3104842,-0.23738256,61,96
-61.58333333333334,-7.25,0.30559933,1.1881186,1.6045942,-0.21745673,61,97
-61.41666666666668,-7.25,0.30877364,0.99388987,1.7594733,-0.26845673,61,98
-61.250000000000014,-7.25,0.4613746,1.1067683,1.9171127,-0.1785853,61,99
-61.08333333333334,-7.25,1.0893879,1.3680944,2.5222912,-0.641812,61,100
-60.91666666666668,-7.25,1.09171,1.3588959,2.4899168,-0.63135237,61,101
-60.750000000000014,-7.25,1.1221937,1.4367106,2.4143808,-0.5781156,61,102
-60.58333333333334,-7.25,1.1190277,1.5482963,2.253699,-0.5196247,61,103
-60.41666666666668,-7.25,0.7975781,1.3735797,1.9886004,-0.6494,61,104
-60.250000000000014,-7.25,0.21836077,1.279689,1.1830516,-0.83207744,61,105
-60.08333333333334,-7.25,-0.26165742,2.0445366,0.24681298,-1.1741716,61,106
-59.91666666666668,-7.25,-0.48212364,2.7192433,-0.3406201,-0.90583056,61,107
-59.750000000000014,-7.25,-0.5812205,2.6619205,-0.49279302,-0.97334725,61,108
-59.58333333333334,-7.25,-0.27181977,2.3829043,-0.29756162,-0.57527626,61,109
-59.41666666666668,-7.25,-0.38338885,2.0344079,-0.108765975,-0.75751376,61,110
-59.250000000000014,-7.25,-0.44454682,2.3656116,0.087251395,-1.1327169,61,111
-59.08333333333334,-7.25,0.025636518,3.1068425,0.44564,-0.76977384,61,112
-58.91666666666668,-7.25,0.14702794,3.1868467,0.73420906,-0.7179363,61,113
-58.750000000000014,-7.25,0.072644345,3.0381215,1.0641465,-0.8004738,61,114
-58.58333333333334,-7.25,-0.38457054,2.2751286,1.2323064,-1.1922033,61,115
-58.41666666666668,-7.25,-0.16978963,2.5857863,1.5544621,-1.0455953,61,116
-58.250000000000014,-7.25,-0.10812565,2.5957997,1.8313131,-1.0434073,61,117
-58.08333333333334,-7.25,-0.056186546,2.746371,1.981872,-0.98148745,61,118
-57.91666666666668,-7.25,-0.32088143,2.4667363,1.9927624,-1.1386248,61,119
-57.750000000000014,-7.25,-0.96849495,1.6199186,2.1792867,-1.548286,61,120
-57.58333333333334,-7.25,-1.3429118,1.4759291,2.506001,-1.6183788,61,121
-57.41666666666668,-7.25,-0.9697298,1.8611215,2.2360873,-1.4660226,61,122
-50.58333333333334,-7.25,-3.1559436,0.14220694,-0.040016938,-2.3987482,61,163
-50.08333333333334,-7.25,-2.3977823,1.9156779,0.28271765,-1.470616,61,166
-49.91666666666668,-7.25,-2.1987958,1.9074689,0.10484209,-1.4708174,61,167
-49.750000000000014,-7.25,-2.083105,2.3429644,0.19355324,-1.2344493,61,168
-48.41666666666668,-7.25,-2.927299,1.6065729,0.070092864,-1.6726794,61,176
-48.250000000000014,-7.25,-2.461026,2.4738083,0.24266534,-1.2510265,61,177
-75.25000000000001,-7.416666666666666,1.7624419,2.6088057,-3.1205864,0.7681824,62,15
-75.08333333333334,-7.416666666666666,1.6853985,2.4643981,-3.2397027,0.6609664,62,16
-74.91666666666667,-7.416666666666666,1.3266168,1.9306244,-3.1341314,0.4576961,62,17
-74.75000000000001,-7.416666666666666,0.91060954,1.1567959,-2.9447758,0.20151229,62,18
-74.58333333333334,-7.416666666666666,0.57397574,0.640489,-2.7273324,0.08145589,62,19
-74.41666666666667,-7.416666666666666,0.3642768,0.06536204,-2.4644363,-0.0043783914,62,20
-74.25000000000001,-7.416666666666666,0.36345902,-0.16905753,-2.1786163,0.053248677,62,21
-74.08333333333334,-7.416666666666666,0.29427528,-0.53841746,-1.8471537,0.04336714,62,22
-73.91666666666667,-7.416666666666666,0.14261837,-1.0972394,-1.4672604,-0.0059996303,62,23
-73.75000000000001,-7.416666666666666,-0.007621351,-1.8112961,-1.0844961,-0.14397354,62,24
-73.58333333333334,-7.416666666666666,0.252448,-1.5280803,-0.752513,0.17610943,62,25
-73.41666666666667,-7.416666666666666,0.10895931,-1.5209867,-0.85200626,0.16030477,62,26
-73.25000000000001,-7.416666666666666,-0.045585938,-1.5973741,-1.0090165,0.10221493,62,27
-73.08333333333334,-7.416666666666666,-0.21191065,-1.6708423,-1.1617247,0.07047155,62,28
-72.91666666666667,-7.416666666666666,-0.41575602,-1.7704682,-1.2945884,0.007827671,62,29
-72.75000000000001,-7.416666666666666,-0.60004056,-1.8998898,-1.4232593,-0.057017047,62,30
-72.58333333333334,-7.416666666666666,-0.6101473,-1.9593388,-1.4892411,-0.050147217,62,31
-72.41666666666667,-7.416666666666666,-0.46282694,-1.9300475,-1.5547839,0.00205091,62,32
-72.25000000000001,-7.416666666666666,-0.48613977,-2.00638,-1.5794445,0.008754987,62,33
-72.08333333333334,-7.416666666666666,-0.5318942,-2.14645,-1.6749934,-0.041555364,62,34
-71.91666666666667,-7.416666666666666,-0.54231656,-2.1444726,-1.7889761,-0.042967714,62,35
-71.75000000000001,-7.416666666666666,-0.6224479,-2.2252665,-1.879791,-0.1360823,62,36
-71.58333333333334,-7.416666666666666,-0.6666811,-2.1223555,-1.9469872,-0.16513114,62,37
-71.41666666666667,-7.416666666666666,-0.7619175,-2.1619887,-1.9332142,-0.2690513,62,38
-71.25000000000001,-7.416666666666666,-0.7333164,-2.216028,-1.7597045,-0.41422248,62,39
-71.08333333333334,-7.416666666666666,-0.59955347,-2.0477436,-1.4607408,-0.36018324,62,40
-70.91666666666667,-7.416666666666666,-0.7217997,-2.3017573,-1.266883,-0.48333842,62,41
-70.75000000000001,-7.416666666666666,-0.78263175,-2.4572163,-1.1945484,-0.42757997,62,42
-70.58333333333334,-7.416666666666666,-0.72111106,-2.3843715,-1.0905765,-0.33721295,62,43
-70.41666666666667,-7.416666666666666,-0.70493793,-2.234365,-0.98369324,-0.26312146,62,44
-70.25000000000001,-7.416666666666666,-0.71882653,-2.1221707,-0.85918605,-0.20541885,62,45
-70.08333333333334,-7.416666666666666,-0.60840833,-1.7592787,-0.6786229,-0.020875446,62,46
-69.91666666666667,-7.416666666666666,-0.7229059,-1.8348243,-0.6163506,-0.07643577,62,47
-69.75000000000001,-7.416666666666666,-0.827202,-1.9402273,-0.4644225,-0.1454719,62,48
-69.58333333333334,-7.416666666666666,-0.8294426,-1.8712186,-0.327926,-0.11304416,62,49
-69.41666666666667,-7.416666666666666,-0.89882416,-1.9048651,-0.23653458,-0.12383205,62,50
-69.25000000000001,-7.416666666666666,-0.8965515,-1.820083,-0.14688951,-0.07370411,62,51
-69.08333333333334,-7.416666666666666,-1.0464139,-1.4458865,-0.18831998,-0.45674354,62,52
-68.91666666666667,-7.416666666666666,-1.1454601,-1.4535003,-0.18825854,-0.46238217,62,53
-68.75000000000001,-7.416666666666666,-1.2424474,-1.4873655,-0.1936431,-0.49381563,62,54
-68.58333333333334,-7.416666666666666,-1.1482677,-1.198778,-0.1667821,-0.3772733,62,55
-68.41666666666667,-7.416666666666666,-1.0965399,-1.0086944,-0.18047878,-0.30981663,62,56
-68.25000000000001,-7.416666666666666,-1.095675,-0.8726064,-0.2013167,-0.2962619,62,57
-68.08333333333334,-7.416666666666666,-1.0881983,-0.75166035,-0.25066772,-0.3071571,62,58
-67.91666666666667,-7.416666666666666,-1.064151,-0.59598285,-0.27639544,-0.3088234,62,59
-67.75000000000001,-7.416666666666666,-1.0211917,-0.43020156,-0.30784637,-0.30321324,62,60
-67.58333333333334,-7.416666666666666,-1.0490886,-0.4539211,-0.3302144,-0.33405772,62,61
-67.41666666666667,-7.416666666666666,-0.91910404,-0.4374528,-0.31874657,-0.28436288,62,62
-67.25000000000001,-7.416666666666666,-0.7482792,-0.42728323,-0.21828529,-0.18094146,62,63
-67.08333333333334,-7.416666666666666,-0.5354833,-0.43688077,-0.1305396,-0.11162784,62,64
-66.91666666666667,-7.416666666666666,-0.30498782,-0.3728338,0.044440717,-0.10197786,62,65
-66.75000000000001,-7.416666666666666,-0.1398079,-0.2517456,0.17313963,-0.055670515,62,66
-66.58333333333334,-7.416666666666666,-0.027551502,-0.17156631,0.2933963,-0.06888664,62,67
-66.41666666666667,-7.416666666666666,0.062533565,-0.038023587,0.4012616,-0.092141315,62,68
-66.25000000000001,-7.416666666666666,0.10824491,-0.0035774696,0.61094284,-0.14512338,62,69
-66.08333333333334,-7.416666666666666,0.1800279,0.054235242,0.8340539,-0.13860707,62,70
-65.91666666666667,-7.416666666666666,0.2675576,0.14674243,0.96686924,-0.1286525,62,71
-65.75000000000001,-7.416666666666666,0.36644486,0.23813385,1.0014,-0.07216179,62,72
-65.58333333333334,-7.416666666666666,0.4565198,0.32592,1.0040735,-0.031602588,62,73
-65.41666666666667,-7.416666666666666,0.57249904,0.4726516,0.98437595,0.045174304,62,74
-65.25000000000001,-7.416666666666666,0.73497427,0.65511173,0.999311,0.10801913,62,75
-65.08333333333334,-7.416666666666666,0.6965615,0.65923595,1.0139463,0.09799279,62,76
-64.91666666666667,-7.416666666666666,0.7404522,0.8991612,1.0515732,0.15999779,62,77
-64.75000000000001,-7.416666666666666,0.47173843,0.7599611,1.206117,0.023238333,62,78
-64.58333333333334,-7.416666666666666,0.38248712,0.7604879,1.2847594,-0.062859416,62,79
-64.41666666666667,-7.416666666666666,0.1839874,0.7003674,1.4345379,-0.17010814,62,80
-64.25000000000001,-7.416666666666666,0.06875042,0.7857351,1.4820166,-0.20947485,62,81
-64.08333333333334,-7.416666666666666,-0.062298216,0.7897178,1.2970806,-0.24669135,62,82
-63.91666666666668,-7.416666666666666,-0.24962707,0.77733046,1.0504022,-0.31473935,62,83
-63.750000000000014,-7.416666666666666,-0.37458134,0.8291092,0.8034046,-0.32634938,62,84
-63.58333333333334,-7.416666666666666,-0.5805441,1.2406441,0.48185086,-0.7170931,62,85
-63.41666666666668,-7.416666666666666,-0.6665389,1.2738196,0.28304467,-0.70353436,62,86
-63.250000000000014,-7.416666666666666,-0.6634564,1.4335757,0.3357469,-0.6073877,62,87
-63.08333333333334,-7.416666666666666,-0.62468755,1.5209855,0.331173,-0.5394127,62,88
-62.91666666666668,-7.416666666666666,-0.6320684,1.5160166,0.27366552,-0.6009176,62,89
-62.750000000000014,-7.416666666666666,-0.71997285,1.438452,0.3267045,-0.7205747,62,90
-62.58333333333334,-7.416666666666666,-0.7241172,1.5706271,0.46140206,-0.7300054,62,91
-62.41666666666668,-7.416666666666666,-0.63186395,1.5350627,0.4612113,-0.79607105,62,92
-62.250000000000014,-7.416666666666666,-0.5374722,1.5885313,0.60532373,-0.79539347,62,93
-62.08333333333334,-7.416666666666666,-0.42558107,1.5798018,0.8272304,-0.79698664,62,94
-61.91666666666668,-7.416666666666666,-0.2779369,1.57611,1.0864811,-0.7574544,62,95
-61.750000000000014,-7.416666666666666,-0.12614296,1.0164605,1.3608949,-0.36742517,62,96
-61.58333333333334,-7.416666666666666,-0.01919903,0.9884352,1.6766341,-0.31304663,62,97
-61.41666666666668,-7.416666666666666,0.030378282,0.875048,1.9089707,-0.3095423,62,98
-61.250000000000014,-7.416666666666666,0.20252432,0.98936045,2.0966444,-0.21618164,62,99
-61.08333333333334,-7.416666666666666,0.24947721,1.0077872,2.2310724,-0.18657811,62,100
-60.91666666666668,-7.416666666666666,0.2874901,1.0503045,2.1722445,-0.15153939,62,101
-60.750000000000014,-7.416666666666666,0.899693,1.3710498,2.5223336,-0.64036167,62,102
-60.58333333333334,-7.416666666666666,0.86706585,1.548836,2.3266714,-0.57286984,62,103
-60.41666666666668,-7.416666666666666,0.5155835,1.3392712,1.9624628,-0.7363129,62,104
-60.250000000000014,-7.416666666666666,-0.14614123,1.4930999,1.1900303,-1.3649534,62,105
-60.08333333333334,-7.416666666666666,-0.41954938,1.7110304,0.4032916,-1.3702247,62,106
-59.91666666666668,-7.416666666666666,-0.72177565,1.8733782,-0.0987387,-1.35593,62,107
-59.750000000000014,-7.416666666666666,-0.5555518,2.4832273,-0.26711753,-1.1026156,62,108
-59.58333333333334,-7.416666666666666,-0.52824324,2.55053,-0.21578221,-1.0779729,62,109
-59.41666666666668,-7.416666666666666,-0.7807274,2.0994947,-0.059066895,-1.3102094,62,110
-59.250000000000014,-7.416666666666666,-0.7524906,2.1363425,0.15703623,-1.2956089,62,111
-59.08333333333334,-7.416666666666666,-0.39823008,2.7174435,0.47748125,-1.0197104,62,112
-58.91666666666668,-7.416666666666666,-0.17338783,2.979806,0.8014294,-0.8690199,62,113
-58.750000000000014,-7.416666666666666,-0.26290455,2.7866025,1.0691782,-0.97425294,62,114
-58.58333333333334,-7.416666666666666,-0.6396998,2.131544,1.2608857,-1.3049437,62,115
-58.41666666666668,-7.416666666666666,-0.43345836,2.4509418,1.5834389,-1.1651832,62,116
-58.250000000000014,-7.416666666666666,-0.22818603,2.710494,1.8956249,-1.0295153,62,117
-58.08333333333334,-7.416666666666666,-0.25991026,2.7052758,2.0166075,-1.0456638,62,118
-57.91666666666668,-7.416666666666666,-0.3323186,2.7095027,2.0236168,-1.06101,62,119
-57.750000000000014,-7.416666666666666,-0.67575854,2.298388,2.2261739,-1.2713492,62,120
-57.58333333333334,-7.416666666666666,-1.1110264,1.8585827,2.4998872,-1.4801722,62,121
-57.41666666666668,-7.416666666666666,-1.3718188,1.3326399,2.2030616,-1.7518213,62,122
-57.250000000000014,-7.416666666666666,-1.2075338,1.5865948,1.9594035,-1.6306729,62,123
-51.250000000000014,-7.416666666666666,-2.6265533,0.6271975,-0.050334778,-2.3439438,62,159
-51.08333333333334,-7.416666666666666,-2.8214068,0.12539376,-0.20563576,-2.5626523,62,160
-50.41666666666668,-7.416666666666666,-3.6646035,-0.56173813,-0.07169169,-2.7251463,62,164
-50.250000000000014,-7.416666666666666,-2.7289867,1.1939551,0.13788837,-1.862031,62,165
-50.08333333333334,-7.416666666666666,-2.3963492,1.9242529,0.28228498,-1.5162684,62,166
-49.91666666666668,-7.416666666666666,-2.3493807,1.531125,-0.01995711,-1.685287,62,167
-49.750000000000014,-7.416666666666666,-2.0958152,2.270161,0.13615657,-1.3339398,62,168
-48.750000000000014,-7.416666666666666,-2.365671,2.2885535,0.250908,-1.331734,62,174
-48.41666666666668,-7.416666666666666,-2.7926204,1.8306311,0.20556138,-1.4829944,62,176
-48.250000000000014,-7.416666666666666,-2.55686,2.3344111,0.43767872,-1.2628152,62,177
-47.91666666666668,-7.416666666666666,-2.5760312,2.555014,0.32741708,-1.0621079,62,179
-47.750000000000014,-7.416666666666666,-2.3383355,2.9128816,0.32225397,-0.8540078,62,180
-75.08333333333334,-7.583333333333332,1.7700515,2.2361526,-2.9304776,0.6273895,63,16
-74.91666666666667,-7.583333333333332,1.4155991,1.9232326,-2.9835377,0.51043886,63,17
-74.75000000000001,-7.583333333333332,0.90455854,1.2036139,-2.889376,0.248672,63,18
-74.58333333333334,-7.583333333333332,0.57486224,0.8394656,-2.7500174,0.1808987,63,19
-74.41666666666667,-7.583333333333332,0.41235283,0.50491697,-2.5217483,0.18808927,63,20
-74.25000000000001,-7.583333333333332,0.36875626,0.21099192,-2.2636936,0.2287775,63,21
-74.08333333333334,-7.583333333333332,0.1556737,-0.38918418,-1.9713259,0.09431451,63,22
-73.91666666666667,-7.583333333333332,-0.06675651,-1.0396199,-1.6370403,-0.051966477,63,23
-73.75000000000001,-7.583333333333332,-0.14668487,-1.4843178,-1.2577924,-0.054288544,63,24
-73.58333333333334,-7.583333333333332,-0.04403844,-1.4737685,-1.0078343,0.10434875,63,25
-73.41666666666667,-7.583333333333332,-0.13537525,-1.5589514,-1.0267655,0.072361164,63,26
-73.25000000000001,-7.583333333333332,-0.27097136,-1.6540232,-1.1367662,0.045544956,63,27
-73.08333333333334,-7.583333333333332,-0.47895983,-1.8131814,-1.2630506,-0.038546246,63,28
-72.91666666666667,-7.583333333333332,-0.56843746,-1.5492548,-1.3165416,0.07427993,63,29
-72.75000000000001,-7.583333333333332,-0.77493554,-1.6130277,-1.4495968,0.025261847,63,30
-72.58333333333334,-7.583333333333332,-0.78104997,-1.6987394,-1.6167036,0.0049554235,63,31
-72.41666666666667,-7.583333333333332,-0.75081706,-1.8675996,-1.6611799,-0.04268224,63,32
-72.25000000000001,-7.583333333333332,-0.85943305,-2.1420763,-1.7365429,-0.15415256,63,33
-72.08333333333334,-7.583333333333332,-0.9036709,-2.2241385,-1.8408619,-0.18334754,63,34
-71.91666666666667,-7.583333333333332,-0.8151194,-2.005826,-1.9420983,-0.090495564,63,35
-71.75000000000001,-7.583333333333332,-0.9777921,-2.171197,-2.0875912,-0.24508162,63,36
-71.58333333333334,-7.583333333333332,-1.0901929,-2.1674342,-2.232054,-0.32819015,63,37
-71.41666666666667,-7.583333333333332,-1.1451651,-2.0721629,-2.280682,-0.35935694,63,38
-71.25000000000001,-7.583333333333332,-0.91519,-1.9589605,-1.9870802,-0.34696266,63,39
-71.08333333333334,-7.583333333333332,-0.9058016,-2.2200658,-1.6792195,-0.43666184,63,40
-70.91666666666667,-7.583333333333332,-1.0769215,-2.6319597,-1.452836,-0.5059819,63,41
-70.75000000000001,-7.583333333333332,-0.9904418,-2.6082714,-1.2693372,-0.43606892,63,42
-70.58333333333334,-7.583333333333332,-0.87983835,-2.4576898,-1.1174347,-0.30921254,63,43
-70.41666666666667,-7.583333333333332,-0.77116424,-2.1526058,-1.0076058,-0.1565484,63,44
-70.25000000000001,-7.583333333333332,-0.83984697,-2.0639925,-0.9252584,-0.12367872,63,45
-70.08333333333334,-7.583333333333332,-0.8793039,-1.920312,-0.80879295,-0.046912372,63,46
-69.91666666666667,-7.583333333333332,-1.0507604,-2.1146288,-0.7129828,-0.15106656,63,47
-69.75000000000001,-7.583333333333332,-1.0395831,-2.049313,-0.54641837,-0.10779306,63,48
-69.58333333333334,-7.583333333333332,-1.1374966,-2.1169806,-0.42475456,-0.14016911,63,49
-69.41666666666667,-7.583333333333332,-1.142203,-2.0258672,-0.2777415,-0.082078904,63,50
-69.25000000000001,-7.583333333333332,-1.142336,-1.9647297,-0.18897358,-0.05321824,63,51
-69.08333333333334,-7.583333333333332,-1.1550512,-1.8884233,-0.13881601,0.0001979821,63,52
-68.91666666666667,-7.583333333333332,-1.2732008,-1.9378988,-0.14181033,-0.030767562,63,53
-68.75000000000001,-7.583333333333332,-1.3432568,-1.3846916,-0.1977418,-0.38098484,63,54
-68.58333333333334,-7.583333333333332,-1.3941422,-1.349253,-0.22575827,-0.39846107,63,55
-68.41666666666667,-7.583333333333332,-1.4038306,-1.2333478,-0.26916334,-0.3699982,63,56
-68.25000000000001,-7.583333333333332,-1.4646068,-1.2134154,-0.31813732,-0.42567316,63,57
-68.08333333333334,-7.583333333333332,-1.4530321,-1.0486273,-0.37331507,-0.4077282,63,58
-67.91666666666667,-7.583333333333332,-1.404939,-0.82731074,-0.40480453,-0.38913816,63,59
-67.75000000000001,-7.583333333333332,-1.3476835,-0.60023266,-0.46064883,-0.36076713,63,60
-67.58333333333334,-7.583333333333332,-1.1812036,-0.2631142,-0.46638587,-0.24510604,63,61
-67.41666666666667,-7.583333333333332,-0.9964823,-0.19064924,-0.44771487,-0.12723275,63,62
-67.25000000000001,-7.583333333333332,-0.8672738,-0.32015103,-0.3647818,-0.08071442,63,63
-67.08333333333334,-7.583333333333332,-0.62084955,-0.41694972,-0.22224204,-0.085667476,63,64
-66.91666666666667,-7.583333333333332,-0.39800328,-0.3956246,0.0037076233,-0.016305724,63,65
-66.75000000000001,-7.583333333333332,-0.2516936,-0.17223345,0.07922422,0.03644156,63,66
-66.58333333333334,-7.583333333333332,-0.09276937,0.098700896,0.15975337,0.08551518,63,67
-66.41666666666667,-7.583333333333332,0.020799374,0.29857525,0.30183956,0.10520291,63,68
-66.25000000000001,-7.583333333333332,0.09989805,0.3515952,0.5398024,0.03518499,63,69
-66.08333333333334,-7.583333333333332,0.099238135,0.30565137,0.7746094,-0.030373251,63,70
-65.91666666666667,-7.583333333333332,0.106349766,0.28962415,0.86656475,-0.080352396,63,71
-65.75000000000001,-7.583333333333332,0.1653761,0.35022074,0.8414437,-0.035951745,63,72
-65.58333333333334,-7.583333333333332,0.28068802,0.47975418,0.8384096,0.023061967,63,73
-65.41666666666667,-7.583333333333332,0.44522431,0.71107507,0.78671706,0.14707817,63,74
-65.25000000000001,-7.583333333333332,0.40510893,0.6448844,0.83441764,0.0961006,63,75
-65.08333333333334,-7.583333333333332,0.41916302,0.67289364,0.87855256,0.1207046,63,76
-64.91666666666667,-7.583333333333332,0.5172838,0.78337777,0.8799428,0.13248442,63,77
-64.75000000000001,-7.583333333333332,0.28273505,0.6714026,0.9757113,-0.008850262,63,78
-64.58333333333334,-7.583333333333332,0.16973901,0.7269536,1.1287231,-0.06304029,63,79
-64.41666666666667,-7.583333333333332,0.020043986,0.7122294,1.2799592,-0.13916272,63,80
-64.25000000000001,-7.583333333333332,-0.100999005,0.76184404,1.3083724,-0.17234167,63,81
-64.08333333333334,-7.583333333333332,-0.25450718,0.7413238,1.2137753,-0.23540564,63,82
-63.91666666666668,-7.583333333333332,-0.410627,0.7182389,1.0587199,-0.29681087,63,83
-63.750000000000014,-7.583333333333332,-0.5658702,0.8370793,0.96631217,-0.2942453,63,84
-63.58333333333334,-7.583333333333332,-0.682266,0.8221192,0.6903057,-0.30493155,63,85
-63.41666666666668,-7.583333333333332,-0.8319885,1.2335131,0.39959487,-0.7198493,63,86
-63.250000000000014,-7.583333333333332,-0.91926974,1.2887815,0.4555609,-0.6860325,63,87
-63.08333333333334,-7.583333333333332,-0.7984391,1.5863942,0.6559805,-0.42675474,63,88
-62.91666666666668,-7.583333333333332,-0.8292628,1.4092814,0.34586352,-0.65798837,63,89
-62.750000000000014,-7.583333333333332,-1.0029435,1.3133845,0.43501037,-0.8025722,63,90
-62.58333333333334,-7.583333333333332,-0.9694665,1.385632,0.43866086,-0.84327894,63,91
-62.41666666666668,-7.583333333333332,-0.9219058,1.4380895,0.49632472,-0.89110893,63,92
-62.250000000000014,-7.583333333333332,-0.834051,1.4943702,0.6150115,-0.8882068,63,93
-62.08333333333334,-7.583333333333332,-0.72358704,1.508437,0.8734435,-0.8530465,63,94
-61.91666666666668,-7.583333333333332,-0.5672926,1.457458,1.1087089,-0.8269896,63,95
-61.750000000000014,-7.583333333333332,-0.387771,0.9548341,1.4891232,-0.39816183,63,96
-61.58333333333334,-7.583333333333332,-0.33185223,0.8156493,1.8320371,-0.39306414,63,97
-61.41666666666668,-7.583333333333332,-0.1961738,0.8245718,2.0921586,-0.33197004,63,98
-61.250000000000014,-7.583333333333332,-0.05148097,0.87038386,2.2880228,-0.2580359,63,99
-61.08333333333334,-7.583333333333332,-0.14625709,1.2335042,2.3576348,-0.6956154,63,100
-60.91666666666668,-7.583333333333332,-0.046523586,0.85422575,2.3019614,-0.25707805,63,101
-60.750000000000014,-7.583333333333332,-0.056130297,1.5904757,2.0875347,-0.5619407,63,102
-60.58333333333334,-7.583333333333332,-0.1667759,1.5907956,1.8111423,-0.62056,63,103
-60.41666666666668,-7.583333333333332,-0.4937441,1.341215,1.3599482,-0.82450724,63,104
-60.250000000000014,-7.583333333333332,-0.04003434,1.8714359,1.268558,-1.2270405,63,105
-60.08333333333334,-7.583333333333332,-0.23029542,2.1155396,0.73432106,-1.17735,63,106
-59.91666666666668,-7.583333333333332,-0.55917907,2.0776324,0.26985058,-1.277042,63,107
-59.750000000000014,-7.583333333333332,-0.89594656,1.8577875,0.012691528,-1.4235318,63,108
-59.58333333333334,-7.583333333333332,-0.8037454,2.1812663,0.041205265,-1.2805134,63,109
-59.41666666666668,-7.583333333333332,-1.0247065,1.8448079,0.13571137,-1.4658595,63,110
-59.250000000000014,-7.583333333333332,-1.0765245,1.8213768,0.29629424,-1.4835783,63,111
-59.08333333333334,-7.583333333333332,-0.74021375,2.3610845,0.5330949,-1.2197832,63,112
-58.91666666666668,-7.583333333333332,-0.7461296,2.342506,0.8004801,-1.2410477,63,113
-58.750000000000014,-7.583333333333332,-0.42562577,2.7712178,1.0931004,-1.0179034,63,114
-58.58333333333334,-7.583333333333332,-0.5867726,2.4937131,1.2981431,-1.1676232,63,115
-58.41666666666668,-7.583333333333332,-0.5217562,2.5821338,1.5608617,-1.136765,63,116
-58.250000000000014,-7.583333333333332,-0.40889338,2.7027357,1.7658042,-1.0711216,63,117
-58.08333333333334,-7.583333333333332,-0.5940376,2.5153904,1.904698,-1.1810869,63,118
-57.91666666666668,-7.583333333333332,-0.49856845,2.7095153,1.9098463,-1.0920521,63,119
-57.750000000000014,-7.583333333333332,-0.5965202,2.75926,2.15214,-1.0805265,63,120
-57.58333333333334,-7.583333333333332,-0.6460452,2.6918046,2.2099671,-1.1261579,63,121
-57.41666666666668,-7.583333333333332,-0.9815434,2.2898433,2.2652736,-1.3178198,63,122
-57.250000000000014,-7.583333333333332,-1.5035434,1.3838319,1.9232994,-1.7588639,63,123
-57.08333333333334,-7.583333333333332,-1.4698327,1.5004324,1.7747929,-1.7032776,63,124
-51.250000000000014,-7.583333333333332,-2.6352081,0.66635627,-0.06962969,-2.3317604,63,159
-50.41666666666668,-7.583333333333332,-3.7710238,-0.6827704,-0.12415604,-2.8265948,63,164
-50.250000000000014,-7.583333333333332,-2.6372116,1.2492917,0.05327233,-1.915473,63,165
-50.08333333333334,-7.583333333333332,-2.3833625,1.6681238,0.105119795,-1.6952987,63,166
-49.91666666666668,-7.583333333333332,-2.152586,2.2178454,0.21145436,-1.3916223,63,167
-48.750000000000014,-7.583333333333332,-2.3366392,2.3716438,0.49822313,-1.3151222,63,174
-48.41666666666668,-7.583333333333332,-2.711758,1.9917047,0.48327732,-1.3929342,63,176
-75.25000000000001,-7.75,2.0966222,1.9310385,-2.2337873,0.6476814,64,15
-75.08333333333334,-7.75,1.8540965,1.9687208,-2.516333,0.627801,64,16
-74.91666666666667,-7.75,1.522902,1.8294891,-2.7648158,0.53958404,64,17
-74.75000000000001,-7.75,1.0580139,1.4277275,-2.8180132,0.42813048,64,18
-74.58333333333334,-7.75,0.5654413,0.9299547,-2.77223,0.2530601,64,19
-74.41666666666667,-7.75,0.28333616,0.61236304,-2.6269302,0.21600486,64,20
-74.25000000000001,-7.75,0.17239352,0.2846008,-2.418561,0.21546614,64,21
-74.08333333333334,-7.75,0.011962073,-0.12983738,-2.147711,0.15924773,64,22
-73.91666666666667,-7.75,-0.115281925,-0.63813776,-1.8356957,0.06854219,64,23
-73.75000000000001,-7.75,-0.54178774,-1.5509827,-1.6457236,-0.2251572,64,24
-73.58333333333334,-7.75,-0.42246842,-1.4476814,-1.3819547,-0.030643988,64,25
-73.41666666666667,-7.75,-0.38330036,-1.4022337,-1.2376302,0.06822425,64,26
-73.25000000000001,-7.75,-0.49727666,-1.5997587,-1.267909,-0.0034218165,64,27
-73.08333333333334,-7.75,-0.666591,-1.7587998,-1.3373455,-0.056674417,64,28
-72.91666666666667,-7.75,-0.84635586,-1.724633,-1.3516921,-0.040087346,64,29
-72.75000000000001,-7.75,-0.9620685,-1.6949693,-1.4429603,-0.04206132,64,30
-72.58333333333334,-7.75,-0.9085661,-1.6874708,-1.6212567,-0.016557207,64,31
-72.41666666666667,-7.75,-1.0377239,-1.8606133,-1.6341339,-0.07261636,64,32
-72.25000000000001,-7.75,-1.080362,-2.0500076,-1.7753259,-0.16380563,64,33
-72.08333333333334,-7.75,-1.0788014,-2.0609813,-1.9055444,-0.18340234,64,34
-71.91666666666667,-7.75,-1.1030396,-1.95908,-2.04097,-0.17560373,64,35
-71.75000000000001,-7.75,-1.2890208,-2.1753235,-2.2281268,-0.32817608,64,36
-71.58333333333334,-7.75,-1.314416,-2.0333595,-2.3831444,-0.33333886,64,37
-71.41666666666667,-7.75,-1.335544,-1.8883177,-2.4529376,-0.31537816,64,38
-71.25000000000001,-7.75,-1.2999941,-2.1890018,-2.1510763,-0.3999947,64,39
-71.08333333333334,-7.75,-1.2607716,-2.5751576,-1.7812581,-0.4824306,64,40
-70.91666666666667,-7.75,-1.0745219,-2.5782614,-1.4625019,-0.3780037,64,41
-70.75000000000001,-7.75,-1.0087409,-2.5441983,-1.253504,-0.30546048,64,42
-70.58333333333334,-7.75,-0.90951645,-2.3568852,-1.1310743,-0.17451374,64,43
-70.41666666666667,-7.75,-1.1339867,-2.5002675,-1.1074576,-0.27128172,64,44
-70.25000000000001,-7.75,-1.1425966,-2.3002791,-1.0480939,-0.17554677,64,45
-70.08333333333334,-7.75,-1.1281208,-2.0846562,-0.93068206,-0.05865325,64,46
-69.91666666666667,-7.75,-1.2686327,-2.2360916,-0.78447706,-0.11603939,64,47
-69.75000000000001,-7.75,-1.3284181,-2.2684956,-0.61001563,-0.12724718,64,48
-69.58333333333334,-7.75,-1.3646493,-2.2605426,-0.4571797,-0.10708384,64,49
-69.41666666666667,-7.75,-1.3246871,-2.0912082,-0.29753977,-0.0077940654,64,50
-69.25000000000001,-7.75,-1.4098867,-2.1441383,-0.21658558,-0.03838248,64,51
-69.08333333333334,-7.75,-1.4218421,-2.04291,-0.1534818,0.009780496,64,52
-68.91666666666667,-7.75,-1.4618057,-1.9904963,-0.16354911,0.03129731,64,53
-68.75000000000001,-7.75,-1.5901752,-2.0955553,-0.18325046,-0.056321457,64,54
-68.58333333333334,-7.75,-1.6302805,-2.041404,-0.2491776,-0.059448835,64,55
-68.41666666666667,-7.75,-1.6419064,-1.9011132,-0.30640534,-0.018973256,64,56
-68.25000000000001,-7.75,-1.7540034,-1.3930483,-0.41341645,-0.44690228,64,57
-68.08333333333334,-7.75,-1.6886964,-1.1768223,-0.4719848,-0.40907213,64,58
-67.91666666666667,-7.75,-1.6294289,-0.91245496,-0.5158082,-0.3482228,64,59
-67.75000000000001,-7.75,-1.5141811,-0.66264474,-0.56877875,-0.2938325,64,60
-67.58333333333334,-7.75,-1.4305118,-0.49572673,-0.58974797,-0.2512134,64,61
-67.41666666666667,-7.75,-1.2763678,-0.39596307,-0.6102631,-0.14526783,64,62
-67.25000000000001,-7.75,-1.0271773,-0.26009935,-0.5535979,-0.0047876304,64,63
-67.08333333333334,-7.75,-0.6716095,-0.064014725,-0.35995632,0.12175102,64,64
-66.91666666666667,-7.75,-0.45539808,-0.0024109664,-0.15396036,0.19074498,64,65
-66.75000000000001,-7.75,-0.37453467,0.053043496,-0.09850908,0.15726244,64,66
-66.58333333333334,-7.75,-0.3193266,0.12484334,-0.022694057,0.09798447,64,67
-66.41666666666667,-7.75,-0.29832873,0.18522686,0.13499615,0.038406886,64,68
-66.25000000000001,-7.75,-0.19329065,0.2974507,0.38008082,0.014254318,64,69
-66.08333333333334,-7.75,-0.0641988,0.46820572,0.61848116,0.035627823,64,70
-65.91666666666667,-7.75,0.043011207,0.5968206,0.6992674,0.08094055,64,71
-65.75000000000001,-7.75,0.119142115,0.7055004,0.7102011,0.12739027,64,72
-65.58333333333334,-7.75,0.16605501,0.75909156,0.650544,0.15596578,64,73
-65.41666666666667,-7.75,0.1564613,0.7295053,0.6150718,0.15972914,64,74
-65.25000000000001,-7.75,0.14758204,0.7200718,0.61604494,0.118191905,64,75
-65.08333333333334,-7.75,0.25783727,0.8254019,0.6383328,0.16114521,64,76
-64.91666666666667,-7.75,0.14287469,0.70566046,0.6723071,0.06649966,64,77
-64.75000000000001,-7.75,0.04449692,0.7267483,0.81391275,0.0016438289,64,78
-64.58333333333334,-7.75,-0.042216647,0.733927,0.9632381,-0.051499546,64,79
-64.41666666666667,-7.75,-0.18460324,0.73265725,1.1289846,-0.11913609,64,80
-64.25000000000001,-7.75,-0.2913002,0.7341218,1.1604723,-0.17212638,64,81
-64.08333333333334,-7.75,-0.4493308,0.6901237,1.1280527,-0.21774235,64,82
-63.91666666666668,-7.75,-0.58342314,0.7439286,1.1071455,-0.25570562,64,83
-63.750000000000014,-7.75,-0.7552002,0.89832634,1.1532762,-0.21925879,64,84
-63.58333333333334,-7.75,-0.86529714,0.74389786,0.7790454,-0.31743017,64,85
-63.41666666666668,-7.75,-0.9536128,0.7373924,0.5751314,-0.3457461,64,86
-63.250000000000014,-7.75,-1.1065726,1.1766555,0.58686906,-0.74969804,64,87
-63.08333333333334,-7.75,-1.0573137,1.4719265,0.7581055,-0.57293797,64,88
-62.91666666666668,-7.75,-1.082153,1.222542,0.46534795,-0.79301596,64,89
-62.750000000000014,-7.75,-1.2325823,1.1885685,0.52417016,-0.8868186,64,90
-62.58333333333334,-7.75,-1.2366002,1.2640848,0.53048235,-0.9233676,64,91
-62.41666666666668,-7.75,-1.2128439,1.3950665,0.56467146,-0.9502138,64,92
-62.250000000000014,-7.75,-1.0518754,1.0077658,0.6681088,-0.53143406,64,93
-62.08333333333334,-7.75,-1.0317852,1.3585294,0.8160578,-0.97275025,64,94
-61.91666666666668,-7.75,-0.7374863,0.96948576,1.2072114,-0.4544928,64,95
-61.750000000000014,-7.75,-0.678688,1.3783864,1.5505261,-0.8165645,64,96
-61.58333333333334,-7.75,-0.7311353,1.0852658,1.8881093,-0.8697927,64,97
-61.41666666666668,-7.75,-0.65878195,0.9773731,2.214589,-0.8547438,64,98
-61.250000000000014,-7.75,-0.42906106,1.0835972,2.4521527,-0.7550871,64,99
-61.08333333333334,-7.75,-0.40049767,1.1558157,2.5637548,-0.7163906,64,100
-60.91666666666668,-7.75,-0.35647437,1.285864,2.3715298,-0.68965435,64,101
-60.750000000000014,-7.75,-0.3910222,1.3513932,2.072647,-0.7117823,64,102
-60.58333333333334,-7.75,-0.3495543,1.6574485,1.7825065,-0.61604846,64,103
-60.41666666666668,-7.75,-0.50645006,1.7182283,1.3908293,-0.66186535,64,104
-60.250000000000014,-7.75,-0.6305265,1.9566613,0.97743857,-0.63362485,64,105
-60.08333333333334,-7.75,-0.7620906,2.1438558,0.59057283,-0.62694466,64,106
-59.91666666666668,-7.75,-0.95753086,2.1753938,0.23971201,-0.6895182,64,107
-59.750000000000014,-7.75,-0.9583287,1.8074647,0.34857428,-1.4627737,64,108
-59.58333333333334,-7.75,-0.976908,2.001041,0.30343157,-1.393543,64,109
-59.41666666666668,-7.75,-1.2031325,1.7033013,0.3304242,-1.5645195,64,110
-59.250000000000014,-7.75,-1.1322562,1.9219303,0.47969398,-1.468264,64,111
-59.08333333333334,-7.75,-1.2011945,1.7964481,0.6232063,-1.5416099,64,112
-58.91666666666668,-7.75,-0.8693574,2.3242486,0.8422268,-1.281594,64,113
-58.750000000000014,-7.75,-0.69860494,2.6446002,1.0864817,-1.1315074,64,114
-58.58333333333334,-7.75,-0.6132688,2.7175112,1.3130654,-1.0864651,64,115
-58.41666666666668,-7.75,-0.6885847,2.5765266,1.4611919,-1.1722313,64,116
-58.250000000000014,-7.75,-0.60939944,2.739978,1.6535109,-1.0979927,64,117
-58.08333333333334,-7.75,-0.743293,2.585458,1.7736794,-1.1770185,64,118
-57.91666666666668,-7.75,-0.6866879,2.7003996,1.8219913,-1.1205769,64,119
-57.750000000000014,-7.75,-0.7286635,2.6479423,1.935895,-1.1629606,64,120
-57.58333333333334,-7.75,-0.7085032,2.7303748,2.0127175,-1.1235566,64,121
-57.41666666666668,-7.75,-0.6775361,2.8821476,2.076045,-1.0525097,64,122
-57.250000000000014,-7.75,-1.3716002,1.8826133,2.004947,-1.5381631,64,123
-57.08333333333334,-7.75,-1.773799,1.3233483,1.8397624,-1.8041258,64,124
-56.91666666666668,-7.75,-1.9127179,1.1816478,1.7227405,-1.8697461,64,125
-51.41666666666668,-7.75,-2.987596,0.1667353,-0.024670899,-2.5846672,64,158
-51.250000000000014,-7.75,-2.749262,0.4941007,-0.13589096,-2.4223032,64,159
-51.08333333333334,-7.75,-2.7882762,0.5250764,-0.11171798,-2.3715124,64,160
-50.91666666666668,-7.75,-3.023123,0.13490748,-0.18479484,-2.5315714,64,161
-50.750000000000014,-7.75,-3.3475912,0.26649565,0.105702035,-2.4514859,64,162
-50.58333333333334,-7.75,-3.4150195,0.31500986,0.14710604,-2.4268157,64,163
-50.41666666666668,-7.75,-3.242986,0.439816,0.06432838,-2.3430939,64,164
-50.08333333333334,-7.75,-2.2294128,2.1845317,0.25635645,-1.479088,64,166
-49.08333333333334,-7.75,-2.0335011,2.7963443,0.4953623,-1.1022128,64,172
-48.58333333333334,-7.75,-2.755258,1.6677549,0.5672326,-1.5753403,64,175
-48.41666666666668,-7.75,-2.492457,2.320193,0.7038175,-1.2231823,64,176
-74.91666666666667,-7.916666666666666,1.5464275,1.6914347,-2.5624588,0.53285354,65,17
-74.58333333333334,-7.916666666666666,0.6013949,1.1736486,-2.8426454,0.40468708,65,19
-74.41666666666667,-7.916666666666666,0.18666719,0.7255999,-2.7681615,0.2689033,65,20
-74.25000000000001,-7.916666666666666,-0.0040663145,0.42747864,-2.6027038,0.24227138,65,21
-74.08333333333334,-7.916666666666666,-0.118606575,0.060453717,-2.3828254,0.18750171,65,22
-73.91666666666667,-7.916666666666666,-0.44619352,-0.69739074,-2.1530948,-0.06301652,65,23
-73.75000000000001,-7.916666666666666,-0.58220136,-1.0701385,-1.9236077,-0.116356455,65,24
-73.58333333333334,-7.916666666666666,-0.62069935,-1.3046182,-1.6885896,-0.07738351,65,25
-73.41666666666667,-7.916666666666666,-0.5699116,-1.2319027,-1.5065898,0.029256996,65,26
-73.25000000000001,-7.916666666666666,-0.6031333,-1.3234252,-1.4138879,0.064970694,65,27
-73.08333333333334,-7.916666666666666,-0.7082843,-1.4741886,-1.3431545,0.058721732,65,28
-72.91666666666667,-7.916666666666666,-0.82423884,-1.5638895,-1.334714,0.036330156,65,29
-72.75000000000001,-7.916666666666666,-0.8834923,-1.6198678,-1.4129579,0.031000935,65,30
-72.58333333333334,-7.916666666666666,-0.9977851,-1.7202499,-1.4962883,-0.01664756,65,31
-72.41666666666667,-7.916666666666666,-1.1666455,-1.8400711,-1.5858576,-0.08055069,65,32
-72.25000000000001,-7.916666666666666,-1.252348,-2.0533266,-1.7862648,-0.19801114,65,33
-72.08333333333334,-7.916666666666666,-1.1875718,-1.8956754,-1.945673,-0.14155091,65,34
-71.91666666666667,-7.916666666666666,-1.3522334,-2.052014,-2.0987966,-0.26956883,65,35
-71.75000000000001,-7.916666666666666,-1.4796925,-2.1789842,-2.2400794,-0.35521576,65,36
-71.58333333333334,-7.916666666666666,-1.4335673,-2.0203178,-2.3256526,-0.29001564,65,37
-71.41666666666667,-7.916666666666666,-1.4640709,-2.0943215,-2.3010497,-0.34045285,65,38
-71.25000000000001,-7.916666666666666,-1.523155,-2.5442314,-2.0939028,-0.49943385,65,39
-71.08333333333334,-7.916666666666666,-1.3704679,-2.7611427,-1.7566903,-0.4769927,65,40
-70.91666666666667,-7.916666666666666,-1.1060711,-2.6747553,-1.3977083,-0.32118767,65,41
-70.75000000000001,-7.916666666666666,-1.1244643,-2.7694526,-1.1867187,-0.30880696,65,42
-70.58333333333334,-7.916666666666666,-1.1312011,-2.5965843,-1.1497401,-0.21578966,65,43
-70.41666666666667,-7.916666666666666,-1.3828824,-2.655449,-1.2140995,-0.27856228,65,44
-70.25000000000001,-7.916666666666666,-1.363,-2.3165925,-1.1361485,-0.11752348,65,45
-70.08333333333334,-7.916666666666666,-1.3323463,-2.1737118,-1.0079916,-0.02069587,65,46
-69.91666666666667,-7.916666666666666,-1.4251658,-2.290653,-0.8223872,-0.052917007,65,47
-69.75000000000001,-7.916666666666666,-1.5718284,-2.483295,-0.6398981,-0.123097435,65,48
-69.58333333333334,-7.916666666666666,-1.4950911,-2.293215,-0.4326953,-0.0032055944,65,49
-69.41666666666667,-7.916666666666666,-1.6188779,-2.3586314,-0.32228512,-0.02469871,65,50
-69.25000000000001,-7.916666666666666,-1.5816319,-2.2234917,-0.18848184,0.07261965,65,51
-69.08333333333334,-7.916666666666666,-1.7291117,-2.3505828,-0.18600044,-0.0045260713,65,52
-68.91666666666667,-7.916666666666666,-1.7028861,-2.1564949,-0.15923972,0.06618944,65,53
-68.75000000000001,-7.916666666666666,-1.9199564,-2.4072685,-0.2471574,-0.110534675,65,54
-68.58333333333334,-7.916666666666666,-1.9092699,-2.2449915,-0.2900794,-0.056634527,65,55
-68.41666666666667,-7.916666666666666,-1.8345193,-1.9643098,-0.3433556,0.05059072,65,56
-68.25000000000001,-7.916666666666666,-1.8363718,-1.8273948,-0.41455844,0.065449096,65,57
-68.08333333333334,-7.916666666666666,-1.9192607,-1.2799735,-0.560092,-0.36771664,65,58
-67.91666666666667,-7.916666666666666,-1.8344333,-1.0412985,-0.6110251,-0.30551133,65,59
-67.75000000000001,-7.916666666666666,-1.7289965,-0.7872774,-0.6746901,-0.24389271,65,60
-67.58333333333334,-7.916666666666666,-1.6041033,-0.58156115,-0.72190446,-0.160395,65,61
-67.41666666666667,-7.916666666666666,-1.4126183,-0.40634042,-0.74037975,-0.06399009,65,62
-67.25000000000001,-7.916666666666666,-1.1861624,-0.21902068,-0.73277605,0.059227534,65,63
-67.08333333333334,-7.916666666666666,-0.8808561,0.0089548305,-0.5963147,0.15428472,65,64
-66.91666666666667,-7.916666666666666,-0.78638285,-0.049427006,-0.45174405,0.12822653,65,65
-66.75000000000001,-7.916666666666666,-0.74833757,-0.07342624,-0.35676584,0.06855839,65,66
-66.58333333333334,-7.916666666666666,-0.65754163,0.0010347068,-0.27021894,0.04428057,65,67
-66.41666666666667,-7.916666666666666,-0.5751447,0.10911094,-0.11357942,0.013599976,65,68
-66.25000000000001,-7.916666666666666,-0.47141874,0.24105002,0.10131788,0.012882526,65,69
-66.08333333333334,-7.916666666666666,-0.3848461,0.38903016,0.30335724,0.022559078,65,70
-65.91666666666667,-7.916666666666666,-0.29571483,0.52261597,0.42825723,0.06554692,65,71
-65.75000000000001,-7.916666666666666,-0.18967423,0.68006986,0.48159784,0.1267621,65,72
-65.58333333333334,-7.916666666666666,-0.14521866,0.7398801,0.46384114,0.1378394,65,73
-65.41666666666667,-7.916666666666666,-0.15212196,0.71949255,0.40529665,0.10161792,65,74
-65.25000000000001,-7.916666666666666,-0.051087577,0.8703027,0.36371323,0.17132503,65,75
-65.08333333333334,-7.916666666666666,-0.11821614,0.7833919,0.4291839,0.10393727,65,76
-64.91666666666667,-7.916666666666666,-0.14612192,0.73420656,0.48380995,0.040714767,65,77
-64.75000000000001,-7.916666666666666,-0.17729186,0.8153902,0.6838617,0.045863867,65,78
-64.58333333333334,-7.916666666666666,-0.27610648,0.84535325,0.8710893,0.017069524,65,79
-64.41666666666667,-7.916666666666666,-0.3766393,0.71491027,0.9243044,-0.10752862,65,80
-64.25000000000001,-7.916666666666666,-0.48542282,0.73934567,1.015097,-0.1496846,65,81
-64.08333333333334,-7.916666666666666,-0.6586585,0.6690367,1.0416703,-0.23497401,65,82
-63.91666666666668,-7.916666666666666,-0.76489097,0.75267905,1.1501539,-0.21607728,65,83
-63.750000000000014,-7.916666666666666,-0.9580478,0.8370508,1.1754128,-0.23489158,65,84
-63.58333333333334,-7.916666666666666,-1.0365902,0.6212427,0.8805329,-0.35028476,65,85
-63.41666666666668,-7.916666666666666,-1.1552229,0.6257939,0.7523474,-0.38147795,65,86
-63.250000000000014,-7.916666666666666,-1.2195731,0.7569499,0.86505204,-0.31589365,65,87
-63.08333333333334,-7.916666666666666,-1.188892,0.7787185,0.8431063,-0.32246113,65,88
-62.91666666666668,-7.916666666666666,-1.1166162,0.7467019,0.65884656,-0.40015593,65,89
-62.750000000000014,-7.916666666666666,-1.3232228,0.6299496,0.69806194,-0.5217294,65,90
-62.58333333333334,-7.916666666666666,-1.3490771,0.7027259,0.67488,-0.55211526,65,91
-62.41666666666668,-7.916666666666666,-1.3092911,0.7925588,0.6559468,-0.5826162,65,92
-62.250000000000014,-7.916666666666666,-1.2943681,0.82627237,0.7010326,-0.60170424,65,93
-62.08333333333334,-7.916666666666666,-1.141474,0.8439577,0.9187366,-0.5458053,65,94
-61.91666666666668,-7.916666666666666,-1.1721405,1.0727788,1.1090821,-1.029779,65,95
-61.750000000000014,-7.916666666666666,-1.0390925,1.069626,1.5053953,-0.9446229,65,96
-61.58333333333334,-7.916666666666666,-1.0179416,1.0125561,1.9724563,-0.88159347,65,97
-61.41666666666668,-7.916666666666666,-0.92004955,0.9878132,2.3284292,-0.8270962,65,98
-61.250000000000014,-7.916666666666666,-0.7170532,0.8834412,2.5357623,-0.8419258,65,99
-61.08333333333334,-7.916666666666666,-0.6640616,0.97145164,2.574123,-0.81575894,65,100
-60.91666666666668,-7.916666666666666,-0.71634245,0.97691697,2.2928538,-0.87661266,65,101
-60.750000000000014,-7.916666666666666,-0.8084931,1.0267792,2.0201902,-0.9126373,65,102
-60.58333333333334,-7.916666666666666,-0.70681447,1.4539875,1.7437062,-0.7566112,65,103
-60.41666666666668,-7.916666666666666,-0.77611077,1.6659787,1.4181498,-0.7194102,65,104
-60.250000000000014,-7.916666666666666,-0.7991349,1.9591873,1.0590655,-0.650439,65,105
-60.08333333333334,-7.916666666666666,-1.0042884,1.9255015,0.7412175,-0.7384779,65,106
-59.91666666666668,-7.916666666666666,-1.2029431,1.9153911,0.4480902,-0.8192966,65,107
-59.750000000000014,-7.916666666666666,-1.0583673,1.7658564,0.6158455,-1.5037079,65,108
-59.58333333333334,-7.916666666666666,-1.0713649,1.9694299,0.5524871,-1.4262464,65,109
-59.41666666666668,-7.916666666666666,-1.1754606,1.9096661,0.55617845,-1.4892799,65,110
-59.250000000000014,-7.916666666666666,-1.2166089,1.982967,0.64086914,-1.4781077,65,111
-59.08333333333334,-7.916666666666666,-1.1817725,2.0747328,0.74067897,-1.4391443,65,112
-58.91666666666668,-7.916666666666666,-1.020532,2.356107,0.91163504,-1.3105838,65,113
-58.750000000000014,-7.916666666666666,-1.1367825,2.21917,1.0817381,-1.3878441,65,114
-58.58333333333334,-7.916666666666666,-0.911706,2.4758518,1.2250751,-1.2599448,65,115
-58.41666666666668,-7.916666666666666,-0.76881117,2.6916454,1.3959444,-1.147889,65,116
-58.250000000000014,-7.916666666666666,-0.8351456,2.6803262,1.5617511,-1.1594932,65,117
-58.08333333333334,-7.916666666666666,-0.8674051,2.6401896,1.6155988,-1.1803167,65,118
-57.91666666666668,-7.916666666666666,-0.7898869,2.7641544,1.7263192,-1.111948,65,119
-57.750000000000014,-7.916666666666666,-0.6929572,2.9160287,1.8432567,-1.0443245,65,120
-57.58333333333334,-7.916666666666666,-0.78332466,2.8132458,1.8705206,-1.1091605,65,121
-57.41666666666668,-7.916666666666666,-0.7570865,2.9281418,1.9128664,-1.060417,65,122
-57.250000000000014,-7.916666666666666,-0.93438435,2.7408183,1.933109,-1.1360217,65,123
-57.08333333333334,-7.916666666666666,-1.6035953,1.8107212,1.8810685,-1.5745519,65,124
-56.91666666666668,-7.916666666666666,-2.0821805,1.0466226,1.7121435,-1.9407247,65,125
-56.750000000000014,-7.916666666666666,-1.7076406,1.552195,1.6091056,-1.6665004,65,126
-52.58333333333334,-7.916666666666666,-2.3610942,0.92710817,0.5360066,-2.1876013,65,151
-51.41666666666668,-7.916666666666666,-2.7707458,0.52655137,-0.041444257,-2.387783,65,158
-51.250000000000014,-7.916666666666666,-2.5443785,1.0262718,-0.0469112,-2.1589293,65,159
-51.08333333333334,-7.916666666666666,-2.6309147,0.8156573,-0.15480445,-2.2705393,65,160
-50.91666666666668,-7.916666666666666,-2.7599761,1.2042867,0.112020575,-2.037986,65,161
-50.750000000000014,-7.916666666666666,-2.9162197,1.3877285,0.3406365,-1.9473726,65,162
-50.41666666666668,-7.916666666666666,-2.6965048,1.5337539,0.20665652,-1.8535599,65,164
-50.08333333333334,-7.916666666666666,-2.2027028,2.505661,0.3948086,-1.3616743,65,166
-49.91666666666668,-7.916666666666666,-2.0059702,2.8007195,0.44407082,-1.1879073,65,167
-49.750000000000014,-7.916666666666666,-1.9490452,2.8701065,0.4190841,-1.1565264,65,168
-49.58333333333334,-7.916666666666666,-2.0585399,2.7917583,0.3665348,-1.1893504,65,169
-49.41666666666668,-7.916666666666666,-2.1593237,2.6131666,0.35552776,-1.2445679,65,170
-49.250000000000014,-7.916666666666666,-1.9541742,3.0410304,0.48654518,-1.0265195,65,171
-48.58333333333334,-7.916666666666666,-2.8129601,1.579798,0.6977166,-1.5902563,65,175
-48.41666666666668,-7.916666666666666,-2.4460948,2.4040546,0.8630063,-1.17755,65,176
-74.75000000000001,-8.083333333333332,0.95879215,1.4321551,-2.8292198,0.4697438,66,18
-74.58333333333334,-8.083333333333332,0.48232043,1.2944633,-3.0433762,0.45893204,66,19
-74.41666666666667,-8.083333333333332,0.109600246,0.95816535,-2.9445515,0.39074835,66,20
-74.25000000000001,-8.083333333333332,-0.1468367,0.5752879,-2.7926774,0.28739032,66,21
-74.08333333333334,-8.083333333333332,-0.42913115,-0.07798796,-2.6215174,0.056339096,66,22
-73.91666666666667,-8.083333333333332,-0.59073275,-0.5417168,-2.3809857,-0.04284594,66,23
-73.75000000000001,-8.083333333333332,-0.5803038,-0.60536736,-2.1688294,0.031943087,66,24
-73.58333333333334,-8.083333333333332,-0.84522533,-1.2631508,-2.006194,-0.17134932,66,25
-73.41666666666667,-8.083333333333332,-0.740184,-1.0917205,-1.7378119,0.013576629,66,26
-73.25000000000001,-8.083333333333332,-0.7999346,-1.2545435,-1.5739379,0.009338467,66,27
-73.08333333333334,-8.083333333333332,-0.8713943,-1.4843128,-1.4364307,-0.006565773,66,28
-72.91666666666667,-8.083333333333332,-0.899629,-1.5482488,-1.3092773,0.03552202,66,29
-72.75000000000001,-8.083333333333332,-0.89467233,-1.5143207,-1.2120275,0.11365823,66,30
-72.58333333333334,-8.083333333333332,-1.0657293,-1.7095644,-1.3530829,0.017532263,66,31
-72.41666666666667,-8.083333333333332,-1.2647539,-1.847899,-1.559457,-0.09006495,66,32
-72.25000000000001,-8.083333333333332,-1.3838767,-2.0117755,-1.7892361,-0.20168641,66,33
-72.08333333333334,-8.083333333333332,-1.3301307,-1.8318899,-1.9313033,-0.14448112,66,34
-71.91666666666667,-8.083333333333332,-1.5002412,-2.0320964,-2.080289,-0.28603235,66,35
-71.75000000000001,-8.083333333333332,-1.5850551,-2.1292994,-2.1862578,-0.33874804,66,36
-71.58333333333334,-8.083333333333332,-1.5416012,-2.123749,-2.2217004,-0.31035843,66,37
-71.41666666666667,-8.083333333333332,-1.6289022,-2.3938103,-2.1790676,-0.41326094,66,38
-71.25000000000001,-8.083333333333332,-1.5670321,-2.5346584,-1.953458,-0.40403354,66,39
-71.08333333333334,-8.083333333333332,-1.389335,-2.615769,-1.5980805,-0.3316359,66,40
-70.91666666666667,-8.083333333333332,-1.2620038,-2.831512,-1.2214946,-0.29382664,66,41
-70.75000000000001,-8.083333333333332,-1.0436226,-2.662158,-0.87860745,-0.09331595,66,42
-70.58333333333334,-8.083333333333332,-1.3179402,-2.719129,-1.0923477,-0.17715524,66,43
-70.41666666666667,-8.083333333333332,-1.5154104,-2.49807,-1.2480847,-0.120253354,66,44
-70.25000000000001,-8.083333333333332,-1.5713506,-2.1796842,-1.1650504,0.020141259,66,45
-70.08333333333334,-8.083333333333332,-1.689774,-2.4448056,-1.0890913,-0.09090502,66,46
-69.91666666666667,-8.083333333333332,-1.6312141,-2.3609126,-0.8217613,0.0021620994,66,47
-69.75000000000001,-8.083333333333332,-1.7567229,-2.5494945,-0.63860756,-0.05438586,66,48
-69.58333333333334,-8.083333333333332,-1.7514952,-2.4904673,-0.4242779,0.0162628,66,49
-69.41666666666667,-8.083333333333332,-1.8690026,-2.548848,-0.31191465,0.0044577047,66,50
-69.25000000000001,-8.083333333333332,-1.8162014,-2.383129,-0.17738387,0.11014021,66,51
-69.08333333333334,-8.083333333333332,-2.0074844,-2.5696917,-0.1713929,0.006086935,66,52
-68.91666666666667,-8.083333333333332,-1.9486544,-2.3262472,-0.15424867,0.10274892,66,53
-68.75000000000001,-8.083333333333332,-2.1121447,-2.457728,-0.23996584,-0.016072625,66,54
-68.58333333333334,-8.083333333333332,-2.0089154,-2.1186876,-0.28774828,0.12656511,66,55
-68.41666666666667,-8.083333333333332,-1.980879,-1.936521,-0.37312093,0.16163261,66,56
-68.25000000000001,-8.083333333333332,-1.9398975,-1.711144,-0.47744566,0.21429017,66,57
-68.08333333333334,-8.083333333333332,-1.9549387,-1.6419302,-0.56057286,0.179251,66,58
-67.91666666666667,-8.083333333333332,-1.8935001,-1.4751283,-0.6400992,0.20417249,66,59
-67.75000000000001,-8.083333333333332,-1.8778417,-0.8435853,-0.7799107,-0.15043812,66,60
-67.58333333333334,-8.083333333333332,-1.7594141,-0.6375737,-0.81801516,-0.080769114,66,61
-67.41666666666667,-8.083333333333332,-1.5707769,-0.4754432,-0.8176664,0.005581332,66,62
-67.25000000000001,-8.083333333333332,-1.3123388,-0.15462254,-0.7982524,0.14741525,66,63
-67.08333333333334,-8.083333333333332,-1.126566,-0.026374293,-0.69269556,0.16278143,66,64
-66.91666666666667,-8.083333333333332,-1.0290246,-0.027632395,-0.6454423,0.12906598,66,65
-66.75000000000001,-8.083333333333332,-0.968746,-0.03749601,-0.58398837,0.071593046,66,66
-66.58333333333334,-8.083333333333332,-0.8643472,0.0622677,-0.49948502,0.069047384,66,67
-66.41666666666667,-8.083333333333332,-0.72177196,0.24563448,-0.35130194,0.09828263,66,68
-66.25000000000001,-8.083333333333332,-0.6026043,0.40660885,-0.20056383,0.10720213,66,69
-66.08333333333334,-8.083333333333332,-0.5572599,0.5140106,-0.020555306,0.11190086,66,70
-65.91666666666667,-8.083333333333332,-0.49035424,0.6460051,0.13745275,0.14081863,66,71
-65.75000000000001,-8.083333333333332,-0.48677653,0.6559201,0.23401947,0.12473107,66,72
-65.58333333333334,-8.083333333333332,-0.41077194,0.74864835,0.21409911,0.1318218,66,73
-65.41666666666667,-8.083333333333332,-0.34082898,0.88973576,0.186606,0.1721347,66,74
-65.25000000000001,-8.083333333333332,-0.2654666,0.99700385,0.1590959,0.19323121,66,75
-65.08333333333334,-8.083333333333332,-0.3439926,0.8543638,0.20840438,0.1103903,66,76
-64.91666666666667,-8.083333333333332,-0.38376272,0.7990371,0.3286489,0.05533309,66,77
-64.75000000000001,-8.083333333333332,-0.38875288,0.8318899,0.48959026,0.039860617,66,78
-64.58333333333334,-8.083333333333332,-0.46058294,0.8296078,0.656935,0.0053939624,66,79
-64.41666666666667,-8.083333333333332,-0.5670287,0.76568055,0.7983023,-0.07325271,66,80
-64.25000000000001,-8.083333333333332,-0.67937183,0.71659356,0.8823249,-0.14356844,66,81
-64.08333333333334,-8.083333333333332,-0.8279948,0.6830423,0.98983896,-0.20724112,66,82
-63.91666666666668,-8.083333333333332,-0.9875057,0.61520165,1.0987185,-0.26953837,66,83
-63.750000000000014,-8.083333333333332,-1.0993077,0.8649765,1.3498545,-0.17739125,66,84
-63.58333333333334,-8.083333333333332,-1.2436938,0.5702291,1.068884,-0.34566534,66,85
-63.41666666666668,-8.083333333333332,-1.2655387,0.5471474,0.9011316,-0.3752306,66,86
-63.250000000000014,-8.083333333333332,-1.3701751,0.45812294,0.85164165,-0.44055295,66,87
-63.08333333333334,-8.083333333333332,-1.2901739,0.59702593,0.88944566,-0.3913543,66,88
-62.91666666666668,-8.083333333333332,-1.2829111,0.61296064,0.8119642,-0.3993456,66,89
-62.750000000000014,-8.083333333333332,-1.4615496,0.4388745,0.80943894,-0.5483097,66,90
-62.58333333333334,-8.083333333333332,-1.5142328,0.45091036,0.8001562,-0.6048504,66,91
-62.41666666666668,-8.083333333333332,-1.4699361,0.54992795,0.7860177,-0.6047311,66,92
-62.250000000000014,-8.083333333333332,-1.4304391,0.61283123,0.8289558,-0.6116265,66,93
-62.08333333333334,-8.083333333333332,-1.3293289,0.6714143,0.9733071,-0.5591888,66,94
-61.91666666666668,-8.083333333333332,-1.2956775,0.56344825,1.1708108,-0.57945395,66,95
-61.750000000000014,-8.083333333333332,-1.3560793,0.85778505,1.4558092,-1.0331286,66,96
-61.58333333333334,-8.083333333333332,-1.2354386,0.86249506,1.7551742,-0.96656877,66,97
-61.41666666666668,-8.083333333333332,-1.2792778,0.6043894,2.0583289,-1.0594095,66,98
-61.250000000000014,-8.083333333333332,-1.0385032,0.8070961,2.3174698,-0.9332881,66,99
-61.08333333333334,-8.083333333333332,-0.9248963,0.975428,2.3583195,-0.84041303,66,100
-60.91666666666668,-8.083333333333332,-1.026648,0.85309637,2.179659,-0.9659394,66,101
-60.750000000000014,-8.083333333333332,-1.1084577,0.93596685,1.9329809,-0.99639773,66,102
-60.58333333333334,-8.083333333333332,-1.0290605,1.2737364,1.6801963,-0.886248,66,103
-60.41666666666668,-8.083333333333332,-1.004273,1.6198038,1.4248157,-0.7629713,66,104
-60.250000000000014,-8.083333333333332,-1.1140887,1.723984,1.130765,-0.7847657,66,105
-60.08333333333334,-8.083333333333332,-1.1147645,1.968059,0.869961,-0.7183348,66,106
-59.91666666666668,-8.083333333333332,-1.298063,1.958519,0.62152654,-0.79019237,66,107
-59.750000000000014,-8.083333333333332,-1.5856234,1.6874514,0.43608978,-0.98592114,66,108
-59.58333333333334,-8.083333333333332,-1.4587886,2.1210864,0.37801683,-0.8035383,66,109
-59.41666666666668,-8.083333333333332,-1.5422343,2.1722915,0.37835178,-0.8191946,66,110
-59.250000000000014,-8.083333333333332,-1.2892977,2.0165837,0.76622564,-1.4954989,66,111
-59.08333333333334,-8.083333333333332,-1.5482848,1.6308014,0.75830376,-1.7047927,66,112
-58.91666666666668,-8.083333333333332,-1.2672688,2.2068021,0.9272068,-1.4262367,66,113
-58.750000000000014,-8.083333333333332,-1.4705547,1.8618823,1.0043263,-1.592309,66,114
-58.58333333333334,-8.083333333333332,-0.9664171,2.6746829,1.2128069,-1.1903201,66,115
-58.41666666666668,-8.083333333333332,-1.012997,2.5761962,1.3113104,-1.2417057,66,116
-58.250000000000014,-8.083333333333332,-0.9274654,2.7833889,1.4253235,-1.1343355,66,117
-58.08333333333334,-8.083333333333332,-1.0552794,2.6008203,1.5472263,-1.2358987,66,118
-57.91666666666668,-8.083333333333332,-1.0025907,2.7062056,1.6435455,-1.1859177,66,119
-57.750000000000014,-8.083333333333332,-0.71306574,3.1459403,1.7595794,-0.9554388,66,120
-57.58333333333334,-8.083333333333332,-0.92093015,2.7832205,1.7699732,-1.1362958,66,121
-57.41666666666668,-8.083333333333332,-0.8414129,2.9637,1.8158077,-1.0537524,66,122
-57.250000000000014,-8.083333333333332,-1.0128319,2.773776,1.8634148,-1.1292244,66,123
-57.08333333333334,-8.083333333333332,-1.7800173,1.637974,1.8503684,-1.658399,66,124
-56.91666666666668,-8.083333333333332,-2.1445935,1.033503,1.699684,-1.9458658,66,125
-56.750000000000014,-8.083333333333332,-2.1407535,0.9762894,1.6402351,-1.9491795,66,126
-56.58333333333334,-8.083333333333332,-1.90372,1.2774887,1.6319865,-1.7808914,66,127
-56.41666666666668,-8.083333333333332,-1.9387484,1.1109121,1.5909135,-1.8223523,66,128
-52.41666666666668,-8.083333333333332,-2.5511358,0.62524694,0.4398752,-2.3413482,66,152
-51.08333333333334,-8.083333333333332,-2.8662527,0.5216744,-0.0008872205,-2.3952584,66,160
-50.91666666666668,-8.083333333333332,-2.9269652,1.1633937,0.32893497,-2.059671,66,161
-50.750000000000014,-8.083333333333332,-2.9555783,1.2916545,0.39037877,-2.008189,66,162
-50.41666666666668,-8.083333333333332,-2.7431302,1.5047612,0.25476226,-1.859834,66,164
-50.08333333333334,-8.083333333333332,-2.508941,1.731918,0.24480385,-1.6658946,66,166
-49.750000000000014,-8.083333333333332,-2.1265132,2.7036238,0.4583415,-1.2723832,66,168
-49.58333333333334,-8.083333333333332,-2.007726,2.8962498,0.41853186,-1.1914161,66,169
-49.41666666666668,-8.083333333333332,-2.234595,2.3808327,0.28683588,-1.4195977,66,170
-49.250000000000014,-8.083333333333332,-1.9024981,3.0718725,0.3701849,-1.0904921,66,171
-49.08333333333334,-8.083333333333332,-2.0170825,3.138185,0.6622598,-1.0334216,66,172
-48.91666666666668,-8.083333333333332,-2.150849,2.9203765,0.82673043,-1.1456383,66,173
-48.750000000000014,-8.083333333333332,-2.5506248,2.1278071,0.740266,-1.4164724,66,174
-48.58333333333334,-8.083333333333332,-3.0771565,1.2363628,0.6296443,-1.7463768,66,175
-74.58333333333334,-8.25,0.20461732,1.3316373,-3.1567028,0.45104018,67,19
-74.41666666666667,-8.25,-0.04289304,1.0196902,-3.1338367,0.41377264,67,20
-74.25000000000001,-8.25,-0.16974746,0.7939351,-2.9650552,0.37478846,67,21
-74.08333333333334,-8.25,-0.36394623,0.33481717,-2.7807388,0.23962529,67,22
-73.91666666666667,-8.25,-0.5043273,-0.034365043,-2.578108,0.130804,67,23
-73.75000000000001,-8.25,-0.58476233,-0.25607347,-2.364565,0.123371765,67,24
-73.58333333333334,-8.25,-0.73410094,-0.6314476,-2.1838617,0.07298913,67,25
-73.41666666666667,-8.25,-0.78063387,-0.7863004,-1.9461892,0.07734925,67,26
-73.25000000000001,-8.25,-0.8192824,-0.94022065,-1.7378374,0.09157855,67,27
-73.08333333333334,-8.25,-0.85252774,-1.1162962,-1.5042813,0.11342966,67,28
-72.91666666666667,-8.25,-0.9058922,-1.333883,-1.3127663,0.1090185,67,29
-72.75000000000001,-8.25,-0.9595661,-1.4524413,-1.0930023,0.14336668,67,30
-72.58333333333334,-8.25,-1.0940287,-1.5527987,-1.2888805,0.091528475,67,31
-72.41666666666667,-8.25,-1.2626915,-1.6567351,-1.5750707,-0.012496011,67,32
-72.25000000000001,-8.25,-1.4594002,-1.8882469,-1.8187737,-0.17947182,67,33
-72.08333333333334,-8.25,-1.4545372,-1.779368,-1.9360164,-0.13235836,67,34
-71.91666666666667,-8.25,-1.6442592,-2.056869,-2.0993602,-0.3102114,67,35
-71.75000000000001,-8.25,-1.6922032,-2.1568065,-2.1550293,-0.3360862,67,36
-71.58333333333334,-8.25,-1.7354136,-2.268041,-2.1840043,-0.36068738,67,37
-71.41666666666667,-8.25,-1.7958604,-2.537045,-2.1157057,-0.4439402,67,38
-71.25000000000001,-8.25,-1.6796645,-2.6398814,-1.936058,-0.39764443,67,39
-71.08333333333334,-8.25,-1.4605848,-2.5823655,-1.5709834,-0.23721752,67,40
-70.91666666666667,-8.25,-1.289613,-2.6435099,-1.1850941,-0.13910174,67,41
-70.75000000000001,-8.25,-1.2389463,-2.683188,-0.92512435,-0.04690225,67,42
-70.58333333333334,-8.25,-1.5125655,-2.7935603,-1.1304134,-0.15722655,67,43
-70.41666666666667,-8.25,-1.5900621,-2.246171,-1.1712375,0.069550805,67,44
-70.25000000000001,-8.25,-1.7861704,-2.263105,-1.1268443,0.16636471,67,45
-70.08333333333334,-8.25,-1.7825242,-2.4412174,-1.0504398,0.11850683,67,46
-69.91666666666667,-8.25,-1.7924464,-2.4415777,-0.7942839,0.09746347,67,47
-69.75000000000001,-8.25,-1.9193858,-2.6207628,-0.57685584,0.056419104,67,48
-69.58333333333334,-8.25,-1.9653949,-2.6350865,-0.3708292,0.10095519,67,49
-69.41666666666667,-8.25,-1.9553777,-2.5861611,-0.21569955,0.17348742,67,50
-69.25000000000001,-8.25,-2.0546825,-2.5998936,-0.12247625,0.17657262,67,51
-69.08333333333334,-8.25,-2.1494682,-2.6116788,-0.098157205,0.10349287,67,52
-68.91666666666667,-8.25,-2.2191432,-2.562045,-0.14005825,0.08738848,67,53
-68.75000000000001,-8.25,-2.2991774,-2.5421047,-0.22712018,0.06442913,67,54
-68.58333333333334,-8.25,-2.279752,-2.3432858,-0.32704416,0.10714464,67,55
-68.41666666666667,-8.25,-2.2440362,-2.0996747,-0.43937793,0.15367982,67,56
-68.25000000000001,-8.25,-2.2531984,-2.0218105,-0.56521386,0.1390157,67,57
-68.08333333333334,-8.25,-2.159916,-1.7298589,-0.6724422,0.23156643,67,58
-67.91666666666667,-8.25,-2.0228677,-1.4763932,-0.68128,0.30412385,67,59
-67.75000000000001,-8.25,-1.9613072,-1.3882649,-0.6568444,0.29917705,67,60
-67.58333333333334,-8.25,-1.9141229,-0.81310457,-0.7044946,-0.067840256,67,61
-67.41666666666667,-8.25,-1.7161005,-0.5444609,-0.677892,0.054687545,67,62
-67.25000000000001,-8.25,-1.3638316,-0.08187649,-0.60276216,0.19681896,67,63
-67.08333333333334,-8.25,-1.3089291,-0.08762754,-0.629178,0.16098277,67,64
-66.91666666666667,-8.25,-1.231999,-0.05814553,-0.6679216,0.120462954,67,65
-66.75000000000001,-8.25,-1.1306683,0.025817126,-0.6752779,0.11014524,67,66
-66.58333333333334,-8.25,-1.0102983,0.1634365,-0.6943435,0.13111927,67,67
-66.41666666666667,-8.25,-0.8728036,0.3505618,-0.63372946,0.16319695,67,68
-66.25000000000001,-8.25,-0.8070486,0.4852991,-0.5176898,0.17806734,67,69
-66.08333333333334,-8.25,-0.7732998,0.60699743,-0.37768158,0.16722396,67,70
-65.91666666666667,-8.25,-0.75452256,0.6794223,-0.20768332,0.16568466,67,71
-65.75000000000001,-8.25,-0.6772096,0.7821368,-0.006802195,0.20186614,67,72
-65.58333333333334,-8.25,-0.55858064,0.9625585,0.035738915,0.23667264,67,73
-65.41666666666667,-8.25,-0.5347032,0.96116644,0.013105881,0.19756405,67,74
-65.25000000000001,-8.25,-0.5171309,0.99543244,-0.03332087,0.17885832,67,75
-65.08333333333334,-8.25,-0.5409819,0.9624949,0.022159357,0.15107247,67,76
-64.91666666666667,-8.25,-0.550683,0.89314306,0.14158346,0.091688894,67,77
-64.75000000000001,-8.25,-0.58381623,0.8873252,0.33531785,0.045997936,67,78
-64.58333333333334,-8.25,-0.6475525,0.86355966,0.5113442,0.010223592,67,79
-64.41666666666667,-8.25,-0.7453625,0.8727372,0.71969926,-0.010997587,67,80
-64.25000000000001,-8.25,-0.8295865,0.69411814,0.78581625,-0.1394662,67,81
-64.08333333333334,-8.25,-0.98649645,0.6899273,0.94332534,-0.17464626,67,82
-63.91666666666668,-8.25,-1.1573147,0.6320452,1.1145012,-0.23172179,67,83
-63.750000000000014,-8.25,-1.2537504,0.67411566,1.3061358,-0.23984998,67,84
-63.58333333333334,-8.25,-1.3536307,0.42841575,1.0949296,-0.38347772,67,85
-63.41666666666668,-8.25,-1.2818795,0.5382449,0.9580869,-0.3308081,67,86
-63.250000000000014,-8.25,-1.4100556,0.422837,0.9383593,-0.39494053,67,87
-63.08333333333334,-8.25,-1.4921129,0.34836456,0.9771892,-0.43454728,67,88
-62.91666666666668,-8.25,-1.593537,0.22486116,1.0159303,-0.5141797,67,89
-62.750000000000014,-8.25,-1.5660008,0.30135012,0.9745126,-0.5247134,67,90
-62.58333333333334,-8.25,-1.6468998,0.2443035,0.9707603,-0.61375135,67,91
-62.41666666666668,-8.25,-1.614031,0.32813376,0.9420048,-0.6197343,67,92
-62.250000000000014,-8.25,-1.5602461,0.40426928,0.93510646,-0.6079195,67,93
-62.08333333333334,-8.25,-1.4922018,0.46169183,1.0208374,-0.5789939,67,94
-61.91666666666668,-8.25,-1.3912091,0.6476639,1.261072,-0.4775723,67,95
-61.750000000000014,-8.25,-1.3958648,1.4112763,1.7566988,-0.68429005,67,96
-61.58333333333334,-8.25,-1.3958704,1.0381353,1.7988609,-0.86542344,67,97
-61.41666666666668,-8.25,-1.4945077,0.5127341,1.8347282,-1.131237,67,98
-61.250000000000014,-8.25,-1.3343121,0.7222012,2.0421875,-1.0250797,67,99
-61.08333333333334,-8.25,-1.210421,0.90214044,2.0670478,-0.9281472,67,100
-60.91666666666668,-8.25,-1.219953,0.9381724,1.9624413,-0.9564745,67,101
-60.750000000000014,-8.25,-1.3313824,0.9197094,1.7953707,-1.0301335,67,102
-60.58333333333334,-8.25,-1.2612463,1.2499545,1.6004986,-0.9232079,67,103
-60.41666666666668,-8.25,-1.2478961,1.527818,1.3953092,-0.8343491,67,104
-60.250000000000014,-8.25,-1.4417243,1.4698658,1.141454,-0.93501157,67,105
-60.08333333333334,-8.25,-1.341769,1.8696876,0.9400743,-0.785481,67,106
-59.91666666666668,-8.25,-1.4141679,1.9773966,0.77485603,-0.7843811,67,107
-59.750000000000014,-8.25,-1.3904612,2.2151797,0.6234051,-0.7156624,67,108
-59.58333333333334,-8.25,-1.423483,2.346517,0.55575097,-0.6975042,67,109
-59.41666666666668,-8.25,-1.6538062,2.128341,0.489711,-0.8557614,67,110
-59.250000000000014,-8.25,-1.964879,1.7647218,0.4382582,-1.0717072,67,111
-59.08333333333334,-8.25,-1.5620189,1.7687128,0.8591597,-1.6594594,67,112
-58.91666666666668,-8.25,-1.460312,2.0200138,0.9508626,-1.543,67,113
-58.750000000000014,-8.25,-1.532666,1.9716547,1.0242722,-1.5713207,67,114
-58.58333333333334,-8.25,-1.0920396,2.7107503,1.1677277,-1.2134792,67,115
-58.41666666666668,-8.25,-1.2708694,2.441623,1.238196,-1.3530736,67,116
-58.250000000000014,-8.25,-1.263322,2.5403428,1.3517481,-1.2965313,67,117
-58.08333333333334,-8.25,-1.041156,2.855779,1.4702444,-1.1415098,67,118
-57.91666666666668,-8.25,-1.1378858,2.6687071,1.540275,-1.2303151,67,119
-57.750000000000014,-8.25,-0.92962426,2.9706407,1.6354378,-1.072186,67,120
-57.58333333333334,-8.25,-0.94513863,2.932971,1.6584743,-1.0804356,67,121
-57.41666666666668,-8.25,-0.8594586,3.0943637,1.7423108,-1.0070682,67,122
-57.250000000000014,-8.25,-1.4462434,2.1607945,1.6878505,-1.439823,67,123
-57.08333333333334,-8.25,-1.9619242,1.3196626,1.6521184,-1.8235154,67,124
-56.91666666666668,-8.25,-2.1048486,1.2417085,1.7650785,-1.840356,67,125
-56.750000000000014,-8.25,-2.4811203,0.50712895,1.6664528,-2.1583862,67,126
-56.58333333333334,-8.25,-2.4158397,0.7981571,1.8336459,-1.9756243,67,127
-56.41666666666668,-8.25,-2.5134828,0.3704954,1.6509194,-2.1625714,67,128
-56.250000000000014,-8.25,-2.409781,0.42536405,1.6461545,-2.1130002,67,129
-56.08333333333334,-8.25,-2.1463027,0.7522336,1.6718534,-1.9140544,67,130
-52.250000000000014,-8.25,-2.8006933,0.23082785,0.3718087,-2.5634036,67,153
-51.91666666666668,-8.25,-4.0772266,-1.2993704,0.23498145,-3.2990863,67,155
-51.750000000000014,-8.25,-3.4205394,-0.5764608,0.006578166,-2.9334414,67,156
-50.58333333333334,-8.25,-2.742022,1.5467911,0.38375852,-1.8587073,67,163
-50.41666666666668,-8.25,-2.3971517,2.4231157,0.5389037,-1.4573311,67,164
-50.250000000000014,-8.25,-2.2823308,2.6037729,0.53296065,-1.3459804,67,165
-49.750000000000014,-8.25,-2.0431025,2.9844182,0.48449013,-1.2035298,67,168
-49.58333333333334,-8.25,-2.0691829,3.006962,0.5084557,-1.1806954,67,169
-49.41666666666668,-8.25,-2.3106844,2.4854512,0.41083884,-1.395218,67,170
-49.250000000000014,-8.25,-1.8941942,3.2249055,0.4073392,-1.055156,67,171
-49.08333333333334,-8.25,-2.01375,3.1133583,0.5628979,-1.0949779,67,172
-48.91666666666668,-8.25,-2.2829602,2.85745,0.71443796,-1.1802001,67,173
-48.750000000000014,-8.25,-2.829589,1.8069135,0.6070406,-1.6143453,67,174
-48.58333333333334,-8.25,-3.3920805,0.84716886,0.3747798,-1.9775354,67,175
-48.41666666666668,-8.25,-2.5201616,2.575081,0.73323554,-1.1525961,67,176
-75.08333333333334,-8.416666666666666,2.5018456,0.96545976,-0.6604209,0.32869613,68,16
-74.91666666666667,-8.416666666666666,1.5390021,1.2537658,-1.9284531,0.37370285,68,17
-74.75000000000001,-8.416666666666666,0.5854107,1.4259017,-2.6652522,0.4609118,68,18
-74.58333333333334,-8.416666666666666,0.033089988,1.3084832,-3.053636,0.51710534,68,19
-74.41666666666667,-8.416666666666666,-0.08451958,1.1551608,-3.253343,0.41328722,68,20
-74.25000000000001,-8.416666666666666,-0.10621919,0.9405116,-3.0922556,0.39307684,68,21
-74.08333333333334,-8.416666666666666,-0.24938887,0.6638598,-2.889839,0.3541416,68,22
-73.91666666666667,-8.416666666666666,-0.443729,0.27465695,-2.7074199,0.23549467,68,23
-73.75000000000001,-8.416666666666666,-0.6655944,-0.107819885,-2.5480266,0.12001777,68,24
-73.58333333333334,-8.416666666666666,-0.9209672,-0.54274267,-2.404642,-0.019108025,68,25
-73.41666666666667,-8.416666666666666,-1.00649,-0.7818563,-2.1794608,-0.02629458,68,26
-73.25000000000001,-8.416666666666666,-1.0537063,-0.9643591,-2.003912,-0.026078999,68,27
-73.08333333333334,-8.416666666666666,-1.0212151,-1.0621629,-1.7584028,0.04071246,68,28
-72.91666666666667,-8.416666666666666,-1.0170069,-1.1198121,-1.5269362,0.09989644,68,29
-72.75000000000001,-8.416666666666666,-1.0661169,-1.2164451,-1.3806721,0.1357887,68,30
-72.58333333333334,-8.416666666666666,-1.2302179,-1.4070334,-1.4927524,0.06127449,68,31
-72.41666666666667,-8.416666666666666,-1.4083089,-1.5412017,-1.6982037,-0.03895969,68,32
-72.25000000000001,-8.416666666666666,-1.5790691,-1.7535783,-1.9271587,-0.16441055,68,33
-72.08333333333334,-8.416666666666666,-1.6475328,-1.8175001,-2.0743704,-0.20143676,68,34
-71.91666666666667,-8.416666666666666,-1.8580059,-2.0889325,-2.1775358,-0.3397667,68,35
-71.75000000000001,-8.416666666666666,-1.8594208,-2.177247,-2.1848302,-0.3490262,68,36
-71.58333333333334,-8.416666666666666,-1.9114032,-2.3221092,-2.1794822,-0.37382627,68,37
-71.41666666666667,-8.416666666666666,-1.7594159,-2.2911549,-2.0473175,-0.2657665,68,38
-71.25000000000001,-8.416666666666666,-1.647974,-2.353105,-1.870469,-0.20577987,68,39
-71.08333333333334,-8.416666666666666,-1.6881553,-2.6539323,-1.6626474,-0.26405814,68,40
-70.91666666666667,-8.416666666666666,-1.5932354,-2.7026985,-1.4237077,-0.18565448,68,41
-70.75000000000001,-8.416666666666666,-1.5640883,-2.644925,-1.2376263,-0.0872773,68,42
-70.58333333333334,-8.416666666666666,-1.6086286,-2.5611134,-1.2406951,-0.023903321,68,43
-70.41666666666667,-8.416666666666666,-1.7916397,-2.5071764,-1.2554185,-0.007429376,68,44
-70.25000000000001,-8.416666666666666,-1.9411784,-2.5285153,-1.1646513,0.112033024,68,45
-70.08333333333334,-8.416666666666666,-1.9696952,-2.5341656,-0.98397845,0.14716329,68,46
-69.91666666666667,-8.416666666666666,-1.963956,-2.5313866,-0.7162447,0.14282754,68,47
-69.75000000000001,-8.416666666666666,-2.0966132,-2.72834,-0.5222412,0.09295392,68,48
-69.58333333333334,-8.416666666666666,-2.16701,-2.8041198,-0.2585038,0.12081504,68,49
-69.41666666666667,-8.416666666666666,-2.176026,-2.7687101,-0.09875479,0.19717462,68,50
-69.25000000000001,-8.416666666666666,-2.2892272,-2.8713121,-0.026421722,0.1776517,68,51
-69.08333333333334,-8.416666666666666,-2.3853335,-2.8726072,-0.05971984,0.15875392,68,52
-68.91666666666667,-8.416666666666666,-2.4900713,-2.7803676,-0.1343201,0.119441114,68,53
-68.75000000000001,-8.416666666666666,-2.5045376,-2.5853572,-0.23795813,0.16574672,68,54
-68.58333333333334,-8.416666666666666,-2.4984043,-2.4209404,-0.38116264,0.17566298,68,55
-68.41666666666667,-8.416666666666666,-2.5670328,-2.4029572,-0.53391767,0.10187436,68,56
-68.25000000000001,-8.416666666666666,-2.4437454,-2.0581388,-0.65458506,0.21582304,68,57
-68.08333333333334,-8.416666666666666,-2.3328621,-1.8112379,-0.69390225,0.2896879,68,58
-67.91666666666667,-8.416666666666666,-2.177052,-1.5598516,-0.6340723,0.36460546,68,59
-67.75000000000001,-8.416666666666666,-2.0256202,-1.3073356,-0.5799435,0.4358606,68,60
-67.58333333333334,-8.416666666666666,-2.0059497,-0.83944726,-0.56160384,0.02693036,68,61
-67.41666666666667,-8.416666666666666,-1.7184523,-0.41043615,-0.5321711,0.19359212,68,62
-67.25000000000001,-8.416666666666666,-1.5890318,-0.23011164,-0.5445605,0.25093707,68,63
-67.08333333333334,-8.416666666666666,-1.507052,-0.16904792,-0.5649136,0.1584804,68,64
-66.91666666666667,-8.416666666666666,-1.3873467,-0.059236176,-0.6524267,0.15362886,68,65
-66.75000000000001,-8.416666666666666,-1.2454095,0.0987693,-0.75738746,0.16839138,68,66
-66.58333333333334,-8.416666666666666,-1.0982155,0.3123683,-0.85292333,0.21196352,68,67
-66.41666666666667,-8.416666666666666,-1.0076423,0.46613663,-0.9001748,0.22999786,68,68
-66.25000000000001,-8.416666666666666,-0.9622161,0.60578007,-0.8651207,0.23258083,68,69
-66.08333333333334,-8.416666666666666,-0.9515498,0.69881445,-0.7516766,0.21167898,68,70
-65.91666666666667,-8.416666666666666,-0.8650633,0.8375348,-0.5205688,0.2531072,68,71
-65.75000000000001,-8.416666666666666,-0.7567106,1.0057757,-0.25917646,0.30190334,68,72
-65.58333333333334,-8.416666666666666,-0.75205415,0.9965833,-0.21487814,0.24732496,68,73
-65.41666666666667,-8.416666666666666,-0.7306357,1.0273142,-0.20884217,0.21775396,68,74
-65.25000000000001,-8.416666666666666,-0.68073124,1.1034522,-0.2275576,0.21400322,68,75
-65.08333333333334,-8.416666666666666,-0.72857857,1.0137174,-0.1793078,0.14137368,68,76
-64.91666666666667,-8.416666666666666,-0.7128148,0.9901795,-0.023651205,0.09379697,68,77
-64.75000000000001,-8.416666666666666,-0.7115255,0.95675373,0.12628713,0.08218742,68,78
-64.58333333333334,-8.416666666666666,-0.80020744,0.9770337,0.4072571,0.07202235,68,79
-64.41666666666667,-8.416666666666666,-0.8991308,0.85591304,0.5274202,-0.017878633,68,80
-64.25000000000001,-8.416666666666666,-0.9886048,0.70425993,0.6850102,-0.10889778,68,81
-64.08333333333334,-8.416666666666666,-1.120401,0.68671435,0.884896,-0.1292822,68,82
-63.91666666666668,-8.416666666666666,-1.279967,0.63455904,1.0968821,-0.19298087,68,83
-63.750000000000014,-8.416666666666666,-1.3442544,0.4380765,1.0780069,-0.31298813,68,84
-63.58333333333334,-8.416666666666666,-1.3515165,0.49613196,1.0929043,-0.2867734,68,85
-63.41666666666668,-8.416666666666666,-1.4708594,0.3931477,1.0696533,-0.35477751,68,86
-63.250000000000014,-8.416666666666666,-1.7275196,0.08706295,1.1484901,-0.48567763,68,87
-63.08333333333334,-8.416666666666666,-1.7735842,0.0002564074,1.1947135,-0.5280631,68,88
-62.91666666666668,-8.416666666666666,-1.7580029,-0.029145189,1.1780906,-0.5555188,68,89
-62.750000000000014,-8.416666666666666,-1.7562734,0.00822316,1.1635377,-0.583681,68,90
-62.58333333333334,-8.416666666666666,-1.7239438,0.094530046,1.0909207,-0.6008714,68,91
-62.41666666666668,-8.416666666666666,-1.751914,0.1170349,1.0373155,-0.6418551,68,92
-62.250000000000014,-8.416666666666666,-1.708493,0.21699315,0.9741576,-0.6023544,68,93
-62.08333333333334,-8.416666666666666,-1.6658642,0.35639897,1.0560967,-0.56301415,68,94
-61.91666666666668,-8.416666666666666,-1.5550442,0.77970815,1.476504,-0.35391682,68,95
-61.750000000000014,-8.416666666666666,-1.5969235,1.2988471,1.7713335,-0.7034535,68,96
-61.58333333333334,-8.416666666666666,-1.6268874,1.2597249,2.021414,-0.7414117,68,97
-61.41666666666668,-8.416666666666666,-1.6670538,1.1035773,2.0622807,-0.8417862,68,98
-61.250000000000014,-8.416666666666666,-1.6512122,0.6259488,1.8036976,-1.1014805,68,99
-61.08333333333334,-8.416666666666666,-1.6290145,0.63208175,1.7994528,-1.1227136,68,100
-60.91666666666668,-8.416666666666666,-1.4639088,0.9431809,1.7638433,-0.9915467,68,101
-60.750000000000014,-8.416666666666666,-1.5603275,0.9532129,1.6590147,-1.0507681,68,102
-60.58333333333334,-8.416666666666666,-1.5623661,1.1323459,1.5063196,-1.0142962,68,103
-60.41666666666668,-8.416666666666666,-1.491848,1.4474704,1.3573786,-0.8982844,68,104
-60.250000000000014,-8.416666666666666,-1.6323755,1.4233181,1.1564595,-0.96727765,68,105
-60.08333333333334,-8.416666666666666,-1.5794094,1.7493571,0.9860464,-0.8676382,68,106
-59.91666666666668,-8.416666666666666,-1.5841557,1.9484684,0.8354188,-0.8183677,68,107
-59.750000000000014,-8.416666666666666,-1.571975,2.133262,0.7353544,-0.77051955,68,108
-59.58333333333334,-8.416666666666666,-1.6649799,2.1271453,0.6310008,-0.80810034,68,109
-59.41666666666668,-8.416666666666666,-1.8549842,2.00521,0.58910584,-0.91549253,68,110
-59.250000000000014,-8.416666666666666,-2.2783644,1.3940026,0.48775923,-1.2706648,68,111
-59.08333333333334,-8.416666666666666,-2.3170304,1.4508805,0.48239943,-1.2640275,68,112
-58.91666666666668,-8.416666666666666,-1.7229464,1.8116938,0.95905614,-1.6779935,68,113
-58.750000000000014,-8.416666666666666,-1.3807055,2.394897,1.0764225,-1.3970802,68,114
-58.58333333333334,-8.416666666666666,-1.3572898,2.4510255,1.1242868,-1.3644806,68,115
-58.41666666666668,-8.416666666666666,-1.481354,2.39824,1.1812261,-1.4108888,68,116
-58.250000000000014,-8.416666666666666,-1.6005167,2.2228198,1.2356105,-1.493629,68,117
-58.08333333333334,-8.416666666666666,-1.1802558,2.8344293,1.3621511,-1.1807898,68,118
-57.91666666666668,-8.416666666666666,-1.1593817,2.8741255,1.4399321,-1.1578625,68,119
-57.750000000000014,-8.416666666666666,-1.1405386,2.8770537,1.5402113,-1.1421057,68,120
-57.58333333333334,-8.416666666666666,-0.9130461,3.2533622,1.6242195,-0.9478192,68,121
-57.41666666666668,-8.416666666666666,-0.9253545,3.0948486,1.619835,-1.0190653,68,122
-57.250000000000014,-8.416666666666666,-1.6664908,1.8690165,1.5485966,-1.5792946,68,123
-57.08333333333334,-8.416666666666666,-1.7184821,1.8283997,1.6421555,-1.5915972,68,124
-56.91666666666668,-8.416666666666666,-1.961424,1.4013668,1.6624364,-1.7532587,68,125
-56.750000000000014,-8.416666666666666,-2.0788593,1.168757,1.6997372,-1.825284,68,126
-56.58333333333334,-8.416666666666666,-2.242715,0.8572834,1.7313905,-1.9394298,68,127
-56.41666666666668,-8.416666666666666,-2.3862126,0.5546046,1.7574108,-2.0427492,68,128
-56.250000000000014,-8.416666666666666,-2.532088,0.3029547,1.8115146,-2.137009,68,129
-56.08333333333334,-8.416666666666666,-2.650114,0.13624986,1.8177183,-2.195397,68,130
-55.91666666666668,-8.416666666666666,-2.476206,0.19510268,1.7408968,-2.1450899,68,131
-55.750000000000014,-8.416666666666666,-1.9726698,0.9383165,1.8322681,-1.7643889,68,132
-52.250000000000014,-8.416666666666666,-2.8901849,0.029422048,0.42731962,-2.6247277,68,153
-51.91666666666668,-8.416666666666666,-3.8042672,-0.91354656,0.29323542,-3.1079304,68,155
-51.750000000000014,-8.416666666666666,-3.4291468,-0.5810736,0.061651208,-2.9358966,68,156
-50.91666666666668,-8.416666666666666,-2.9965644,1.0076613,0.44237277,-2.109873,68,161
-50.41666666666668,-8.416666666666666,-2.3434737,2.4403868,0.5877348,-1.4377842,68,164
-49.58333333333334,-8.416666666666666,-2.2058806,2.7992253,0.46653458,-1.2819468,68,169
-49.250000000000014,-8.416666666666666,-1.944981,3.1408894,0.38837698,-1.1281343,68,171
-49.08333333333334,-8.416666666666666,-2.1285403,3.0347433,0.46948653,-1.1360129,68,172
-48.91666666666668,-8.416666666666666,-2.488293,2.5421395,0.45947102,-1.330679,68,173
-48.750000000000014,-8.416666666666666,-3.1404917,1.3840241,0.37484974,-1.8485498,68,174
-48.58333333333334,-8.416666666666666,-3.3050494,1.2659937,0.29918212,-1.8046842,68,175
-47.750000000000014,-8.416666666666666,-3.0277455,2.7964566,-0.06724854,-0.96640885,68,180
-74.91666666666667,-8.583333333333332,1.7436712,0.9652574,-1.389772,0.43149802,69,17
-74.58333333333334,-8.583333333333332,0.2996051,1.1065029,-3.1287994,0.43645865,69,19
-74.41666666666667,-8.583333333333332,0.072610274,1.1997738,-3.1543455,0.4350128,69,20
-74.25000000000001,-8.583333333333332,-0.0355448,1.0385674,-3.098232,0.4068973,69,21
-74.08333333333334,-8.583333333333332,-0.15195175,0.82568735,-2.9863176,0.42200047,69,22
-73.91666666666667,-8.583333333333332,-0.38294122,0.45982045,-2.8500452,0.2777043,69,23
-73.75000000000001,-8.583333333333332,-0.65140814,0.060783964,-2.7113354,0.15693471,69,24
-73.58333333333334,-8.583333333333332,-0.8284893,-0.1702843,-2.5545642,0.1410442,69,25
-73.41666666666667,-8.583333333333332,-0.98589844,-0.49587223,-2.3890686,0.05845778,69,26
-73.25000000000001,-8.583333333333332,-1.1341356,-0.7941719,-2.2265952,-0.01656035,69,27
-73.08333333333334,-8.583333333333332,-1.1335989,-0.83755845,-2.0538228,0.02748072,69,28
-72.91666666666667,-8.583333333333332,-1.110776,-0.8422079,-1.8671308,0.10939601,69,29
-72.75000000000001,-8.583333333333332,-1.2074425,-0.9691409,-1.7856027,0.093709655,69,30
-72.58333333333334,-8.583333333333332,-1.4156672,-1.2745978,-1.8405102,-0.009289856,69,31
-72.41666666666667,-8.583333333333332,-1.5559087,-1.4169476,-1.9495579,-0.071836784,69,32
-72.25000000000001,-8.583333333333332,-1.752097,-1.6987236,-2.0936208,-0.20789737,69,33
-72.08333333333334,-8.583333333333332,-1.8689746,-1.8578912,-2.1994545,-0.2721149,69,34
-71.91666666666667,-8.583333333333332,-2.0686035,-2.140104,-2.2793448,-0.4002243,69,35
-71.75000000000001,-8.583333333333332,-2.0662174,-2.1963353,-2.2733374,-0.37376267,69,36
-71.58333333333334,-8.583333333333332,-1.9073031,-2.0644433,-2.1605237,-0.22857665,69,37
-71.41666666666667,-8.583333333333332,-1.8988365,-2.2270873,-2.0841436,-0.23826902,69,38
-71.25000000000001,-8.583333333333332,-1.9782873,-2.5539072,-1.9798044,-0.32374355,69,39
-71.08333333333334,-8.583333333333332,-1.8879142,-2.6048458,-1.7723173,-0.25165984,69,40
-70.91666666666667,-8.583333333333332,-1.7288641,-2.390283,-1.536547,-0.05346322,69,41
-70.75000000000001,-8.583333333333332,-1.8360741,-2.5981753,-1.4470509,-0.08896225,69,42
-70.58333333333334,-8.583333333333332,-1.798319,-2.3934932,-1.3435593,0.056188196,69,43
-70.41666666666667,-8.583333333333332,-2.030105,-2.6518672,-1.29025,-0.06391209,69,44
-70.25000000000001,-8.583333333333332,-2.1094522,-2.658663,-1.142199,0.10186585,69,45
-70.08333333333334,-8.583333333333332,-2.098597,-2.5801606,-0.9151196,0.22132471,69,46
-69.91666666666667,-8.583333333333332,-2.1084795,-2.5614765,-0.6943232,0.2899231,69,47
-69.75000000000001,-8.583333333333332,-2.2857563,-2.7894397,-0.43639344,0.16229303,69,48
-69.58333333333334,-8.583333333333332,-2.345237,-2.8841786,-0.16111453,0.19712476,69,49
-69.41666666666667,-8.583333333333332,-2.440683,-3.0385604,6.931694e-05,0.17540695,69,50
-69.25000000000001,-8.583333333333332,-2.5142548,-3.0975645,0.08009668,0.18649358,69,51
-69.08333333333334,-8.583333333333332,-2.593859,-3.0176358,0.026354952,0.22398864,69,52
-68.91666666666667,-8.583333333333332,-2.7095501,-2.9472282,-0.12928513,0.21262364,69,53
-68.75000000000001,-8.583333333333332,-2.8163347,-2.8702147,-0.29908165,0.14039193,69,54
-68.58333333333334,-8.583333333333332,-2.7134867,-2.5023813,-0.4173953,0.2656735,69,55
-68.41666666666667,-8.583333333333332,-2.6626341,-2.2516196,-0.58718055,0.30096233,69,56
-68.25000000000001,-8.583333333333332,-2.5754883,-2.005936,-0.69809973,0.34130907,69,57
-68.08333333333334,-8.583333333333332,-2.4644346,-1.7763942,-0.6991788,0.39899647,69,58
-67.91666666666667,-8.583333333333332,-2.3360128,-1.6396635,-0.640451,0.40519693,69,59
-67.75000000000001,-8.583333333333332,-2.1952956,-1.4063869,-0.5290232,0.4627436,69,60
-67.58333333333334,-8.583333333333332,-1.9796052,-1.1136862,-0.3941907,0.5625889,69,61
-67.41666666666667,-8.583333333333332,-1.817335,-0.38373467,-0.38220078,0.2799298,69,62
-67.25000000000001,-8.583333333333332,-1.7270145,-0.21888384,-0.40436298,0.31565407,69,63
-67.08333333333334,-8.583333333333332,-1.6173996,-0.18305047,-0.5263698,0.1881848,69,64
-66.91666666666667,-8.583333333333332,-1.4899735,0.04657632,-0.6483152,0.22642566,69,65
-66.75000000000001,-8.583333333333332,-1.3507255,0.3088215,-0.78648555,0.29556516,69,66
-66.58333333333334,-8.583333333333332,-1.2792538,0.37607965,-1.0202072,0.2526952,69,67
-66.41666666666667,-8.583333333333332,-1.1756128,0.5223812,-1.1801946,0.26113644,69,68
-66.25000000000001,-8.583333333333332,-1.1221987,0.6747095,-1.2223055,0.2567319,69,69
-66.08333333333334,-8.583333333333332,-1.0556065,0.83800805,-1.1107237,0.28276268,69,70
-65.91666666666667,-8.583333333333332,-0.97869164,0.95041776,-0.8797357,0.30043998,69,71
-65.75000000000001,-8.583333333333332,-0.85648316,1.1185935,-0.66827536,0.34509736,69,72
-65.58333333333334,-8.583333333333332,-0.8635923,1.1553191,-0.53965324,0.29929858,69,73
-65.41666666666667,-8.583333333333332,-0.87624,1.1564462,-0.46035707,0.26644754,69,74
-65.25000000000001,-8.583333333333332,-0.8522793,1.2256486,-0.4282964,0.24531306,69,75
-65.08333333333334,-8.583333333333332,-0.8284896,1.2176696,-0.34478423,0.22107214,69,76
-64.91666666666667,-8.583333333333332,-0.90548146,1.2511821,-0.0598772,0.2080252,69,77
-64.75000000000001,-8.583333333333332,-0.8902841,1.0143635,-0.05801123,0.06899672,69,78
-64.58333333333334,-8.583333333333332,-0.91529834,0.93950915,0.1307228,0.03918844,69,79
-64.41666666666667,-8.583333333333332,-1.0333468,0.8957335,0.40419236,0.022256477,69,80
-64.25000000000001,-8.583333333333332,-1.1345823,0.76176476,0.58530545,-0.04599345,69,81
-64.08333333333334,-8.583333333333332,-1.2564298,0.7286675,0.8661914,-0.06970283,69,82
-63.91666666666668,-8.583333333333332,-1.3429993,0.6675923,1.0196512,-0.12516725,69,83
-63.750000000000014,-8.583333333333332,-1.4152491,0.60937995,1.1271722,-0.19981694,69,84
-63.58333333333334,-8.583333333333332,-1.4842559,0.54315096,1.1390159,-0.2608119,69,85
-63.41666666666668,-8.583333333333332,-1.7787708,0.1642907,1.2503996,-0.41250396,69,86
-63.250000000000014,-8.583333333333332,-1.8748982,-0.12901966,1.3308551,-0.4950611,69,87
-63.08333333333334,-8.583333333333332,-1.9402965,-0.2753701,1.4017271,-0.5431353,69,88
-62.91666666666668,-8.583333333333332,-1.935051,-0.31300646,1.3974495,-0.57830054,69,89
-62.750000000000014,-8.583333333333332,-1.8973732,-0.21957114,1.3878231,-0.5890149,69,90
-62.58333333333334,-8.583333333333332,-1.9182436,-0.15071422,1.2964747,-0.63376004,69,91
-62.41666666666668,-8.583333333333332,-1.8572446,-0.0002560051,1.1423731,-0.6087514,69,92
-62.250000000000014,-8.583333333333332,-1.8520955,0.04109159,1.104924,-0.605891,69,93
-62.08333333333334,-8.583333333333332,-1.7513516,0.48327467,1.3806267,-0.423965,69,94
-61.91666666666668,-8.583333333333332,-1.7771326,1.1893876,1.6074353,-0.69199365,69,95
-61.750000000000014,-8.583333333333332,-1.8777958,0.98873365,1.6428372,-0.85445446,69,96
-61.58333333333334,-8.583333333333332,-1.940565,0.4992854,1.4665564,-1.1408302,69,97
-61.41666666666668,-8.583333333333332,-1.9600095,0.774733,1.8624644,-1.0029391,69,98
-61.250000000000014,-8.583333333333332,-1.901165,0.93053055,1.913268,-0.95951134,69,99
-61.08333333333334,-8.583333333333332,-1.7958345,0.8352175,1.6783335,-1.0578946,69,100
-60.91666666666668,-8.583333333333332,-1.7623788,0.90342563,1.610263,-1.0559361,69,101
-60.750000000000014,-8.583333333333332,-1.8797249,0.87494624,1.5398309,-1.1419393,69,102
-60.58333333333334,-8.583333333333332,-1.7979689,1.1162454,1.4312081,-1.056254,69,103
-60.41666666666668,-8.583333333333332,-1.7525449,1.3567258,1.2798331,-0.9673102,69,104
-60.250000000000014,-8.583333333333332,-1.8766041,1.3599579,1.1215583,-1.0205911,69,105
-60.08333333333334,-8.583333333333332,-1.8301798,1.599736,0.9781777,-0.9575229,69,106
-59.91666666666668,-8.583333333333332,-1.8238145,1.8126363,0.87550026,-0.8945292,69,107
-59.750000000000014,-8.583333333333332,-1.8223747,1.9691793,0.7950692,-0.86805344,69,108
-59.58333333333334,-8.583333333333332,-1.7832607,2.1205263,0.68700635,-0.8078058,69,109
-59.41666666666668,-8.583333333333332,-1.7573351,2.296216,0.6734776,-0.7589232,69,110
-59.250000000000014,-8.583333333333332,-1.9740453,2.0985768,0.6158597,-0.90996546,69,111
-59.08333333333334,-8.583333333333332,-2.5625935,1.2928389,0.5220436,-1.3669636,69,112
-58.91666666666668,-8.583333333333332,-2.2988052,1.7483919,0.5789628,-1.1376785,69,113
-58.750000000000014,-8.583333333333332,-1.8661829,2.4922967,0.6566249,-0.77985495,69,114
-58.58333333333334,-8.583333333333332,-1.7856156,1.9675765,1.0236672,-1.6442623,69,115
-58.41666666666668,-8.583333333333332,-1.6437718,2.3830442,1.1246408,-1.4446645,69,116
-58.250000000000014,-8.583333333333332,-2.10159,1.593904,1.1048745,-1.8359003,69,117
-58.08333333333334,-8.583333333333332,-1.3708429,2.7859216,1.2924584,-1.2351428,69,118
-57.91666666666668,-8.583333333333332,-1.3899951,2.7420127,1.3507274,-1.2490792,69,119
-57.750000000000014,-8.583333333333332,-1.2873296,3.058606,1.5859026,-1.0831354,69,120
-57.58333333333334,-8.583333333333332,-0.9905653,3.3574626,1.5128262,-0.90763366,69,121
-57.41666666666668,-8.583333333333332,-0.91265833,3.3384078,1.5391794,-0.90343046,69,122
-57.250000000000014,-8.583333333333332,-1.2328428,2.6654866,1.5197219,-1.1868076,69,123
-57.08333333333334,-8.583333333333332,-1.1149938,2.9315083,1.6539788,-1.0541116,69,124
-56.91666666666668,-8.583333333333332,-1.3555225,2.485631,1.6856052,-1.2221162,69,125
-56.750000000000014,-8.583333333333332,-1.3860152,2.3508198,1.7618784,-1.2422072,69,126
-56.58333333333334,-8.583333333333332,-1.6153849,1.9008477,1.7797811,-1.4281397,69,127
-56.41666666666668,-8.583333333333332,-1.6704262,1.7135307,1.8025453,-1.477601,69,128
-56.250000000000014,-8.583333333333332,-1.7451028,1.4745421,1.8055267,-1.554898,69,129
-56.08333333333334,-8.583333333333332,-1.7697074,1.2951673,1.8428615,-1.6100895,69,130
-55.91666666666668,-8.583333333333332,-1.9060215,0.987331,1.8440636,-1.717525,69,131
-55.750000000000014,-8.583333333333332,-2.0276172,0.9059357,1.927237,-1.7386688,69,132
-55.58333333333334,-8.583333333333332,-2.058276,1.327056,1.8665167,-2.1182783,69,133
-52.08333333333334,-8.583333333333332,-2.551472,0.8866722,0.5346308,-2.2241094,69,154
-51.91666666666668,-8.583333333333332,-2.6844728,0.6646524,0.3882303,-2.331514,69,155
-51.750000000000014,-8.583333333333332,-3.1038792,0.012236989,0.24894547,-2.6625824,69,156
-51.250000000000014,-8.583333333333332,-2.9304285,0.67291677,0.4063549,-2.3105412,69,159
-50.750000000000014,-8.583333333333332,-2.394633,2.2194173,0.6647964,-1.5194467,69,162
-50.58333333333334,-8.583333333333332,-2.3458984,2.4924026,0.7359898,-1.3638693,69,163
-50.250000000000014,-8.583333333333332,-2.3006814,2.627839,0.6245345,-1.320379,69,165
-49.08333333333334,-8.583333333333332,-2.2797725,2.8779316,0.40060923,-1.2405062,69,172
-48.91666666666668,-8.583333333333332,-2.6170065,2.3877792,0.35777485,-1.4203044,69,173
-48.750000000000014,-8.583333333333332,-3.064913,1.6561466,0.2570096,-1.7192905,69,174
-48.58333333333334,-8.583333333333332,-3.5868611,0.81229097,0.071694575,-2.042438,69,175
-74.41666666666667,-8.75,0.33466694,1.2148298,-3.06894,0.44419518,70,20
-74.25000000000001,-8.75,0.05538331,1.0789465,-3.0559032,0.4415967,70,21
-74.08333333333334,-8.75,-0.048692007,0.9857361,-3.0231352,0.46828786,70,22
-73.91666666666667,-8.75,-0.23509037,0.7730175,-2.9436667,0.4182793,70,23
-73.75000000000001,-8.75,-0.52636313,0.41085926,-2.8151283,0.28984407,70,24
-73.58333333333334,-8.75,-0.7726649,0.07721237,-2.7190123,0.2122472,70,25
-73.41666666666667,-8.75,-0.8768535,-0.05965477,-2.562595,0.20645854,70,26
-73.25000000000001,-8.75,-1.1389747,-0.4924062,-2.4291375,0.04003237,70,27
-73.08333333333334,-8.75,-1.2717038,-0.74134964,-2.3321548,-0.029911067,70,28
-72.91666666666667,-8.75,-1.2488707,-0.65629,-2.2212448,0.05380093,70,29
-72.75000000000001,-8.75,-1.3226848,-0.7062879,-2.129901,0.077876024,70,30
-72.58333333333334,-8.75,-1.536336,-1.0343562,-2.1423976,-0.018613303,70,31
-72.41666666666667,-8.75,-1.746419,-1.3337337,-2.2101924,-0.12958348,70,32
-72.25000000000001,-8.75,-1.9050905,-1.567059,-2.2751317,-0.21167138,70,33
-72.08333333333334,-8.75,-2.053932,-1.8124563,-2.3643448,-0.30541205,70,34
-71.91666666666667,-8.75,-2.1246638,-1.9312321,-2.3645718,-0.31322294,70,35
-71.75000000000001,-8.75,-2.0163755,-1.817582,-2.321901,-0.1940405,70,36
-71.58333333333334,-8.75,-2.0435655,-1.973353,-2.2791617,-0.19881213,70,37
-71.41666666666667,-8.75,-2.1444843,-2.2926607,-2.1992135,-0.28928235,70,38
-71.25000000000001,-8.75,-1.9983611,-2.1976402,-2.0208473,-0.13241456,70,39
-71.08333333333334,-8.75,-1.9144629,-2.170028,-1.8217349,-0.034668732,70,40
-70.91666666666667,-8.75,-1.9685479,-2.3476336,-1.7027684,-0.051104967,70,41
-70.75000000000001,-8.75,-1.9680514,-2.3460813,-1.5718194,0.017233428,70,42
-70.58333333333334,-8.75,-1.9977688,-2.3450882,-1.4195912,0.077164814,70,43
-70.41666666666667,-8.75,-2.1386979,-2.504486,-1.306545,0.15977144,70,44
-70.25000000000001,-8.75,-2.1662805,-2.4867756,-1.1032002,0.22952534,70,45
-70.08333333333334,-8.75,-2.2475755,-2.5607243,-0.90621644,0.25742295,70,46
-69.91666666666667,-8.75,-2.3396003,-2.7023022,-0.68102336,0.25513166,70,47
-69.75000000000001,-8.75,-2.4718652,-2.8580904,-0.43766207,0.25409397,70,48
-69.58333333333334,-8.75,-2.561865,-3.025892,-0.14138448,0.2126542,70,49
-69.41666666666667,-8.75,-2.537922,-3.0137503,0.15532368,0.32128638,70,50
-69.25000000000001,-8.75,-2.5173657,-2.9389627,0.34410533,0.4161805,70,51
-69.08333333333334,-8.75,-2.4746296,-3.0348952,0.22271785,0.7795843,70,52
-68.91666666666667,-8.75,-2.633466,-2.9067292,0.012891451,0.7542895,70,53
-68.75000000000001,-8.75,-2.896167,-2.6663275,-0.29362231,0.3448765,70,54
-68.58333333333334,-8.75,-2.995085,-2.617079,-0.5340328,0.2797898,70,55
-68.41666666666667,-8.75,-2.86943,-2.2826252,-0.67883223,0.35191947,70,56
-68.25000000000001,-8.75,-2.7978103,-2.131209,-0.83827466,0.3378308,70,57
-68.08333333333334,-8.75,-2.75231,-2.0638072,-0.8088408,0.29859823,70,58
-67.91666666666667,-8.75,-2.5858834,-1.7978452,-0.69800174,0.3562676,70,59
-67.75000000000001,-8.75,-2.3764427,-1.4940218,-0.5387867,0.45817247,70,60
-67.58333333333334,-8.75,-2.1525378,-1.194935,-0.34733614,0.558225,70,61
-67.41666666666667,-8.75,-1.8714505,-0.3222139,-0.1833505,0.317275,70,62
-67.25000000000001,-8.75,-1.7681801,0.044322275,-0.15026289,0.4530288,70,63
-67.08333333333334,-8.75,-1.7244537,0.069089055,-0.3371745,0.37524554,70,64
-66.91666666666667,-8.75,-1.6045082,0.33142322,-0.46557245,0.4406726,70,65
-66.75000000000001,-8.75,-1.5159492,0.3563326,-0.7943492,0.35801253,70,66
-66.58333333333334,-8.75,-1.3926655,0.43414813,-1.1327077,0.3057128,70,67
-66.41666666666667,-8.75,-1.2455447,0.6586625,-1.3246608,0.3336116,70,68
-66.25000000000001,-8.75,-1.1656424,0.84593666,-1.4621787,0.3467902,70,69
-66.08333333333334,-8.75,-1.0926703,1.0091814,-1.4035516,0.36053973,70,70
-65.91666666666667,-8.75,-0.9936558,1.2010638,-1.1521679,0.40564856,70,71
-65.75000000000001,-8.75,-1.0075235,1.183083,-0.96622074,0.35414812,70,72
-65.58333333333334,-8.75,-1.0099139,1.1960189,-0.853754,0.2920084,70,73
-65.41666666666667,-8.75,-1.0367972,1.2022822,-0.74468684,0.25323835,70,74
-65.25000000000001,-8.75,-0.96045274,1.4368082,-0.5552689,0.33489582,70,75
-65.08333333333334,-8.75,-0.97183543,1.476036,-0.41130307,0.3252751,70,76
-64.91666666666667,-8.75,-1.0077477,1.4257848,-0.18802217,0.30822507,70,77
-64.75000000000001,-8.75,-1.0336031,1.1685169,-0.18083878,0.14731708,70,78
-64.58333333333334,-8.75,-1.0403332,1.0370747,-0.040881757,0.10863305,70,79
-64.41666666666667,-8.75,-1.1477838,0.8933143,0.19824688,0.023490965,70,80
-64.25000000000001,-8.75,-1.2527574,0.7839721,0.4500795,-0.037131827,70,81
-64.08333333333334,-8.75,-1.3441325,0.80867577,0.8116355,-0.01447827,70,82
-63.91666666666668,-8.75,-1.2079375,0.9493217,1.1429873,0.05304878,70,83
-63.750000000000014,-8.75,-1.5513567,0.87857944,1.3968768,-0.049003534,70,84
-63.58333333333334,-8.75,-1.7576321,0.56352276,1.4097375,-0.23764358,70,85
-63.41666666666668,-8.75,-1.6972649,0.13033108,1.30019,-0.503438,70,86
-63.250000000000014,-8.75,-1.9572394,-0.28130844,1.4984688,-0.5611149,70,87
-63.08333333333334,-8.75,-2.1038597,-0.495324,1.6112909,-0.5714807,70,88
-62.91666666666668,-8.75,-2.052062,-0.5004505,1.6617839,-0.58736354,70,89
-62.750000000000014,-8.75,-2.0391693,-0.4309017,1.6088136,-0.6112625,70,90
-62.58333333333334,-8.75,-2.0972018,-0.47641823,1.4115094,-0.71103114,70,91
-62.41666666666668,-8.75,-2.0428333,-0.30770293,1.3027421,-0.67726994,70,92
-62.250000000000014,-8.75,-1.9571165,-0.11502346,1.1939193,-0.61347806,70,93
-62.08333333333334,-8.75,-1.8687361,0.43634832,1.5083004,-0.37051082,70,94
-61.91666666666668,-8.75,-1.992393,0.98468286,1.5613003,-0.7637973,70,95
-61.750000000000014,-8.75,-2.1602736,0.65216255,1.5022953,-0.99860287,70,96
-61.58333333333334,-8.75,-2.1969523,0.29725718,1.2614796,-1.2458651,70,97
-61.41666666666668,-8.75,-2.147577,0.42589563,1.365969,-1.2171836,70,98
-61.250000000000014,-8.75,-2.0911622,0.58730465,1.4351568,-1.1845751,70,99
-61.08333333333334,-8.75,-1.9998606,0.78613394,1.473631,-1.1275457,70,100
-60.91666666666668,-8.75,-2.019603,0.85973364,1.471442,-1.1388283,70,101
-60.750000000000014,-8.75,-2.0465562,1.1750535,1.5683533,-1.044695,70,102
-60.58333333333334,-8.75,-2.2711475,1.0080547,1.5645056,-1.1650699,70,103
-60.41666666666668,-8.75,-1.942306,1.3754245,1.2242076,-0.98134124,70,104
-60.250000000000014,-8.75,-2.1078908,1.2778382,1.0801246,-1.0838404,70,105
-60.08333333333334,-8.75,-2.1867206,1.3173507,0.94905245,-1.1232399,70,106
-59.91666666666668,-8.75,-2.071573,1.6302148,0.89768034,-0.9993959,70,107
-59.750000000000014,-8.75,-2.0537343,1.7961205,0.82276535,-0.9599651,70,108
-59.58333333333334,-8.75,-2.0520728,1.916501,0.7364004,-0.92765677,70,109
-59.41666666666668,-8.75,-1.9042649,2.2724748,0.71708053,-0.78245306,70,110
-59.250000000000014,-8.75,-2.0651033,2.1152427,0.6475611,-0.90972966,70,111
-59.08333333333334,-8.75,-2.585564,1.3707936,0.55849403,-1.3235431,70,112
-58.91666666666668,-8.75,-2.1133485,2.251399,0.64120203,-0.88340884,70,113
-58.750000000000014,-8.75,-2.0776875,2.3456414,0.6552337,-0.8811115,70,114
-58.58333333333334,-8.75,-1.9648855,1.8977507,1.0012201,-1.7129419,70,115
-58.41666666666668,-8.75,-1.7773646,2.269458,1.0613354,-1.5112654,70,116
-58.250000000000014,-8.75,-2.165962,1.7073736,1.1060562,-1.7979767,70,117
-58.08333333333334,-8.75,-1.5931909,2.6029348,1.1691136,-1.3473954,70,118
-57.91666666666668,-8.75,-1.9865617,1.8584857,1.1358054,-1.6900688,70,119
-57.750000000000014,-8.75,-1.5763175,2.5469415,1.3085817,-1.3398683,70,120
-57.58333333333334,-8.75,-1.1919745,3.1044998,1.3968663,-1.0182874,70,121
-57.41666666666668,-8.75,-1.1758187,3.0617256,1.4226451,-1.0270101,70,122
-57.250000000000014,-8.75,-1.1229612,3.1248283,1.5010487,-0.984584,70,123
-57.08333333333334,-8.75,-0.9212643,3.3326225,1.5664561,-0.8568001,70,124
-56.91666666666668,-8.75,-0.9859792,3.1618512,1.6710609,-0.89405084,70,125
-56.750000000000014,-8.75,-0.82819796,3.339442,1.7867948,-0.77072513,70,126
-56.58333333333334,-8.75,-0.90930015,3.0811794,1.8792213,-0.8523737,70,127
-56.41666666666668,-8.75,-0.8978925,3.0540254,1.995531,-0.82839745,70,128
-56.250000000000014,-8.75,-1.1068368,2.6126785,1.9849918,-0.9918242,70,129
-56.08333333333334,-8.75,-0.9424533,2.7996314,2.0229354,-0.8729601,70,130
-55.91666666666668,-8.75,-0.9242587,2.7177536,2.027404,-0.8432699,70,131
-55.750000000000014,-8.75,-1.475612,2.211396,1.8856618,-1.6300197,70,132
-55.58333333333334,-8.75,-1.9075752,1.4460143,1.8067707,-1.9963379,70,133
-55.41666666666668,-8.75,-2.1147616,1.0952795,1.7337813,-2.1394956,70,134
-55.250000000000014,-8.75,-2.3142247,0.9856665,1.7389998,-2.1666296,70,135
-55.08333333333334,-8.75,-1.6586766,2.1365294,1.73334,-1.6076428,70,136
-54.91666666666668,-8.75,-1.4051527,2.8392088,1.903556,-1.2792505,70,137
-54.750000000000014,-8.75,-1.8475804,2.119407,1.5580312,-1.670478,70,138
-51.91666666666668,-8.75,-2.5558112,1.2103844,0.67877656,-2.076195,70,155
-51.750000000000014,-8.75,-2.878263,0.5866317,0.50968075,-2.362861,70,156
-51.250000000000014,-8.75,-2.70296,1.3981802,0.655488,-1.935227,70,159
-51.08333333333334,-8.75,-3.355031,0.0005763523,0.31394723,-2.6329966,70,160
-49.250000000000014,-8.75,-2.2587564,2.95067,0.43503636,-1.2177579,70,171
-49.08333333333334,-8.75,-2.3798044,2.8174987,0.32168144,-1.246639,70,172
-48.91666666666668,-8.75,-2.6844523,2.387337,0.29813826,-1.4061553,70,173
-48.750000000000014,-8.75,-3.4730895,1.0415609,0.08924505,-1.9994979,70,174
-48.58333333333334,-8.75,-3.7878172,0.7157192,0.038221885,-2.0956438,70,175
-47.58333333333334,-8.75,-3.5432005,2.3861234,-0.34750167,-1.1829456,70,181
-75.41666666666667,-8.916666666666666,4.6517124,-3.0455067,7.107994,0.3811873,71,14
-74.41666666666667,-8.916666666666666,0.6128587,1.3722236,-2.8587623,0.67868996,71,20
-74.25000000000001,-8.916666666666666,0.3161258,1.26166,-3.055417,0.5424237,71,21
-74.08333333333334,-8.916666666666666,0.05702965,1.1562659,-3.027369,0.5474862,71,22
-73.91666666666667,-8.916666666666666,-0.18337093,0.8999596,-2.9889767,0.46297577,71,23
-73.75000000000001,-8.916666666666666,-0.35958475,0.7504675,-2.929843,0.45341054,71,24
-73.58333333333334,-8.916666666666666,-0.6333703,0.40339443,-2.8244288,0.33275214,71,25
-73.41666666666667,-8.916666666666666,-0.89723337,0.10874734,-2.7183099,0.22823533,71,26
-73.25000000000001,-8.916666666666666,-1.0882657,-0.1597633,-2.6042104,0.1476408,71,27
-73.08333333333334,-8.916666666666666,-1.2720107,-0.42839432,-2.5488179,0.031285614,71,28
-72.91666666666667,-8.916666666666666,-1.3894436,-0.5290712,-2.510563,0.016659206,71,29
-72.75000000000001,-8.916666666666666,-1.4012209,-0.44012922,-2.431219,0.09062324,71,30
-72.58333333333334,-8.916666666666666,-1.6176198,-0.791971,-2.4123821,-0.0022116713,71,31
-72.41666666666667,-8.916666666666666,-1.7623682,-1.0338174,-2.436056,-0.059419625,71,32
-72.25000000000001,-8.916666666666666,-1.9515611,-1.3019009,-2.4598274,-0.1423216,71,33
-72.08333333333334,-8.916666666666666,-2.1760023,-1.6783912,-2.519478,-0.2846187,71,34
-71.91666666666667,-8.916666666666666,-2.0525382,-1.5185075,-2.4734626,-0.012768916,71,35
-71.75000000000001,-8.916666666666666,-2.1035957,-1.6626577,-2.432543,-0.01924531,71,36
-71.58333333333334,-8.916666666666666,-2.0873659,-1.7701744,-2.3492482,0.0100540295,71,37
-71.41666666666667,-8.916666666666666,-2.0122738,-1.7324224,-2.2020192,0.12060727,71,38
-71.25000000000001,-8.916666666666666,-2.026291,-1.8637794,-2.0937138,0.1306105,71,39
-71.08333333333334,-8.916666666666666,-2.1803598,-2.2062664,-1.9799122,-0.088074625,71,40
-70.91666666666667,-8.916666666666666,-2.0678113,-2.1040988,-1.8276434,0.18907538,71,41
-70.75000000000001,-8.916666666666666,-2.1141355,-2.221575,-1.6834259,0.19624859,71,42
-70.58333333333334,-8.916666666666666,-2.0816152,-2.1279871,-1.4755402,0.30309352,71,43
-70.41666666666667,-8.916666666666666,-2.3480492,-2.4923894,-1.3591233,0.16676351,71,44
-70.25000000000001,-8.916666666666666,-2.4028654,-2.5686855,-1.1925992,0.19105306,71,45
-70.08333333333334,-8.916666666666666,-2.4653437,-2.5876334,-0.95881164,0.24953589,71,46
-69.91666666666667,-8.916666666666666,-2.5671332,-2.7614572,-0.7333309,0.25066322,71,47
-69.75000000000001,-8.916666666666666,-2.6182866,-2.8583734,-0.49581465,0.29241458,71,48
-69.58333333333334,-8.916666666666666,-2.6029847,-2.8904178,-0.17205293,0.32208225,71,49
-69.41666666666667,-8.916666666666666,-2.482924,-3.120781,0.20477279,0.7646387,71,50
-69.25000000000001,-8.916666666666666,-2.5462105,-3.1170106,0.41734412,0.8351844,71,51
-69.08333333333334,-8.916666666666666,-2.8487782,-3.260263,0.14950801,0.71391016,71,52
-68.91666666666667,-8.916666666666666,-3.0009785,-3.1135545,-0.10937583,0.7055419,71,53
-68.75000000000001,-8.916666666666666,-3.0396311,-2.7366078,-0.256696,0.7773933,71,54
-68.58333333333334,-8.916666666666666,-3.0938587,-2.3983314,-0.56477463,0.45560798,71,55
-68.41666666666667,-8.916666666666666,-3.1592627,-2.4984865,-0.8449942,0.30133304,71,56
-68.25000000000001,-8.916666666666666,-3.0432498,-2.3174245,-1.0025727,0.29128093,71,57
-68.08333333333334,-8.916666666666666,-2.824273,-1.9862992,-0.936649,0.37793145,71,58
-67.91666666666667,-8.916666666666666,-2.5265696,-1.5094752,-0.8086326,0.534825,71,59
-67.75000000000001,-8.916666666666666,-2.267303,-1.1261073,-0.61538476,0.6478089,71,60
-67.58333333333334,-8.916666666666666,-2.112166,-0.88335544,-0.4355032,0.72482187,71,61
-67.41666666666667,-8.916666666666666,-2.0716105,-0.34558487,-0.36381772,0.3965767,71,62
-67.25000000000001,-8.916666666666666,-1.8713623,0.09493258,-0.15206727,0.49918863,71,63
-67.08333333333334,-8.916666666666666,-1.8500481,0.105378665,-0.31119588,0.408302,71,64
-66.91666666666667,-8.916666666666666,-1.7311243,0.23572609,-0.6132551,0.3645343,71,65
-66.75000000000001,-8.916666666666666,-1.5521235,0.37814108,-0.90513617,0.3622562,71,66
-66.58333333333334,-8.916666666666666,-1.4127674,0.58949494,-1.103433,0.39999884,71,67
-66.41666666666667,-8.916666666666666,-1.3528106,0.71224606,-1.3516567,0.36756623,71,68
-66.25000000000001,-8.916666666666666,-1.2320416,0.976693,-1.4996203,0.4188818,71,69
-66.08333333333334,-8.916666666666666,-1.1684362,1.1124514,-1.4664102,0.4243121,71,70
-65.91666666666667,-8.916666666666666,-1.0875643,1.2397729,-1.2985524,0.42479128,71,71
-65.75000000000001,-8.916666666666666,-1.0963553,1.288348,-1.1689782,0.38102353,71,72
-65.58333333333334,-8.916666666666666,-1.07098,1.3560339,-1.0536338,0.3583706,71,73
-65.41666666666667,-8.916666666666666,-1.0764637,1.4914299,-0.8294291,0.3819004,71,74
-65.25000000000001,-8.916666666666666,-1.0517443,1.4804174,-0.7920671,0.3402826,71,75
-65.08333333333334,-8.916666666666666,-1.0261477,1.5929892,-0.5635633,0.38591775,71,76
-64.91666666666667,-8.916666666666666,-1.1045862,1.3132664,-0.56433135,0.2149859,71,77
-64.75000000000001,-8.916666666666666,-1.1108046,1.1990452,-0.43804818,0.15045178,71,78
-64.58333333333334,-8.916666666666666,-1.1117256,1.1716405,-0.21071732,0.15909699,71,79
-64.41666666666667,-8.916666666666666,-1.210445,1.0265911,0.015324782,0.08409512,71,80
-64.25000000000001,-8.916666666666666,-1.3260682,0.8864045,0.32932433,0.019156542,71,81
-64.08333333333334,-8.916666666666666,-1.3747848,0.86669385,0.6297448,-0.020131066,71,82
-63.91666666666668,-8.916666666666666,-1.5661917,0.7584336,0.9475309,-0.0502284,71,83
-63.750000000000014,-8.916666666666666,-1.7187421,0.5466063,1.1452512,-0.17889975,71,84
-63.58333333333334,-8.916666666666666,-1.8972828,0.3643517,1.3391125,-0.2830161,71,85
-63.41666666666668,-8.916666666666666,-1.7970065,0.2605294,1.4937342,-0.4117757,71,86
-63.250000000000014,-8.916666666666666,-1.867725,-0.1363632,1.5781785,-0.5636107,71,87
-63.08333333333334,-8.916666666666666,-2.2100766,-0.6252105,1.767623,-0.5279645,71,88
-62.91666666666668,-8.916666666666666,-2.1284754,-0.6450465,1.9646622,-0.619676,71,89
-62.750000000000014,-8.916666666666666,-2.1562088,-0.62786824,1.8635767,-0.66351306,71,90
-62.58333333333334,-8.916666666666666,-2.1473649,-0.46154723,1.6695409,-0.62066627,71,91
-62.41666666666668,-8.916666666666666,-2.1939135,-0.46950182,1.4782083,-0.6878532,71,92
-62.250000000000014,-8.916666666666666,-2.1451755,-0.33118334,1.2665846,-0.6616427,71,93
-62.08333333333334,-8.916666666666666,-2.1019027,-0.12891027,1.2385018,-0.5970712,71,94
-61.91666666666668,-8.916666666666666,-2.2022886,0.59849244,1.3693992,-0.9290498,71,95
-61.750000000000014,-8.916666666666666,-2.3300805,0.3372252,1.1593492,-1.1616297,71,96
-61.58333333333334,-8.916666666666666,-2.272776,0.45561,1.1844547,-1.1618073,71,97
-61.41666666666668,-8.916666666666666,-2.36267,0.42358515,1.2718219,-1.2482446,71,98
-61.250000000000014,-8.916666666666666,-2.263961,0.59858036,1.2798527,-1.2065821,71,99
-61.08333333333334,-8.916666666666666,-2.2844033,0.6753663,1.3180176,-1.2293277,71,100
-60.91666666666668,-8.916666666666666,-2.281909,0.86191803,1.3527749,-1.1854159,71,101
-60.750000000000014,-8.916666666666666,-2.2725728,0.97653323,1.3139803,-1.165108,71,102
-60.58333333333334,-8.916666666666666,-2.4009018,0.961317,1.2761968,-1.2177508,71,103
-60.41666666666668,-8.916666666666666,-2.2106543,1.2310067,1.1325977,-1.0830847,71,104
-60.250000000000014,-8.916666666666666,-2.291451,1.2730514,1.0484482,-1.0999264,71,105
-60.08333333333334,-8.916666666666666,-2.457494,1.1411031,0.9563238,-1.218122,71,106
-59.91666666666668,-8.916666666666666,-2.366234,1.3635372,0.8535053,-1.145887,71,107
-59.750000000000014,-8.916666666666666,-2.2980442,1.6332911,0.80761343,-1.0445046,71,108
-59.58333333333334,-8.916666666666666,-2.2211404,1.8501291,0.7663027,-0.9727353,71,109
-59.41666666666668,-8.916666666666666,-2.0747826,2.1920178,0.74046683,-0.825107,71,110
-59.250000000000014,-8.916666666666666,-2.1108758,2.248775,0.68419546,-0.83117086,71,111
-59.08333333333334,-8.916666666666666,-2.3678048,1.9202697,0.63858795,-1.033313,71,112
-58.91666666666668,-8.916666666666666,-2.5118778,1.7646427,0.59487194,-1.1481284,71,113
-58.750000000000014,-8.916666666666666,-2.680484,1.5395029,0.53509766,-1.2949556,71,114
-58.58333333333334,-8.916666666666666,-1.9863956,2.041008,0.9586496,-1.6503577,71,115
-58.41666666666668,-8.916666666666666,-1.971631,2.124734,1.0364605,-1.6161361,71,116
-58.250000000000014,-8.916666666666666,-2.0541873,1.996856,1.0527638,-1.6638844,71,117
-58.08333333333334,-8.916666666666666,-1.672464,2.6525989,1.0968959,-1.3304024,71,118
-57.91666666666668,-8.916666666666666,-1.800911,2.3898647,1.1613419,-1.4515737,71,119
-57.750000000000014,-8.916666666666666,-1.6055398,2.6660686,1.200075,-1.2916335,71,120
-57.58333333333334,-8.916666666666666,-1.4416622,2.8166478,1.2482878,-1.1889578,71,121
-57.41666666666668,-8.916666666666666,-1.1389074,3.3679404,1.402427,-0.86456513,71,122
-57.250000000000014,-8.916666666666666,-1.005104,3.3816533,1.3906089,-0.8327556,71,123
-57.08333333333334,-8.916666666666666,-0.94543785,3.3696916,1.5068142,-0.814734,71,124
-56.91666666666668,-8.916666666666666,-0.92464304,3.3162014,1.6329393,-0.8054739,71,125
-56.750000000000014,-8.916666666666666,-0.7401407,3.6071777,1.8318686,-0.633153,71,126
-56.58333333333334,-8.916666666666666,-0.6517754,3.653454,1.9670521,-0.5778531,71,127
-56.41666666666668,-8.916666666666666,-0.6565846,3.4085357,2.0090897,-0.63163114,71,128
-56.250000000000014,-8.916666666666666,-0.63208395,3.3498893,2.0968142,-0.6200199,71,129
-56.08333333333334,-8.916666666666666,-0.5738595,3.385814,2.1545246,-0.56798726,71,130
-55.91666666666668,-8.916666666666666,-0.8635377,2.8729312,2.1361668,-0.7437583,71,131
-55.750000000000014,-8.916666666666666,-1.2299166,2.7269037,2.0428162,-1.3634768,71,132
-55.58333333333334,-8.916666666666666,-1.6214477,1.9941311,1.9309068,-1.6852633,71,133
-55.41666666666668,-8.916666666666666,-1.907991,1.4674805,1.7828609,-1.927931,71,134
-55.250000000000014,-8.916666666666666,-2.078396,1.1523134,1.6496701,-2.0652537,71,135
-55.08333333333334,-8.916666666666666,-2.0275872,1.4476136,1.6556349,-1.9214623,71,136
-54.91666666666668,-8.916666666666666,-2.0408685,1.9739648,1.8765872,-1.6903081,71,137
-54.750000000000014,-8.916666666666666,-2.372297,1.5974131,1.7446448,-1.9008512,71,138
-54.58333333333334,-8.916666666666666,-1.9905533,2.0443108,1.419345,-1.7050592,71,139
-52.41666666666668,-8.916666666666666,-1.9505999,1.7761674,0.9984684,-1.7540755,71,152
-52.250000000000014,-8.916666666666666,-1.8619795,1.9211599,0.87097436,-1.6928452,71,153
-51.08333333333334,-8.916666666666666,-3.6697726,0.19061878,-0.040104974,-1.9269134,71,160
-50.91666666666668,-8.916666666666666,-3.2340298,1.2265594,0.18033563,-1.3623726,71,161
-50.41666666666668,-8.916666666666666,-2.2419386,2.4986496,0.665556,-1.3876854,71,164
-49.91666666666668,-8.916666666666666,-2.0182536,2.932737,0.47257426,-1.159235,71,167
-49.41666666666668,-8.916666666666666,-2.2666056,2.930096,0.37059444,-1.1785711,71,170
-49.08333333333334,-8.916666666666666,-2.520228,2.6317694,0.28534377,-1.2945342,71,172
-48.58333333333334,-8.916666666666666,-3.8107834,0.9600229,0.04296332,-1.9488561,71,175
-75.41666666666667,-9.083333333333332,4.4093375,-3.443539,7.1252494,0.2104499,72,14
-74.41666666666667,-9.083333333333332,0.7963572,1.2754531,-2.496197,0.6462759,72,20
-74.25000000000001,-9.083333333333332,0.43648255,1.2943593,-2.842447,0.7178287,72,21
-74.08333333333334,-9.083333333333332,0.12202489,1.1991974,-3.0271242,0.68336886,72,22
-73.91666666666667,-9.083333333333332,-0.13367637,0.9994365,-3.0249267,0.5135421,72,23
-73.75000000000001,-9.083333333333332,-0.3545153,0.8173943,-2.9762683,0.47181207,72,24
-73.58333333333334,-9.083333333333332,-0.576541,0.59656274,-2.9222555,0.4059417,72,25
-73.41666666666667,-9.083333333333332,-0.8209173,0.32785544,-2.843393,0.31755596,72,26
-73.25000000000001,-9.083333333333332,-1.0428892,0.0773236,-2.7714753,0.21419068,72,27
-73.08333333333334,-9.083333333333332,-1.2611458,-0.19824377,-2.722574,0.09566855,72,28
-72.91666666666667,-9.083333333333332,-1.4231656,-0.3479893,-2.701209,0.046944626,72,29
-72.75000000000001,-9.083333333333332,-1.4706953,-0.3628592,-2.6287153,0.08220429,72,30
-72.58333333333334,-9.083333333333332,-1.6727759,-0.66007435,-2.6446176,-0.008313257,72,31
-72.41666666666667,-9.083333333333332,-1.8389097,-0.8803092,-2.6109514,-0.06448392,72,32
-72.25000000000001,-9.083333333333332,-1.9776525,-1.0369451,-2.606583,-0.06446231,72,33
-72.08333333333334,-9.083333333333332,-2.1178112,-1.287671,-2.624229,0.009684487,72,34
-71.91666666666667,-9.083333333333332,-2.170568,-1.3532959,-2.565847,0.033652246,72,35
-71.75000000000001,-9.083333333333332,-2.2799428,-1.6295974,-2.534805,-0.036006767,72,36
-71.58333333333334,-9.083333333333332,-2.1821585,-1.5906961,-2.4228487,0.07505756,72,37
-71.41666666666667,-9.083333333333332,-2.1870825,-1.7353323,-2.302884,0.088781975,72,38
-71.25000000000001,-9.083333333333332,-2.2808883,-1.9412087,-2.1837602,0.0689215,72,39
-71.08333333333334,-9.083333333333332,-2.291733,-2.0215416,-2.0491636,0.12059708,72,40
-70.91666666666667,-9.083333333333332,-2.2149856,-2.011248,-1.9002897,0.21637267,72,41
-70.75000000000001,-9.083333333333332,-2.1462433,-1.9665816,-1.71349,0.32513502,72,42
-70.58333333333334,-9.083333333333332,-2.301542,-2.1303418,-1.5505421,0.28606153,72,43
-70.41666666666667,-9.083333333333332,-2.4924242,-2.3966055,-1.411733,0.21994889,72,44
-70.25000000000001,-9.083333333333332,-2.4713354,-2.3662329,-1.2331376,0.30952632,72,45
-70.08333333333334,-9.083333333333332,-2.4526415,-2.3176072,-1.0149782,0.40976048,72,46
-69.91666666666667,-9.083333333333332,-2.5098782,-2.3910558,-0.7952902,0.44166884,72,47
-69.75000000000001,-9.083333333333332,-2.4955287,-2.6883268,-0.51144546,0.7684584,72,48
-69.58333333333334,-9.083333333333332,-2.595087,-2.9007225,-0.26898104,0.71288383,72,49
-69.41666666666667,-9.083333333333332,-2.7845764,-3.1353707,-0.11260272,0.6761771,72,50
-69.25000000000001,-9.083333333333332,-2.9053526,-3.2302449,-0.041277245,0.7053496,72,51
-69.08333333333334,-9.083333333333332,-2.9721727,-3.058811,-0.118551634,0.8004939,72,52
-68.91666666666667,-9.083333333333332,-3.0802574,-2.8194823,-0.23704875,0.8671769,72,53
-68.75000000000001,-9.083333333333332,-3.2341645,-2.5381505,-0.3230099,0.88639915,72,54
-68.58333333333334,-9.083333333333332,-3.2288892,-2.0553985,-0.56388843,0.63264656,72,55
-68.41666666666667,-9.083333333333332,-3.063161,-1.9966339,-0.90634143,0.5742298,72,56
-68.25000000000001,-9.083333333333332,-2.8929224,-1.8322763,-1.1261058,0.5538774,72,57
-68.08333333333334,-9.083333333333332,-2.6837413,-1.5564861,-1.0976596,0.6203664,72,58
-67.91666666666667,-9.083333333333332,-2.5794697,-1.3772929,-1.0117064,0.60129,72,59
-67.75000000000001,-9.083333333333332,-2.49433,-1.2388518,-0.8810585,0.5875877,72,60
-67.58333333333334,-9.083333333333332,-2.3224602,-1.0029753,-0.6758004,0.6371325,72,61
-67.41666666666667,-9.083333333333332,-2.1183603,-0.24241689,-0.45653608,0.37607452,72,62
-67.25000000000001,-9.083333333333332,-2.0611823,-0.03201625,-0.27453527,0.40983337,72,63
-67.08333333333334,-9.083333333333332,-1.956892,-0.040548928,-0.45199436,0.30816352,72,64
-66.91666666666667,-9.083333333333332,-1.729587,0.23881143,-0.65809137,0.3950435,72,65
-66.75000000000001,-9.083333333333332,-1.5795107,0.45941988,-0.87348074,0.41313085,72,66
-66.58333333333334,-9.083333333333332,-1.4745554,0.61380816,-1.0644724,0.41668147,72,67
-66.41666666666667,-9.083333333333332,-1.3861091,0.8239507,-1.2224622,0.45288837,72,68
-66.25000000000001,-9.083333333333332,-1.4671867,0.75290734,-1.3938853,0.33620727,72,69
-66.08333333333334,-9.083333333333332,-1.3600681,1.0123887,-1.3544452,0.39449063,72,70
-65.91666666666667,-9.083333333333332,-1.3171184,1.0571449,-1.318082,0.32686365,72,71
-65.75000000000001,-9.083333333333332,-1.1656896,1.3254918,-1.1733667,0.39921924,72,72
-65.58333333333334,-9.083333333333332,-1.184536,1.3367168,-1.115128,0.33804187,72,73
-65.41666666666667,-9.083333333333332,-1.1471527,1.4637755,-1.048051,0.34796706,72,74
-65.25000000000001,-9.083333333333332,-1.1348499,1.4663146,-0.988728,0.31350553,72,75
-65.08333333333334,-9.083333333333332,-1.1678935,1.3719655,-0.9632907,0.25257143,72,76
-64.91666666666667,-9.083333333333332,-1.265451,1.1647314,-0.89334255,0.12114853,72,77
-64.75000000000001,-9.083333333333332,-1.2058036,1.2531537,-0.71297514,0.16069132,72,78
-64.58333333333334,-9.083333333333332,-1.1644417,1.2885329,-0.43391436,0.18626988,72,79
-64.41666666666667,-9.083333333333332,-1.2188679,1.2127525,-0.14387359,0.1591178,72,80
-64.25000000000001,-9.083333333333332,-1.3436749,1.1327273,0.18752274,0.108592205,72,81
-64.08333333333334,-9.083333333333332,-1.5986261,0.84788483,0.51412445,-0.035297304,72,82
-63.91666666666668,-9.083333333333332,-1.6866308,0.75397354,0.85123605,-0.071750276,72,83
-63.750000000000014,-9.083333333333332,-1.8309242,0.45092836,1.0233994,-0.22442487,72,84
-63.58333333333334,-9.083333333333332,-1.9973254,0.22673579,1.2622559,-0.331267,72,85
-63.41666666666668,-9.083333333333332,-2.1233063,0.25203097,1.7294278,-0.331132,72,86
-63.250000000000014,-9.083333333333332,-2.1184847,0.032877866,1.9391893,-0.42474544,72,87
-63.08333333333334,-9.083333333333332,-2.1771934,-0.5210566,2.05675,-0.588499,72,88
-62.91666666666668,-9.083333333333332,-2.1322978,-0.74511397,2.2571013,-0.63200665,72,89
-62.750000000000014,-9.083333333333332,-2.2744708,-0.70904994,2.1535456,-0.65342015,72,90
-62.58333333333334,-9.083333333333332,-2.3488429,-0.45009875,2.0276132,-0.58024687,72,91
-62.41666666666668,-9.083333333333332,-2.3848996,-0.54478776,1.6727775,-0.6798777,72,92
-62.250000000000014,-9.083333333333332,-2.3885417,-0.5357014,1.386067,-0.75296324,72,93
-62.08333333333334,-9.083333333333332,-2.453191,-0.33873916,1.321058,-0.70473814,72,94
-61.91666666666668,-9.083333333333332,-2.5419269,0.26270527,1.1790223,-1.1357888,72,95
-61.750000000000014,-9.083333333333332,-2.5520606,0.31422856,1.1203746,-1.2101575,72,96
-61.58333333333334,-9.083333333333332,-2.5630245,0.4475235,1.1803585,-1.2091292,72,97
-61.41666666666668,-9.083333333333332,-2.6059015,0.38284606,1.1821158,-1.3031652,72,98
-61.250000000000014,-9.083333333333332,-2.5556026,0.49484703,1.1739066,-1.3030492,72,99
-61.08333333333334,-9.083333333333332,-2.6146336,0.5434006,1.2017791,-1.331201,72,100
-60.91666666666668,-9.083333333333332,-2.662423,0.7037136,1.3345069,-1.2871488,72,101
-60.750000000000014,-9.083333333333332,-2.5657837,0.87944746,1.2558088,-1.2280968,72,102
-60.58333333333334,-9.083333333333332,-2.6110141,0.82943684,1.12852,-1.2875012,72,103
-60.41666666666668,-9.083333333333332,-2.439838,1.2259355,1.1148115,-1.0964392,72,104
-60.250000000000014,-9.083333333333332,-2.4140036,1.3248507,1.0173527,-1.081503,72,105
-60.08333333333334,-9.083333333333332,-2.471173,1.3435144,0.9319144,-1.1237441,72,106
-59.91666666666668,-9.083333333333332,-2.6253057,1.1619626,0.8377093,-1.249151,72,107
-59.750000000000014,-9.083333333333332,-2.4644132,1.5567267,0.81878537,-1.084693,72,108
-59.58333333333334,-9.083333333333332,-2.3340862,1.936951,0.8416505,-0.9274404,72,109
-59.41666666666668,-9.083333333333332,-2.208064,2.2172182,0.80579966,-0.81086606,72,110
-59.250000000000014,-9.083333333333332,-2.2732904,2.1580822,0.714583,-0.8834565,72,111
-59.08333333333334,-9.083333333333332,-2.350395,2.258735,0.7527144,-0.85525,72,112
-58.91666666666668,-9.083333333333332,-2.4118018,2.2606626,0.74120355,-0.8775675,72,113
-58.750000000000014,-9.083333333333332,-2.733197,1.6457047,0.5520657,-1.2307663,72,114
-58.58333333333334,-9.083333333333332,-2.602097,1.9186053,0.54297996,-1.110951,72,115
-58.41666666666668,-9.083333333333332,-2.0981557,2.1840224,1.0500562,-1.6006733,72,116
-58.250000000000014,-9.083333333333332,-2.0525937,2.2226422,1.0600488,-1.5632235,72,117
-58.08333333333334,-9.083333333333332,-1.999486,2.2464893,1.0563742,-1.5385447,72,118
-57.91666666666668,-9.083333333333332,-1.9200888,2.3334715,1.1047604,-1.4876412,72,119
-57.750000000000014,-9.083333333333332,-2.2587342,1.6806747,1.0763462,-1.7730426,72,120
-57.58333333333334,-9.083333333333332,-1.8132912,2.457747,1.1807857,-1.3764545,72,121
-57.41666666666668,-9.083333333333332,-1.4656577,3.2495506,1.4761103,-0.915916,72,122
-57.250000000000014,-9.083333333333332,-1.215467,3.2943735,1.3364658,-0.8911025,72,123
-57.08333333333334,-9.083333333333332,-0.8945064,3.6446452,1.4849738,-0.6725624,72,124
-56.91666666666668,-9.083333333333332,-0.8528031,3.763125,1.7563009,-0.5713164,72,125
-56.750000000000014,-9.083333333333332,-0.79082966,3.8484313,1.9924238,-0.49246165,72,126
-56.58333333333334,-9.083333333333332,-0.68834084,3.6759114,2.026772,-0.53258044,72,127
-56.41666666666668,-9.083333333333332,-0.48298517,3.6178296,2.0192945,-0.50415266,72,128
-56.250000000000014,-9.083333333333332,-0.4567923,3.5470755,2.0842073,-0.49660397,72,129
-56.08333333333334,-9.083333333333332,-0.39832535,3.6294076,2.2074306,-0.42557096,72,130
-55.91666666666668,-9.083333333333332,-0.63748413,3.2566204,2.2305562,-0.5345874,72,131
-55.750000000000014,-9.083333333333332,-0.9841083,3.1609416,2.1281054,-1.1421114,72,132
-55.58333333333334,-9.083333333333332,-1.2517043,2.655212,2.0547178,-1.3613421,72,133
-55.41666666666668,-9.083333333333332,-1.3890374,2.390457,1.966362,-1.473515,72,134
-55.250000000000014,-9.083333333333332,-1.7879815,1.6281978,1.7641909,-1.8046495,72,135
-55.08333333333334,-9.083333333333332,-1.9747969,1.6814634,1.8272008,-1.7796568,72,136
-54.91666666666668,-9.083333333333332,-2.2006116,1.6170913,1.8611195,-1.8285576,72,137
-54.750000000000014,-9.083333333333332,-2.5905979,1.2125509,1.7876438,-2.0586789,72,138
-54.58333333333334,-9.083333333333332,-2.4295766,1.3437915,1.5147513,-2.0156722,72,139
-54.41666666666668,-9.083333333333332,-1.4109099,2.1701512,1.4732271,-1.0262297,72,140
-52.41666666666668,-9.083333333333332,-2.7113092,1.3424153,0.6342377,-1.3261178,72,152
-52.250000000000014,-9.083333333333332,-2.7253454,1.3020927,0.5341664,-1.3455142,72,153
-51.08333333333334,-9.083333333333332,-3.1858811,1.4834104,0.31864366,-1.2585784,72,160
-50.91666666666668,-9.083333333333332,-2.8184662,2.056118,0.31777233,-0.89954007,72,161
-50.750000000000014,-9.083333333333332,-2.8303552,2.2089012,0.34715226,-0.8092942,72,162
-50.08333333333334,-9.083333333333332,-2.6498857,2.650994,0.1624581,-0.64597046,72,166
-49.91666666666668,-9.083333333333332,-2.4014757,2.7945583,-0.049829096,-0.576463,72,167
-49.41666666666668,-9.083333333333332,-3.0305083,2.485186,-0.062772974,-0.7810288,72,170
-49.250000000000014,-9.083333333333332,-2.9810247,2.5530066,-0.09688475,-0.7006039,72,171
-49.08333333333334,-9.083333333333332,-3.1687162,2.3203359,-0.19164214,-0.78871286,72,172
-48.750000000000014,-9.083333333333332,-4.375412,0.43417165,-0.56008476,-1.6563654,72,174
-75.41666666666667,-9.25,3.5522122,-3.1200995,5.390582,-0.13878888,73,14
-74.25000000000001,-9.25,0.5202768,1.2821523,-2.643018,0.74839836,73,21
-74.08333333333334,-9.25,0.17890047,1.2482586,-2.8617458,0.73367304,73,22
-73.91666666666667,-9.25,-0.07680736,1.1008213,-3.0119956,0.65786415,73,23
-73.75000000000001,-9.25,-0.39176592,0.7997063,-3.0315902,0.43284756,73,24
-73.58333333333334,-9.25,-0.671982,0.5144831,-3.0049126,0.33722815,73,25
-73.41666666666667,-9.25,-0.98971725,0.18858424,-2.9602876,0.2013303,73,26
-73.25000000000001,-9.25,-1.1894908,0.041176435,-2.8942974,0.15757,73,27
-73.08333333333334,-9.25,-1.3584893,-0.18897143,-2.8414156,0.07066481,73,28
-72.91666666666667,-9.25,-1.4480217,-0.2741235,-2.8077583,0.067542315,73,29
-72.75000000000001,-9.25,-1.5395995,-0.3007906,-2.7432349,0.10535838,73,30
-72.58333333333334,-9.25,-1.7166874,-0.4879783,-2.7447388,0.049321685,73,31
-72.41666666666667,-9.25,-1.9261622,-0.7995005,-2.7442439,-0.046126384,73,32
-72.25000000000001,-9.25,-2.0438075,-0.95071816,-2.7353575,0.07509197,73,33
-72.08333333333334,-9.25,-2.2136207,-1.1788186,-2.7252207,0.023907958,73,34
-71.91666666666667,-9.25,-2.3112493,-1.2553715,-2.66864,0.052892096,73,35
-71.75000000000001,-9.25,-2.392916,-1.5055838,-2.6209972,0.012345731,73,36
-71.58333333333334,-9.25,-2.3113942,-1.5031493,-2.5077798,0.095302634,73,37
-71.41666666666667,-9.25,-2.3595514,-1.6742508,-2.376139,0.092478395,73,38
-71.25000000000001,-9.25,-2.3563333,-1.8056992,-2.2442164,0.14209448,73,39
-71.08333333333334,-9.25,-2.3359787,-1.8203683,-2.0848794,0.2209358,73,40
-70.91666666666667,-9.25,-2.2490892,-1.7228403,-1.9329716,0.34354165,73,41
-70.75000000000001,-9.25,-2.4016814,-1.9872622,-1.8017172,0.26598486,73,42
-70.58333333333334,-9.25,-2.5236912,-2.1570175,-1.64313,0.25627774,73,43
-70.41666666666667,-9.25,-2.5023193,-2.1162274,-1.4762001,0.358072,73,44
-70.25000000000001,-9.25,-2.5560036,-2.1734428,-1.3067898,0.40394834,73,45
-70.08333333333334,-9.25,-2.7184522,-2.3146436,-1.156953,0.39157698,73,46
-69.91666666666667,-9.25,-2.684951,-2.2860334,-0.9506739,0.47645134,73,47
-69.75000000000001,-9.25,-2.867645,-2.548871,-0.7725296,0.41660836,73,48
-69.58333333333334,-9.25,-2.8829565,-2.9007442,-0.5639806,0.64485043,73,49
-69.41666666666667,-9.25,-2.8889596,-2.9017532,-0.40909037,0.7258879,73,50
-69.25000000000001,-9.25,-2.926325,-2.8368037,-0.36636457,0.8031625,73,51
-69.08333333333334,-9.25,-3.1079109,-2.8965094,-0.47251824,0.7737733,73,52
-68.91666666666667,-9.25,-3.2426877,-2.8078237,-0.59777427,0.7791101,73,53
-68.75000000000001,-9.25,-3.2754195,-2.531631,-0.71171546,0.80668867,73,54
-68.58333333333334,-9.25,-3.4370294,-2.3109336,-0.92352444,0.48356548,73,55
-68.41666666666667,-9.25,-3.3576348,-2.2190478,-1.1771396,0.44177067,73,56
-68.25000000000001,-9.25,-3.139329,-2.0142279,-1.4496523,0.4553219,73,57
-68.08333333333334,-9.25,-2.9137006,-1.6898646,-1.4166201,0.5278484,73,58
-67.91666666666667,-9.25,-2.7590072,-1.4374887,-1.3226258,0.5639244,73,59
-67.75000000000001,-9.25,-2.5458162,-1.1308069,-1.1453438,0.6311574,73,60
-67.58333333333334,-9.25,-2.3288553,-0.87938714,-0.8377676,0.620563,73,61
-67.41666666666667,-9.25,-2.187684,-0.25263345,-0.4986429,0.3599042,73,62
-67.25000000000001,-9.25,-2.1583483,-0.13789895,-0.22895618,0.3371744,73,63
-67.08333333333334,-9.25,-1.9149015,0.21243891,-0.30906445,0.4609456,73,64
-66.91666666666667,-9.25,-1.7523875,0.28844765,-0.6263121,0.42074978,73,65
-66.75000000000001,-9.25,-1.611721,0.49747798,-0.82737845,0.44987634,73,66
-66.58333333333334,-9.25,-1.4205168,0.84995955,-0.92392385,0.5790837,73,67
-66.41666666666667,-9.25,-1.3777244,0.9852211,-1.0392747,0.5653849,73,68
-66.25000000000001,-9.25,-1.3713074,1.0198305,-1.1587648,0.50326586,73,69
-66.08333333333334,-9.25,-1.4877856,0.90640783,-1.2137284,0.3541774,73,70
-65.91666666666667,-9.25,-1.3850162,1.1265196,-1.181443,0.36357683,73,71
-65.75000000000001,-9.25,-1.26775,1.4245572,-1.085423,0.44862783,73,72
-65.58333333333334,-9.25,-1.2410394,1.4533647,-1.111488,0.38782516,73,73
-65.41666666666667,-9.25,-1.3339901,1.3271325,-1.13996,0.2666356,73,74
-65.25000000000001,-9.25,-1.4871397,1.0202991,-1.2072667,0.06935346,73,75
-65.08333333333334,-9.25,-1.2706175,1.386862,-1.1481423,0.25197545,73,76
-64.91666666666667,-9.25,-1.3196185,1.3164319,-1.120635,0.18905245,73,77
-64.75000000000001,-9.25,-1.2392119,1.4148636,-0.9496718,0.23027265,73,78
-64.58333333333334,-9.25,-1.2312448,1.5973135,-0.5460247,0.3195165,73,79
-64.41666666666667,-9.25,-1.2810818,1.5323657,-0.18664968,0.3107704,73,80
-64.25000000000001,-9.25,-1.541598,0.99012834,0.04790267,0.043242108,73,81
-64.08333333333334,-9.25,-1.6965574,0.6330032,0.22567815,-0.12561353,73,82
-63.91666666666668,-9.25,-1.7901212,0.5131337,0.54926765,-0.18118781,73,83
-63.750000000000014,-9.25,-1.8848714,0.39168176,0.8420082,-0.23693912,73,84
-63.58333333333334,-9.25,-2.0437355,0.3097631,1.2602185,-0.29100376,73,85
-63.41666666666668,-9.25,-2.1974804,0.22082026,1.6476165,-0.33446032,73,86
-63.250000000000014,-9.25,-2.255613,0.06857989,1.9377192,-0.4015989,73,87
-63.08333333333334,-9.25,-2.2932825,-0.32899988,2.1822484,-0.5518614,73,88
-62.91666666666668,-9.25,-2.2932796,-0.7448612,2.206483,-0.66284317,73,89
-62.750000000000014,-9.25,-2.4658644,-0.7804212,2.1543198,-0.7030272,73,90
-62.58333333333334,-9.25,-2.5495682,-0.4892357,2.1855025,-0.599705,73,91
-62.41666666666668,-9.25,-2.6824522,-0.81338453,1.7492173,-0.80380565,73,92
-62.250000000000014,-9.25,-2.7767293,-0.89850163,1.4323452,-0.9233944,73,93
-62.08333333333334,-9.25,-2.924608,0.010013979,1.38003,-1.273353,73,94
-61.91666666666668,-9.25,-2.8439717,0.2640286,1.2001977,-1.2235366,73,95
-61.750000000000014,-9.25,-2.853465,0.19984508,1.049238,-1.342327,73,96
-61.58333333333334,-9.25,-2.8684664,0.18030387,0.99654204,-1.4079808,73,97
-61.41666666666668,-9.25,-2.8328197,0.28571424,1.0225112,-1.3916515,73,98
-61.250000000000014,-9.25,-2.865994,0.2741155,1.0289118,-1.4444423,73,99
-61.08333333333334,-9.25,-2.931015,0.37993738,1.097778,-1.4358115,73,100
-60.91666666666668,-9.25,-2.7831206,0.6238571,1.0864325,-1.3376291,73,101
-60.750000000000014,-9.25,-2.7145376,0.88926506,1.1190354,-1.2334726,73,102
-60.58333333333334,-9.25,-2.7333543,0.96964294,1.1058376,-1.2414587,73,103
-60.41666666666668,-9.25,-2.6626027,1.2294807,1.1389735,-1.110437,73,104
-60.250000000000014,-9.25,-2.625603,1.3704052,1.0512042,-1.0712898,73,105
-60.08333333333334,-9.25,-2.7388062,1.1795759,0.91351163,-1.2104574,73,106
-59.91666666666668,-9.25,-2.7713034,1.1476735,0.82182235,-1.2631644,73,107
-59.750000000000014,-9.25,-2.6942463,1.4338182,0.8310017,-1.1431509,73,108
-59.58333333333334,-9.25,-2.573328,1.8482913,0.89714503,-0.95031714,73,109
-59.41666666666668,-9.25,-2.4545627,2.1548922,0.88008654,-0.8193829,73,110
-59.250000000000014,-9.25,-2.5540028,1.9893223,0.79339355,-0.9615028,73,111
-59.08333333333334,-9.25,-2.5645957,2.198897,0.80086756,-0.89304966,73,112
-58.91666666666668,-9.25,-2.9007015,1.8032751,0.7596058,-1.1157815,73,113
-58.750000000000014,-9.25,-2.864044,1.6901779,0.58675724,-1.2013867,73,114
-58.58333333333334,-9.25,-2.72705,1.9024092,0.5629745,-1.119511,73,115
-58.41666666666668,-9.25,-2.8771238,1.842729,0.6331106,-1.1713789,73,116
-58.250000000000014,-9.25,-2.2595198,2.1293721,1.0733858,-1.6210514,73,117
-58.08333333333334,-9.25,-2.047664,2.4685874,1.1035457,-1.4349703,73,118
-57.91666666666668,-9.25,-2.0910149,2.3240929,1.1063529,-1.4960138,73,119
-57.750000000000014,-9.25,-2.4467742,1.7045888,1.1053332,-1.7733986,73,120
-57.58333333333334,-9.25,-2.333603,1.8070484,1.112627,-1.69376,73,121
-57.41666666666668,-9.25,-2.0061238,2.3690236,1.2150127,-1.3694186,73,122
-57.250000000000014,-9.25,-1.8543047,2.5151043,1.272024,-1.2525754,73,123
-57.08333333333334,-9.25,-1.2212342,3.2491772,1.440838,-0.8449324,73,124
-56.91666666666668,-9.25,-1.0951563,3.3546774,1.6956849,-0.7428482,73,125
-56.750000000000014,-9.25,-0.9906202,3.4072924,1.9357435,-0.67581624,73,126
-56.58333333333334,-9.25,-0.9775207,3.4198005,2.1661286,-0.619011,73,127
-56.41666666666668,-9.25,-0.64596957,3.655225,2.1888914,-0.4672296,73,128
-56.250000000000014,-9.25,-0.45278528,3.8877816,2.340955,-0.3023975,73,129
-56.08333333333334,-9.25,-0.45815563,3.8570802,2.4150507,-0.24332242,73,130
-55.91666666666668,-9.25,-0.54326934,3.547042,2.3898945,-0.36681396,73,131
-55.750000000000014,-9.25,-0.8101502,3.405314,2.1771915,-1.0149062,73,132
-55.58333333333334,-9.25,-0.89794534,3.1689103,2.1119206,-1.1076361,73,133
-55.41666666666668,-9.25,-1.1464181,2.7189813,2.0097425,-1.2846632,73,134
-55.250000000000014,-9.25,-1.459996,2.1894152,1.9357494,-1.5127391,73,135
-55.08333333333334,-9.25,-1.7524936,2.0198343,1.9504724,-1.5972399,73,136
-54.91666666666668,-9.25,-2.0057275,1.9219735,2.025363,-1.6743184,73,137
-54.750000000000014,-9.25,-2.398313,1.4954436,1.9709375,-1.9321297,73,138
-54.58333333333334,-9.25,-2.1227093,1.9317904,1.7925593,-1.7597659,73,139
-54.41666666666668,-9.25,-1.2688892,2.4322512,1.7633885,-0.92318606,73,140
-52.91666666666668,-9.25,-1.9792894,1.7136196,1.5408992,-1.697495,73,149
-52.750000000000014,-9.25,-1.9353184,1.8354834,1.4439825,-1.6468827,73,150
-52.58333333333334,-9.25,-2.7772512,1.1922264,0.8253793,-1.3510579,73,151
-52.250000000000014,-9.25,-2.562117,1.6845572,0.67139953,-1.0981425,73,153
-50.41666666666668,-9.25,-2.661178,2.8909786,0.51592445,-0.44531274,73,164
-49.91666666666668,-9.25,-2.5787377,2.7208645,0.008748225,-0.5682631,73,167
-49.750000000000014,-9.25,-2.8491607,2.5665057,-0.000121646925,-0.6369599,73,168
-49.08333333333334,-9.25,-3.3564315,2.1273272,-0.25776884,-0.7599093,73,172
-48.750000000000014,-9.25,-4.5975204,0.2303046,-0.6654077,-1.6109177,73,174
-48.58333333333334,-9.25,-4.262658,1.1842531,-0.40427572,-1.090117,73,175
-48.41666666666668,-9.25,-3.8845098,1.9480492,-0.2333023,-0.71220076,73,176
-47.58333333333334,-9.25,-4.3359494,2.155432,-0.7035601,-0.5684869,73,181
-47.41666666666668,-9.25,-4.3563795,2.3826451,-0.801287,-0.4698546,73,182
-74.25000000000001,-9.416666666666666,0.58839893,1.3380553,-2.509073,0.76528573,74,21
-74.08333333333334,-9.416666666666666,0.23172785,1.2828821,-2.740085,0.7705234,74,22
-73.91666666666667,-9.416666666666666,-0.09353438,1.089419,-2.9281328,0.668879,74,23
-73.75000000000001,-9.416666666666666,-0.42478365,0.814163,-3.0377595,0.5534003,74,24
-73.58333333333334,-9.416666666666666,-0.7843214,0.42353207,-3.0682425,0.39463398,74,25
-73.41666666666667,-9.416666666666666,-1.1624897,0.018065456,-3.0474539,0.089020275,74,26
-73.25000000000001,-9.416666666666666,-1.3087027,-0.035952307,-2.9811456,0.099322364,74,27
-73.08333333333334,-9.416666666666666,-1.3944527,-0.14185104,-2.925643,0.08608706,74,28
-72.91666666666667,-9.416666666666666,-1.5359653,-0.26825836,-2.8899674,0.052483954,74,29
-72.75000000000001,-9.416666666666666,-1.5564548,-0.22840562,-2.8413842,0.13022743,74,30
-72.58333333333334,-9.416666666666666,-1.761512,-0.4351959,-2.8258631,0.065175794,74,31
-72.41666666666667,-9.416666666666666,-1.8835435,-0.6270638,-2.828277,0.1792626,74,32
-72.25000000000001,-9.416666666666666,-2.1678262,-1.0265685,-2.8351626,0.028097583,74,33
-72.08333333333334,-9.416666666666666,-2.3540595,-1.2006905,-2.8232088,-0.007712095,74,34
-71.91666666666667,-9.416666666666666,-2.45153,-1.2738707,-2.7967727,0.019741597,74,35
-71.75000000000001,-9.416666666666666,-2.4977155,-1.4386208,-2.701956,0.02493402,74,36
-71.58333333333334,-9.416666666666666,-2.450246,-1.4933187,-2.5542972,0.09726698,74,37
-71.41666666666667,-9.416666666666666,-2.369645,-1.4753124,-2.4073296,0.20268512,74,38
-71.25000000000001,-9.416666666666666,-2.2702756,-1.4078562,-2.2536135,0.34514436,74,39
-71.08333333333334,-9.416666666666666,-2.2933202,-1.4877012,-2.1205435,0.38688388,74,40
-70.91666666666667,-9.416666666666666,-2.4891531,-1.821589,-1.9971542,0.2878417,74,41
-70.75000000000001,-9.416666666666666,-2.6143086,-2.0123086,-1.8837752,0.25504997,74,42
-70.58333333333334,-9.416666666666666,-2.5567513,-1.9132004,-1.7097911,0.38332483,74,43
-70.41666666666667,-9.416666666666666,-2.6084974,-1.9387364,-1.5606819,0.4271348,74,44
-70.25000000000001,-9.416666666666666,-2.8635898,-2.286783,-1.469537,0.3219412,74,45
-70.08333333333334,-9.416666666666666,-2.8169599,-2.1955647,-1.2869933,0.445719,74,46
-69.91666666666667,-9.416666666666666,-2.7802477,-2.4016721,-1.0927773,0.73657215,74,47
-69.75000000000001,-9.416666666666666,-2.9452069,-2.6344688,-0.975254,0.69471055,74,48
-69.58333333333334,-9.416666666666666,-2.9525883,-2.601105,-0.80894583,0.73480755,74,49
-69.41666666666667,-9.416666666666666,-3.0339983,-2.647568,-0.74556065,0.7632137,74,50
-69.25000000000001,-9.416666666666666,-3.1800444,-2.492411,-0.7900492,0.46389145,74,51
-69.08333333333334,-9.416666666666666,-3.2713997,-2.4967682,-0.8440137,0.46723202,74,52
-68.91666666666667,-9.416666666666666,-3.26715,-2.3019452,-0.926689,0.5313626,74,53
-68.75000000000001,-9.416666666666666,-3.3336298,-2.2448292,-1.1174625,0.5159116,74,54
-68.58333333333334,-9.416666666666666,-3.4863772,-2.4395325,-1.361306,0.3789569,74,55
-68.41666666666667,-9.416666666666666,-3.3500628,-2.098817,-1.4585282,0.466049,74,56
-68.25000000000001,-9.416666666666666,-3.1033523,-1.7613077,-1.6949776,0.58346,74,57
-68.08333333333334,-9.416666666666666,-2.8870418,-1.5123007,-1.7492031,0.61615443,74,58
-67.91666666666667,-9.416666666666666,-2.7722735,-1.2249101,-1.6219997,0.6699627,74,59
-67.75000000000001,-9.416666666666666,-2.5874648,-0.9452923,-1.363577,0.683473,74,60
-67.58333333333334,-9.416666666666666,-2.3195426,-0.6944416,-1.0693593,0.7136635,74,61
-67.41666666666667,-9.416666666666666,-2.2602916,-0.21323226,-0.6129184,0.40170112,74,62
-67.25000000000001,-9.416666666666666,-2.1908116,-0.044569235,-0.18379399,0.3796666,74,63
-67.08333333333334,-9.416666666666666,-1.9573618,0.10316522,-0.48884007,0.39273372,74,64
-66.91666666666667,-9.416666666666666,-1.7760036,0.3448559,-0.6999424,0.46475363,74,65
-66.75000000000001,-9.416666666666666,-1.5350931,0.74051744,-0.7886228,0.6110642,74,66
-66.58333333333334,-9.416666666666666,-1.4673115,0.98308456,-0.8524661,0.66554505,74,67
-66.41666666666667,-9.416666666666666,-1.4830418,0.92728525,-0.96083677,0.53764796,74,68
-66.25000000000001,-9.416666666666666,-1.4101095,1.0289949,-0.9906686,0.51046,74,69
-66.08333333333334,-9.416666666666666,-1.4420751,1.1171825,-0.9787089,0.46652365,74,70
-65.91666666666667,-9.416666666666666,-1.4797843,1.1124848,-1.0094868,0.35371372,74,71
-65.75000000000001,-9.416666666666666,-1.3453896,1.5573468,-0.91799337,0.5005607,74,72
-65.58333333333334,-9.416666666666666,-1.3520995,1.5777097,-1.0325346,0.4373165,74,73
-65.41666666666667,-9.416666666666666,-1.3257451,1.5687187,-1.1267012,0.3670375,74,74
-65.25000000000001,-9.416666666666666,-1.3376006,1.5376768,-1.2044258,0.32123783,74,75
-65.08333333333334,-9.416666666666666,-1.3370066,1.5508547,-1.2242981,0.30456144,74,76
-64.91666666666667,-9.416666666666666,-1.2263627,1.6881012,-1.2883266,0.36362872,74,77
-64.75000000000001,-9.416666666666666,-1.2744676,1.7852511,-1.0493056,0.3943844,74,78
-64.58333333333334,-9.416666666666666,-1.4105529,1.6842712,-0.62299514,0.37732002,74,79
-64.41666666666667,-9.416666666666666,-1.4154867,1.3702583,-0.4322793,0.23735546,74,80
-64.25000000000001,-9.416666666666666,-1.5636079,0.96206707,-0.20534778,0.03893103,74,81
-64.08333333333334,-9.416666666666666,-1.8250436,0.513574,0.06725343,-0.19408713,74,82
-63.91666666666668,-9.416666666666666,-1.9523517,0.34009796,0.39309743,-0.2779741,74,83
-63.750000000000014,-9.416666666666666,-1.9730526,0.33693036,0.70016336,-0.25866172,74,84
-63.58333333333334,-9.416666666666666,-2.1598768,0.2484513,1.0912873,-0.31049228,74,85
-63.41666666666668,-9.416666666666666,-2.3932285,0.18971546,1.5228719,-0.3799217,74,86
-63.250000000000014,-9.416666666666666,-2.4655917,-0.0173186,1.712043,-0.46309185,74,87
-63.08333333333334,-9.416666666666666,-2.4480622,-0.20567866,1.8742226,-0.53331465,74,88
-62.91666666666668,-9.416666666666666,-2.5478845,-0.68226224,1.8736739,-0.7172486,74,89
-62.750000000000014,-9.416666666666666,-2.6531632,-0.65005445,2.0239778,-0.6805582,74,90
-62.58333333333334,-9.416666666666666,-2.7697299,-0.49440616,2.1387298,-0.61871094,74,91
-62.41666666666668,-9.416666666666666,-2.9512153,-0.8862923,1.9023075,-0.85746217,74,92
-62.250000000000014,-9.416666666666666,-3.1181712,-0.13507494,1.6223674,-1.3439133,74,93
-62.08333333333334,-9.416666666666666,-3.1022599,0.20575963,1.5006431,-1.2825713,74,94
-61.91666666666668,-9.416666666666666,-3.0957038,0.19151665,1.3800228,-1.365202,74,95
-61.750000000000014,-9.416666666666666,-3.048024,0.056154095,1.1158954,-1.4852192,74,96
-61.58333333333334,-9.416666666666666,-3.1348262,-0.005312965,0.9761294,-1.5652865,74,97
-61.41666666666668,-9.416666666666666,-3.084248,0.19480778,0.91404116,-1.4842081,74,98
-61.250000000000014,-9.416666666666666,-3.0543864,0.30110094,0.94555545,-1.4584254,74,99
-61.08333333333334,-9.416666666666666,-3.120155,0.36339092,1.0221294,-1.4641411,74,100
-60.91666666666668,-9.416666666666666,-3.0389245,0.55279,1.0109029,-1.3983618,74,101
-60.750000000000014,-9.416666666666666,-2.9810402,0.7256008,1.022215,-1.3477495,74,102
-60.58333333333334,-9.416666666666666,-2.8868115,0.9464123,1.0200759,-1.2510314,74,103
-60.41666666666668,-9.416666666666666,-2.9005573,0.9991523,1.0041479,-1.2554718,74,104
-60.250000000000014,-9.416666666666666,-2.8039591,1.2319862,0.9699001,-1.1586506,74,105
-60.08333333333334,-9.416666666666666,-2.832711,1.2277029,0.89247674,-1.1793416,74,106
-59.91666666666668,-9.416666666666666,-2.8298113,1.326321,0.8517823,-1.1618671,74,107
-59.750000000000014,-9.416666666666666,-2.91038,1.3741763,0.8416803,-1.1711482,74,108
-59.58333333333334,-9.416666666666666,-2.7438643,1.8658036,0.93924165,-0.93716526,74,109
-59.41666666666668,-9.416666666666666,-2.6440659,2.212365,1.0118027,-0.79524094,74,110
-59.250000000000014,-9.416666666666666,-2.7361345,2.4541423,1.2013706,-0.71414936,74,111
-59.08333333333334,-9.416666666666666,-2.8827336,2.256557,1.0521166,-0.85178286,74,112
-58.91666666666668,-9.416666666666666,-3.1030903,1.712503,0.84250295,-1.1472002,74,113
-58.750000000000014,-9.416666666666666,-3.1115391,1.433137,0.5343124,-1.3352022,74,114
-58.58333333333334,-9.416666666666666,-2.864437,1.8507929,0.53731066,-1.1416974,74,115
-58.41666666666668,-9.416666666666666,-2.7789326,2.0596237,0.57436717,-1.052086,74,116
-58.250000000000014,-9.416666666666666,-2.29262,2.6467466,1.3238488,-1.355894,74,117
-58.08333333333334,-9.416666666666666,-2.1874595,2.355904,1.0753092,-1.4952433,74,118
-57.91666666666668,-9.416666666666666,-2.1320112,2.48143,1.1475004,-1.4244642,74,119
-57.750000000000014,-9.416666666666666,-2.2893853,2.0339866,1.0853547,-1.6253623,74,120
-57.58333333333334,-9.416666666666666,-2.3839827,1.9654201,1.2158483,-1.6138687,74,121
-57.41666666666668,-9.416666666666666,-2.1036768,2.6175523,1.4434737,-1.2412816,74,122
-57.250000000000014,-9.416666666666666,-1.7370908,3.0798619,1.4776249,-0.97706974,74,123
-57.08333333333334,-9.416666666666666,-1.3408058,3.284856,1.576271,-0.8412974,74,124
-56.91666666666668,-9.416666666666666,-1.4296461,2.895982,1.8067015,-0.96073365,74,125
-56.750000000000014,-9.416666666666666,-1.1206049,3.3660185,2.0494914,-0.6783207,74,126
-56.58333333333334,-9.416666666666666,-0.96715176,3.5641894,2.2225404,-0.5425314,74,127
-56.41666666666668,-9.416666666666666,-0.8900184,3.5632627,2.4122412,-0.472845,74,128
-56.250000000000014,-9.416666666666666,-1.0059443,3.0294168,2.4010854,-0.66337615,74,129
-56.08333333333334,-9.416666666666666,-0.7675286,3.4540162,2.5741534,-0.4198331,74,130
-55.91666666666668,-9.416666666666666,-0.6603314,3.6845086,2.6905086,-0.27412665,74,131
-55.750000000000014,-9.416666666666666,-0.5816922,3.2919874,2.3485274,-0.4579924,74,132
-55.58333333333334,-9.416666666666666,-0.9600572,3.0559042,2.0994477,-1.16555,74,133
-55.41666666666668,-9.416666666666666,-0.72401386,3.458146,2.1183283,-0.96787935,74,134
-55.250000000000014,-9.416666666666666,-1.3189923,2.745005,2.2669227,-1.2889556,74,135
-55.08333333333334,-9.416666666666666,-1.4760923,2.7505734,2.3963451,-1.2926294,74,136
-54.91666666666668,-9.416666666666666,-1.6588556,2.5074,2.3435855,-1.4333801,74,137
-54.750000000000014,-9.416666666666666,-2.1215284,1.9673524,2.1534479,-1.7473798,74,138
-54.58333333333334,-9.416666666666666,-1.8966403,2.4578004,2.0988774,-1.5873935,74,139
-54.41666666666668,-9.416666666666666,-1.3047508,2.376479,1.9441944,-0.9952182,74,140
-53.08333333333334,-9.416666666666666,-1.8772136,1.859929,1.8325549,-1.6050482,74,148
-52.91666666666668,-9.416666666666666,-2.0051534,1.7203045,1.7416096,-1.6854323,74,149
-52.750000000000014,-9.416666666666666,-2.4987566,1.8477108,1.2471186,-0.96078414,74,150
-52.58333333333334,-9.416666666666666,-2.4636664,1.8002267,1.0578713,-0.9773281,74,151
-52.08333333333334,-9.416666666666666,-2.4465463,2.1574545,0.75563943,-0.84912217,74,154
-51.91666666666668,-9.416666666666666,-2.759504,1.8075212,0.70036405,-1.0350264,74,155
-50.91666666666668,-9.416666666666666,-2.6931112,2.740042,0.61989087,-0.46463943,74,161
-50.750000000000014,-9.416666666666666,-2.5532575,2.5623791,0.3583837,-0.5435479,74,162
-50.41666666666668,-9.416666666666666,-2.5621867,2.873992,0.41167268,-0.36991733,74,164
-49.91666666666668,-9.416666666666666,-2.746003,2.6272717,0.055007156,-0.5393154,74,167
-49.08333333333334,-9.416666666666666,-3.6525745,1.7268511,-0.3446968,-0.82685614,74,172
-48.750000000000014,-9.416666666666666,-4.900757,0.10779805,-0.6125049,-1.5566143,74,174
-48.58333333333334,-9.416666666666666,-4.364311,1.249356,-0.42601168,-0.91397166,74,175
-48.41666666666668,-9.416666666666666,-4.048409,1.8000467,-0.41930723,-0.6032717,74,176
-47.58333333333334,-9.416666666666666,-4.4235106,2.2111952,-0.68871063,-0.46674103,74,181
-47.41666666666668,-9.416666666666666,-4.541567,2.186273,-0.8540475,-0.5049406,74,182
-74.08333333333334,-9.583333333333332,0.2869478,1.2923135,-2.7040563,0.7795108,75,22
-73.91666666666667,-9.583333333333332,-0.07959393,1.1236042,-2.8747098,0.72085845,75,23
-73.75000000000001,-9.583333333333332,-0.4515755,0.7944608,-3.0431795,0.5589354,75,24
-73.58333333333334,-9.583333333333332,-0.8856827,0.3367183,-3.0980337,0.35400468,75,25
-73.41666666666667,-9.583333333333332,-1.3181796,-0.18558246,-3.110297,-0.01813713,75,26
-73.25000000000001,-9.583333333333332,-1.4837674,-0.28791678,-3.0592306,-0.03186535,75,27
-73.08333333333334,-9.583333333333332,-1.4647648,-0.15068737,-2.9931166,0.0910041,75,28
-72.91666666666667,-9.583333333333332,-1.5384232,-0.19460359,-2.9511998,0.09956543,75,29
-72.75000000000001,-9.583333333333332,-1.558957,-0.16721343,-2.8921657,0.17371552,75,30
-72.58333333333334,-9.583333333333332,-1.7448901,-0.36763048,-2.90383,0.25843677,75,31
-72.41666666666667,-9.583333333333332,-1.9701397,-0.66067874,-2.8603008,0.16180669,75,32
-72.25000000000001,-9.583333333333332,-2.213024,-0.9844034,-2.8367894,0.057467554,75,33
-72.08333333333334,-9.583333333333332,-2.46875,-1.282199,-2.8522944,-0.0346316,75,34
-71.91666666666667,-9.583333333333332,-2.5535402,-1.3842394,-2.794521,-0.004718492,75,35
-71.75000000000001,-9.583333333333332,-2.494956,-1.3425034,-2.6938827,0.109410584,75,36
-71.58333333333334,-9.583333333333332,-2.3924344,-1.2774267,-2.544522,0.2290958,75,37
-71.41666666666667,-9.583333333333332,-2.2993162,-1.1951913,-2.379696,0.37780213,75,38
-71.25000000000001,-9.583333333333332,-2.44989,-1.4822059,-2.3105757,0.30716622,75,39
-71.08333333333334,-9.583333333333332,-2.4825473,-1.5416211,-2.1733735,0.3533601,75,40
-70.91666666666667,-9.583333333333332,-2.6370838,-1.8014385,-2.0547707,0.3039649,75,41
-70.75000000000001,-9.583333333333332,-2.5949435,-1.7563897,-1.9024578,0.39525902,75,42
-70.58333333333334,-9.583333333333332,-2.5861053,-1.7182297,-1.7598177,0.4674448,75,43
-70.41666666666667,-9.583333333333332,-2.8256369,-2.003944,-1.6938548,0.3689758,75,44
-70.25000000000001,-9.583333333333332,-2.8170948,-1.943291,-1.5379521,0.47403666,75,45
-70.08333333333334,-9.583333333333332,-2.844865,-1.9187866,-1.4137417,0.53893316,75,46
-69.91666666666667,-9.583333333333332,-3.0452244,-2.1439211,-1.3458347,0.4703955,75,47
-69.75000000000001,-9.583333333333332,-3.0256784,-2.0633,-1.216048,0.5765082,75,48
-69.58333333333334,-9.583333333333332,-3.1182868,-2.445011,-1.1225457,0.71277076,75,49
-69.41666666666667,-9.583333333333332,-3.274914,-2.2884665,-1.111684,0.46080455,75,50
-69.25000000000001,-9.583333333333332,-3.3659022,-2.3746305,-1.1135727,0.4354381,75,51
-69.08333333333334,-9.583333333333332,-3.3418088,-2.2674134,-1.1491469,0.48059195,75,52
-68.91666666666667,-9.583333333333332,-3.3176148,-2.1040666,-1.1995968,0.5561092,75,53
-68.75000000000001,-9.583333333333332,-3.3321323,-2.099779,-1.3968853,0.5220377,75,54
-68.58333333333334,-9.583333333333332,-3.4199033,-2.2491276,-1.6534442,0.4085793,75,55
-68.41666666666667,-9.583333333333332,-3.2481668,-1.8358545,-1.7610333,0.57418764,75,56
-68.25000000000001,-9.583333333333332,-3.0999336,-1.4867718,-1.8421559,0.67087525,75,57
-68.08333333333334,-9.583333333333332,-2.9505806,-1.3911705,-2.0845258,0.63798994,75,58
-67.91666666666667,-9.583333333333332,-2.7232976,-1.0535069,-2.016142,0.70635456,75,59
-67.75000000000001,-9.583333333333332,-2.5242317,-0.73291904,-1.8317362,0.7840226,75,60
-67.58333333333334,-9.583333333333332,-2.392841,-0.22169232,-1.4779125,0.55511904,75,61
-67.41666666666667,-9.583333333333332,-2.312331,-0.12912075,-1.0552943,0.49434286,75,62
-67.25000000000001,-9.583333333333332,-2.1635377,0.2614944,-0.52929556,0.5881818,75,63
-67.08333333333334,-9.583333333333332,-1.929431,0.4516575,-0.6549536,0.594499,75,64
-66.91666666666667,-9.583333333333332,-1.7125924,0.71620667,-0.76450473,0.6538527,75,65
-66.75000000000001,-9.583333333333332,-1.5979747,0.8991504,-0.844447,0.6936761,75,66
-66.58333333333334,-9.583333333333332,-1.5669502,1.0396459,-0.8182168,0.70802045,75,67
-66.41666666666667,-9.583333333333332,-1.4942766,1.2058173,-0.78930545,0.70429856,75,68
-66.25000000000001,-9.583333333333332,-1.3395172,1.38364,-0.7563463,0.71122646,75,69
-66.08333333333334,-9.583333333333332,-1.2446641,1.6077003,-0.64909524,0.7479638,75,70
-65.91666666666667,-9.583333333333332,-1.2485586,1.6562499,-0.6577565,0.6812635,75,71
-65.75000000000001,-9.583333333333332,-1.334913,1.83479,-0.6795236,0.6422907,75,72
-65.58333333333334,-9.583333333333332,-1.2314739,1.9697368,-0.912702,0.6158398,75,73
-65.41666666666667,-9.583333333333332,-1.1001308,2.1417,-1.0499623,0.6374096,75,74
-65.25000000000001,-9.583333333333332,-1.0756402,2.2318227,-1.1205791,0.6519053,75,75
-65.08333333333334,-9.583333333333332,-1.1637901,2.0406034,-1.2083052,0.5613246,75,76
-64.91666666666667,-9.583333333333332,-1.1779197,2.0132034,-1.2728587,0.5325839,75,77
-64.75000000000001,-9.583333333333332,-1.4058946,1.7375939,-1.1308408,0.3936763,75,78
-64.58333333333334,-9.583333333333332,-1.4915869,1.5991013,-0.78031486,0.33476937,75,79
-64.41666666666667,-9.583333333333332,-1.4820447,1.4227306,-0.53058106,0.26022047,75,80
-64.25000000000001,-9.583333333333332,-1.5988228,1.0906031,-0.2696286,0.10134712,75,81
-64.08333333333334,-9.583333333333332,-1.8061664,0.82232463,0.08862117,-0.0218004,75,82
-63.91666666666668,-9.583333333333332,-2.1062357,0.55043787,0.4822044,-0.1715796,75,83
-63.750000000000014,-9.583333333333332,-2.1588862,0.3738548,0.67458636,-0.26067337,75,84
-63.58333333333334,-9.583333333333332,-2.2934258,0.41679874,1.0603518,-0.24538127,75,85
-63.41666666666668,-9.583333333333332,-2.5167234,0.24325958,1.3295708,-0.3593789,75,86
-63.250000000000014,-9.583333333333332,-2.5819817,0.13123602,1.490188,-0.39787835,75,87
-63.08333333333334,-9.583333333333332,-2.6423852,0.007343005,1.6355474,-0.46298498,75,88
-62.91666666666668,-9.583333333333332,-2.778646,-0.1456932,1.7720175,-0.5135858,75,89
-62.750000000000014,-9.583333333333332,-2.9609292,-0.45476082,1.8148338,-0.6620319,75,90
-62.58333333333334,-9.583333333333332,-3.2235487,-0.28737918,1.70772,-1.3713667,75,91
-62.41666666666668,-9.583333333333332,-3.420606,-0.5041281,1.7807834,-1.5029526,75,92
-62.250000000000014,-9.583333333333332,-3.4087346,-0.16575912,1.6116879,-1.4358288,75,93
-62.08333333333334,-9.583333333333332,-3.3433564,0.12162878,1.5834202,-1.4143783,75,94
-61.91666666666668,-9.583333333333332,-3.392971,0.14178084,1.6151162,-1.4785241,75,95
-61.750000000000014,-9.583333333333332,-3.2664127,-0.0046468955,1.1950687,-1.573409,75,96
-61.58333333333334,-9.583333333333332,-3.2778807,0.0014236458,1.0342844,-1.5838335,75,97
-61.41666666666668,-9.583333333333332,-3.3025713,0.075258344,0.89243597,-1.5771863,75,98
-61.250000000000014,-9.583333333333332,-3.2414873,0.25858405,0.91213995,-1.5047776,75,99
-61.08333333333334,-9.583333333333332,-3.3471835,0.21407461,0.94394684,-1.5701059,75,100
-60.91666666666668,-9.583333333333332,-3.338424,0.28649163,0.9282919,-1.5574491,75,101
-60.750000000000014,-9.583333333333332,-3.1647987,0.54861486,1.1652881,-1.4052792,75,102
-60.58333333333334,-9.583333333333332,-3.0403793,0.85416836,1.1989664,-1.2701375,75,103
-60.41666666666668,-9.583333333333332,-3.15235,0.78026545,0.9144414,-1.3682803,75,104
-60.250000000000014,-9.583333333333332,-3.0149958,1.0501428,0.9181918,-1.23778,75,105
-60.08333333333334,-9.583333333333332,-3.1910672,0.8223419,0.82158613,-1.3861086,75,106
-59.91666666666668,-9.583333333333332,-3.269187,0.7950755,0.7927674,-1.429812,75,107
-59.750000000000014,-9.583333333333332,-3.0880723,1.2099853,0.81118214,-1.2400565,75,108
-59.58333333333334,-9.583333333333332,-2.899806,1.5478476,0.8200649,-1.0829788,75,109
-59.41666666666668,-9.583333333333332,-2.7910333,1.8869014,0.87549543,-0.9298749,75,110
-59.250000000000014,-9.583333333333332,-2.9969082,1.9581203,1.0223825,-0.9514644,75,111
-59.08333333333334,-9.583333333333332,-3.2329087,1.5600924,0.8882211,-1.1938583,75,112
-58.91666666666668,-9.583333333333332,-3.447905,1.1949126,0.77601343,-1.4083549,75,113
-58.750000000000014,-9.583333333333332,-3.3152463,1.2500699,0.5479371,-1.4057386,75,114
-58.58333333333334,-9.583333333333332,-3.1450236,1.583316,0.5051733,-1.2653658,75,115
-58.41666666666668,-9.583333333333332,-3.0120685,1.8920553,0.5487519,-1.1270355,75,116
-58.250000000000014,-9.583333333333332,-2.8141904,2.1358116,0.51371187,-1.0123254,75,117
-58.08333333333334,-9.583333333333332,-2.9638956,2.0294206,0.6399789,-1.0897394,75,118
-57.91666666666668,-9.583333333333332,-2.2766442,2.4121816,1.1493101,-1.4604748,75,119
-57.750000000000014,-9.583333333333332,-2.2311323,2.3849204,1.1935607,-1.4517361,75,120
-57.58333333333334,-9.583333333333332,-2.2363484,2.4223187,1.3546861,-1.3911126,75,121
-57.41666666666668,-9.583333333333332,-1.9207238,3.08659,1.6681697,-1.0281237,75,122
-57.250000000000014,-9.583333333333332,-1.6892784,3.2874644,1.7694018,-0.90580136,75,123
-57.08333333333334,-9.583333333333332,-1.4611708,3.2331767,1.851722,-0.8699723,75,124
-56.91666666666668,-9.583333333333332,-1.3068616,3.064605,1.9202654,-0.8934798,75,125
-56.750000000000014,-9.583333333333332,-1.233523,3.1048884,2.0817237,-0.81336355,75,126
-56.58333333333334,-9.583333333333332,-1.1456841,3.6217518,2.4805136,-0.52177215,75,127
-56.41666666666668,-9.583333333333332,-0.9481819,3.918187,2.7207642,-0.3034453,75,128
-56.250000000000014,-9.583333333333332,-0.69430035,3.8566933,2.701269,-0.23917383,75,129
-56.08333333333334,-9.583333333333332,-0.6275535,3.708988,2.7559671,-0.26985714,75,130
-55.91666666666668,-9.583333333333332,-0.47815424,3.6567392,2.6314383,-0.27952838,75,131
-55.750000000000014,-9.583333333333332,-0.8248334,3.0475988,2.4362092,-0.55666727,75,132
-55.58333333333334,-9.583333333333332,-0.66283154,3.2817862,2.3431864,-0.4663983,75,133
-55.41666666666668,-9.583333333333332,-0.8652903,3.4612572,2.3517356,-0.997267,75,134
-55.250000000000014,-9.583333333333332,-1.0788616,3.2157772,2.5191016,-1.1059453,75,135
-55.08333333333334,-9.583333333333332,-1.1651237,3.1713612,2.6255975,-1.1382405,75,136
-54.91666666666668,-9.583333333333332,-1.3145638,3.0771766,2.6820698,-1.2190727,75,137
-54.750000000000014,-9.583333333333332,-1.7384672,2.4568503,2.4908774,-1.5593636,75,138
-54.58333333333334,-9.583333333333332,-1.7111776,1.9899502,2.361349,-1.1352588,75,139
-54.41666666666668,-9.583333333333332,-1.4277265,2.6361613,2.393344,-0.8976268,75,140
-53.250000000000014,-9.583333333333332,-1.8145323,1.9676615,2.1445735,-1.5394065,75,147
-53.08333333333334,-9.583333333333332,-2.5609698,1.6104705,1.5469666,-1.036968,75,148
-52.91666666666668,-9.583333333333332,-2.4093125,1.9542568,1.4853679,-0.8622569,75,149
-52.750000000000014,-9.583333333333332,-2.3964608,2.1279945,1.4188083,-0.78034234,75,150
-52.58333333333334,-9.583333333333332,-2.3494709,2.0608766,1.1950428,-0.8069251,75,151
-52.41666666666668,-9.583333333333332,-2.4172642,1.906841,0.98767614,-0.88301957,75,152
-52.250000000000014,-9.583333333333332,-2.3921354,2.0843337,0.8724145,-0.79613334,75,153
-52.08333333333334,-9.583333333333332,-2.5402977,2.1197646,0.8883203,-0.8295829,75,154
-51.91666666666668,-9.583333333333332,-2.9385703,1.7722535,0.8446094,-1.027495,75,155
-51.08333333333334,-9.583333333333332,-2.9311547,2.10096,0.5203279,-0.7323901,75,160
-50.750000000000014,-9.583333333333332,-2.546001,2.736229,0.4613802,-0.3994026,75,162
-49.91666666666668,-9.583333333333332,-2.7670712,2.6510336,0.09493855,-0.39040563,75,167
-49.750000000000014,-9.583333333333332,-3.0053513,2.461573,-0.033821464,-0.47264346,75,168
-49.58333333333334,-9.583333333333332,-3.2109404,2.3102858,-0.065596476,-0.51238817,75,169
-49.250000000000014,-9.583333333333332,-3.6178102,1.8803847,-0.29677194,-0.6200707,75,171
-49.08333333333334,-9.583333333333332,-3.9843752,1.4941157,-0.35059872,-0.76352054,75,172
-48.58333333333334,-9.583333333333332,-4.5165143,1.2005962,-0.49499613,-0.7879214,75,175
-48.41666666666668,-9.583333333333332,-4.174327,1.7171376,-0.44545758,-0.53483886,75,176
-74.08333333333334,-9.75,0.2765359,1.3285632,-2.7033875,0.8144684,76,22
-73.91666666666667,-9.75,-0.0842422,1.1286292,-2.8601294,0.7440297,76,23
-73.75000000000001,-9.75,-0.48274633,0.7972275,-3.053209,0.5614057,76,24
-73.58333333333334,-9.75,-0.999104,0.19359271,-3.1445217,0.28304076,76,25
-73.41666666666667,-9.75,-1.1812928,0.059231948,-3.1386995,0.2683205,76,26
-73.25000000000001,-9.75,-1.5002022,-0.2924845,-3.0993652,-0.012770742,76,27
-73.08333333333334,-9.75,-1.4959617,-0.1511719,-3.0330107,0.094004,76,28
-72.91666666666667,-9.75,-1.5844805,-0.21261333,-2.9787781,0.11414309,76,29
-72.75000000000001,-9.75,-1.5664898,-0.13026112,-2.9303927,0.20736673,76,30
-72.58333333333334,-9.75,-1.7141104,-0.31310412,-2.897635,0.29999915,76,31
-72.41666666666667,-9.75,-1.9617908,-0.6366972,-2.8451674,0.19868329,76,32
-72.25000000000001,-9.75,-2.2688005,-1.0612305,-2.8505101,0.0542882,76,33
-72.08333333333334,-9.75,-2.4850135,-1.3271511,-2.8266833,-0.021794602,76,34
-71.91666666666667,-9.75,-2.3849988,-1.1712482,-2.7312098,0.14645162,76,35
-71.75000000000001,-9.75,-2.2703457,-1.0284733,-2.6006548,0.31334546,76,36
-71.58333333333334,-9.75,-2.3328958,-1.1388526,-2.5025651,0.3279236,76,37
-71.41666666666667,-9.75,-2.4228437,-1.2649894,-2.374721,0.34960762,76,38
-71.25000000000001,-9.75,-2.5256348,-1.455249,-2.2845023,0.33282244,76,39
-71.08333333333334,-9.75,-2.657756,-1.646783,-2.2208762,0.30295968,76,40
-70.91666666666667,-9.75,-2.6812654,-1.6782681,-2.0832202,0.36330077,76,41
-70.75000000000001,-9.75,-2.6175086,-1.575995,-1.9175175,0.48969087,76,42
-70.58333333333334,-9.75,-2.8155234,-1.7987776,-1.8668401,0.4104621,76,43
-70.41666666666667,-9.75,-2.8856018,-1.8559735,-1.7775424,0.4353789,76,44
-70.25000000000001,-9.75,-2.9527462,-1.8532798,-1.682869,0.47760126,76,45
-70.08333333333334,-9.75,-2.9751403,-1.8117815,-1.5787429,0.54240185,76,46
-69.91666666666667,-9.75,-3.1640606,-1.9825381,-1.5193192,0.49534833,76,47
-69.75000000000001,-9.75,-3.2138803,-2.0004609,-1.4513918,0.53397566,76,48
-69.58333333333334,-9.75,-3.3738973,-2.1763136,-1.4484237,0.4000149,76,49
-69.41666666666667,-9.75,-3.3568523,-2.0978806,-1.3819107,0.4839104,76,50
-69.25000000000001,-9.75,-3.3414319,-2.0213714,-1.3610781,0.4973733,76,51
-69.08333333333334,-9.75,-3.294789,-1.9047656,-1.3655483,0.5727462,76,52
-68.91666666666667,-9.75,-3.3704379,-1.965307,-1.4945599,0.5411728,76,53
-68.75000000000001,-9.75,-3.3953345,-1.985652,-1.6451952,0.5079017,76,54
-68.58333333333334,-9.75,-3.4667635,-1.9524428,-1.7431473,0.48461318,76,55
-68.41666666666667,-9.75,-3.280466,-1.7073282,-1.9733676,0.5795121,76,56
-68.25000000000001,-9.75,-3.062524,-1.3687501,-2.1516194,0.71902865,76,57
-68.08333333333334,-9.75,-2.8461776,-1.0600057,-2.3569827,0.7842592,76,58
-67.91666666666667,-9.75,-2.7281656,-0.93347484,-2.4947062,0.760458,76,59
-67.75000000000001,-9.75,-2.5599782,-0.6618998,-2.33981,0.8208317,76,60
-67.58333333333334,-9.75,-2.2503693,-0.29139015,-2.0295486,0.90157515,76,61
-67.41666666666667,-9.75,-2.3173337,-0.0015922289,-1.5702186,0.61208004,76,62
-67.25000000000001,-9.75,-2.0590012,0.53541625,-1.0968908,0.7874301,76,63
-67.08333333333334,-9.75,-1.8893132,0.75197625,-0.9232644,0.7952589,76,64
-66.91666666666667,-9.75,-1.7606187,0.9936935,-0.8432711,0.8252556,76,65
-66.75000000000001,-9.75,-1.6466249,1.1801099,-0.8132201,0.84745085,76,66
-66.58333333333334,-9.75,-1.564691,1.3331532,-0.79597235,0.86040926,76,67
-66.41666666666667,-9.75,-1.3753163,1.6629243,-0.6421508,0.94100124,76,68
-66.25000000000001,-9.75,-1.2002406,1.8603654,-0.57266754,0.9644418,76,69
-66.08333333333334,-9.75,-1.0873183,2.0054796,-0.4744815,0.9495781,76,70
-65.91666666666667,-9.75,-0.97774965,2.1237767,-0.588294,0.9078917,76,71
-65.75000000000001,-9.75,-0.98232657,2.20182,-0.7152367,0.8465899,76,72
-65.58333333333334,-9.75,-1.0247535,2.3786745,-0.7497285,0.83022213,76,73
-65.41666666666667,-9.75,-1.0177261,2.435482,-0.9603209,0.7635074,76,74
-65.25000000000001,-9.75,-1.0700226,2.513675,-0.97013456,0.7989053,76,75
-65.08333333333334,-9.75,-1.1230185,2.2827704,-1.0749252,0.67373496,76,76
-64.91666666666667,-9.75,-1.2245765,2.0178874,-1.1624032,0.5487689,76,77
-64.75000000000001,-9.75,-1.4112482,1.72188,-1.0678203,0.4036639,76,78
-64.58333333333334,-9.75,-1.5747293,1.5893587,-0.7412214,0.33916596,76,79
-64.41666666666667,-9.75,-1.6087132,1.3361654,-0.5410195,0.20461541,76,80
-64.25000000000001,-9.75,-1.6536785,1.1778756,-0.25819987,0.15592942,76,81
-64.08333333333334,-9.75,-1.9277263,0.8328764,0.07786203,-0.033106387,76,82
-63.91666666666668,-9.75,-2.1742787,0.5532606,0.3963417,-0.19239807,76,83
-63.750000000000014,-9.75,-2.3040884,0.37229854,0.6641536,-0.28355098,76,84
-63.58333333333334,-9.75,-2.3433354,0.5473305,1.0112995,-0.20481746,76,85
-63.41666666666668,-9.75,-2.6060395,0.35881048,1.1593914,-0.31774122,76,86
-63.250000000000014,-9.75,-2.7586145,0.30911016,1.2996209,-0.35528645,76,87
-63.08333333333334,-9.75,-2.8735843,0.11797436,1.2532451,-0.46283376,76,88
-62.91666666666668,-9.75,-3.0649025,-0.09639016,1.3689089,-0.57293636,76,89
-62.750000000000014,-9.75,-3.3390677,0.07831108,1.3221713,-1.2575454,76,90
-62.58333333333334,-9.75,-3.5141063,-0.27762714,1.3412395,-1.4583613,76,91
-62.41666666666668,-9.75,-3.5177505,-0.20888378,1.4011194,-1.4434934,76,92
-62.250000000000014,-9.75,-3.5500562,0.032968942,1.456596,-1.4148558,76,93
-62.08333333333334,-9.75,-3.6537678,-0.14530198,1.4104809,-1.6324865,76,94
-61.91666666666668,-9.75,-3.5061736,0.06903884,1.4814873,-1.5553112,76,95
-61.750000000000014,-9.75,-3.5194836,-0.15275589,1.1665094,-1.689936,76,96
-61.58333333333334,-9.75,-3.515746,-0.103681274,1.007316,-1.6617811,76,97
-61.41666666666668,-9.75,-3.5203035,0.031482615,0.89875877,-1.6156356,76,98
-61.250000000000014,-9.75,-3.460171,0.1673083,0.89410233,-1.5544344,76,99
-61.08333333333334,-9.75,-3.5640576,0.048456863,0.8835353,-1.6547527,76,100
-60.91666666666668,-9.75,-3.4627175,0.24476245,1.0144461,-1.5468488,76,101
-60.750000000000014,-9.75,-3.254459,0.60956556,1.4541456,-1.3611526,76,102
-60.58333333333334,-9.75,-3.2584345,0.6358453,1.3623263,-1.3708267,76,103
-60.41666666666668,-9.75,-3.3484864,0.6717009,0.96190184,-1.384818,76,104
-60.250000000000014,-9.75,-3.307672,0.82344764,0.8948755,-1.3507471,76,105
-60.08333333333334,-9.75,-3.1745734,1.1368077,0.91049266,-1.1968025,76,106
-59.91666666666668,-9.75,-3.305062,1.0355787,0.8663531,-1.283686,76,107
-59.750000000000014,-9.75,-3.277871,1.1581641,0.8614272,-1.2549441,76,108
-59.58333333333334,-9.75,-3.0606139,1.4961565,0.8645569,-1.0889091,76,109
-59.41666666666668,-9.75,-2.8981512,1.8294168,0.86945635,-0.9379281,76,110
-59.250000000000014,-9.75,-3.015805,1.8555032,0.95067126,-0.9510609,76,111
-59.08333333333334,-9.75,-3.0856633,1.975994,0.9857975,-0.9215257,76,112
-58.91666666666668,-9.75,-3.203244,1.5242727,0.7785574,-1.1851565,76,113
-58.750000000000014,-9.75,-3.388528,1.4597216,0.75986373,-1.2739098,76,114
-58.58333333333334,-9.75,-3.390431,1.6275376,0.710065,-1.2085055,76,115
-58.41666666666668,-9.75,-3.2577498,1.7177442,0.56657505,-1.190407,76,116
-58.250000000000014,-9.75,-2.9720223,2.114075,0.53279585,-0.99741966,76,117
-58.08333333333334,-9.75,-3.1135623,2.398378,0.89312774,-0.8939246,76,118
-57.91666666666668,-9.75,-2.9618046,2.4886682,0.9108116,-0.8152172,76,119
-57.750000000000014,-9.75,-2.3992538,2.618519,1.475327,-1.3179266,76,120
-57.58333333333334,-9.75,-2.3093524,2.3451464,1.4622643,-1.4344311,76,121
-57.41666666666668,-9.75,-1.9406071,2.8153625,1.7660427,-1.1518172,76,122
-57.250000000000014,-9.75,-1.7568891,2.947482,2.048599,-1.0524085,76,123
-57.08333333333334,-9.75,-1.6297697,3.076601,2.2840135,-0.93480974,76,124
-56.91666666666668,-9.75,-1.2828176,3.1400356,2.1056428,-0.87761396,76,125
-56.750000000000014,-9.75,-1.3697895,3.1125844,2.266676,-0.830612,76,126
-56.58333333333334,-9.75,-1.1707551,3.6994507,2.5971282,-0.5047159,76,127
-56.41666666666668,-9.75,-1.0443436,3.8825798,2.7972,-0.3429594,76,128
-56.250000000000014,-9.75,-0.8338443,4.1166234,2.9788578,-0.15199435,76,129
-56.08333333333334,-9.75,-0.72867346,4.2210627,3.0615246,-0.018360326,76,130
-55.91666666666668,-9.75,-0.60917324,4.161635,2.9310715,-0.05683402,76,131
-55.750000000000014,-9.75,-0.630067,4.1739435,2.8113546,-0.028669206,76,132
-55.58333333333334,-9.75,-0.6978626,3.90506,2.714348,-0.19008979,76,133
-55.41666666666668,-9.75,-0.73403656,3.5938873,2.8121867,-0.32902727,76,134
-55.250000000000014,-9.75,-0.6621818,3.5277145,2.8635862,-0.38015527,76,135
-55.08333333333334,-9.75,-0.89702916,3.0689561,2.9653141,-0.58325136,76,136
-54.91666666666668,-9.75,-0.98029315,3.2889285,3.237676,-0.5305474,76,137
-54.750000000000014,-9.75,-1.4139254,2.5484447,2.9805155,-0.90411335,76,138
-54.58333333333334,-9.75,-1.7251526,2.14184,2.7222474,-1.152545,76,139
-54.41666666666668,-9.75,-1.6355773,2.4630785,2.649409,-1.0412459,76,140
-54.250000000000014,-9.75,-1.5535778,2.2532804,2.5184333,-1.2143161,76,141
-53.41666666666668,-9.75,-1.7251112,2.1546075,2.5486307,-1.4482954,76,146
-53.250000000000014,-9.75,-1.9616759,2.004658,2.523178,-1.5036927,76,147
-53.08333333333334,-9.75,-2.7160547,1.5416027,1.7762882,-1.040381,76,148
-52.91666666666668,-9.75,-2.7135077,1.5185256,1.591327,-1.04511,76,149
-52.750000000000014,-9.75,-2.5074325,1.925511,1.4763482,-0.83897895,76,150
-52.58333333333334,-9.75,-2.489222,2.0568864,1.3423558,-0.77525264,76,151
-52.41666666666668,-9.75,-2.509384,2.124084,1.2258085,-0.72666043,76,152
-52.250000000000014,-9.75,-2.4446445,2.4101613,1.151576,-0.57536554,76,153
-52.08333333333334,-9.75,-2.5534604,2.4479544,1.0960852,-0.6085772,76,154
-49.750000000000014,-9.75,-3.1117225,2.4448454,0.035414487,-0.3502783,76,168
-49.58333333333334,-9.75,-3.3115046,2.3989933,0.04984054,-0.29440543,76,169
-49.08333333333334,-9.75,-4.2017846,1.2646939,-0.37707394,-0.7307556,76,172
-48.91666666666668,-9.75,-5.024039,-0.17534976,-0.777626,-1.4383098,76,173
-48.58333333333334,-9.75,-4.865251,0.8289616,-0.6176081,-0.8244072,76,175
-48.41666666666668,-9.75,-4.433079,1.1585503,-0.6906827,-0.6912483,76,176
-73.91666666666667,-9.916666666666666,-0.09288394,1.1364917,-2.8711998,0.7841301,77,23
-73.75000000000001,-9.916666666666666,-0.57038677,0.6597649,-2.9986637,0.5312337,77,24
-73.58333333333334,-9.916666666666666,-0.9489728,0.27544436,-3.0705824,0.36078444,77,25
-73.41666666666667,-9.916666666666666,-1.1638131,0.12136368,-3.1212423,0.32323632,77,26
-73.25000000000001,-9.916666666666666,-1.4033221,-0.10335301,-3.115706,0.2418234,77,27
-73.08333333333334,-9.916666666666666,-1.6133721,-0.33938068,-3.0690997,0.006738011,77,28
-72.91666666666667,-9.916666666666666,-1.5124608,-0.15109234,-2.999283,0.31391937,77,29
-72.75000000000001,-9.916666666666666,-1.5494541,-0.13369039,-2.9362884,0.37827206,77,30
-72.58333333333334,-9.916666666666666,-1.6617113,-0.25657657,-2.8793209,0.35698286,77,31
-72.41666666666667,-9.916666666666666,-1.849707,-0.47491303,-2.7968533,0.32284862,77,32
-72.25000000000001,-9.916666666666666,-2.1176715,-0.81266856,-2.773941,0.21064994,77,33
-72.08333333333334,-9.916666666666666,-2.3247182,-1.1493944,-2.7203536,0.11723047,77,34
-71.91666666666667,-9.916666666666666,-2.250022,-0.97834665,-2.6465185,0.2769535,77,35
-71.75000000000001,-9.916666666666666,-2.329902,-1.1038529,-2.54904,0.29912812,77,36
-71.58333333333334,-9.916666666666666,-2.4532971,-1.2598307,-2.4760354,0.2928128,77,37
-71.41666666666667,-9.916666666666666,-2.547012,-1.412487,-2.379352,0.29936516,77,38
-71.25000000000001,-9.916666666666666,-2.6507456,-1.5646671,-2.297646,0.299356,77,39
-71.08333333333334,-9.916666666666666,-2.6501923,-1.5153887,-2.1596594,0.407622,77,40
-70.91666666666667,-9.916666666666666,-2.5910432,-1.4260038,-2.033134,0.52385205,77,41
-70.75000000000001,-9.916666666666666,-2.7694983,-1.6202182,-1.9908577,0.45888093,77,42
-70.58333333333334,-9.916666666666666,-2.937474,-1.7930881,-1.946605,0.41867232,77,43
-70.41666666666667,-9.916666666666666,-2.958523,-1.7473941,-1.8484296,0.48552197,77,44
-70.25000000000001,-9.916666666666666,-3.0269754,-1.7489749,-1.8032591,0.5134208,77,45
-70.08333333333334,-9.916666666666666,-3.1054764,-1.7733705,-1.7470078,0.5302914,77,46
-69.91666666666667,-9.916666666666666,-3.2790177,-1.8662059,-1.7137786,0.49871,77,47
-69.75000000000001,-9.916666666666666,-3.4009058,-1.9802297,-1.6751384,0.40789217,77,48
-69.58333333333334,-9.916666666666666,-3.328291,-1.8092334,-1.6226935,0.52645034,77,49
-69.41666666666667,-9.916666666666666,-3.3348336,-1.7514327,-1.5862389,0.54446656,77,50
-69.25000000000001,-9.916666666666666,-3.332968,-1.7411156,-1.5663105,0.561566,77,51
-69.08333333333334,-9.916666666666666,-3.391928,-1.8282111,-1.6167799,0.5214504,77,52
-68.91666666666667,-9.916666666666666,-3.3361306,-1.732215,-1.6533633,0.5778667,77,53
-68.75000000000001,-9.916666666666666,-3.4080691,-1.7890021,-1.7680326,0.56129426,77,54
-68.58333333333334,-9.916666666666666,-3.2713416,-1.594706,-1.89626,0.6634413,77,55
-68.41666666666667,-9.916666666666666,-3.1634784,-1.3947471,-2.076961,0.7263409,77,56
-68.25000000000001,-9.916666666666666,-2.9963531,-1.1708295,-2.3271253,0.7906653,77,57
-68.08333333333334,-9.916666666666666,-2.8670588,-1.0418276,-2.6582541,0.7801302,77,58
-67.91666666666667,-9.916666666666666,-2.5473268,-0.64448553,-2.8595595,0.936658,77,59
-67.75000000000001,-9.916666666666666,-2.2342286,-0.25576067,-2.8748696,1.0606403,77,60
-67.58333333333334,-9.916666666666666,-2.2187076,-0.19379878,-2.5257814,0.964938,77,61
-67.41666666666667,-9.916666666666666,-2.178705,0.3658366,-1.9141506,0.85788435,77,62
-67.25000000000001,-9.916666666666666,-2.0369368,0.48442143,-1.6298931,0.78758615,77,63
-67.08333333333334,-9.916666666666666,-1.8975683,0.8511406,-1.2296709,0.8648405,77,64
-66.91666666666667,-9.916666666666666,-1.722638,1.1525688,-1.0602847,0.92301327,77,65
-66.75000000000001,-9.916666666666666,-1.521742,1.3027308,-1.0548748,0.9301272,77,66
-66.58333333333334,-9.916666666666666,-1.2778865,1.6500022,-0.9774754,1.0153972,77,67
-66.41666666666667,-9.916666666666666,-1.1311044,1.7806199,-0.91233706,0.98815364,77,68
-66.25000000000001,-9.916666666666666,-1.0752007,1.8657722,-0.84578127,0.9361367,77,69
-66.08333333333334,-9.916666666666666,-0.9729473,2.0126362,-0.77010363,0.9165113,77,70
-65.91666666666667,-9.916666666666666,-0.92745435,2.1438425,-0.7455536,0.9006671,77,71
-65.75000000000001,-9.916666666666666,-0.8649261,2.3271527,-0.8032904,0.91603804,77,72
-65.58333333333334,-9.916666666666666,-0.88985205,2.396262,-0.90462464,0.85963714,77,73
-65.41666666666667,-9.916666666666666,-0.92249674,2.4996195,-0.9338171,0.829105,77,74
-65.25000000000001,-9.916666666666666,-1.036264,2.548851,-0.90915656,0.86368364,77,75
-65.08333333333334,-9.916666666666666,-1.1747683,2.3042479,-0.97011495,0.7178454,77,76
-64.91666666666667,-9.916666666666666,-1.2291375,2.1185167,-1.0241842,0.6132501,77,77
-64.75000000000001,-9.916666666666666,-1.4677829,1.7881051,-0.9238744,0.4354175,77,78
-64.58333333333334,-9.916666666666666,-1.6650883,1.4062223,-0.7633995,0.24080063,77,79
-64.41666666666667,-9.916666666666666,-1.668044,1.1822721,-0.6119906,0.13592128,77,80
-64.25000000000001,-9.916666666666666,-1.7363875,1.1910406,-0.23834023,0.15171456,77,81
-64.08333333333334,-9.916666666666666,-2.031527,0.9449392,0.18869421,0.013553237,77,82
-63.91666666666668,-9.916666666666666,-2.265084,0.7509397,0.5335435,-0.10716037,77,83
-63.750000000000014,-9.916666666666666,-2.3246527,0.4922889,0.69710153,-0.22496296,77,84
-63.58333333333334,-9.916666666666666,-2.578145,0.27540478,0.86765075,-0.37059954,77,85
-63.41666666666668,-9.916666666666666,-2.8346097,0.09526499,0.96951234,-0.49644583,77,86
-63.250000000000014,-9.916666666666666,-2.952862,0.18248324,0.99594426,-0.47423005,77,87
-63.08333333333334,-9.916666666666666,-3.091241,0.9168502,0.94874895,-0.85413593,77,88
-62.91666666666668,-9.916666666666666,-3.3072338,0.58084387,0.91501963,-1.0469184,77,89
-62.750000000000014,-9.916666666666666,-3.5671933,0.14972962,0.92000294,-1.280822,77,90
-62.58333333333334,-9.916666666666666,-3.720305,-0.10265592,0.9547999,-1.4265418,77,91
-62.41666666666668,-9.916666666666666,-3.7941847,0.025153227,1.1245406,-1.4238455,77,92
-62.250000000000014,-9.916666666666666,-3.8595972,0.04462731,1.2312354,-1.4816896,77,93
-62.08333333333334,-9.916666666666666,-3.8244252,0.23987809,1.4201294,-1.4385197,77,94
-61.91666666666668,-9.916666666666666,-3.7117705,-0.123551935,1.1601267,-1.6599116,77,95
-61.750000000000014,-9.916666666666666,-3.7311695,-0.26015732,1.0215746,-1.7352747,77,96
-61.58333333333334,-9.916666666666666,-3.7779467,-0.28029406,0.9178967,-1.7625521,77,97
-61.41666666666668,-9.916666666666666,-3.763683,-0.09546787,0.9134299,-1.6870368,77,98
-61.250000000000014,-9.916666666666666,-3.7383327,0.06369343,0.9960179,-1.6161352,77,99
-61.08333333333334,-9.916666666666666,-3.7495606,-0.038477335,0.9093154,-1.6903768,77,100
-60.91666666666668,-9.916666666666666,-3.5916753,0.27954078,0.89141095,-1.541222,77,101
-60.750000000000014,-9.916666666666666,-3.4873223,0.46817827,1.2556777,-1.4267564,77,102
-60.58333333333334,-9.916666666666666,-3.457663,0.5724796,1.196519,-1.3876648,77,103
-60.41666666666668,-9.916666666666666,-3.5738432,0.58778703,0.9020024,-1.4385219,77,104
-60.250000000000014,-9.916666666666666,-3.5906065,0.5519367,0.8839511,-1.4808214,77,105
-60.08333333333334,-9.916666666666666,-3.404528,1.0858814,1.0042007,-1.2081637,77,106
-59.91666666666668,-9.916666666666666,-3.6384327,0.91312337,1.0297313,-1.3288498,77,107
-59.750000000000014,-9.916666666666666,-3.476114,1.0537478,0.9477556,-1.272394,77,108
-59.58333333333334,-9.916666666666666,-3.2296402,1.4515544,0.93477076,-1.0847605,77,109
-59.41666666666668,-9.916666666666666,-3.1922228,1.6092294,0.937116,-1.0209627,77,110
-59.250000000000014,-9.916666666666666,-3.0334167,1.805609,0.9091862,-0.9356842,77,111
-59.08333333333334,-9.916666666666666,-3.1783557,1.8853863,1.0654199,-0.92566925,77,112
-58.91666666666668,-9.916666666666666,-3.169492,1.8354826,0.9631567,-0.97271246,77,113
-58.750000000000014,-9.916666666666666,-3.300658,1.6503756,0.8815723,-1.1053891,77,114
-58.58333333333334,-9.916666666666666,-3.5480702,1.7057248,0.9858036,-1.1310023,77,115
-58.41666666666668,-9.916666666666666,-3.528358,1.577897,0.7432664,-1.209974,77,116
-58.250000000000014,-9.916666666666666,-3.1550038,2.0217016,0.5714048,-0.98269904,77,117
-58.08333333333334,-9.916666666666666,-3.1730466,1.96008,0.6120328,-1.0239929,77,118
-57.91666666666668,-9.916666666666666,-3.1410758,2.2660732,0.9464543,-0.8852949,77,119
-57.750000000000014,-9.916666666666666,-2.922282,2.5124104,1.209801,-0.715245,77,120
-57.58333333333334,-9.916666666666666,-2.2092607,2.425877,1.8140196,-1.3451784,77,121
-57.41666666666668,-9.916666666666666,-2.1335213,2.4456239,2.200365,-1.3102893,77,122
-57.250000000000014,-9.916666666666666,-1.8707248,2.6112514,2.518973,-1.2131482,77,123
-57.08333333333334,-9.916666666666666,-1.732577,2.7335248,2.77272,-1.1193573,77,124
-56.91666666666668,-9.916666666666666,-1.3650091,3.1710775,2.5606973,-0.8796343,77,125
-56.750000000000014,-9.916666666666666,-1.4220243,3.3504713,2.58555,-0.73327065,77,126
-56.58333333333334,-9.916666666666666,-1.3351687,3.5738006,2.63283,-0.58700335,77,127
-56.41666666666668,-9.916666666666666,-1.2352297,3.6209695,2.681395,-0.5111659,77,128
-56.250000000000014,-9.916666666666666,-1.0142281,3.8971493,2.8230152,-0.31525856,77,129
-56.08333333333334,-9.916666666666666,-0.9259374,4.134611,3.0058138,-0.113026194,77,130
-55.91666666666668,-9.916666666666666,-0.85123956,4.3005915,2.9409885,-0.044775795,77,131
-55.750000000000014,-9.916666666666666,-0.8285835,4.4121423,2.9169438,-0.01129429,77,132
-55.58333333333334,-9.916666666666666,-0.7243359,4.070195,2.7519667,-0.19390506,77,133
-55.41666666666668,-9.916666666666666,-0.7696057,3.841684,2.9838464,-0.33266124,77,134
-55.250000000000014,-9.916666666666666,-0.9261457,3.8644645,3.337336,-0.30700734,77,135
-55.08333333333334,-9.916666666666666,-0.8654959,3.9989784,3.475399,-0.2714615,77,136
-54.91666666666668,-9.916666666666666,-0.9526297,3.589971,3.4553897,-0.46875173,77,137
-54.750000000000014,-9.916666666666666,-1.3804997,2.9252207,3.2393577,-0.82226783,77,138
-54.58333333333334,-9.916666666666666,-1.4830914,2.878695,3.1169465,-0.8936795,77,139
-54.41666666666668,-9.916666666666666,-1.7801647,2.1608043,2.774836,-1.2971841,77,140
-54.250000000000014,-9.916666666666666,-1.9541221,1.7340162,2.707716,-1.532787,77,141
-54.08333333333334,-9.916666666666666,-1.6950268,2.1987731,2.871582,-1.3365417,77,142
-53.58333333333334,-9.916666666666666,-1.7524076,2.3928254,3.0847833,-1.3164396,77,145
-53.41666666666668,-9.916666666666666,-2.6369228,1.9434053,2.4820898,-0.7875988,77,146
-53.250000000000014,-9.916666666666666,-2.5843418,2.2119663,2.4589753,-0.6224059,77,147
-53.08333333333334,-9.916666666666666,-2.7431884,1.5728823,1.9845297,-0.9573595,77,148
-52.91666666666668,-9.916666666666666,-2.5603395,1.8750998,1.8329116,-0.78973734,77,149
-52.750000000000014,-9.916666666666666,-2.5472872,2.0078304,1.6744064,-0.7231611,77,150
-52.58333333333334,-9.916666666666666,-2.6843975,1.9750997,1.4932182,-0.751718,77,151
-52.41666666666668,-9.916666666666666,-2.666921,2.2509665,1.440689,-0.6319411,77,152
-52.250000000000014,-9.916666666666666,-2.4019902,2.0068617,1.3284903,-0.030642647,77,153
-51.91666666666668,-9.916666666666666,-2.6332223,1.6672959,0.9743841,-0.23170447,77,155
-51.750000000000014,-9.916666666666666,-2.8215382,1.9908339,0.81524855,-0.7923698,77,156
-51.08333333333334,-9.916666666666666,-2.375565,2.608013,0.7890716,0.3214635,77,160
-50.91666666666668,-9.916666666666666,-2.2997668,2.5162091,0.5825489,0.33092597,77,161
-50.58333333333334,-9.916666666666666,-2.3638244,2.1305146,0.16170512,0.21546127,77,163
-49.750000000000014,-9.916666666666666,-3.0499568,1.9751168,0.015286294,0.2743603,77,168
-49.58333333333334,-9.916666666666666,-3.2963147,1.8092433,-0.042793933,0.23366442,77,169
-49.41666666666668,-9.916666666666666,-3.5867617,1.4729085,-0.19315219,0.11755203,77,170
-49.250000000000014,-9.916666666666666,-3.8504646,1.1059433,-0.33865312,-0.02731711,77,171
-49.08333333333334,-9.916666666666666,-4.4281497,1.005966,-0.510672,-0.69649076,77,172
-48.91666666666668,-9.916666666666666,-5.0775533,0.010791329,-0.73440546,-1.1532078,77,173
-48.750000000000014,-9.916666666666666,-5.3548265,-0.3204669,-0.7948988,-1.2982044,77,174
-48.58333333333334,-9.916666666666666,-5.025149,0.65732765,-0.6529883,-0.756979,77,175
-48.41666666666668,-9.916666666666666,-4.727945,0.8158863,-0.7131899,-0.715404,77,176
-73.91666666666667,-10.083333333333332,-0.22935958,0.9832467,-2.841143,0.72927403,78,23
-73.75000000000001,-10.083333333333332,-0.658642,0.5560057,-2.9631782,0.5098451,78,24
-73.58333333333334,-10.083333333333332,-0.90838915,0.30904856,-3.0589027,0.39854595,78,25
-73.41666666666667,-10.083333333333332,-1.0990939,0.204057,-3.0793324,0.37508798,78,26
-73.25000000000001,-10.083333333333332,-1.4637417,-0.19938414,-3.0654743,0.12422707,78,27
-73.08333333333334,-10.083333333333332,-1.6174177,-0.39427984,-3.060375,0.06393669,78,28
-72.91666666666667,-10.083333333333332,-1.4876741,-0.12549002,-3.01013,0.36231384,78,29
-72.75000000000001,-10.083333333333332,-1.6362436,-0.2604793,-2.9476166,0.32712662,78,30
-72.58333333333334,-10.083333333333332,-1.7105963,-0.38556084,-2.8410392,0.32728598,78,31
-72.41666666666667,-10.083333333333332,-1.8575608,-0.5068734,-2.7766082,0.32129523,78,32
-72.25000000000001,-10.083333333333332,-2.0940979,-0.86181307,-2.7233534,0.2139303,78,33
-72.08333333333334,-10.083333333333332,-2.2719996,-1.14113,-2.6692095,0.16154438,78,34
-71.91666666666667,-10.083333333333332,-2.2348707,-1.0795377,-2.581596,0.27387235,78,35
-71.75000000000001,-10.083333333333332,-2.4423435,-1.3215673,-2.5179956,0.22238034,78,36
-71.58333333333334,-10.083333333333332,-2.4651911,-1.3624358,-2.4184442,0.2979176,78,37
-71.41666666666667,-10.083333333333332,-2.5887108,-1.513044,-2.3439767,0.3146152,78,38
-71.25000000000001,-10.083333333333332,-2.555695,-1.399368,-2.2226636,0.43955636,78,39
-71.08333333333334,-10.083333333333332,-2.568025,-1.3735434,-2.0908396,0.51939267,78,40
-70.91666666666667,-10.083333333333332,-2.728855,-1.4962009,-2.0382462,0.50003105,78,41
-70.75000000000001,-10.083333333333332,-2.9152617,-1.6896983,-1.9988763,0.44915164,78,42
-70.58333333333334,-10.083333333333332,-2.983765,-1.7136217,-1.9620929,0.48694772,78,43
-70.41666666666667,-10.083333333333332,-2.9923673,-1.5825552,-1.9119048,0.5814207,78,44
-70.25000000000001,-10.083333333333332,-3.1057425,-1.6342454,-1.8921878,0.5701843,78,45
-70.08333333333334,-10.083333333333332,-3.2708719,-1.7358215,-1.9182527,0.502301,78,46
-69.91666666666667,-10.083333333333332,-3.412464,-1.8051438,-1.896182,0.4204114,78,47
-69.75000000000001,-10.083333333333332,-3.3590724,-1.6418585,-1.8419176,0.5313382,78,48
-69.58333333333334,-10.083333333333332,-3.4246733,-1.6272575,-1.8266416,0.4894779,78,49
-69.41666666666667,-10.083333333333332,-3.458304,-1.6382673,-1.8117436,0.49801207,78,50
-69.25000000000001,-10.083333333333332,-3.3830702,-1.540263,-1.753306,0.5826331,78,51
-69.08333333333334,-10.083333333333332,-3.3412392,-1.5252756,-1.7489598,0.61493033,78,52
-68.91666666666667,-10.083333333333332,-3.4108791,-1.6745905,-1.8024179,0.5552102,78,53
-68.75000000000001,-10.083333333333332,-3.2754529,-1.4907416,-1.8415314,0.67499524,78,54
-68.58333333333334,-10.083333333333332,-3.1332989,-1.3408076,-1.9743526,0.76119703,78,55
-68.41666666666667,-10.083333333333332,-2.9715288,-1.1606961,-2.1724634,0.8413751,78,56
-68.25000000000001,-10.083333333333332,-2.8012674,-0.966178,-2.4665673,0.8870114,78,57
-68.08333333333334,-10.083333333333332,-2.624207,-0.6645688,-2.7247298,0.9858203,78,58
-67.91666666666667,-10.083333333333332,-2.360812,-0.34978357,-3.0117111,1.1150199,78,59
-67.75000000000001,-10.083333333333332,-2.2276468,-0.13129568,-3.02902,1.1329918,78,60
-67.58333333333334,-10.083333333333332,-2.2675428,0.11167014,-2.6806784,0.8948074,78,61
-67.41666666666667,-10.083333333333332,-2.1265552,0.45941725,-2.1756048,0.9244105,78,62
-67.25000000000001,-10.083333333333332,-1.9716783,0.68129027,-1.8269101,0.91243446,78,63
-67.08333333333334,-10.083333333333332,-1.8427861,1.0008043,-1.4576324,0.9577269,78,64
-66.91666666666667,-10.083333333333332,-1.5263753,1.2832248,-1.3405533,1.0238982,78,65
-66.75000000000001,-10.083333333333332,-1.3578162,1.4191818,-1.281197,0.9803243,78,66
-66.58333333333334,-10.083333333333332,-1.2309206,1.6328827,-1.1639642,0.9931714,78,67
-66.41666666666667,-10.083333333333332,-1.0890889,1.8730593,-1.023879,1.019187,78,68
-66.25000000000001,-10.083333333333332,-1.0128119,2.026947,-0.91383183,0.99333125,78,69
-66.08333333333334,-10.083333333333332,-0.90480596,2.1944487,-0.8343941,0.9911754,78,70
-65.91666666666667,-10.083333333333332,-0.80590796,2.3879073,-0.8043484,1.0210489,78,71
-65.75000000000001,-10.083333333333332,-0.7838656,2.504047,-0.8109085,1.0024798,78,72
-65.58333333333334,-10.083333333333332,-0.8256675,2.5200737,-0.8806605,0.9412516,78,73
-65.41666666666667,-10.083333333333332,-0.9056924,2.466965,-0.9471386,0.8584219,78,74
-65.25000000000001,-10.083333333333332,-0.9735055,2.672395,-0.78239834,0.96048146,78,75
-65.08333333333334,-10.083333333333332,-1.1879323,2.332911,-0.86177903,0.753642,78,76
-64.91666666666667,-10.083333333333332,-1.3445034,2.1394873,-0.8548506,0.62845504,78,77
-64.75000000000001,-10.083333333333332,-1.5173199,1.8368472,-0.7865206,0.46759188,78,78
-64.58333333333334,-10.083333333333332,-1.6555774,1.3620073,-0.77813375,0.22940525,78,79
-64.41666666666667,-10.083333333333332,-1.6195544,1.4012623,-0.52357435,0.24534014,78,80
-64.25000000000001,-10.083333333333332,-1.7917434,1.3553667,-0.13019197,0.2164545,78,81
-64.08333333333334,-10.083333333333332,-2.1285558,1.1283256,0.313671,0.0841418,78,82
-63.91666666666668,-10.083333333333332,-2.349863,0.8577734,0.63383377,-0.07776084,78,83
-63.750000000000014,-10.083333333333332,-2.3861644,0.7915825,0.88998497,-0.07567135,78,84
-63.58333333333334,-10.083333333333332,-2.750785,0.14467017,0.8850832,-0.42881116,78,85
-63.41666666666668,-10.083333333333332,-2.9668837,-0.045173522,0.89355415,-0.5610366,78,86
-63.250000000000014,-10.083333333333332,-3.134309,0.6697484,0.8430899,-0.9267813,78,87
-63.08333333333334,-10.083333333333332,-3.231572,0.8887497,0.79584444,-0.864533,78,88
-62.91666666666668,-10.083333333333332,-3.4787278,0.65271986,0.7451245,-1.0307488,78,89
-62.750000000000014,-10.083333333333332,-3.776008,0.02979554,0.5121422,-1.3674769,78,90
-62.58333333333334,-10.083333333333332,-3.9757316,-0.12969033,0.56998855,-1.4915763,78,91
-62.41666666666668,-10.083333333333332,-4.0920024,-0.046092544,0.7862386,-1.5285039,78,92
-62.250000000000014,-10.083333333333332,-4.036131,0.2137836,1.0525794,-1.432663,78,93
-62.08333333333334,-10.083333333333332,-3.9548488,0.21764235,1.1726744,-1.4503704,78,94
-61.91666666666668,-10.083333333333332,-3.8935168,-0.15806545,0.97910655,-1.6568446,78,95
-61.750000000000014,-10.083333333333332,-4.0080304,-0.5196412,0.84058446,-1.8468966,78,96
-61.58333333333334,-10.083333333333332,-4.2338853,-0.7641704,0.84055185,-2.0032864,78,97
-61.41666666666668,-10.083333333333332,-4.039157,-0.28812537,1.0156513,-1.7704468,78,98
-61.250000000000014,-10.083333333333332,-4.0864553,-0.44812152,0.9287786,-1.8565155,78,99
-61.08333333333334,-10.083333333333332,-4.0301356,-0.3184381,0.95132333,-1.7989827,78,100
-60.91666666666668,-10.083333333333332,-3.714266,0.23493938,0.97383136,-1.5097483,78,101
-60.750000000000014,-10.083333333333332,-3.7621977,0.45391813,1.0548534,-1.4452318,78,102
-60.58333333333334,-10.083333333333332,-3.5966733,0.8371482,1.1292169,-1.2529575,78,103
-60.41666666666668,-10.083333333333332,-3.675644,0.65793175,1.0035166,-1.3674759,78,104
-60.250000000000014,-10.083333333333332,-3.7358563,0.47511744,0.90784323,-1.4836305,78,105
-60.08333333333334,-10.083333333333332,-3.627227,0.7487049,0.91748065,-1.3608483,78,106
-59.91666666666668,-10.083333333333332,-3.8585286,0.3688597,0.8419668,-1.5647366,78,107
-59.750000000000014,-10.083333333333332,-3.5703135,0.9096386,0.88202965,-1.3026341,78,108
-59.58333333333334,-10.083333333333332,-3.475011,1.4860381,1.1228908,-1.0433532,78,109
-59.41666666666668,-10.083333333333332,-3.3982048,1.561122,1.0816988,-1.0279646,78,110
-59.250000000000014,-10.083333333333332,-3.3162796,1.6571821,1.0411545,-0.9811359,78,111
-59.08333333333334,-10.083333333333332,-3.2586975,1.7521639,1.0893222,-0.9394793,78,112
-58.91666666666668,-10.083333333333332,-3.1576965,1.8576107,1.028897,-0.9015946,78,113
-58.750000000000014,-10.083333333333332,-3.3986804,1.5468558,1.0333602,-1.0922328,78,114
-58.58333333333334,-10.083333333333332,-3.4508405,1.7370634,1.1292859,-1.0175927,78,115
-58.41666666666668,-10.083333333333332,-3.4540277,1.6562321,0.9792183,-1.05418,78,116
-58.250000000000014,-10.083333333333332,-3.1829624,1.8188313,0.74361706,-0.97254884,78,117
-58.08333333333334,-10.083333333333332,-3.330528,1.6579161,0.7754396,-1.0926839,78,118
-57.91666666666668,-10.083333333333332,-3.3545094,1.7417706,1.0379555,-1.0311391,78,119
-57.750000000000014,-10.083333333333332,-3.1136377,1.8551949,1.2985332,-0.9638457,78,120
-57.58333333333334,-10.083333333333332,-2.8330517,2.1951423,1.7299511,-0.7696152,78,121
-57.41666666666668,-10.083333333333332,-2.362791,2.2392862,2.5909429,-1.3899087,78,122
-57.250000000000014,-10.083333333333332,-2.0336967,2.2084644,2.6429496,-1.3976816,78,123
-57.08333333333334,-10.083333333333332,-1.717339,2.6034434,2.7841318,-1.1811243,78,124
-56.91666666666668,-10.083333333333332,-1.4653467,2.9707966,2.680723,-0.987637,78,125
-56.750000000000014,-10.083333333333332,-1.5862186,2.961445,2.556231,-0.9757353,78,126
-56.58333333333334,-10.083333333333332,-1.5006227,3.1014767,2.4317467,-0.86924493,78,127
-56.41666666666668,-10.083333333333332,-1.4144912,3.2115314,2.3945053,-0.80046856,78,128
-56.250000000000014,-10.083333333333332,-1.3213341,3.638342,2.6727593,-0.527395,78,129
-56.08333333333334,-10.083333333333332,-1.3109454,3.7390404,2.7571764,-0.45440382,78,130
-55.91666666666668,-10.083333333333332,-1.0985749,3.968905,2.7207208,-0.3309426,78,131
-55.750000000000014,-10.083333333333332,-1.1332318,3.9136999,2.7348516,-0.36620688,78,132
-55.58333333333334,-10.083333333333332,-0.9031229,3.943149,2.7515013,-0.35773447,78,133
-55.41666666666668,-10.083333333333332,-0.86141837,3.7078884,3.1278882,-0.47483772,78,134
-55.250000000000014,-10.083333333333332,-0.9508517,3.767358,3.2688727,-0.47074354,78,135
-55.08333333333334,-10.083333333333332,-0.9097935,4.0189424,3.414926,-0.3751107,78,136
-54.91666666666668,-10.083333333333332,-1.159639,3.7881305,3.492076,-0.50965494,78,137
-54.750000000000014,-10.083333333333332,-1.2216623,3.364584,3.224531,-0.74245566,78,138
-54.58333333333334,-10.083333333333332,-1.5259516,2.752361,2.9757874,-1.070203,78,139
-54.41666666666668,-10.083333333333332,-1.903469,2.160262,2.9503,-1.3528363,78,140
-54.250000000000014,-10.083333333333332,-2.082197,2.0468242,3.1081085,-1.4229904,78,141
-54.08333333333334,-10.083333333333332,-1.914638,2.2439783,3.2111573,-1.3387927,78,142
-53.58333333333334,-10.083333333333332,-2.7697005,2.0481586,2.983727,-0.7138767,78,145
-53.41666666666668,-10.083333333333332,-2.7011392,1.7616582,2.5738363,-0.8199889,78,146
-53.250000000000014,-10.083333333333332,-2.5989602,1.832099,2.3513868,-0.7558293,78,147
-53.08333333333334,-10.083333333333332,-2.582147,1.8612471,2.1461456,-0.73147595,78,148
-52.91666666666668,-10.083333333333332,-2.4943676,2.0203605,1.9264195,-0.64231527,78,149
-52.750000000000014,-10.083333333333332,-2.7845485,1.8572671,1.8119636,-0.76049834,78,150
-52.58333333333334,-10.083333333333332,-2.8532088,1.9439431,1.6339177,-0.7405475,78,151
-52.41666666666668,-10.083333333333332,-2.7924435,2.329152,1.6171466,-0.5636724,78,152
-52.250000000000014,-10.083333333333332,-2.5282466,2.256619,1.5863281,0.121109076,78,153
-52.08333333333334,-10.083333333333332,-2.4346733,2.136685,1.2054379,0.109193705,78,154
-51.91666666666668,-10.083333333333332,-2.4620597,2.2208848,1.1555122,0.14620006,78,155
-51.750000000000014,-10.083333333333332,-2.513295,2.0879602,0.9510707,0.101512685,78,156
-51.58333333333334,-10.083333333333332,-2.6225927,2.0691707,0.8971329,0.12153504,78,157
-51.08333333333334,-10.083333333333332,-2.292076,2.9566624,0.91052395,0.5783192,78,160
-50.91666666666668,-10.083333333333332,-2.321589,2.7155046,0.70207036,0.5145225,78,161
-50.750000000000014,-10.083333333333332,-2.2757056,2.5284245,0.4571018,0.50428003,78,162
-49.250000000000014,-10.083333333333332,-3.9145803,1.0418139,-0.36949104,0.14410998,78,171
-49.08333333333334,-10.083333333333332,-4.434225,0.38723144,-0.5278775,-0.12726295,78,172
-48.750000000000014,-10.083333333333332,-5.2782345,-0.5677671,-0.7602593,-0.52284664,78,174
-48.58333333333334,-10.083333333333332,-5.0369816,0.1625685,-0.60530406,-0.14986089,78,175
-48.41666666666668,-10.083333333333332,-4.466173,0.5163668,-0.79702955,0.0054656304,78,176
-48.250000000000014,-10.083333333333332,-6.2283673,-1.5153569,-1.1476848,-1.822438,78,177
-47.58333333333334,-10.083333333333332,-5.119829,1.0671961,-0.78105444,0.03079959,78,181
-73.91666666666667,-10.25,-0.34937334,0.82845145,-2.902965,0.6533813,79,23
-73.75000000000001,-10.25,-0.83780533,0.33241352,-2.989163,0.3059328,79,24
-73.58333333333334,-10.25,-1.1436164,-0.058212727,-3.0389676,0.13553202,79,25
-73.41666666666667,-10.25,-1.2265621,-0.02626164,-3.0689301,0.1770173,79,26
-73.25000000000001,-10.25,-1.5149753,-0.32897413,-3.0363414,0.061937157,79,27
-73.08333333333334,-10.25,-1.6398519,-0.50992745,-2.9932551,0.031550437,79,28
-72.91666666666667,-10.25,-1.512615,-0.2378059,-2.9267156,0.24858089,79,29
-72.75000000000001,-10.25,-1.7142332,-0.465689,-2.8973336,0.16841874,79,30
-72.58333333333334,-10.25,-1.862463,-0.6756763,-2.8094077,0.06365407,79,31
-72.41666666666667,-10.25,-2.1657927,-1.1108515,-2.7694612,-0.10603957,79,32
-72.25000000000001,-10.25,-2.2200391,-1.1747969,-2.7120085,0.07161871,79,33
-72.08333333333334,-10.25,-2.2565084,-1.230909,-2.6014054,0.14455567,79,34
-71.91666666666667,-10.25,-2.3859875,-1.3838648,-2.537076,0.15470116,79,35
-71.75000000000001,-10.25,-2.4055917,-1.40215,-2.432963,0.2619233,79,36
-71.58333333333334,-10.25,-2.4416685,-1.4180679,-2.33216,0.33938715,79,37
-71.41666666666667,-10.25,-2.432533,-1.3611935,-2.2205663,0.45016822,79,38
-71.25000000000001,-10.25,-2.5723581,-1.4762592,-2.1306453,0.44468996,79,39
-71.08333333333334,-10.25,-2.5777295,-1.3634571,-2.015436,0.57858676,79,40
-70.91666666666667,-10.25,-2.8458228,-1.6348233,-2.0048363,0.47102475,79,41
-70.75000000000001,-10.25,-2.9946437,-1.7354525,-1.9859132,0.47440898,79,42
-70.58333333333334,-10.25,-2.9458702,-1.5151792,-1.9366415,0.6277199,79,43
-70.41666666666667,-10.25,-3.1210747,-1.6205039,-1.9457496,0.5815953,79,44
-70.25000000000001,-10.25,-3.2487779,-1.6438744,-1.971846,0.5652668,79,45
-70.08333333333334,-10.25,-3.4082873,-1.6798546,-1.9972618,0.4651184,79,46
-69.91666666666667,-10.25,-3.4796507,-1.642075,-1.9975811,0.43001384,79,47
-69.75000000000001,-10.25,-3.582462,-1.6622138,-2.0411127,0.40435258,79,48
-69.58333333333334,-10.25,-3.538757,-1.5349661,-2.022232,0.4861767,79,49
-69.41666666666667,-10.25,-3.4589632,-1.401813,-1.965353,0.5742033,79,50
-69.25000000000001,-10.25,-3.5210888,-1.5161809,-1.9610431,0.52803636,79,51
-69.08333333333334,-10.25,-3.5154788,-1.5452673,-1.9157187,0.5506054,79,52
-68.91666666666667,-10.25,-3.447373,-1.5955571,-1.9049572,0.5536433,79,53
-68.75000000000001,-10.25,-3.2604449,-1.3536596,-1.8336766,0.71496445,79,54
-68.58333333333334,-10.25,-3.125445,-1.2209816,-1.9078382,0.7908868,79,55
-68.41666666666667,-10.25,-2.9508345,-1.040207,-2.0754173,0.8905519,79,56
-68.25000000000001,-10.25,-2.8584027,-0.96702224,-2.3596427,0.87548304,79,57
-68.08333333333334,-10.25,-2.6667142,-0.6654748,-2.6321044,0.97608423,79,58
-67.91666666666667,-10.25,-2.406302,-0.38166153,-2.8354635,1.081046,79,59
-67.75000000000001,-10.25,-2.2805402,-0.15749918,-2.8282251,1.1080039,79,60
-67.58333333333334,-10.25,-2.2312353,0.2892377,-2.5322456,0.9681294,79,61
-67.41666666666667,-10.25,-2.04508,0.63307977,-2.2572138,1.0371372,79,62
-67.25000000000001,-10.25,-1.7454065,1.0859523,-1.8932302,1.1574336,79,63
-67.08333333333334,-10.25,-1.5746769,1.2393749,-1.6923639,1.1238775,79,64
-66.91666666666667,-10.25,-1.4516298,1.2598672,-1.5876809,1.0091044,79,65
-66.75000000000001,-10.25,-1.304352,1.5046295,-1.4066755,1.0205137,79,66
-66.58333333333334,-10.25,-1.1155252,1.8416501,-1.223471,1.0896689,79,67
-66.41666666666667,-10.25,-0.9866271,2.0673351,-1.087336,1.0938296,79,68
-66.25000000000001,-10.25,-0.8520866,2.3321388,-0.9538471,1.1340188,79,69
-66.08333333333334,-10.25,-0.783308,2.4754817,-0.8646474,1.1314735,79,70
-65.91666666666667,-10.25,-0.79555166,2.469904,-0.85128164,1.055679,79,71
-65.75000000000001,-10.25,-0.69990814,2.669479,-0.8318116,1.0995358,79,72
-65.58333333333334,-10.25,-0.78693855,2.57216,-0.84715766,0.9896726,79,73
-65.41666666666667,-10.25,-0.8751332,2.514129,-0.9129444,0.9097269,79,74
-65.25000000000001,-10.25,-0.86702174,2.7969646,-0.75750333,1.0362623,79,75
-65.08333333333334,-10.25,-1.0908561,2.2923539,-0.93627536,0.7528013,79,76
-64.91666666666667,-10.25,-1.3385776,2.2608697,-0.6856412,0.7347637,79,77
-64.75000000000001,-10.25,-1.5681621,2.0228784,-0.59861225,0.5696226,79,78
-64.58333333333334,-10.25,-1.6098013,1.6492604,-0.64066094,0.3837011,79,79
-64.41666666666667,-10.25,-1.6952813,1.5400747,-0.43514845,0.32589278,79,80
-64.25000000000001,-10.25,-1.8818572,1.4624101,-0.07449431,0.28075856,79,81
-64.08333333333334,-10.25,-2.1838572,1.150958,0.31344274,0.09248454,79,82
-63.91666666666668,-10.25,-2.4730532,0.82265687,0.6464758,-0.11440885,79,83
-63.750000000000014,-10.25,-2.441595,0.8509428,0.97058016,-0.054883625,79,84
-63.58333333333334,-10.25,-2.798179,0.17628981,0.96522164,-0.41394368,79,85
-63.41666666666668,-10.25,-3.1283677,-0.15336764,0.9403858,-0.6282647,79,86
-63.250000000000014,-10.25,-3.1389613,0.6890718,0.78517264,-0.88544613,79,87
-63.08333333333334,-10.25,-3.341844,0.6197485,0.58266866,-0.9870118,79,88
-62.91666666666668,-10.25,-3.5879269,0.54202384,0.5260591,-1.0900152,79,89
-62.750000000000014,-10.25,-3.8977761,0.31605303,0.48403507,-1.2341971,79,90
-62.58333333333334,-10.25,-4.1396427,0.06712078,0.4947819,-1.4047517,79,91
-62.41666666666668,-10.25,-4.1082335,0.35447612,0.81970507,-1.3503261,79,92
-62.250000000000014,-10.25,-4.114222,0.411883,1.0692465,-1.3581395,79,93
-62.08333333333334,-10.25,-4.185857,0.18249846,1.2045714,-1.4720066,79,94
-61.91666666666668,-10.25,-4.1484003,-0.18315347,1.1093838,-1.6455873,79,95
-61.750000000000014,-10.25,-4.160356,-0.6522369,0.922598,-1.864773,79,96
-61.58333333333334,-10.25,-4.52304,-1.156598,0.9374687,-2.146417,79,97
-61.41666666666668,-10.25,-4.3955026,-0.677331,1.1305908,-1.9335877,79,98
-61.250000000000014,-10.25,-4.292748,-0.6963638,1.0146978,-1.9200696,79,99
-61.08333333333334,-10.25,-3.9733512,-0.15196237,1.0572793,-1.631956,79,100
-60.91666666666668,-10.25,-3.8344634,0.1182505,1.042601,-1.508865,79,101
-60.750000000000014,-10.25,-3.8735955,0.3200983,1.1385815,-1.44658,79,102
-60.58333333333334,-10.25,-3.7012374,0.64707536,1.1405689,-1.2879001,79,103
-60.41666666666668,-10.25,-3.756083,0.52199537,0.98143005,-1.3780092,79,104
-60.250000000000014,-10.25,-3.8703573,0.40423787,0.959404,-1.4629676,79,105
-60.08333333333334,-10.25,-3.882047,0.4194315,0.9222286,-1.4739798,79,106
-59.91666666666668,-10.25,-4.0942144,0.15141483,0.83466715,-1.6256484,79,107
-59.750000000000014,-10.25,-3.89442,0.48873103,0.8584493,-1.4751265,79,108
-59.58333333333334,-10.25,-4.1723185,0.5342144,1.060499,-1.4926819,79,109
-59.41666666666668,-10.25,-4.2103467,0.73455226,1.2656653,-1.4152229,79,110
-59.250000000000014,-10.25,-4.166825,0.69466233,1.153307,-1.4580643,79,111
-59.08333333333334,-10.25,-3.778803,1.2744188,1.1964487,-1.1760725,79,112
-58.91666666666668,-10.25,-3.6023903,1.4503124,1.2380586,-1.0737767,79,113
-58.750000000000014,-10.25,-3.5107458,1.4893398,1.212113,-1.0145752,79,114
-58.58333333333334,-10.25,-3.7382696,1.4265838,1.3937804,-1.0710686,79,115
-58.41666666666668,-10.25,-3.3891954,1.5799689,1.2188168,-0.96103203,79,116
-58.250000000000014,-10.25,-3.4423437,1.6801789,1.1551019,-0.944333,79,117
-58.08333333333334,-10.25,-3.4358954,1.9266262,1.3329736,-0.8336359,79,118
-57.91666666666668,-10.25,-3.4073212,1.6581352,1.311481,-0.9590965,79,119
-57.750000000000014,-10.25,-3.3049536,1.2875353,1.4658365,-1.119811,79,120
-57.58333333333334,-10.25,-3.063784,1.5751845,1.8560861,-0.9726144,79,121
-57.41666666666668,-10.25,-3.3370986,0.7570679,1.8964293,-1.3976753,79,122
-57.250000000000014,-10.25,-2.6044626,1.1744097,2.5340471,-1.8529158,79,123
-57.08333333333334,-10.25,-1.9850055,1.7688707,2.4253476,-1.5572338,79,124
-56.91666666666668,-10.25,-1.6521254,2.7189734,2.5597641,-1.1060408,79,125
-56.750000000000014,-10.25,-1.7026188,2.6367881,2.3591404,-1.162993,79,126
-56.58333333333334,-10.25,-1.735403,2.7966518,2.3209643,-1.0742521,79,127
-56.41666666666668,-10.25,-1.6560564,3.012627,2.3299043,-0.9540787,79,128
-56.250000000000014,-10.25,-1.6989262,2.950058,2.3048565,-0.95884573,79,129
-56.08333333333334,-10.25,-1.5337235,3.328229,2.424074,-0.7392245,79,130
-55.91666666666668,-10.25,-1.3410368,3.6858163,2.5130682,-0.5721446,79,131
-55.750000000000014,-10.25,-1.1963403,3.7928126,2.504746,-0.5459321,79,132
-55.58333333333334,-10.25,-1.1766915,3.8308263,2.8181303,-0.53357506,79,133
-55.41666666666668,-10.25,-1.200218,3.9943273,3.266191,-0.45373246,79,134
-55.250000000000014,-10.25,-1.2176559,3.873594,3.22118,-0.5285128,79,135
-55.08333333333334,-10.25,-1.2221913,3.967659,3.3209224,-0.48741028,79,136
-54.91666666666668,-10.25,-1.2652196,3.8852613,3.3171132,-0.5500977,79,137
-54.750000000000014,-10.25,-1.4447447,3.1573014,2.9709635,-0.94029075,79,138
-54.58333333333334,-10.25,-1.7352374,2.5277529,2.8773777,-1.2640657,79,139
-54.41666666666668,-10.25,-1.8651855,2.3618329,3.074814,-1.327902,79,140
-54.250000000000014,-10.25,-2.2082047,2.2550895,3.3969553,-1.3659632,79,141
-54.08333333333334,-10.25,-2.3416543,1.7485955,3.397396,-1.6361761,79,142
-53.91666666666668,-10.25,-2.94943,1.4732769,2.8803601,-1.0055796,79,143
-53.250000000000014,-10.25,-2.7519488,1.6711656,2.495466,-0.7616773,79,147
-53.08333333333334,-10.25,-2.633599,1.8773369,2.2664936,-0.6415404,79,148
-52.91666666666668,-10.25,-2.61099,2.0413768,2.0857284,-0.5465533,79,149
-52.750000000000014,-10.25,-2.8420749,2.2037222,2.094663,-0.4990915,79,150
-52.58333333333334,-10.25,-3.0131907,2.3303401,2.0023382,-0.48164564,79,151
-52.41666666666668,-10.25,-2.8369155,2.1453655,1.9402374,0.14992565,79,152
-52.250000000000014,-10.25,-2.6401587,2.2132936,1.6031661,0.19158004,79,153
-52.08333333333334,-10.25,-2.477651,2.3016093,1.340617,0.28282702,79,154
-51.91666666666668,-10.25,-2.5613618,2.165813,1.1774331,0.19142255,79,155
-51.750000000000014,-10.25,-2.529978,2.1313658,0.93190867,0.18537626,79,156
-51.58333333333334,-10.25,-2.6193278,2.231884,0.9396562,0.28041568,79,157
-50.750000000000014,-10.25,-2.1663947,2.6282926,0.36652905,0.6492481,79,162
-50.58333333333334,-10.25,-2.1672094,2.7230177,0.34615284,0.7815834,79,163
-49.08333333333334,-10.25,-4.6168513,0.14547431,-0.56424195,-0.09628404,79,172
-48.91666666666668,-10.25,-5.1774664,-0.5455429,-0.658726,-0.38426653,79,173
-48.41666666666668,-10.25,-4.4332404,0.4740032,-0.81713915,0.1578471,79,176
-48.250000000000014,-10.25,-5.550221,-0.81305623,-0.84030974,-0.6080692,79,177
-47.58333333333334,-10.25,-5.4452295,0.61292243,-0.8652247,-0.09154279,79,181
-73.91666666666667,-10.416666666666666,-0.5711898,0.642979,-2.975695,0.47301838,80,23
-73.75000000000001,-10.416666666666666,-1.0838913,0.03924995,-3.0348501,0.14453472,80,24
-73.58333333333334,-10.416666666666666,-1.4408287,-0.45227796,-3.0739396,-0.083773285,80,25
-73.41666666666667,-10.416666666666666,-1.2676365,-0.16037342,-3.0605154,0.134152,80,26
-73.25000000000001,-10.416666666666666,-1.3586525,-0.16308571,-3.0155091,0.18310371,80,27
-73.08333333333334,-10.416666666666666,-1.3178178,-0.13295886,-2.9251764,0.2777183,80,28
-72.91666666666667,-10.416666666666666,-1.4186435,-0.23782761,-2.8576486,0.2759805,80,29
-72.75000000000001,-10.416666666666666,-1.5945246,-0.45024696,-2.7875855,0.21922,80,30
-72.58333333333334,-10.416666666666666,-1.8485636,-0.77103037,-2.7105365,0.11664609,80,31
-72.41666666666667,-10.416666666666666,-2.2820737,-1.4422486,-2.6848288,-0.219059,80,32
-72.25000000000001,-10.416666666666666,-2.456414,-1.69292,-2.6267824,-0.25920165,80,33
-72.08333333333334,-10.416666666666666,-2.421598,-1.6248306,-2.5315685,-0.13252394,80,34
-71.91666666666667,-10.416666666666666,-2.4309156,-1.6011516,-2.4149015,-0.028223483,80,35
-71.75000000000001,-10.416666666666666,-2.3744092,-1.5042288,-2.3263507,0.26229587,80,36
-71.58333333333334,-10.416666666666666,-2.38518,-1.4866196,-2.2119973,0.37684068,80,37
-71.41666666666667,-10.416666666666666,-2.4209604,-1.4865984,-2.0888984,0.45980638,80,38
-71.25000000000001,-10.416666666666666,-2.445761,-1.3880148,-1.9971386,0.58060193,80,39
-71.08333333333334,-10.416666666666666,-2.632671,-1.5337476,-1.9352003,0.5501635,80,40
-70.91666666666667,-10.416666666666666,-2.8744667,-1.7118694,-1.9108061,0.42377406,80,41
-70.75000000000001,-10.416666666666666,-2.919035,-1.6070454,-1.8805097,0.52312875,80,42
-70.58333333333334,-10.416666666666666,-3.0480123,-1.625954,-1.8943671,0.54444236,80,43
-70.41666666666667,-10.416666666666666,-3.2985358,-1.756046,-1.9720598,0.47698393,80,44
-70.25000000000001,-10.416666666666666,-3.4571488,-1.7982959,-2.042135,0.44791648,80,45
-70.08333333333334,-10.416666666666666,-3.532982,-1.6884466,-2.0648785,0.4788876,80,46
-69.91666666666667,-10.416666666666666,-3.6088452,-1.5806696,-2.1304255,0.4422259,80,47
-69.75000000000001,-10.416666666666666,-3.5562136,-1.3360679,-2.159995,0.55132425,80,48
-69.58333333333334,-10.416666666666666,-3.5834022,-1.3107865,-2.1970863,0.54465526,80,49
-69.41666666666667,-10.416666666666666,-3.7286396,-1.5039065,-2.2022834,0.45106637,80,50
-69.25000000000001,-10.416666666666666,-3.7142754,-1.566054,-2.1537445,0.47780517,80,51
-69.08333333333334,-10.416666666666666,-3.598824,-1.524874,-2.064674,0.5464407,80,52
-68.91666666666667,-10.416666666666666,-3.4529312,-1.4192138,-1.9386939,0.6448357,80,53
-68.75000000000001,-10.416666666666666,-3.3265972,-1.3166177,-1.8184587,0.72093856,80,54
-68.58333333333334,-10.416666666666666,-3.1240833,-1.0838789,-1.7351668,0.85408574,80,55
-68.41666666666667,-10.416666666666666,-3.0388858,-1.0353808,-1.8749704,0.86753225,80,56
-68.25000000000001,-10.416666666666666,-2.8441803,-0.81858456,-2.1647408,0.9462151,80,57
-68.08333333333334,-10.416666666666666,-2.589253,-0.46688318,-2.396698,1.0736961,80,58
-67.91666666666667,-10.416666666666666,-2.3606637,-0.1996862,-2.5466201,1.1569364,80,59
-67.75000000000001,-10.416666666666666,-2.323664,-0.037341088,-2.5058596,1.1626805,80,60
-67.58333333333334,-10.416666666666666,-2.1937203,0.19787669,-2.360593,1.1958517,80,61
-67.41666666666667,-10.416666666666666,-1.8984423,0.7538203,-2.2438104,1.1066473,80,62
-67.25000000000001,-10.416666666666666,-1.6462271,1.0334952,-2.088543,1.128519,80,63
-67.08333333333334,-10.416666666666666,-1.5318933,1.1517305,-1.8933585,1.0667653,80,64
-66.91666666666667,-10.416666666666666,-1.4169132,1.3170139,-1.6760714,1.0425763,80,65
-66.75000000000001,-10.416666666666666,-1.187797,1.7365559,-1.4252323,1.1501447,80,66
-66.58333333333334,-10.416666666666666,-1.04948,1.9821925,-1.265954,1.1316162,80,67
-66.41666666666667,-10.416666666666666,-0.85910267,2.2897725,-1.1088822,1.1929623,80,68
-66.25000000000001,-10.416666666666666,-0.8020311,2.4582052,-1.0058063,1.1793042,80,69
-66.08333333333334,-10.416666666666666,-0.754352,2.5980089,-0.90617967,1.1675636,80,70
-65.91666666666667,-10.416666666666666,-0.56849575,2.883995,-0.83353,1.2513969,80,71
-65.75000000000001,-10.416666666666666,-0.54811054,2.9487793,-0.8117421,1.2353941,80,72
-65.58333333333334,-10.416666666666666,-0.65694857,2.7918034,-0.8328465,1.1208495,80,73
-65.41666666666667,-10.416666666666666,-0.6185035,3.0778036,-0.7060192,1.2568139,80,74
-65.25000000000001,-10.416666666666666,-0.8775836,3.0437114,-0.4921059,1.2183039,80,75
-65.08333333333334,-10.416666666666666,-1.0737044,2.6760707,-0.6591267,0.965965,80,76
-64.91666666666667,-10.416666666666666,-1.2908932,2.3844945,-0.6681407,0.7931931,80,77
-64.75000000000001,-10.416666666666666,-1.6155612,2.0683794,-0.55845475,0.6107044,80,78
-64.58333333333334,-10.416666666666666,-1.5904156,1.7419994,-0.69089913,0.42912257,80,79
-64.41666666666667,-10.416666666666666,-1.8029891,1.3789852,-0.589411,0.24159585,80,80
-64.25000000000001,-10.416666666666666,-2.0240347,1.1840236,-0.29465023,0.12911016,80,81
-64.08333333333334,-10.416666666666666,-2.2102287,1.0951256,0.12580582,0.065139554,80,82
-63.91666666666668,-10.416666666666666,-2.5590184,0.57682425,0.45346877,-0.2118323,80,83
-63.750000000000014,-10.416666666666666,-2.515735,0.682017,0.88066,-0.13638344,80,84
-63.58333333333334,-10.416666666666666,-2.9325957,0.12743086,1.0264899,-0.46032345,80,85
-63.41666666666668,-10.416666666666666,-3.345092,0.14255667,0.8180971,-1.1065785,80,86
-63.250000000000014,-10.416666666666666,-3.25438,0.45694923,0.5843071,-0.97379184,80,87
-63.08333333333334,-10.416666666666666,-3.6353436,0.10084388,0.3373682,-1.2523063,80,88
-62.91666666666668,-10.416666666666666,-3.8354075,0.24495897,0.36530837,-1.2447633,80,89
-62.750000000000014,-10.416666666666666,-4.1364985,0.009370134,0.3398458,-1.4086353,80,90
-62.58333333333334,-10.416666666666666,-4.205865,0.23169069,0.6433345,-1.3485337,80,91
-62.41666666666668,-10.416666666666666,-4.1857905,0.36208397,0.9873106,-1.3451368,80,92
-62.250000000000014,-10.416666666666666,-4.3753934,0.14212096,1.1752261,-1.4687588,80,93
-62.08333333333334,-10.416666666666666,-4.3910403,0.031168228,1.3561676,-1.49781,80,94
-61.91666666666668,-10.416666666666666,-4.3686543,-0.30147284,1.3700813,-1.6493573,80,95
-61.750000000000014,-10.416666666666666,-4.2221456,-0.66501427,1.1152625,-1.8011534,80,96
-61.58333333333334,-10.416666666666666,-4.41183,-0.91611344,1.1271514,-1.9512856,80,97
-61.41666666666668,-10.416666666666666,-4.6355286,-0.78093237,1.376439,-1.9351385,80,98
-61.250000000000014,-10.416666666666666,-4.5582824,-0.9579708,1.1578702,-2.0106568,80,99
-61.08333333333334,-10.416666666666666,-4.1197267,0.16346116,1.420967,-1.439637,80,100
-60.91666666666668,-10.416666666666666,-4.102251,-0.19679388,1.0963959,-1.6326234,80,101
-60.750000000000014,-10.416666666666666,-4.0015187,-0.043115802,1.0540912,-1.5553387,80,102
-60.58333333333334,-10.416666666666666,-3.8213933,0.49445614,1.1471175,-1.2919512,80,103
-60.41666666666668,-10.416666666666666,-3.9508948,0.2923595,1.0332956,-1.4372448,80,104
-60.250000000000014,-10.416666666666666,-4.0932384,0.12454129,0.9502915,-1.5524608,80,105
-60.08333333333334,-10.416666666666666,-4.3458652,-0.29921472,0.8310715,-1.7725241,80,106
-59.91666666666668,-10.416666666666666,-4.153659,0.15845568,0.8852329,-1.5427955,80,107
-59.750000000000014,-10.416666666666666,-4.228222,0.14281057,0.83290976,-1.5876654,80,108
-59.58333333333334,-10.416666666666666,-4.4564285,0.04508239,0.96436775,-1.6714793,80,109
-59.41666666666668,-10.416666666666666,-4.407916,0.33204213,1.101317,-1.5457083,80,110
-59.250000000000014,-10.416666666666666,-4.3668537,0.25957564,1.0360587,-1.596697,80,111
-59.08333333333334,-10.416666666666666,-4.6549177,-0.09932779,1.0906996,-1.8298758,80,112
-58.91666666666668,-10.416666666666666,-4.421589,0.36760435,1.2729363,-1.594667,80,113
-58.750000000000014,-10.416666666666666,-3.8959453,1.0640434,1.3279663,-1.1853932,80,114
-58.58333333333334,-10.416666666666666,-3.7498107,1.2390704,1.4165925,-1.0582538,80,115
-58.41666666666668,-10.416666666666666,-3.5722635,1.2670577,1.3164693,-1.0297918,80,116
-58.250000000000014,-10.416666666666666,-3.4878607,1.4784073,1.2933472,-0.96391594,80,117
-58.08333333333334,-10.416666666666666,-3.7059,1.3564101,1.3963244,-1.0261383,80,118
-57.91666666666668,-10.416666666666666,-4.5153384,-0.15550841,1.3574698,-1.7782573,80,119
-57.750000000000014,-10.416666666666666,-4.042493,0.48413706,1.7827727,-1.3949094,80,120
-57.58333333333334,-10.416666666666666,-3.758362,0.31931993,1.8762534,-1.4698491,80,121
-57.41666666666668,-10.416666666666666,-3.3803585,0.729502,2.0577223,-1.2656347,80,122
-57.250000000000014,-10.416666666666666,-3.1031938,1.0678343,2.023954,-1.1484498,80,123
-57.08333333333334,-10.416666666666666,-2.9606109,1.2859373,1.9221481,-1.0948194,80,124
-56.91666666666668,-10.416666666666666,-2.2338226,1.836999,2.3103325,-1.5318635,80,125
-56.750000000000014,-10.416666666666666,-2.1882532,1.8996075,2.1200633,-1.5407608,80,126
-56.58333333333334,-10.416666666666666,-2.2667873,2.2335684,2.2287526,-1.3809448,80,127
-56.41666666666668,-10.416666666666666,-2.110725,2.3320327,2.0872993,-1.3412925,80,128
-56.250000000000014,-10.416666666666666,-2.0041296,2.7125328,2.1519222,-1.1404196,80,129
-56.08333333333334,-10.416666666666666,-1.7888395,3.4979794,2.3758698,-0.752629,80,130
-55.91666666666668,-10.416666666666666,-1.5235357,3.5866616,2.3135242,-0.70940226,80,131
-55.750000000000014,-10.416666666666666,-1.6097933,3.719711,2.5860686,-0.6789503,80,132
-55.58333333333334,-10.416666666666666,-1.5261168,3.7856634,2.7365074,-0.65006375,80,133
-55.41666666666668,-10.416666666666666,-1.557594,3.8674934,2.985399,-0.6109869,80,134
-55.250000000000014,-10.416666666666666,-1.6846095,3.7407758,3.0781116,-0.68412846,80,135
-55.08333333333334,-10.416666666666666,-1.7761239,3.571045,3.0648868,-0.80026054,80,136
-54.91666666666668,-10.416666666666666,-1.7945558,3.435411,3.0343306,-0.87260264,80,137
-54.750000000000014,-10.416666666666666,-1.7368292,3.412288,3.0351028,-0.8869381,80,138
-54.58333333333334,-10.416666666666666,-1.788577,3.1900923,3.210524,-0.9778662,80,139
-54.41666666666668,-10.416666666666666,-2.2156186,2.3808837,3.3355672,-1.357765,80,140
-54.250000000000014,-10.416666666666666,-2.5469823,1.7630941,3.407699,-1.667369,80,141
-54.08333333333334,-10.416666666666666,-3.4661818,1.2738379,3.047406,-1.1224847,80,142
-53.91666666666668,-10.416666666666666,-3.2002451,1.3507166,3.044307,-1.0253398,80,143
-53.41666666666668,-10.416666666666666,-2.911173,1.5785416,2.921098,-0.7576662,80,146
-53.250000000000014,-10.416666666666666,-2.904397,1.6362877,2.596789,-0.708786,80,147
-53.08333333333334,-10.416666666666666,-2.6201746,1.4271913,2.414177,-0.04845283,80,148
-52.91666666666668,-10.416666666666666,-2.711459,1.5217028,2.2436273,-0.0024077168,80,149
-52.750000000000014,-10.416666666666666,-2.8842793,1.8637872,2.314217,0.10380288,80,150
-52.58333333333334,-10.416666666666666,-3.0011797,1.9758466,2.1701868,0.12649225,80,151
-52.41666666666668,-10.416666666666666,-2.9446602,2.37677,2.0735207,0.33378288,80,152
-52.250000000000014,-10.416666666666666,-2.6696007,2.319571,1.5802481,0.34112993,80,153
-52.08333333333334,-10.416666666666666,-2.6606991,2.2297785,1.4002827,0.31999943,80,154
-51.91666666666668,-10.416666666666666,-2.5674226,2.5710769,1.3697212,0.4981683,80,155
-51.750000000000014,-10.416666666666666,-2.4011993,2.9029706,1.2348869,0.6982127,80,156
-51.58333333333334,-10.416666666666666,-2.423093,2.7173378,1.0276612,0.5701014,80,157
-51.41666666666668,-10.416666666666666,-2.6425273,2.2481308,0.84585136,0.34004346,80,158
-49.41666666666668,-10.416666666666666,-3.8339927,1.2715847,-0.32151344,0.5001949,80,170
-49.08333333333334,-10.416666666666666,-4.8377714,-0.12393205,-0.5791771,-0.09175644,80,172
-48.91666666666668,-10.416666666666666,-5.1957746,-0.4366901,-0.633369,-0.12021925,80,173
-48.58333333333334,-10.416666666666666,-5.5796084,-0.7099633,-0.7695366,-0.28203538,80,175
-48.41666666666668,-10.416666666666666,-4.6630774,0.26515445,-0.83199036,0.20997488,80,176
-48.250000000000014,-10.416666666666666,-5.277419,0.039010532,-0.6597436,-0.022947436,80,177
-47.58333333333334,-10.416666666666666,-5.5020285,0.62766564,-0.83609563,0.03585117,80,181
-74.08333333333334,-10.583333333333332,-3.2389853,-3.515419,-3.2835848,-1.638001,81,22
-73.91666666666667,-10.583333333333332,-0.7935276,0.55577487,-3.1764438,0.35448235,81,23
-73.75000000000001,-10.583333333333332,-1.1515816,0.09745768,-3.1557786,0.14911309,81,24
-73.58333333333334,-10.583333333333332,-1.4264011,-0.43248737,-3.1210227,-0.060770188,81,25
-73.41666666666667,-10.583333333333332,-1.0668917,0.17006467,-3.0601802,0.32125768,81,26
-73.25000000000001,-10.583333333333332,-1.0875081,0.120295376,-2.9661832,0.3634106,81,27
-73.08333333333334,-10.583333333333332,-1.1651893,-0.03261862,-2.8867288,0.35262725,81,28
-72.91666666666667,-10.583333333333332,-1.3264385,-0.22972776,-2.776102,0.3164298,81,29
-72.75000000000001,-10.583333333333332,-1.5067047,-0.46929643,-2.6611762,0.24930155,81,30
-72.58333333333334,-10.583333333333332,-1.7347462,-0.80015385,-2.577998,0.15574852,81,31
-72.41666666666667,-10.583333333333332,-2.1834517,-1.4628943,-2.5308905,-0.12826574,81,32
-72.25000000000001,-10.583333333333332,-2.2920115,-1.612124,-2.4575884,-0.100044884,81,33
-72.08333333333334,-10.583333333333332,-2.2524884,-1.5476443,-2.343032,0.02990462,81,34
-71.91666666666667,-10.583333333333332,-2.3092697,-1.6292442,-2.235112,0.07807211,81,35
-71.75000000000001,-10.583333333333332,-2.2790172,-1.5596564,-2.10488,0.23653722,81,36
-71.58333333333334,-10.583333333333332,-2.2465255,-1.4789267,-1.9900637,0.39791378,81,37
-71.41666666666667,-10.583333333333332,-2.3257136,-1.4743398,-1.8869302,0.47788426,81,38
-71.25000000000001,-10.583333333333332,-2.5480566,-1.668944,-1.8403735,0.42030075,81,39
-71.08333333333334,-10.583333333333332,-2.779899,-1.8490152,-1.8207929,0.37477416,81,40
-70.91666666666667,-10.583333333333332,-2.8954425,-1.8183278,-1.7696562,0.43933174,81,41
-70.75000000000001,-10.583333333333332,-3.0559978,-1.8702261,-1.7886491,0.45189247,81,42
-70.58333333333334,-10.583333333333332,-3.1944625,-1.8396474,-1.8352845,0.5073221,81,43
-70.41666666666667,-10.583333333333332,-3.371745,-1.8423649,-1.9079642,0.5102209,81,44
-70.25000000000001,-10.583333333333332,-3.4825728,-1.7504852,-2.0172982,0.5427149,81,45
-70.08333333333334,-10.583333333333332,-3.5093393,-1.5094073,-2.0925376,0.62188685,81,46
-69.91666666666667,-10.583333333333332,-3.6179185,-1.3869253,-2.2026098,0.56986237,81,47
-69.75000000000001,-10.583333333333332,-3.7553432,-1.3656456,-2.3311243,0.5028131,81,48
-69.58333333333334,-10.583333333333332,-3.8962212,-1.4958674,-2.4364567,0.40112397,81,49
-69.41666666666667,-10.583333333333332,-3.8784919,-1.4511695,-2.3964067,0.47397444,81,50
-69.25000000000001,-10.583333333333332,-3.6408322,-1.1392312,-2.2313669,0.6885776,81,51
-69.08333333333334,-10.583333333333332,-3.4432085,-1.0479262,-2.064528,0.7979427,81,52
-68.91666666666667,-10.583333333333332,-3.2377815,-0.92401123,-1.8953121,0.91325074,81,53
-68.75000000000001,-10.583333333333332,-3.086973,-0.77008444,-1.6282169,1.0364738,81,54
-68.58333333333334,-10.583333333333332,-2.9555252,-0.63140595,-1.3625479,1.1169165,81,55
-68.41666666666667,-10.583333333333332,-2.812387,-0.47721547,-1.4355941,1.2016404,81,56
-68.25000000000001,-10.583333333333332,-2.6512861,-0.31800747,-1.7705005,1.2265328,81,57
-68.08333333333334,-10.583333333333332,-2.500809,-0.09388715,-1.974933,1.2469678,81,58
-67.91666666666667,-10.583333333333332,-2.4132626,-0.014181977,-2.1879222,1.2391851,81,59
-67.75000000000001,-10.583333333333332,-2.2755642,0.19011864,-2.2033122,1.292773,81,60
-67.58333333333334,-10.583333333333332,-2.0494337,0.32085234,-2.2121513,1.2926893,81,61
-67.41666666666667,-10.583333333333332,-1.7303737,0.63346547,-2.178011,1.408073,81,62
-67.25000000000001,-10.583333333333332,-1.6521819,1.0253913,-2.052238,1.1313671,81,63
-67.08333333333334,-10.583333333333332,-1.5196474,1.2120256,-1.8510875,1.1077889,81,64
-66.91666666666667,-10.583333333333332,-1.2568543,1.5836303,-1.6162491,1.2076248,81,65
-66.75000000000001,-10.583333333333332,-1.1171294,1.8674024,-1.4281821,1.2058063,81,66
-66.58333333333334,-10.583333333333332,-0.9178403,2.2096565,-1.2680126,1.2554901,81,67
-66.41666666666667,-10.583333333333332,-0.7917274,2.4358766,-1.1512069,1.2474061,81,68
-66.25000000000001,-10.583333333333332,-0.6687132,2.6951792,-1.034648,1.2510626,81,69
-66.08333333333334,-10.583333333333332,-0.48433876,3.0751266,-0.9207913,1.3769002,81,70
-65.91666666666667,-10.583333333333332,-0.45219308,3.0971305,-0.8722331,1.3264036,81,71
-65.75000000000001,-10.583333333333332,-0.37551457,3.2294757,-0.82338506,1.3650825,81,72
-65.58333333333334,-10.583333333333332,-0.46280158,3.200779,-0.77207786,1.3451505,81,73
-65.41666666666667,-10.583333333333332,-0.547215,3.2898452,-0.58211523,1.4257355,81,74
-65.25000000000001,-10.583333333333332,-0.70475984,3.1213846,-0.5544422,1.3036224,81,75
-65.08333333333334,-10.583333333333332,-0.92546487,2.6502097,-0.7577225,1.0125188,81,76
-64.91666666666667,-10.583333333333332,-1.196009,2.2920787,-0.82381225,0.7871594,81,77
-64.75000000000001,-10.583333333333332,-1.6716471,1.6243557,-0.8932696,0.39473593,81,78
-64.58333333333334,-10.583333333333332,-1.868285,1.2630966,-0.89815104,0.19662072,81,79
-64.41666666666667,-10.583333333333332,-2.426111,0.4862246,-0.86879146,-0.23824383,81,80
-64.25000000000001,-10.583333333333332,-2.4251013,0.51043594,-0.668144,-0.23163827,81,81
-64.08333333333334,-10.583333333333332,-2.822753,-0.004922406,-0.43516907,-0.5266474,81,82
-63.91666666666668,-10.583333333333332,-2.637417,0.300495,-0.03128592,-0.3670227,81,83
-63.750000000000014,-10.583333333333332,-2.747122,0.2742289,0.45578703,-0.37825304,81,84
-63.58333333333334,-10.583333333333332,-3.4339335,-0.16299707,0.40738142,-1.2449522,81,85
-63.41666666666668,-10.583333333333332,-3.3130472,-0.5343283,0.30872414,-0.82268155,81,86
-63.250000000000014,-10.583333333333332,-3.2467053,-0.26519564,0.16153546,-0.7206883,81,87
-63.08333333333334,-10.583333333333332,-3.8530335,-0.015709125,0.17110778,-1.2793816,81,88
-62.91666666666668,-10.583333333333332,-4.252969,-0.22773434,0.14740361,-1.4898207,81,89
-62.750000000000014,-10.583333333333332,-4.2277718,0.18303198,0.37180918,-1.3276463,81,90
-62.58333333333334,-10.583333333333332,-4.2481008,0.3355127,0.6428335,-1.2852622,81,91
-62.41666666666668,-10.583333333333332,-4.650142,-0.20607914,0.85744375,-1.6059511,81,92
-62.250000000000014,-10.583333333333332,-4.653571,-0.28130108,1.196437,-1.6322203,81,93
-62.08333333333334,-10.583333333333332,-4.5872426,-0.20513265,1.5187539,-1.5516268,81,94
-61.91666666666668,-10.583333333333332,-4.4837127,-0.32782128,1.6697044,-1.5682708,81,95
-61.750000000000014,-10.583333333333332,-4.3116035,-0.7252021,1.3549579,-1.7548993,81,96
-61.58333333333334,-10.583333333333332,-4.613937,-1.1814443,1.2451496,-2.0259426,81,97
-61.41666666666668,-10.583333333333332,-4.728664,-0.82639223,1.5265439,-1.9137381,81,98
-61.250000000000014,-10.583333333333332,-4.495245,-0.5586559,1.4365892,-1.7594985,81,99
-61.08333333333334,-10.583333333333332,-4.168331,-0.16909061,1.3062767,-1.5299765,81,100
-60.91666666666668,-10.583333333333332,-4.1577425,-0.22532912,1.1601292,-1.5603026,81,101
-60.750000000000014,-10.583333333333332,-4.156784,-0.19255944,1.099638,-1.5600104,81,102
-60.58333333333334,-10.583333333333332,-4.015764,0.06867187,1.0447792,-1.4219757,81,103
-60.41666666666668,-10.583333333333332,-4.1493235,-0.10668294,0.9625536,-1.5418636,81,104
-60.250000000000014,-10.583333333333332,-4.341303,-0.33720165,0.8810216,-1.7023072,81,105
-60.08333333333334,-10.583333333333332,-4.5490265,-0.515898,0.82122046,-1.8116518,81,106
-59.91666666666668,-10.583333333333332,-4.324879,-0.010930943,0.8635394,-1.5584966,81,107
-59.750000000000014,-10.583333333333332,-4.718166,-0.62220013,0.7756404,-1.9041302,81,108
-59.58333333333334,-10.583333333333332,-4.576535,-0.24707963,0.84777397,-1.7269355,81,109
-59.41666666666668,-10.583333333333332,-4.522321,0.36235264,1.1524297,-1.4487537,81,110
-59.250000000000014,-10.583333333333332,-4.6196,0.22552125,1.1706207,-1.5501715,81,111
-59.08333333333334,-10.583333333333332,-4.798315,-0.30194134,1.0510894,-1.851337,81,112
-58.91666666666668,-10.583333333333332,-4.959686,-0.51224416,1.1252122,-1.9871981,81,113
-58.750000000000014,-10.583333333333332,-4.5805902,-0.04718193,1.2027048,-1.6990082,81,114
-58.58333333333334,-10.583333333333332,-3.970413,0.91377085,1.328535,-1.1494082,81,115
-58.41666666666668,-10.583333333333332,-3.5514376,0.54762363,1.2214705,-0.63195777,81,116
-58.250000000000014,-10.583333333333332,-3.727503,0.74853015,1.0898256,-1.2172321,81,117
-58.08333333333334,-10.583333333333332,-3.7847927,0.8016949,1.2244151,-1.1827389,81,118
-57.91666666666668,-10.583333333333332,-4.3044996,0.09845188,1.4713218,-1.5485437,81,119
-57.750000000000014,-10.583333333333332,-4.5112343,-0.3335662,1.7189825,-1.7431412,81,120
-57.58333333333334,-10.583333333333332,-3.9936345,0.077876456,2.008918,-1.4832529,81,121
-57.41666666666668,-10.583333333333332,-3.5510669,0.45586702,2.0133488,-1.2922766,81,122
-57.250000000000014,-10.583333333333332,-3.3575811,0.69023263,1.8685277,-1.2422149,81,123
-57.08333333333334,-10.583333333333332,-3.2069762,1.0596755,1.7707691,-1.1179751,81,124
-56.91666666666668,-10.583333333333332,-3.1214638,1.3708527,1.6779305,-1.0298588,81,125
-56.750000000000014,-10.583333333333332,-3.0130928,1.5937035,1.4844972,-0.97911495,81,126
-56.58333333333334,-10.583333333333332,-2.3663535,1.8918036,1.8518734,-1.5548304,81,127
-56.41666666666668,-10.583333333333332,-2.4754739,1.7995888,1.8319873,-1.6172403,81,128
-56.250000000000014,-10.583333333333332,-2.1727529,2.6042306,1.952318,-1.2347171,81,129
-56.08333333333334,-10.583333333333332,-2.0942707,3.0713367,2.083032,-1.0279747,81,130
-55.91666666666668,-10.583333333333332,-1.9078261,3.4248018,2.195595,-0.855529,81,131
-55.750000000000014,-10.583333333333332,-1.8847158,3.4139087,2.2895343,-0.8917006,81,132
-55.58333333333334,-10.583333333333332,-1.8777027,3.6106868,2.4743528,-0.8178807,81,133
-55.41666666666668,-10.583333333333332,-1.9376372,3.6094353,2.6019268,-0.8398944,81,134
-55.250000000000014,-10.583333333333332,-2.024901,3.4929996,2.6339772,-0.90966886,81,135
-55.08333333333334,-10.583333333333332,-2.1663477,3.1367366,2.6031485,-1.0953143,81,136
-54.91666666666668,-10.583333333333332,-2.4068425,2.5753863,2.5332115,-1.371688,81,137
-54.750000000000014,-10.583333333333332,-2.2148783,2.7213953,2.7425032,-1.2857329,81,138
-54.58333333333334,-10.583333333333332,-2.819483,2.5626488,2.5797207,-0.58498067,81,139
-54.41666666666668,-10.583333333333332,-3.1017537,1.6707808,2.6189485,-0.9794533,81,140
-54.250000000000014,-10.583333333333332,-3.3900623,1.0690942,2.6114051,-1.255774,81,141
-54.08333333333334,-10.583333333333332,-3.499419,1.0270578,2.8186193,-1.2098181,81,142
-53.91666666666668,-10.583333333333332,-3.3837905,1.4492339,3.154283,-0.92960167,81,143
-53.750000000000014,-10.583333333333332,-3.2775662,1.4212607,3.2414505,-0.8612968,81,144
-53.58333333333334,-10.583333333333332,-3.2359967,1.4684192,3.310333,-0.78981173,81,145
-53.41666666666668,-10.583333333333332,-3.2233198,1.4482521,2.966776,-0.76395583,81,146
-53.250000000000014,-10.583333333333332,-3.0712483,0.973925,2.6927803,-0.20397317,81,147
-53.08333333333334,-10.583333333333332,-2.8030033,1.3957657,2.4397495,0.03996519,81,148
-52.91666666666668,-10.583333333333332,-3.0591145,1.3535964,2.3180265,-0.028890178,81,149
-52.750000000000014,-10.583333333333332,-3.111243,1.9206065,2.3959737,0.24408504,81,150
-52.58333333333334,-10.583333333333332,-3.1851814,2.121673,2.289427,0.30495393,81,151
-52.41666666666668,-10.583333333333332,-3.1145823,2.4676766,2.1436582,0.482902,81,152
-52.250000000000014,-10.583333333333332,-2.823552,2.605182,1.7749208,0.60880446,81,153
-52.08333333333334,-10.583333333333332,-2.649734,2.5898054,1.4214636,0.5989111,81,154
-51.91666666666668,-10.583333333333332,-2.350289,3.183247,1.3969394,0.91515285,81,155
-51.750000000000014,-10.583333333333332,-2.1929412,3.377138,1.2466146,1.0274901,81,156
-51.58333333333334,-10.583333333333332,-2.127222,3.1826246,1.0107334,0.9270766,81,157
-51.41666666666668,-10.583333333333332,-2.2223127,2.5861788,0.62786365,0.64694965,81,158
-51.250000000000014,-10.583333333333332,-2.5743406,1.5019008,0.22753361,0.14761639,81,159
-51.08333333333334,-10.583333333333332,-2.008887,2.7873695,0.4316442,0.91360533,81,160
-49.08333333333334,-10.583333333333332,-4.933605,-0.1596253,-0.58850306,-0.025947887,81,172
-48.91666666666668,-10.583333333333332,-5.246135,-0.30005947,-0.58536696,0.029990729,81,173
-48.58333333333334,-10.583333333333332,-5.7258396,-0.9358609,-0.7932151,-0.2517663,81,175
-48.41666666666668,-10.583333333333332,-4.7513833,0.35478845,-0.7272983,0.3568173,81,176
-48.250000000000014,-10.583333333333332,-5.1757016,0.4367354,-0.5202674,0.27152106,81,177
-48.08333333333334,-10.583333333333332,-5.996677,-1.2614217,-0.9655859,-0.6796362,81,178
-75.08333333333334,-10.75,-7.3575563,-9.587645,-3.7278059,-4.592639,82,16
-74.91666666666667,-10.75,-5.9023504,-8.060318,-3.2085116,-3.7089093,82,17
-73.75000000000001,-10.75,-1.4845746,-0.2763844,-3.3178892,-0.09080374,82,24
-73.58333333333334,-10.75,-1.0636266,0.24544692,-3.2454247,0.2531688,82,25
-73.41666666666667,-10.75,-1.0368546,0.1514247,-3.1181655,0.2911409,82,26
-73.25000000000001,-10.75,-1.0901332,0.019747782,-2.9959114,0.30516335,82,27
-73.08333333333334,-10.75,-1.2642573,-0.3302166,-2.8579922,0.21646002,82,28
-72.91666666666667,-10.75,-1.430929,-0.53628516,-2.7046814,0.17252564,82,29
-72.75000000000001,-10.75,-1.666251,-0.9033744,-2.5838673,0.051339842,82,30
-72.58333333333334,-10.75,-1.8346388,-1.1681107,-2.4684627,-0.008687021,82,31
-72.41666666666667,-10.75,-2.190061,-1.675251,-2.3863761,-0.1816662,82,32
-72.25000000000001,-10.75,-2.1912246,-1.6656216,-2.260129,-0.06006064,82,33
-72.08333333333334,-10.75,-2.120792,-1.5668725,-2.1185224,0.091111,82,34
-71.91666666666667,-10.75,-2.0478156,-1.4411614,-1.9901276,0.25886834,82,35
-71.75000000000001,-10.75,-2.0645347,-1.4512271,-1.8635918,0.36755455,82,36
-71.58333333333334,-10.75,-2.230251,-1.6837897,-1.7796264,0.35095888,82,37
-71.41666666666667,-10.75,-2.409882,-1.8570949,-1.7055314,0.34122723,82,38
-71.25000000000001,-10.75,-2.814637,-2.2967734,-1.7142003,0.1751071,82,39
-71.08333333333334,-10.75,-2.8902366,-2.2360897,-1.6452612,0.28461328,82,40
-70.91666666666667,-10.75,-2.8890023,-2.009558,-1.6048706,0.4719846,82,41
-70.75000000000001,-10.75,-2.9822886,-1.9158335,-1.6134123,0.55421585,82,42
-70.58333333333334,-10.75,-3.1164494,-1.8248607,-1.6737401,0.62883174,82,43
-70.41666666666667,-10.75,-3.2563221,-1.7199106,-1.7817034,0.68582356,82,44
-70.25000000000001,-10.75,-3.4275289,-1.6154108,-1.9161679,0.70924884,82,45
-70.08333333333334,-10.75,-3.7377963,-1.7221621,-2.1003234,0.5351501,82,46
-69.91666666666667,-10.75,-3.8582091,-1.5970324,-2.2765815,0.50493956,82,47
-69.75000000000001,-10.75,-4.0317636,-1.5800924,-2.4529178,0.412548,82,48
-69.58333333333334,-10.75,-4.0733423,-1.4225732,-2.5415804,0.4358483,82,49
-69.41666666666667,-10.75,-3.972057,-1.16869,-2.4936988,0.6007225,82,50
-69.25000000000001,-10.75,-3.8175316,-0.8977428,-2.2085178,0.7922746,82,51
-69.08333333333334,-10.75,-3.5441163,-0.8123392,-2.0602942,0.9132201,82,52
-68.91666666666667,-10.75,-3.263212,-0.69600165,-1.889616,1.0348521,82,53
-68.75000000000001,-10.75,-3.0953827,-0.71015686,-1.7014142,1.0711871,82,54
-68.58333333333334,-10.75,-2.8836796,-0.37136203,-1.3382093,1.2663139,82,55
-68.41666666666667,-10.75,-2.801368,-0.20726731,-1.2308434,1.3272285,82,56
-68.25000000000001,-10.75,-2.6524107,-0.08871673,-1.5370501,1.3466941,82,57
-68.08333333333334,-10.75,-2.4733248,-0.054472875,-1.8880954,1.3335626,82,58
-67.91666666666667,-10.75,-2.3287272,0.04116332,-2.0941377,1.3371713,82,59
-67.75000000000001,-10.75,-2.074042,0.35727984,-2.1147652,1.4243615,82,60
-67.58333333333334,-10.75,-1.9302135,0.508851,-2.1379886,1.4348793,82,61
-67.41666666666667,-10.75,-1.7948601,0.6289288,-2.0610952,1.4336867,82,62
-67.25000000000001,-10.75,-1.6859754,1.0829811,-1.9207419,1.1744046,82,63
-67.08333333333334,-10.75,-1.4723176,1.353229,-1.758091,1.2071208,82,64
-66.91666666666667,-10.75,-1.210159,1.6911672,-1.5392121,1.2861997,82,65
-66.75000000000001,-10.75,-1.0137191,2.0122378,-1.3635263,1.3118649,82,66
-66.58333333333334,-10.75,-0.76531523,2.4329102,-1.2379788,1.3835317,82,67
-66.41666666666667,-10.75,-0.54955226,2.8656929,-1.1294677,1.4573057,82,68
-66.25000000000001,-10.75,-0.3884735,3.2082384,-1.0320309,1.4884245,82,69
-66.08333333333334,-10.75,-0.30822936,3.3981755,-0.96928227,1.4883411,82,70
-65.91666666666667,-10.75,-0.2108478,3.5299592,-0.89998466,1.5024377,82,71
-65.75000000000001,-10.75,-0.34341258,3.4295626,-0.81828386,1.4693074,82,72
-65.58333333333334,-10.75,-0.40263343,3.3801477,-0.747317,1.4641707,82,73
-65.41666666666667,-10.75,-0.44854033,3.4378738,-0.5498161,1.5535061,82,74
-65.25000000000001,-10.75,-0.6568584,3.3518767,-0.40600896,1.4898092,82,75
-65.08333333333334,-10.75,-1.0879599,2.62975,-0.6692562,1.036999,82,76
-64.91666666666667,-10.75,-1.1403702,2.5354166,-0.7850646,0.95571196,82,77
-64.75000000000001,-10.75,-1.2328377,2.281273,-0.9026459,0.78717536,82,78
-64.58333333333334,-10.75,-1.4275808,2.0408742,-0.91643834,0.6447806,82,79
-64.41666666666667,-10.75,-1.9234078,1.2715375,-0.9377502,0.22738886,82,80
-64.25000000000001,-10.75,-2.6190689,0.2786538,-0.9439934,-0.35999554,82,81
-64.08333333333334,-10.75,-3.1475964,-0.4829695,-0.8649048,-0.78011477,82,82
-63.91666666666668,-10.75,-3.295853,-0.655425,-0.6081494,-0.8791163,82,83
-63.750000000000014,-10.75,-3.704864,-1.1600168,-0.40060085,-1.1824453,82,84
-63.58333333333334,-10.75,-4.2059703,-1.8389138,-0.4099244,-1.5708417,82,85
-63.41666666666668,-10.75,-3.727045,-1.0331892,-0.22631347,-1.13727,82,86
-63.250000000000014,-10.75,-3.5516021,-0.04244805,-0.21983986,-1.214041,82,87
-63.08333333333334,-10.75,-4.086149,-0.5619959,-0.3613649,-1.5507295,82,88
-62.91666666666668,-10.75,-4.3114514,-0.21425377,-0.11827302,-1.4567982,82,89
-62.750000000000014,-10.75,-4.270235,0.34554014,0.14620867,-1.2382965,82,90
-62.58333333333334,-10.75,-4.617662,-0.110157974,0.31220353,-1.5271325,82,91
-62.41666666666668,-10.75,-4.8740606,-0.47416908,0.6878057,-1.68705,82,92
-62.250000000000014,-10.75,-4.866883,-0.5309927,1.2087053,-1.6701404,82,93
-62.08333333333334,-10.75,-4.6526794,-0.27742836,1.714421,-1.483968,82,94
-61.91666666666668,-10.75,-4.474699,-0.17982756,1.9949175,-1.4086163,82,95
-61.750000000000014,-10.75,-4.511532,-0.2604819,2.0132322,-1.4749938,82,96
-61.58333333333334,-10.75,-4.806789,-0.9030529,1.6735075,-1.851137,82,97
-61.41666666666668,-10.75,-4.92806,-1.2791226,1.4750134,-2.0596569,82,98
-61.250000000000014,-10.75,-4.481252,-0.56448716,1.4851885,-1.6727997,82,99
-61.08333333333334,-10.75,-4.378958,-0.5249063,1.3020059,-1.6556739,82,100
-60.91666666666668,-10.75,-4.4718266,-0.66453224,1.1248958,-1.7470317,82,101
-60.750000000000014,-10.75,-4.2863564,-0.2001593,1.1907583,-1.4795878,82,102
-60.58333333333334,-10.75,-4.1173553,0.08374345,1.1261863,-1.3642586,82,103
-60.41666666666668,-10.75,-4.0714574,0.20793337,1.062077,-1.3141297,82,104
-60.250000000000014,-10.75,-4.283201,-0.08324259,0.95308524,-1.476216,82,105
-60.08333333333334,-10.75,-4.7141695,-0.65567714,0.8332641,-1.8030032,82,106
-59.91666666666668,-10.75,-4.7010684,-0.5445233,0.8328789,-1.7368588,82,107
-59.750000000000014,-10.75,-4.7199793,-0.47902262,0.81443006,-1.7179793,82,108
-59.58333333333334,-10.75,-4.730058,-0.53749776,0.7978934,-1.766411,82,109
-59.41666666666668,-10.75,-4.6140547,-0.03374872,0.99239695,-1.5178353,82,110
-59.250000000000014,-10.75,-4.6089993,-0.5427574,1.0774323,-1.1379895,82,111
-59.08333333333334,-10.75,-4.68804,-0.74526125,1.0760565,-1.2571633,82,112
-58.91666666666668,-10.75,-4.871136,-0.21402515,1.1526889,-1.683082,82,113
-58.750000000000014,-10.75,-4.438685,0.092536084,1.4281166,-0.84084344,82,114
-58.58333333333334,-10.75,-4.306175,0.8104114,1.3784255,-1.1213303,82,115
-58.41666666666668,-10.75,-3.8016422,0.6973141,1.4079868,-0.45161527,82,116
-58.250000000000014,-10.75,-3.7135553,0.35626486,1.1629019,-0.60817355,82,117
-58.08333333333334,-10.75,-3.6570997,0.5738163,1.2981647,-0.50669885,82,118
-57.91666666666668,-10.75,-3.5881376,0.8216466,1.5531273,-0.4145528,82,119
-57.750000000000014,-10.75,-3.8382525,0.08148333,1.7005132,-0.73979044,82,120
-57.58333333333334,-10.75,-3.9400425,-0.5445338,1.6954744,-1.0580151,82,121
-57.41666666666668,-10.75,-3.8325322,-0.34661672,1.7852021,-0.9829641,82,122
-57.250000000000014,-10.75,-3.5593894,0.1634221,1.7491394,-0.7422466,82,123
-57.08333333333334,-10.75,-3.4440727,0.44909427,1.6600499,-0.6517443,82,124
-56.91666666666668,-10.75,-3.4237945,1.0496825,1.4103878,-1.1171105,82,125
-56.750000000000014,-10.75,-3.3748436,1.2944787,1.307105,-1.0392724,82,126
-56.58333333333334,-10.75,-3.2861803,1.4310734,1.184298,-1.0334861,82,127
-56.41666666666668,-10.75,-3.1648724,1.754199,1.2120737,-0.9077534,82,128
-56.250000000000014,-10.75,-2.9207728,2.1741168,1.1701595,-0.7505196,82,129
-56.08333333333334,-10.75,-2.7922957,2.4691207,1.203978,-0.6473386,82,130
-55.91666666666668,-10.75,-2.0759091,2.848754,1.6224419,-1.1578131,82,131
-55.750000000000014,-10.75,-2.313161,2.81004,1.915596,-1.2150366,82,132
-55.58333333333334,-10.75,-2.364906,3.1879098,2.173049,-1.0734308,82,133
-55.41666666666668,-10.75,-2.317779,3.3421516,2.2850258,-1.0230447,82,134
-55.250000000000014,-10.75,-2.5453641,2.8619232,2.1182644,-1.2800169,82,135
-55.08333333333334,-10.75,-2.7963827,2.5286868,2.1095223,-1.4559356,82,136
-54.91666666666668,-10.75,-3.3251076,2.4118485,1.7679408,-0.8029208,82,137
-54.750000000000014,-10.75,-3.352716,2.2030315,2.000582,-0.8526046,82,138
-54.58333333333334,-10.75,-3.379918,1.7601457,2.310218,-0.9906657,82,139
-54.41666666666668,-10.75,-3.5447867,1.2743424,2.417936,-1.1697786,82,140
-54.250000000000014,-10.75,-3.5338807,1.3139381,2.549512,-1.0656555,82,141
-54.08333333333334,-10.75,-3.5414333,1.4124106,2.7837362,-0.946874,82,142
-53.91666666666668,-10.75,-3.5362504,1.4213113,2.9344757,-0.8825831,82,143
-53.750000000000014,-10.75,-3.5807464,1.2940575,3.0196123,-0.88557345,82,144
-53.58333333333334,-10.75,-3.3676782,0.91853446,3.0652711,-0.21876115,82,145
-53.41666666666668,-10.75,-3.340308,0.91823536,2.8541389,-0.16147587,82,146
-53.250000000000014,-10.75,-3.354322,0.91281146,2.6227012,-0.14204961,82,147
-53.08333333333334,-10.75,-3.0826437,1.3236703,2.4031641,0.086360484,82,148
-52.91666666666668,-10.75,-3.275869,1.277018,2.2344615,0.02714919,82,149
-52.750000000000014,-10.75,-3.3451414,1.824618,2.3869283,0.23397681,82,150
-52.58333333333334,-10.75,-3.334153,1.8702332,2.071182,0.2477628,82,151
-52.41666666666668,-10.75,-3.270279,2.31734,1.9743589,0.4874094,82,152
-52.250000000000014,-10.75,-2.9704847,2.6129177,1.6994404,0.67355424,82,153
-52.08333333333334,-10.75,-2.671617,3.1180053,1.5669342,0.9932396,82,154
-51.91666666666668,-10.75,-2.3072195,3.6582267,1.4865732,1.2834374,82,155
-51.750000000000014,-10.75,-2.066182,3.7782729,1.2525574,1.4134926,82,156
-51.58333333333334,-10.75,-1.9283946,3.797287,1.1137612,1.4407716,82,157
-51.41666666666668,-10.75,-1.8420306,3.4737813,0.76817846,1.3303186,82,158
-51.08333333333334,-10.75,-1.7439944,3.6450179,0.6301106,1.5533357,82,160
-49.08333333333334,-10.75,-4.9393916,-0.19379616,-0.61900586,0.033095144,82,172
-48.91666666666668,-10.75,-5.2517085,-0.35194865,-0.577421,0.022822067,82,173
-48.58333333333334,-10.75,-5.5679784,-0.7192271,-0.7112515,-0.14876734,82,175
-48.41666666666668,-10.75,-4.8192544,0.4111819,-0.63697654,0.42958188,82,176
-48.250000000000014,-10.75,-5.2245264,0.17510171,-0.5762249,0.17545852,82,177
-48.08333333333334,-10.75,-6.1062655,-1.4793767,-0.93263763,-0.7504511,82,178
-75.25000000000001,-10.916666666666666,-6.5463734,-7.7901115,-3.8294291,-3.7761662,83,15
-75.08333333333334,-10.916666666666666,-6.4501004,-8.209949,-3.3092136,-3.8381495,83,16
-74.91666666666667,-10.916666666666666,-4.312851,-5.27902,-2.9056203,-2.3303866,83,17
-74.75000000000001,-10.916666666666666,-5.518027,-7.2442555,-3.0621006,-3.2883995,83,18
-74.58333333333334,-10.916666666666666,-6.7738514,-8.6974,-3.475092,-4.104638,83,19
-73.75000000000001,-10.916666666666666,-1.7302654,-0.58643603,-3.4798307,-0.23094884,83,24
-73.58333333333334,-10.916666666666666,-1.4139186,-0.18019348,-3.3397121,0.037662312,83,25
-73.41666666666667,-10.916666666666666,-1.3226423,-0.26971394,-3.2016232,0.071301475,83,26
-73.25000000000001,-10.916666666666666,-1.1535351,-0.17796955,-2.9993818,0.22573361,83,27
-73.08333333333334,-10.916666666666666,-1.1776203,-0.32834417,-2.8039508,0.23135541,83,28
-72.91666666666667,-10.916666666666666,-1.3853219,-0.64401656,-2.6102993,0.16223593,83,29
-72.75000000000001,-10.916666666666666,-1.585081,-0.9747895,-2.4670959,0.060921494,83,30
-72.58333333333334,-10.916666666666666,-1.7042996,-1.2168412,-2.3283198,0.030951845,83,31
-72.41666666666667,-10.916666666666666,-1.94894,-1.5513213,-2.1945307,-0.047361657,83,32
-72.25000000000001,-10.916666666666666,-2.002889,-1.6301477,-2.0526505,0.02690317,83,33
-72.08333333333334,-10.916666666666666,-1.9887232,-1.6111485,-1.8931037,0.14300203,83,34
-71.91666666666667,-10.916666666666666,-1.9906377,-1.6048712,-1.7411197,0.25062567,83,35
-71.75000000000001,-10.916666666666666,-2.1500795,-1.8400564,-1.6517202,0.24224208,83,36
-71.58333333333334,-10.916666666666666,-2.3663337,-2.1717691,-1.5954891,0.1809501,83,37
-71.41666666666667,-10.916666666666666,-2.6028452,-2.4155428,-1.5342815,0.1373856,83,38
-71.25000000000001,-10.916666666666666,-2.8353355,-2.6194887,-1.4985181,0.12611002,83,39
-71.08333333333334,-10.916666666666666,-2.875247,-2.530466,-1.4297967,0.26298657,83,40
-70.91666666666667,-10.916666666666666,-2.9436176,-2.4125967,-1.4058892,0.38872665,83,41
-70.75000000000001,-10.916666666666666,-3.1488454,-2.4039383,-1.4453555,0.42592072,83,42
-70.58333333333334,-10.916666666666666,-3.2329142,-2.1840382,-1.5100373,0.5637121,83,43
-70.41666666666667,-10.916666666666666,-3.4291193,-2.071548,-1.6414926,0.6075719,83,44
-70.25000000000001,-10.916666666666666,-3.6774063,-2.0558558,-1.8354851,0.6037354,83,45
-70.08333333333334,-10.916666666666666,-3.8197427,-1.8173223,-1.9799426,0.64223987,83,46
-69.91666666666667,-10.916666666666666,-3.9294877,-1.5839463,-2.1613927,0.66017985,83,47
-69.75000000000001,-10.916666666666666,-4.0290794,-1.3696363,-2.374762,0.6402557,83,48
-69.58333333333334,-10.916666666666666,-4.0897093,-1.0041763,-2.4145536,0.72864956,83,49
-69.41666666666667,-10.916666666666666,-3.9954422,-0.96651846,-2.4738383,0.83269393,83,50
-69.25000000000001,-10.916666666666666,-3.7484982,-0.8036646,-2.364739,1.0064412,83,51
-69.08333333333334,-10.916666666666666,-3.4669764,-0.62783206,-2.1056986,1.1387907,83,52
-68.91666666666667,-10.916666666666666,-3.1971235,-0.33549294,-1.7974687,1.2833307,83,53
-68.75000000000001,-10.916666666666666,-2.975282,-0.23100965,-1.5956566,1.3502258,83,54
-68.58333333333334,-10.916666666666666,-2.8459048,-0.10084791,-1.3943399,1.4217572,83,55
-68.41666666666667,-10.916666666666666,-2.8715162,-0.33261505,-1.524004,1.293091,83,56
-68.25000000000001,-10.916666666666666,-2.6172016,-0.13261741,-1.6671491,1.3894839,83,57
-68.08333333333334,-10.916666666666666,-2.4714475,-0.029524941,-1.8365797,1.3941662,83,58
-67.91666666666667,-10.916666666666666,-2.2577837,0.2237329,-1.9436885,1.4762166,83,59
-67.75000000000001,-10.916666666666666,-2.1872609,0.25497663,-2.0174158,1.3921533,83,60
-67.58333333333334,-10.916666666666666,-2.004282,0.48475683,-1.9991363,1.465447,83,61
-67.41666666666667,-10.916666666666666,-1.8129627,0.6948657,-1.9200932,1.5142195,83,62
-67.25000000000001,-10.916666666666666,-1.6633554,1.2088629,-1.8135616,1.2651379,83,63
-67.08333333333334,-10.916666666666666,-1.3634444,1.6213261,-1.6083494,1.3792002,83,64
-66.91666666666667,-10.916666666666666,-1.0769548,2.0021248,-1.4095334,1.4777025,83,65
-66.75000000000001,-10.916666666666666,-0.8731777,2.2836301,-1.2569628,1.4916985,83,66
-66.58333333333334,-10.916666666666666,-0.63342327,2.707622,-1.1723256,1.546368,83,67
-66.41666666666667,-10.916666666666666,-0.41789,3.1035464,-1.1124508,1.5605644,83,68
-66.25000000000001,-10.916666666666666,-0.21875902,3.5600238,-1.0750912,1.6084452,83,69
-66.08333333333334,-10.916666666666666,-0.07464767,3.8719227,-0.99126744,1.6517726,83,70
-65.91666666666667,-10.916666666666666,-0.26119247,3.7343123,-0.8659431,1.6137065,83,71
-65.75000000000001,-10.916666666666666,-0.44798434,3.4358096,-0.8727175,1.4711782,83,72
-65.58333333333334,-10.916666666666666,-0.37960523,3.5782912,-0.7717872,1.5754206,83,73
-65.41666666666667,-10.916666666666666,-0.530546,3.5025842,-0.5444519,1.6139158,83,74
-65.25000000000001,-10.916666666666666,-0.5731035,3.4803483,-0.5938533,1.5606496,83,75
-65.08333333333334,-10.916666666666666,-0.9047836,2.922183,-0.76475924,1.2160906,83,76
-64.91666666666667,-10.916666666666666,-1.2100065,2.3624754,-0.9535377,0.88118374,83,77
-64.75000000000001,-10.916666666666666,-1.4642267,2.0602992,-1.0142436,0.67060536,83,78
-64.58333333333334,-10.916666666666666,-1.5747151,1.9627157,-1.0541897,0.59893554,83,79
-64.41666666666667,-10.916666666666666,-1.8121716,1.640707,-1.0705638,0.41502154,83,80
-64.25000000000001,-10.916666666666666,-2.2253733,1.0442939,-1.1121527,0.087841555,83,81
-64.08333333333334,-10.916666666666666,-2.790086,0.21159631,-1.1147606,-0.38140246,83,82
-63.91666666666668,-10.916666666666666,-3.45946,-0.82442474,-1.0470601,-0.9456639,83,83
-63.750000000000014,-10.916666666666666,-4.5557895,-2.3339314,-1.0392718,-1.7918019,83,84
-63.58333333333334,-10.916666666666666,-5.497977,-3.554859,-1.0703709,-2.4586046,83,85
-63.41666666666668,-10.916666666666666,-3.7495823,-0.7553614,-0.57459635,-1.0106844,83,86
-63.250000000000014,-10.916666666666666,-3.760146,-0.11970838,-0.54445654,-1.254895,83,87
-63.08333333333334,-10.916666666666666,-4.1959867,-0.5215512,-0.6345256,-1.5385057,83,88
-62.91666666666668,-10.916666666666666,-4.3427906,0.07290995,-0.25131288,-1.31766,83,89
-62.750000000000014,-10.916666666666666,-4.6375732,-0.093772225,-0.22250463,-1.473995,83,90
-62.58333333333334,-10.916666666666666,-4.836736,-0.24584164,0.006581091,-1.5758845,83,91
-62.41666666666668,-10.916666666666666,-5.1985335,-1.0413088,0.35922322,-1.9301342,83,92
-62.250000000000014,-10.916666666666666,-4.8572044,-0.43223763,1.209215,-1.5286971,83,93
-62.08333333333334,-10.916666666666666,-4.7119746,-0.42556348,1.8271494,-1.4594136,83,94
-61.91666666666668,-10.916666666666666,-4.556183,-0.31032604,2.227713,-1.3797125,83,95
-61.750000000000014,-10.916666666666666,-4.6875906,-0.4095197,2.1434577,-1.4934413,83,96
-61.58333333333334,-10.916666666666666,-5.244706,-1.2524236,1.8085316,-2.003882,83,97
-61.41666666666668,-10.916666666666666,-4.9703298,-1.0585744,1.6578977,-1.8905126,83,98
-61.250000000000014,-10.916666666666666,-4.5278196,-0.7497467,1.4010515,-1.690906,83,99
-61.08333333333334,-10.916666666666666,-4.5136895,-0.64602613,1.3184689,-1.6894495,83,100
-60.91666666666668,-10.916666666666666,-4.6559043,-0.688691,1.268001,-1.7189658,83,101
-60.750000000000014,-10.916666666666666,-4.4368553,-0.31169555,1.2297907,-1.4970977,83,102
-60.58333333333334,-10.916666666666666,-4.34771,-0.2500121,1.0836762,-1.4604074,83,103
-60.41666666666668,-10.916666666666666,-4.305244,-0.104526594,1.027519,-1.4074737,83,104
-60.250000000000014,-10.916666666666666,-4.5229897,-0.37349346,0.9228692,-1.5676733,83,105
-60.08333333333334,-10.916666666666666,-4.9948864,-0.98991597,0.7863451,-1.8864014,83,106
-59.91666666666668,-10.916666666666666,-4.8782988,-0.7143457,0.81709135,-1.7386414,83,107
-59.750000000000014,-10.916666666666666,-4.813179,-1.1306351,0.83414924,-1.3343161,83,108
-59.58333333333334,-10.916666666666666,-4.769805,-1.0310597,0.83874375,-1.2660359,83,109
-59.41666666666668,-10.916666666666666,-4.618553,-0.7349169,0.8917728,-1.0962242,83,110
-59.250000000000014,-10.916666666666666,-4.706817,-0.72243804,0.957862,-1.106408,83,111
-59.08333333333334,-10.916666666666666,-4.8061204,-0.58443063,1.1066242,-1.0761081,83,112
-58.91666666666668,-10.916666666666666,-4.8559203,-0.36105502,1.279436,-1.0083276,83,113
-58.750000000000014,-10.916666666666666,-4.68678,0.018138066,1.418252,-0.8227129,83,114
-58.58333333333334,-10.916666666666666,-4.333268,0.34164634,1.362236,-0.63473684,83,115
-58.41666666666668,-10.916666666666666,-4.0047617,0.74657315,1.4536719,-0.33372268,83,116
-58.250000000000014,-10.916666666666666,-3.901144,0.2910399,1.1672481,-0.5285912,83,117
-58.08333333333334,-10.916666666666666,-4.0266795,0.10244544,1.2334603,-0.67317337,83,118
-57.91666666666668,-10.916666666666666,-3.7526202,0.7226356,1.4746498,-0.3571171,83,119
-57.750000000000014,-10.916666666666666,-3.6845202,1.0933137,1.7404362,-0.20852968,83,120
-57.58333333333334,-10.916666666666666,-3.5202885,0.81021863,1.5590234,-0.32101575,83,121
-57.41666666666668,-10.916666666666666,-3.6220613,0.17732415,1.3507429,-0.6419404,83,122
-57.250000000000014,-10.916666666666666,-3.719752,0.22145143,1.42599,-0.6737331,83,123
-57.08333333333334,-10.916666666666666,-3.8819084,0.1990456,1.4605465,-0.7333935,83,124
-56.91666666666668,-10.916666666666666,-3.7086818,0.20734383,1.2337686,-0.74383104,83,125
-56.750000000000014,-10.916666666666666,-3.6423812,0.3756047,1.199543,-0.7018457,83,126
-56.58333333333334,-10.916666666666666,-3.5894463,0.53009516,1.1095192,-0.68416506,83,127
-56.41666666666668,-10.916666666666666,-3.2612653,0.8560928,0.9164057,-0.55048436,83,128
-56.250000000000014,-10.916666666666666,-3.329195,1.5050238,0.84889597,-1.0097133,83,129
-56.08333333333334,-10.916666666666666,-3.2216632,1.7622269,0.8280205,-0.89724475,83,130
-55.91666666666668,-10.916666666666666,-3.0746214,2.308725,0.9322228,-0.68683994,83,131
-55.750000000000014,-10.916666666666666,-3.2753823,1.8177251,0.87798005,-0.9857475,83,132
-55.58333333333334,-10.916666666666666,-3.424567,1.7682625,0.9630505,-1.0571142,83,133
-55.41666666666668,-10.916666666666666,-3.6035917,1.7019314,1.1021208,-1.1406698,83,134
-55.250000000000014,-10.916666666666666,-3.8151004,1.6544905,1.2147361,-1.2115927,83,135
-55.08333333333334,-10.916666666666666,-3.9778826,1.5625589,1.2732825,-1.2713902,83,136
-54.91666666666668,-10.916666666666666,-3.9314003,1.805833,1.3919755,-1.1342824,83,137
-54.750000000000014,-10.916666666666666,-3.8802197,1.6675514,1.5239296,-1.1137959,83,138
-54.58333333333334,-10.916666666666666,-3.9867704,1.8182402,2.215998,-0.96467936,83,139
-54.41666666666668,-10.916666666666666,-3.7925112,1.6781194,2.3362408,-0.9230157,83,140
-54.250000000000014,-10.916666666666666,-3.8057485,1.6930329,2.5220184,-0.8461461,83,141
-54.08333333333334,-10.916666666666666,-3.7816656,1.4851767,2.580002,-0.84715545,83,142
-53.91666666666668,-10.916666666666666,-3.6724622,0.8394038,2.7188587,-0.3033854,83,143
-53.750000000000014,-10.916666666666666,-3.7554493,0.7907556,2.8188698,-0.2763612,83,144
-53.58333333333334,-10.916666666666666,-3.745009,0.7280359,2.7506425,-0.25067022,83,145
-53.41666666666668,-10.916666666666666,-3.6367233,0.8958015,2.6274278,-0.09828493,83,146
-53.250000000000014,-10.916666666666666,-3.4156594,1.2560104,2.4727397,0.11285491,83,147
-53.08333333333334,-10.916666666666666,-3.456304,1.2326872,2.2764196,0.12939705,83,148
-52.91666666666668,-10.916666666666666,-3.5137863,1.4103799,2.1934485,0.19186649,83,149
-52.750000000000014,-10.916666666666666,-3.5750957,1.8512217,2.276032,0.34699002,83,150
-52.58333333333334,-10.916666666666666,-3.5543263,1.9375442,2.030491,0.35044268,83,151
-52.41666666666668,-10.916666666666666,-3.4013727,1.8674763,1.5422046,0.3503009,83,152
-52.250000000000014,-10.916666666666666,-3.1318634,2.2046323,1.3185209,0.5496308,83,153
-52.08333333333334,-10.916666666666666,-2.8239832,2.9878328,1.3555745,0.9602874,83,154
-51.91666666666668,-10.916666666666666,-2.4396024,3.6316712,1.3441353,1.3271954,83,155
-51.58333333333334,-10.916666666666666,-1.8593937,4.1263185,1.1196593,1.6694727,83,157
-51.250000000000014,-10.916666666666666,-1.6096021,4.0636353,0.74674714,1.8086988,83,159
-49.08333333333334,-10.916666666666666,-4.808862,0.14079453,-0.45705533,0.23443876,83,172
-48.750000000000014,-10.916666666666666,-5.3126426,-0.39868954,-0.5691182,-0.019330848,83,174
-48.58333333333334,-10.916666666666666,-5.179483,0.020956721,-0.50826895,0.24092595,83,175
-48.41666666666668,-10.916666666666666,-4.898658,0.47814122,-0.53250563,0.48236004,83,176
-74.75000000000001,-11.083333333333332,-4.588472,-5.6122293,-3.0269918,-2.4455233,84,18
-74.41666666666667,-11.083333333333332,-5.1498566,-6.0019007,-3.5587256,-2.8518982,84,20
-74.25000000000001,-11.083333333333332,-5.492193,-6.1826057,-3.6691675,-3.0502036,84,21
-74.08333333333334,-11.083333333333332,-5.7386847,-6.7301,-3.4754753,-3.292198,84,22
-73.91666666666667,-11.083333333333332,-5.7614884,-6.912765,-3.2664597,-3.4286697,84,23
-73.75000000000001,-11.083333333333332,-2.3505864,-1.6791378,-3.463579,-0.75007194,84,24
-73.58333333333334,-11.083333333333332,-1.7522849,-0.7115972,-3.3607216,-0.23481372,84,25
-73.25000000000001,-11.083333333333332,-1.3341855,-0.55256635,-2.9776862,0.05514158,84,27
-73.08333333333334,-11.083333333333332,-1.1981418,-0.47272843,-2.7615843,0.16578613,84,28
-72.91666666666667,-11.083333333333332,-1.3474016,-0.7458099,-2.518546,0.13669679,84,29
-72.75000000000001,-11.083333333333332,-1.3960961,-0.9015494,-2.3476121,0.14753075,84,30
-72.58333333333334,-11.083333333333332,-1.4984509,-1.105658,-2.1575782,0.1497011,84,31
-72.41666666666667,-11.083333333333332,-1.6560127,-1.3529154,-1.9963367,0.116143286,84,32
-72.25000000000001,-11.083333333333332,-1.9090145,-1.7217783,-1.8317045,0.047819283,84,33
-72.08333333333334,-11.083333333333332,-2.3450778,-2.3803246,-1.7482504,-0.20117454,84,34
-71.91666666666667,-11.083333333333332,-2.3248322,-2.3937585,-1.5945663,-0.09196589,84,35
-71.75000000000001,-11.083333333333332,-2.3416038,-2.4010174,-1.4515282,0.027583892,84,36
-71.58333333333334,-11.083333333333332,-2.382657,-2.4501386,-1.332534,0.14564222,84,37
-71.41666666666667,-11.083333333333332,-2.5078516,-2.595044,-1.2425721,0.17783695,84,38
-71.25000000000001,-11.083333333333332,-2.63751,-2.7102156,-1.1768451,0.22024663,84,39
-71.08333333333334,-11.083333333333332,-2.7560444,-2.713271,-1.1371232,0.30221877,84,40
-70.91666666666667,-11.083333333333332,-2.8982737,-2.6568327,-1.1267735,0.39833704,84,41
-70.75000000000001,-11.083333333333332,-3.0484352,-2.5737143,-1.1430092,0.4963563,84,42
-70.58333333333334,-11.083333333333332,-3.1790876,-2.4163368,-1.232296,0.6305189,84,43
-70.41666666666667,-11.083333333333332,-3.3691084,-2.2542608,-1.3599895,0.71702397,84,44
-70.25000000000001,-11.083333333333332,-3.556456,-2.0377338,-1.5327924,0.8210392,84,45
-70.08333333333334,-11.083333333333332,-3.8451676,-1.9737449,-1.7289788,0.78523785,84,46
-69.91666666666667,-11.083333333333332,-4.1276736,-1.8398527,-1.9703383,0.77959985,84,47
-69.75000000000001,-11.083333333333332,-4.24598,-1.5406628,-2.2073305,0.8681618,84,48
-69.58333333333334,-11.083333333333332,-4.3340144,-1.3001109,-2.3567579,0.9409497,84,49
-69.41666666666667,-11.083333333333332,-4.177408,-1.1708226,-2.4279466,1.0271888,84,50
-69.25000000000001,-11.083333333333332,-3.8974643,-1.0068989,-2.3976758,1.1209824,84,51
-69.08333333333334,-11.083333333333332,-3.4794047,-0.72279006,-2.2380643,1.2481005,84,52
-68.91666666666667,-11.083333333333332,-3.100748,-0.32794386,-1.9439307,1.4092069,84,53
-68.75000000000001,-11.083333333333332,-2.898559,-0.04023678,-1.6192199,1.5326355,84,54
-68.58333333333334,-11.083333333333332,-2.92473,-0.22271706,-1.5758107,1.4129045,84,55
-68.41666666666667,-11.083333333333332,-2.8052468,-0.26483563,-1.6452988,1.3915749,84,56
-68.25000000000001,-11.083333333333332,-2.6135697,-0.080096796,-1.7154553,1.4493796,84,57
-68.08333333333334,-11.083333333333332,-2.4816673,0.080187604,-1.7731153,1.4889778,84,58
-67.91666666666667,-11.083333333333332,-2.3653777,0.18817306,-1.851539,1.4997543,84,59
-67.75000000000001,-11.083333333333332,-2.1109672,0.4822725,-1.8330162,1.5859278,84,60
-67.58333333333334,-11.083333333333332,-1.820488,0.9077617,-1.7428079,1.745969,84,61
-67.41666666666667,-11.083333333333332,-1.6307007,1.070305,-1.7001145,1.7639259,84,62
-67.25000000000001,-11.083333333333332,-1.4148941,1.3214518,-1.6068323,1.8342733,84,63
-67.08333333333334,-11.083333333333332,-1.3338776,1.7569022,-1.5506082,1.4665915,84,64
-66.91666666666667,-11.083333333333332,-1.0929688,2.0460744,-1.3847778,1.5002023,84,65
-66.75000000000001,-11.083333333333332,-0.7898923,2.5153086,-1.22187,1.6236635,84,66
-66.58333333333334,-11.083333333333332,-0.51740384,2.9231472,-1.1735996,1.6562163,84,67
-66.25000000000001,-11.083333333333332,-0.29700103,3.5879948,-1.1021774,1.6254566,84,69
-66.08333333333334,-11.083333333333332,-0.21163273,3.99281,-0.9336335,1.7444519,84,70
-65.91666666666667,-11.083333333333332,-0.42236188,3.7141378,-0.957834,1.6166189,84,71
-65.75000000000001,-11.083333333333332,-0.4131454,3.713942,-0.8576395,1.6389548,84,72
-65.41666666666667,-11.083333333333332,-0.5967545,3.3997402,-0.80614465,1.5068364,84,74
-65.25000000000001,-11.083333333333332,-0.5866175,3.3892941,-0.8356882,1.4845388,84,75
-65.08333333333334,-11.083333333333332,-0.8418006,3.0970662,-0.87707347,1.2957776,84,76
-64.91666666666667,-11.083333333333332,-1.1058283,2.699346,-0.9636838,1.0451589,84,77
-64.75000000000001,-11.083333333333332,-1.336449,2.4593356,-1.0523677,0.9009827,84,78
-64.58333333333334,-11.083333333333332,-1.6170138,2.0923147,-1.1582582,0.682616,84,79
-64.41666666666667,-11.083333333333332,-1.7883985,1.8526744,-1.2153487,0.5365822,84,80
-64.25000000000001,-11.083333333333332,-2.0005789,1.6124256,-1.2826204,0.39019397,84,81
-64.08333333333334,-11.083333333333332,-2.1672018,1.3888295,-1.3020478,0.25631046,84,82
-63.91666666666668,-11.083333333333332,-2.547825,0.8465122,-1.1409688,-0.052086946,84,83
-63.750000000000014,-11.083333333333332,-3.5249753,-0.6051453,-1.111457,-0.8512072,84,84
-63.58333333333334,-11.083333333333332,-3.8205738,-0.9816539,-1.0043501,-1.0766755,84,85
-63.41666666666668,-11.083333333333332,-3.7822692,-0.657041,-0.88951516,-0.9824469,84,86
-63.250000000000014,-11.083333333333332,-4.0968966,-0.4528818,-0.8459929,-1.4335108,84,87
-63.08333333333334,-11.083333333333332,-4.3794346,-0.66408473,-0.8615269,-1.601834,84,88
-62.91666666666668,-11.083333333333332,-4.562181,-0.2970134,-0.6037033,-1.4673952,84,89
-62.750000000000014,-11.083333333333332,-4.642115,0.09298232,-0.33380327,-1.3200587,84,90
-62.58333333333334,-11.083333333333332,-4.7830324,-0.22257638,-0.23389776,-1.4957266,84,91
-62.41666666666668,-11.083333333333332,-4.7585683,-0.09887374,0.46948525,-1.3642772,84,92
-62.250000000000014,-11.083333333333332,-4.757795,-0.15615612,1.1209662,-1.3327632,84,93
-62.08333333333334,-11.083333333333332,-4.7875524,-0.39741105,1.6852639,-1.4151634,84,94
-61.91666666666668,-11.083333333333332,-4.748105,-0.38679126,2.0394108,-1.3900702,84,95
-61.750000000000014,-11.083333333333332,-5.0427094,-0.78287446,1.9597846,-1.6803961,84,96
-61.58333333333334,-11.083333333333332,-5.4702163,-1.5134926,1.6985143,-2.1005592,84,97
-61.41666666666668,-11.083333333333332,-4.9407825,-0.76155466,1.7905952,-1.6900338,84,98
-61.250000000000014,-11.083333333333332,-4.7111406,-0.894489,1.4151791,-1.7602183,84,99
-61.08333333333334,-11.083333333333332,-4.766901,-0.786127,1.3649204,-1.7224112,84,100
-60.91666666666668,-11.083333333333332,-4.7768507,-0.22873306,1.5874197,-1.4264902,84,101
-60.750000000000014,-11.083333333333332,-4.7962165,-0.5495591,1.2740452,-1.5717891,84,102
-60.58333333333334,-11.083333333333332,-4.6015315,-0.5220831,1.0319223,-1.5267212,84,103
-60.41666666666668,-11.083333333333332,-4.4894743,-0.24662131,0.99144983,-1.3804535,84,104
-60.250000000000014,-11.083333333333332,-4.599836,-0.37183794,0.904155,-1.45929,84,105
-60.08333333333334,-11.083333333333332,-4.9377666,-0.9260006,0.7721592,-1.770359,84,106
-59.91666666666668,-11.083333333333332,-4.721468,-0.96250683,0.8761824,-1.1190184,84,107
-59.750000000000014,-11.083333333333332,-5.1496754,-1.636671,0.7538843,-1.4961085,84,108
-59.58333333333334,-11.083333333333332,-4.8695736,-1.1249716,0.8133203,-1.190681,84,109
-59.41666666666668,-11.083333333333332,-4.831631,-0.9727498,0.8249095,-1.1130246,84,110
-59.250000000000014,-11.083333333333332,-4.8983016,-0.8845802,0.9178492,-1.0861272,84,111
-59.08333333333334,-11.083333333333332,-5.1376653,-0.7165814,1.1523455,-1.0584466,84,112
-58.91666666666668,-11.083333333333332,-4.9868937,-0.67165315,1.0545428,-1.0129493,84,113
-58.750000000000014,-11.083333333333332,-4.7723875,0.08754103,1.2989054,-0.6776778,84,114
-58.58333333333334,-11.083333333333332,-4.6606083,0.33551335,1.4256703,-0.576466,84,115
-58.41666666666668,-11.083333333333332,-4.2746973,0.4389584,1.3134778,-0.40675327,84,116
-58.250000000000014,-11.083333333333332,-4.078432,0.4079774,1.2593105,-0.37166378,84,117
-58.08333333333334,-11.083333333333332,-4.226689,-0.07323106,1.1532953,-0.6549227,84,118
-57.91666666666668,-11.083333333333332,-4.1118484,0.3199566,1.3798493,-0.48749542,84,119
-57.750000000000014,-11.083333333333332,-3.920146,0.82200754,1.53538,-0.27658877,84,120
-57.58333333333334,-11.083333333333332,-4.020177,0.7468778,1.5549542,-0.38481686,84,121
-57.41666666666668,-11.083333333333332,-4.0082507,0.28728318,1.2725797,-0.600179,84,122
-57.250000000000014,-11.083333333333332,-3.8189325,0.5392727,1.3775474,-0.42473567,84,123
-57.08333333333334,-11.083333333333332,-4.048497,0.5503577,1.5733488,-0.43858013,84,124
-56.91666666666668,-11.083333333333332,-3.9868972,0.23865403,1.3357579,-0.5990533,84,125
-56.750000000000014,-11.083333333333332,-3.8567972,0.3484683,1.1211745,-0.5581754,84,126
-56.58333333333334,-11.083333333333332,-3.9432738,-0.004095919,0.88923395,-0.82937175,84,127
-56.41666666666668,-11.083333333333332,-4.1317296,0.03717614,0.9104941,-0.9403195,84,128
-56.250000000000014,-11.083333333333332,-4.1409063,0.22463065,0.9071817,-0.8751327,84,129
-56.08333333333334,-11.083333333333332,-3.755361,0.38298184,0.5801391,-0.76777697,84,130
-55.91666666666668,-11.083333333333332,-3.5561252,1.2162912,0.80050784,-0.40958953,84,131
-55.750000000000014,-11.083333333333332,-3.4974747,1.4001597,0.834534,-0.34809953,84,132
-55.58333333333334,-11.083333333333332,-3.563159,1.3911136,0.88988847,-0.3697428,84,133
-55.41666666666668,-11.083333333333332,-3.4885933,1.2976525,0.81584907,-0.39755398,84,134
-55.250000000000014,-11.083333333333332,-3.7747893,2.025589,1.043159,-0.8833491,84,135
-55.08333333333334,-11.083333333333332,-4.0138173,1.2100891,0.77589834,-1.2912129,84,136
-54.91666666666668,-11.083333333333332,-4.260641,1.2977328,1.0000217,-1.2757275,84,137
-54.750000000000014,-11.083333333333332,-4.1805444,1.7584554,1.3402905,-1.0047581,84,138
-54.58333333333334,-11.083333333333332,-4.0780506,2.1184585,1.9002815,-0.7486041,84,139
-54.41666666666668,-11.083333333333332,-4.06536,2.1294098,2.2868092,-0.6412646,84,140
-54.250000000000014,-11.083333333333332,-3.923117,1.2095972,2.3338423,-0.18747874,84,141
-54.08333333333334,-11.083333333333332,-3.9817653,1.0759658,2.511004,-0.19077773,84,142
-53.91666666666668,-11.083333333333332,-3.9868388,0.89120626,2.5351954,-0.19492865,84,143
-53.750000000000014,-11.083333333333332,-3.988384,0.94509655,2.581542,-0.10181348,84,144
-53.58333333333334,-11.083333333333332,-3.9454927,1.0500829,2.5851443,0.016115606,84,145
-53.41666666666668,-11.083333333333332,-3.9284968,1.0237542,2.4794981,0.03391333,84,146
-53.250000000000014,-11.083333333333332,-3.8285186,1.1386665,2.3116913,0.11087052,84,147
-53.08333333333334,-11.083333333333332,-3.8607495,1.078911,2.0910056,0.11244453,84,148
-52.91666666666668,-11.083333333333332,-3.836327,1.3357311,2.0024612,0.22710904,84,149
-52.750000000000014,-11.083333333333332,-3.8209226,1.7703136,2.0251455,0.35069886,84,150
-52.58333333333334,-11.083333333333332,-3.7610507,1.8662058,1.8399059,0.38000873,84,151
-52.41666666666668,-11.083333333333332,-3.6716485,1.7186483,1.3636338,0.3680406,84,152
-52.250000000000014,-11.083333333333332,-3.3277261,2.0119848,1.0478911,0.5813958,84,153
-52.08333333333334,-11.083333333333332,-3.0660295,2.3925679,0.9505869,0.739717,84,154
-51.91666666666668,-11.083333333333332,-2.6326396,3.4966967,1.1723942,1.3220768,84,155
-49.08333333333334,-11.083333333333332,-4.5951633,0.60411644,-0.2597822,0.5083282,84,172
-48.91666666666668,-11.083333333333332,-4.6623397,0.81113225,-0.22301999,0.60789937,84,173
-48.750000000000014,-11.083333333333332,-4.7527857,0.6534777,-0.29323855,0.5556979,84,174
-48.58333333333334,-11.083333333333332,-4.6936183,0.8266407,-0.32516584,0.66366607,84,175
-74.58333333333334,-11.25,-4.9365654,-5.690075,-3.377626,-2.5674002,85,19
-74.41666666666667,-11.25,-5.0350146,-5.740646,-3.6554437,-2.71584,85,20
-74.25000000000001,-11.25,-3.979872,-3.6375604,-3.8785076,-1.8593014,85,21
-74.08333333333334,-11.25,-5.767225,-6.6028986,-3.5770743,-3.3243039,85,22
-73.91666666666667,-11.25,-4.0926166,-4.1410365,-3.5967562,-2.0667753,85,23
-73.75000000000001,-11.25,-2.7579699,-2.1885471,-3.5467315,-1.0572281,85,24
-73.58333333333334,-11.25,-1.7766079,-0.7208034,-3.4354398,-0.2453564,85,25
-73.08333333333334,-11.25,-1.3053935,-0.76509434,-2.6987145,0.07307075,85,28
-72.91666666666667,-11.25,-1.2349485,-0.74049747,-2.480757,0.16590895,85,29
-72.75000000000001,-11.25,-1.37873,-1.0866281,-2.2473474,0.09807464,85,30
-72.58333333333334,-11.25,-1.4710981,-1.3356827,-2.0121825,0.08020966,85,31
-72.41666666666667,-11.25,-1.6633186,-1.6526561,-1.8105482,0.01921785,85,32
-72.25000000000001,-11.25,-2.1122067,-2.371081,-1.6885632,-0.2332741,85,33
-72.08333333333334,-11.25,-2.4075592,-2.7869303,-1.5823884,-0.34005317,85,34
-71.91666666666667,-11.25,-2.3363867,-2.7328122,-1.410721,-0.1722109,85,35
-71.75000000000001,-11.25,-2.3412805,-2.756535,-1.2263432,-0.05179239,85,36
-71.58333333333334,-11.25,-2.3212843,-2.747532,-1.0479763,0.09632148,85,37
-71.41666666666667,-11.25,-2.3040965,-2.692475,-0.87811476,0.25114152,85,38
-71.25000000000001,-11.25,-2.3033717,-2.6188645,-0.76494,0.41390234,85,39
-71.08333333333334,-11.25,-2.3892126,-2.619826,-0.70297354,0.53337824,85,40
-70.91666666666667,-11.25,-2.5505793,-2.6632087,-0.7059462,0.59792084,85,41
-70.75000000000001,-11.25,-2.827712,-2.7191975,-0.7600067,0.62123543,85,42
-70.58333333333334,-11.25,-3.0155234,-2.5982974,-0.8453936,0.73290735,85,43
-70.41666666666667,-11.25,-3.2020466,-2.4194593,-0.99789953,0.84881884,85,44
-70.25000000000001,-11.25,-3.489904,-2.2891123,-1.1912248,0.93062276,85,45
-70.08333333333334,-11.25,-3.7994804,-2.1752229,-1.4260882,0.94553906,85,46
-69.91666666666667,-11.25,-4.1062117,-2.0301642,-1.6693528,1.0194068,85,47
-69.75000000000001,-11.25,-4.4332304,-1.9013851,-1.9446634,1.094297,85,48
-69.58333333333334,-11.25,-4.597214,-1.6052916,-2.0950072,1.2561524,85,49
-69.41666666666667,-11.25,-4.42704,-1.3810263,-2.199873,1.3102554,85,50
-69.25000000000001,-11.25,-3.9808166,-1.0836238,-2.2160907,1.3608277,85,51
-69.08333333333334,-11.25,-3.6170633,-0.839905,-2.1313517,1.3942478,85,52
-68.91666666666667,-11.25,-3.2478883,-0.5398606,-1.9701345,1.4654312,85,53
-68.75000000000001,-11.25,-2.931954,-0.22192062,-1.7678204,1.5873581,85,54
-68.58333333333334,-11.25,-2.7918644,-0.13734064,-1.6832018,1.5977874,85,55
-68.41666666666667,-11.25,-2.6625001,-0.09311604,-1.6963624,1.5809183,85,56
-68.25000000000001,-11.25,-2.551405,0.06540603,-1.7050421,1.6022887,85,57
-68.08333333333334,-11.25,-2.4108124,0.2517366,-1.696952,1.6443027,85,58
-67.91666666666667,-11.25,-2.209046,0.4688089,-1.7432586,1.7097963,85,59
-67.75000000000001,-11.25,-2.0326266,0.7443873,-1.6988877,1.7926878,85,60
-67.58333333333334,-11.25,-1.8296082,0.9393006,-1.6564021,1.8064609,85,61
-67.41666666666667,-11.25,-1.7490065,0.971075,-1.669103,1.7331582,85,62
-67.25000000000001,-11.25,-1.5904713,1.538573,-1.6186693,1.4726892,85,63
-67.08333333333334,-11.25,-1.2961255,1.930237,-1.4749281,1.5684283,85,64
-66.91666666666667,-11.25,-0.970435,2.3364146,-1.3673282,1.653858,85,65
-66.75000000000001,-11.25,-0.88744247,2.5077329,-1.2761862,1.5977042,85,66
-66.58333333333334,-11.25,-0.7998762,2.7516217,-1.2163025,1.5734905,85,67
-66.25000000000001,-11.25,-0.3291574,3.6367133,-1.1018445,1.723548,85,69
-66.08333333333334,-11.25,-0.45630783,3.6167626,-1.0636314,1.6386498,85,70
-65.91666666666667,-11.25,-0.53201115,3.5496688,-1.0357047,1.5850788,85,71
-65.75000000000001,-11.25,-0.45045796,3.7948039,-0.8840827,1.7195773,85,72
-65.58333333333334,-11.25,-0.57538044,3.4947832,-0.96885455,1.5664327,85,73
-65.41666666666667,-11.25,-0.6100052,3.5213451,-0.90547794,1.5889994,85,74
-65.25000000000001,-11.25,-0.75145817,3.2781532,-0.9806011,1.432475,85,75
-65.08333333333334,-11.25,-0.98781055,2.9871185,-0.97483397,1.2289147,85,76
-64.91666666666667,-11.25,-1.1115677,2.878155,-0.9762875,1.160136,85,77
-64.75000000000001,-11.25,-1.2840812,2.593612,-1.1549269,1.0111371,85,78
-64.58333333333334,-11.25,-1.5143776,2.3336148,-1.2516042,0.8433108,85,79
-64.41666666666667,-11.25,-1.7614255,1.9972699,-1.3243423,0.6342497,85,80
-64.25000000000001,-11.25,-2.0160835,1.7114383,-1.3768798,0.45449287,85,81
-64.08333333333334,-11.25,-2.3161018,1.3626117,-1.4112195,0.23355317,85,82
-63.91666666666668,-11.25,-2.6203601,0.9395292,-1.3279047,-0.020801257,85,83
-63.750000000000014,-11.25,-3.1413217,0.2367014,-1.2511097,-0.4328608,85,84
-63.58333333333334,-11.25,-3.2508543,0.17121534,-1.131092,-0.4875454,85,85
-63.41666666666668,-11.25,-3.5438647,-0.03615188,-1.0180109,-0.645264,85,86
-63.250000000000014,-11.25,-3.7858374,0.16957591,-0.6357733,-0.6002549,85,87
-63.08333333333334,-11.25,-4.226479,-0.13154043,-0.8676756,-1.3155545,85,88
-62.91666666666668,-11.25,-4.4179215,-0.2992562,-0.87347,-1.4333067,85,89
-62.750000000000014,-11.25,-4.6405525,-0.3543399,-0.732913,-1.518317,85,90
-62.58333333333334,-11.25,-4.7278852,-0.23868467,-0.3223913,-1.4452181,85,91
-62.41666666666668,-11.25,-4.7703476,-0.016384225,0.27176484,-1.298668,85,92
-62.250000000000014,-11.25,-4.7580924,-0.010583614,0.8214211,-1.2504181,85,93
-62.08333333333334,-11.25,-4.8546247,-0.29135236,1.1866678,-1.3589314,85,94
-61.91666666666668,-11.25,-4.778559,-0.22429152,1.5114881,-1.2995399,85,95
-61.750000000000014,-11.25,-5.1161504,-0.6765842,1.6267385,-1.5959505,85,96
-61.58333333333334,-11.25,-5.318958,-0.97749656,1.7417217,-1.7812468,85,97
-61.41666666666668,-11.25,-5.140898,-0.51321757,2.0025263,-1.5926008,85,98
-61.250000000000014,-11.25,-4.964754,-0.47715124,1.7374512,-1.5278556,85,99
-61.08333333333334,-11.25,-5.11734,-0.5838482,1.5974065,-1.5882381,85,100
-60.91666666666668,-11.25,-5.273945,-1.0154817,1.28589,-1.809291,85,101
-60.750000000000014,-11.25,-5.4628677,-1.4665492,1.0308145,-1.9942026,85,102
-60.58333333333334,-11.25,-4.9592156,-0.90126014,0.8997451,-1.6401815,85,103
-60.41666666666668,-11.25,-5.0469556,-1.0344542,0.8074177,-1.7134982,85,104
-60.250000000000014,-11.25,-5.4157977,-1.6414766,0.6704923,-2.0367541,85,105
-60.08333333333334,-11.25,-5.0311356,-1.454037,0.79468,-1.2945418,85,106
-59.91666666666668,-11.25,-5.2164173,-1.7360666,0.73683316,-1.4527109,85,107
-59.750000000000014,-11.25,-5.4422216,-1.9969708,0.72907674,-1.5738921,85,108
-59.58333333333334,-11.25,-5.1194873,-1.3823909,0.7756399,-1.2172341,85,109
-59.41666666666668,-11.25,-4.8800664,-0.94902414,0.8160562,-0.9601819,85,110
-59.250000000000014,-11.25,-4.900348,-0.9203536,0.83440304,-0.9629406,85,111
-59.08333333333334,-11.25,-5.263807,-0.83679175,1.0820634,-1.0038695,85,112
-58.91666666666668,-11.25,-5.201322,-0.44908097,1.1756061,-0.7982457,85,113
-58.750000000000014,-11.25,-5.3299975,-0.702495,1.1473168,-0.96432555,85,114
-58.58333333333334,-11.25,-5.0723705,-0.080239505,1.3661522,-0.65858454,85,115
-58.41666666666668,-11.25,-4.526642,0.20399594,1.2477262,-0.4093412,85,116
-58.250000000000014,-11.25,-4.252034,0.08844649,1.1166949,-0.38794377,85,117
-58.08333333333334,-11.25,-4.252776,0.08141052,1.1942955,-0.43596178,85,118
-57.91666666666668,-11.25,-4.414361,0.120903246,1.3990965,-0.48126337,85,119
-57.750000000000014,-11.25,-4.18914,0.6023251,1.4865224,-0.2777479,85,120
-57.58333333333334,-11.25,-4.126652,1.0300527,1.5832784,-0.17419025,85,121
-57.41666666666668,-11.25,-4.173656,0.9575008,1.6719311,-0.20863295,85,122
-57.250000000000014,-11.25,-4.058053,0.7231695,1.6269212,-0.24238688,85,123
-57.08333333333334,-11.25,-4.2385116,0.07131565,1.4166374,-0.534758,85,124
-56.91666666666668,-11.25,-4.192965,0.2513163,1.415548,-0.43321702,85,125
-56.750000000000014,-11.25,-4.1040773,0.27750602,1.1940786,-0.41033888,85,126
-56.58333333333334,-11.25,-3.9814134,-0.15238363,0.58343995,-0.5926188,85,127
-56.41666666666668,-11.25,-4.2847652,-0.08656366,0.7971769,-0.77077305,85,128
-56.250000000000014,-11.25,-4.457404,0.16294692,0.9389339,-0.7560453,85,129
-56.08333333333334,-11.25,-4.309654,-0.07974876,0.5503558,-0.90251213,85,130
-55.91666666666668,-11.25,-4.2531943,0.16903806,0.54762155,-0.83745325,85,131
-55.750000000000014,-11.25,-4.0004363,0.6156272,0.5506567,-0.6126519,85,132
-55.58333333333334,-11.25,-4.0031877,0.9010395,0.7386447,-0.46627533,85,133
-55.41666666666668,-11.25,-3.8714035,1.0748104,0.797168,-0.40326658,85,134
-55.250000000000014,-11.25,-4.0094843,1.1201745,1.0181124,-0.4245187,85,135
-55.08333333333334,-11.25,-4.100813,0.812893,0.86810046,-0.5418918,85,136
-54.91666666666668,-11.25,-4.140958,1.0298773,1.0618166,-0.40257645,85,137
-54.750000000000014,-11.25,-4.105897,0.9579114,1.133015,-0.37199783,85,138
-54.58333333333334,-11.25,-4.196506,0.8258083,1.4010106,-0.41887861,85,139
-54.41666666666668,-11.25,-4.34996,1.1034645,1.9878471,-0.26397705,85,140
-54.250000000000014,-11.25,-4.416641,1.0787356,2.2776532,-0.1730862,85,141
-54.08333333333334,-11.25,-4.4182587,0.94564945,2.3156312,-0.17859548,85,142
-53.91666666666668,-11.25,-4.384455,0.72670734,2.2651742,-0.1833028,85,143
-53.750000000000014,-11.25,-4.3466196,0.8817054,2.3590314,-0.035594303,85,144
-53.58333333333334,-11.25,-4.462363,0.65714973,2.2924757,-0.12649167,85,145
-53.41666666666668,-11.25,-4.405557,0.79325193,2.2330117,-0.01080073,85,146
-53.250000000000014,-11.25,-4.17129,1.1690445,2.1545506,0.2306695,85,147
-53.08333333333334,-11.25,-4.2370796,1.0086812,1.9086031,0.15649238,85,148
-52.91666666666668,-11.25,-4.0924544,1.2722435,1.756933,0.29317975,85,149
-52.750000000000014,-11.25,-4.099003,1.5948554,1.7037834,0.34017155,85,150
-52.58333333333334,-11.25,-3.9897416,1.712405,1.5220939,0.36870256,85,151
-52.41666666666668,-11.25,-3.9472685,1.7916139,1.3541821,0.4362854,85,152
-52.250000000000014,-11.25,-3.6790452,2.167219,1.1228155,0.6291985,85,153
-52.08333333333334,-11.25,-3.298248,2.6120436,0.95148224,0.946353,85,154
-51.91666666666668,-11.25,-2.7933462,3.6260228,1.1295125,1.5082562,85,155
-51.750000000000014,-11.25,-2.4930491,3.6936257,0.9514442,1.5886272,85,156
-51.58333333333334,-11.25,-2.0988297,3.617735,0.6372751,1.6144139,85,157
-49.08333333333334,-11.25,-4.346249,0.9755374,-0.108485386,0.7053668,85,172
-48.91666666666668,-11.25,-4.5947638,0.72244686,-0.1389723,0.5271696,85,173
-48.750000000000014,-11.25,-4.6293373,0.7739931,-0.20359711,0.5946983,85,174
-48.58333333333334,-11.25,-4.6249356,0.72074497,-0.257916,0.5943117,85,175
-74.41666666666667,-11.416666666666666,-5.896484,-6.9746037,-3.529144,-3.315151,86,20
-74.25000000000001,-11.416666666666666,-5.3377404,-6.4823217,-3.644404,-3.0906217,86,21
-74.08333333333334,-11.416666666666666,-4.532571,-4.4311566,-3.8007762,-2.1915944,86,22
-73.91666666666667,-11.416666666666666,-9.545113,-11.977846,-4.353531,-6.4907446,86,23
-73.75000000000001,-11.416666666666666,-8.464054,-10.320786,-4.285393,-5.7104564,86,24
-73.58333333333334,-11.416666666666666,-3.4223752,-3.6098619,-3.309785,-1.720162,86,25
-73.25000000000001,-11.416666666666666,-1.863704,-1.591231,-2.8980842,-0.4519214,86,27
-73.08333333333334,-11.416666666666666,-1.4352152,-1.1143774,-2.6766517,-0.10034796,86,28
-72.91666666666667,-11.416666666666666,-1.254578,-0.9647924,-2.4249763,0.080486596,86,29
-72.75000000000001,-11.416666666666666,-1.2879889,-1.171984,-2.1476228,0.09160302,86,30
-72.58333333333334,-11.416666666666666,-1.369375,-1.3783302,-1.908278,0.07782462,86,31
-72.41666666666667,-11.416666666666666,-1.5499052,-1.7299684,-1.6973586,0.01851441,86,32
-72.25000000000001,-11.416666666666666,-1.934719,-2.3456566,-1.5207084,-0.16912909,86,33
-72.08333333333334,-11.416666666666666,-1.9925339,-2.512504,-1.3085604,-0.095059656,86,34
-71.91666666666667,-11.416666666666666,-1.9425517,-2.5429735,-1.0676334,0.0595759,86,35
-71.75000000000001,-11.416666666666666,-1.9044751,-2.5746956,-0.84946114,0.20369954,86,36
-71.58333333333334,-11.416666666666666,-2.0497034,-2.8390515,-0.68333125,0.19833446,86,37
-71.41666666666667,-11.416666666666666,-2.157521,-2.9765632,-0.5243823,0.24686584,86,38
-71.25000000000001,-11.416666666666666,-2.2429588,-3.070639,-0.39996767,0.3204406,86,39
-71.08333333333334,-11.416666666666666,-2.320491,-3.0945346,-0.3292861,0.44559404,86,40
-70.91666666666667,-11.416666666666666,-2.3677843,-2.9842517,-0.25473815,0.6154259,86,41
-70.75000000000001,-11.416666666666666,-2.4255817,-2.7778556,-0.24898687,0.80828714,86,42
-70.58333333333334,-11.416666666666666,-2.6993103,-2.799957,-0.3601474,0.85603714,86,43
-70.41666666666667,-11.416666666666666,-3.1999955,-3.0650547,-0.6033278,0.7372186,86,44
-70.25000000000001,-11.416666666666666,-3.414677,-2.8101606,-0.77455837,0.90129006,86,45
-70.08333333333334,-11.416666666666666,-3.6784644,-2.5477624,-1.0021979,1.0434171,86,46
-69.91666666666667,-11.416666666666666,-3.9478164,-2.1803038,-1.2650628,1.2104262,86,47
-69.75000000000001,-11.416666666666666,-4.2183514,-1.9056048,-1.527131,1.4204122,86,48
-69.58333333333334,-11.416666666666666,-4.3888655,-1.6039966,-1.7267121,1.6224995,86,49
-69.41666666666667,-11.416666666666666,-4.274345,-1.3299656,-1.811876,1.6396492,86,50
-69.25000000000001,-11.416666666666666,-3.9274018,-1.1158897,-1.9449447,1.57511,86,51
-69.08333333333334,-11.416666666666666,-3.5507283,-0.8699437,-1.9888399,1.571887,86,52
-68.91666666666667,-11.416666666666666,-3.236442,-0.6049335,-1.8871927,1.5920832,86,53
-68.75000000000001,-11.416666666666666,-3.1212344,-0.55103487,-1.7994349,1.53346,86,54
-68.58333333333334,-11.416666666666666,-2.9072378,-0.38395607,-1.7450503,1.5573369,86,55
-68.41666666666667,-11.416666666666666,-2.745943,-0.21679875,-1.713084,1.5818063,86,56
-68.25000000000001,-11.416666666666666,-2.639512,-0.07232268,-1.7125523,1.6047052,86,57
-68.08333333333334,-11.416666666666666,-2.42091,0.2459778,-1.6813319,1.7166629,86,58
-67.91666666666667,-11.416666666666666,-2.2071376,0.5656012,-1.6047677,1.8391064,86,59
-67.75000000000001,-11.416666666666666,-2.0874865,0.7103245,-1.630005,1.8234843,86,60
-67.58333333333334,-11.416666666666666,-1.8470281,0.91515964,-1.6055199,1.8364066,86,61
-67.41666666666667,-11.416666666666666,-1.6696687,1.1667354,-1.5551308,1.8866832,86,62
-67.25000000000001,-11.416666666666666,-1.3847511,1.5056571,-1.479041,1.9839257,86,63
-67.08333333333334,-11.416666666666666,-1.3385661,1.97427,-1.483955,1.6210524,86,64
-66.91666666666667,-11.416666666666666,-1.2713053,2.2299192,-1.3629751,1.6321617,86,65
-66.75000000000001,-11.416666666666666,-1.1293639,2.493395,-1.262979,1.6285975,86,66
-66.58333333333334,-11.416666666666666,-0.8122759,2.9783554,-1.2012174,1.7119125,86,67
-66.41666666666667,-11.416666666666666,-0.63155496,3.3644433,-1.1352166,1.7783271,86,68
-66.25000000000001,-11.416666666666666,-0.6237064,3.5416734,-1.0384392,1.7634158,86,69
-66.08333333333334,-11.416666666666666,-0.64747393,3.4850283,-1.066269,1.663173,86,70
-65.91666666666667,-11.416666666666666,-0.69034,3.36654,-1.1283915,1.5392433,86,71
-65.75000000000001,-11.416666666666666,-0.59466076,3.604605,-0.99975175,1.6635237,86,72
-65.58333333333334,-11.416666666666666,-0.7095812,3.4321353,-1.0304579,1.5580736,86,73
-65.41666666666667,-11.416666666666666,-0.77832747,3.4279225,-0.9763048,1.5673935,86,74
-65.25000000000001,-11.416666666666666,-0.8080934,3.357476,-1.0477635,1.4799687,86,75
-65.08333333333334,-11.416666666666666,-1.1042297,2.9874897,-1.0771873,1.2732271,86,76
-64.91666666666667,-11.416666666666666,-1.2358822,2.80257,-1.1174389,1.1501267,86,77
-64.75000000000001,-11.416666666666666,-1.3491702,2.631482,-1.2449446,1.0556221,86,78
-64.58333333333334,-11.416666666666666,-1.5442321,2.388853,-1.3232459,0.90516436,86,79
-64.41666666666667,-11.416666666666666,-1.7732874,2.0902581,-1.3837762,0.72025514,86,80
-64.25000000000001,-11.416666666666666,-2.0216517,1.8218007,-1.4407797,0.54195756,86,81
-64.08333333333334,-11.416666666666666,-2.3877478,1.3694843,-1.4587294,0.2542377,86,82
-63.91666666666668,-11.416666666666666,-2.7325597,0.91555,-1.4404662,-0.03854169,86,83
-63.750000000000014,-11.416666666666666,-3.077962,0.5390086,-1.378824,-0.26694652,86,84
-63.58333333333334,-11.416666666666666,-3.210978,0.4936828,-1.227442,-0.31824473,86,85
-63.41666666666668,-11.416666666666666,-3.526235,0.3811051,-1.0062666,-0.42023945,86,86
-63.250000000000014,-11.416666666666666,-3.9987984,-0.2288484,-0.9938154,-0.81240845,86,87
-63.08333333333334,-11.416666666666666,-4.1395307,-0.034165993,-1.0522819,-1.2208017,86,88
-62.91666666666668,-11.416666666666666,-4.15315,0.048596047,-0.99533707,-1.1884466,86,89
-62.750000000000014,-11.416666666666666,-4.506149,-0.2332834,-0.8001131,-1.4035113,86,90
-62.58333333333334,-11.416666666666666,-4.7499886,-0.5208631,-0.63862026,-1.5418619,86,91
-62.41666666666668,-11.416666666666666,-4.832348,0.002652692,0.050699122,-1.2787292,86,92
-62.250000000000014,-11.416666666666666,-4.7991185,0.09702342,0.42966005,-1.1843077,86,93
-62.08333333333334,-11.416666666666666,-4.814931,-0.078395255,0.6308784,-1.2372211,86,94
-61.91666666666668,-11.416666666666666,-4.8502793,-0.13170359,0.9066879,-1.2505147,86,95
-61.750000000000014,-11.416666666666666,-4.8434153,-0.019812915,1.2487086,-1.2104721,86,96
-61.58333333333334,-11.416666666666666,-4.981063,-0.14190513,1.7384871,-1.3410903,86,97
-61.41666666666668,-11.416666666666666,-4.9543777,-0.11191889,1.9970996,-1.32688,86,98
-61.250000000000014,-11.416666666666666,-5.0826797,-0.23491488,1.7344366,-1.3494565,86,99
-61.08333333333334,-11.416666666666666,-5.2400208,-0.43432102,1.5349238,-1.4255674,86,100
-60.91666666666668,-11.416666666666666,-5.2457204,-0.5470897,1.3461884,-1.466942,86,101
-60.750000000000014,-11.416666666666666,-5.801476,-1.5816821,0.99099785,-1.9973406,86,102
-60.58333333333334,-11.416666666666666,-5.4096856,-1.2339127,0.83619833,-1.7451342,86,103
-60.41666666666668,-11.416666666666666,-5.2838154,-1.2159486,0.7273366,-1.7025564,86,104
-60.250000000000014,-11.416666666666666,-5.420992,-1.992448,0.715221,-1.5078282,86,105
-60.08333333333334,-11.416666666666666,-5.3526134,-1.8509248,0.74573636,-1.3955625,86,106
-59.91666666666668,-11.416666666666666,-5.1662197,-1.4837064,0.7943498,-1.1770266,86,107
-59.750000000000014,-11.416666666666666,-5.376526,-1.796409,0.7514908,-1.3289214,86,108
-59.58333333333334,-11.416666666666666,-5.3617373,-1.6812778,0.7549712,-1.2537433,86,109
-59.41666666666668,-11.416666666666666,-5.125413,-1.2404892,0.78071964,-0.9893287,86,110
-59.250000000000014,-11.416666666666666,-5.151791,-1.0398976,0.86098456,-0.9063852,86,111
-59.08333333333334,-11.416666666666666,-5.3179827,-0.76464725,1.0639075,-0.8187469,86,112
-58.91666666666668,-11.416666666666666,-5.515608,-0.9888439,1.0606109,-0.947201,86,113
-58.750000000000014,-11.416666666666666,-5.2317057,-0.3344715,1.2476512,-0.59523267,86,114
-58.58333333333334,-11.416666666666666,-4.916687,-0.03092775,1.2564358,-0.39321208,86,115
-58.41666666666668,-11.416666666666666,-4.5371485,-0.1866086,1.0468993,-0.38898388,86,116
-58.250000000000014,-11.416666666666666,-4.4651537,-0.39314035,0.9994901,-0.47945517,86,117
-58.08333333333334,-11.416666666666666,-4.4026413,-0.024492351,1.2658254,-0.3153093,86,118
-57.91666666666668,-11.416666666666666,-4.5110364,0.079018906,1.4567962,-0.32748467,86,119
-57.750000000000014,-11.416666666666666,-4.575038,0.07399669,1.6170579,-0.42975813,86,120
-57.58333333333334,-11.416666666666666,-4.355733,0.476512,1.7298069,-0.23961358,86,121
-57.41666666666668,-11.416666666666666,-4.233017,0.47920704,1.7765679,-0.18843089,86,122
-57.250000000000014,-11.416666666666666,-4.2508554,0.32694352,1.7595108,-0.21228166,86,123
-57.08333333333334,-11.416666666666666,-4.3623734,-0.15337041,1.4638677,-0.4470581,86,124
-56.91666666666668,-11.416666666666666,-4.4370403,-0.3674736,1.2845566,-0.523075,86,125
-56.750000000000014,-11.416666666666666,-4.3730893,-0.003464715,1.2262847,-0.3661888,86,126
-56.58333333333334,-11.416666666666666,-4.3718247,-0.44096866,0.65938205,-0.56123316,86,127
-56.41666666666668,-11.416666666666666,-4.2907963,-0.30225077,0.42125088,-0.5388447,86,128
-56.250000000000014,-11.416666666666666,-4.362415,-0.16105151,0.51996565,-0.5226297,86,129
-56.08333333333334,-11.416666666666666,-4.395645,0.008170649,0.45762435,-0.6023019,86,130
-55.91666666666668,-11.416666666666666,-4.474507,-0.012953485,0.394071,-0.7567023,86,131
-55.750000000000014,-11.416666666666666,-4.5015187,0.34320858,0.55565137,-0.65390974,86,132
-55.58333333333334,-11.416666666666666,-4.2173223,0.827464,0.6343731,-0.34322518,86,133
-55.41666666666668,-11.416666666666666,-4.2075186,0.85118645,0.8300639,-0.4082124,86,134
-55.250000000000014,-11.416666666666666,-4.365645,0.42962667,0.81134045,-0.61113435,86,135
-55.08333333333334,-11.416666666666666,-4.380621,0.51653045,0.84242773,-0.531847,86,136
-54.91666666666668,-11.416666666666666,-4.488446,1.2478409,1.3849351,-0.27236643,86,137
-54.750000000000014,-11.416666666666666,-4.5177946,1.0079594,1.3631195,-0.29400152,86,138
-54.58333333333334,-11.416666666666666,-4.620617,0.4427568,1.3336703,-0.50216115,86,139
-54.41666666666668,-11.416666666666666,-4.7423186,0.5450458,1.6286587,-0.41382253,86,140
-54.250000000000014,-11.416666666666666,-4.7183948,0.6710085,1.8452182,-0.2784529,86,141
-54.08333333333334,-11.416666666666666,-4.8747115,0.74282,2.1702871,-0.21417901,86,142
-53.91666666666668,-11.416666666666666,-4.8198185,0.8366843,2.2201288,-0.06679126,86,143
-53.750000000000014,-11.416666666666666,-4.8176546,0.5960745,2.0766847,-0.09755392,86,144
-53.58333333333334,-11.416666666666666,-4.864911,0.6396141,2.117583,-0.013004471,86,145
-53.41666666666668,-11.416666666666666,-4.671271,0.99418,2.1018755,0.21455447,86,146
-53.250000000000014,-11.416666666666666,-4.6921983,0.8754061,1.9284551,0.17148961,86,147
-53.08333333333334,-11.416666666666666,-4.488486,1.1906627,1.7869326,0.37171942,86,148
-52.91666666666668,-11.416666666666666,-4.4762774,1.1733474,1.5711895,0.31852058,86,149
-52.750000000000014,-11.416666666666666,-4.346678,1.5613633,1.5344244,0.4563974,86,150
-52.58333333333334,-11.416666666666666,-4.242341,1.7741643,1.3651893,0.5168346,86,151
-52.41666666666668,-11.416666666666666,-4.127953,1.739515,1.058704,0.49246347,86,152
-52.250000000000014,-11.416666666666666,-3.9683664,1.8324876,0.8115905,0.5002239,86,153
-52.08333333333334,-11.416666666666666,-3.6651182,2.3268502,0.7401243,0.8525359,86,154
-51.91666666666668,-11.416666666666666,-3.1112816,2.957655,0.7333106,1.2314179,86,155
-51.750000000000014,-11.416666666666666,-2.72033,3.4046936,0.77162284,1.5275649,86,156
-51.58333333333334,-11.416666666666666,-2.3430705,3.3482525,0.48668522,1.5730021,86,157
-48.91666666666668,-11.416666666666666,-4.546007,0.72509545,-0.110408805,0.5421927,86,173
-48.750000000000014,-11.416666666666666,-4.6151605,0.70239806,-0.13439983,0.5437268,86,174
-74.25000000000001,-11.583333333333332,-5.6399145,-7.1709523,-3.625467,-3.3697283,87,21
-74.08333333333334,-11.583333333333332,-3.297319,-2.6709383,-4.19005,-0.9943919,87,22
-73.91666666666667,-11.583333333333332,-7.6420717,-9.552408,-3.7148604,-4.8710794,87,23
-73.25000000000001,-11.583333333333332,-1.8343604,-1.5181787,-2.9379978,-0.43124714,87,27
-73.08333333333334,-11.583333333333332,-1.4809327,-1.2154845,-2.6817825,-0.17194949,87,28
-72.91666666666667,-11.583333333333332,-1.4675775,-1.446465,-2.3666224,-0.1555656,87,29
-72.75000000000001,-11.583333333333332,-1.39151,-1.501562,-2.0804913,-0.0692078,87,30
-72.58333333333334,-11.583333333333332,-1.3835903,-1.6598933,-1.809667,-0.037959747,87,31
-72.41666666666667,-11.583333333333332,-1.5482612,-1.9680678,-1.5484216,-0.076548934,87,32
-72.25000000000001,-11.583333333333332,-1.579011,-2.1213162,-1.2824007,0.014568274,87,33
-72.08333333333334,-11.583333333333332,-1.4624908,-2.1033144,-1.01298,0.21086316,87,34
-71.91666666666667,-11.583333333333332,-1.4153847,-2.1763935,-0.7235799,0.36570206,87,35
-71.75000000000001,-11.583333333333332,-1.4136306,-2.3350239,-0.4663036,0.46145976,87,36
-71.58333333333334,-11.583333333333332,-1.5025785,-2.578519,-0.26159286,0.4989763,87,37
-71.41666666666667,-11.583333333333332,-1.8902403,-3.1621273,-0.120482355,0.323308,87,38
-71.25000000000001,-11.583333333333332,-2.1781363,-3.5898602,-0.0020341142,0.2440494,87,39
-71.08333333333334,-11.583333333333332,-2.1391547,-3.519695,0.1482074,0.42891014,87,40
-70.91666666666667,-11.583333333333332,-2.1895602,-3.483705,0.23245683,0.58080983,87,41
-70.75000000000001,-11.583333333333332,-2.2519243,-3.2922087,0.29493427,0.7758931,87,42
-70.58333333333334,-11.583333333333332,-2.3403027,-2.9898934,0.24399178,1.0059078,87,43
-70.41666666666667,-11.583333333333332,-2.7102544,-3.0528023,0.045142706,1.0151473,87,44
-70.25000000000001,-11.583333333333332,-3.2120807,-3.2803853,-0.25603336,0.92431325,87,45
-70.08333333333334,-11.583333333333332,-3.5426867,-3.1042402,-0.5223693,1.0113342,87,46
-69.91666666666667,-11.583333333333332,-3.7676158,-2.6995842,-0.79220694,1.2333285,87,47
-69.75000000000001,-11.583333333333332,-3.9904385,-2.338427,-1.0771387,1.3776629,87,48
-69.58333333333334,-11.583333333333332,-4.119359,-2.06487,-1.3410408,1.4769171,87,49
-69.41666666666667,-11.583333333333332,-4.0260296,-1.6892533,-1.5269839,1.5647463,87,50
-69.25000000000001,-11.583333333333332,-3.8257132,-1.3929552,-1.6779109,1.5642596,87,51
-69.08333333333334,-11.583333333333332,-3.546038,-1.0803347,-1.7680635,1.5932415,87,52
-68.91666666666667,-11.583333333333332,-3.3022377,-0.850427,-1.7413847,1.5881234,87,53
-68.75000000000001,-11.583333333333332,-3.0767121,-0.5645849,-1.6720289,1.6377444,87,54
-68.58333333333334,-11.583333333333332,-2.8780777,-0.35410085,-1.643166,1.6692245,87,55
-68.41666666666667,-11.583333333333332,-2.651208,-0.059639543,-1.6204871,1.7638196,87,56
-68.25000000000001,-11.583333333333332,-2.4671528,0.23618025,-1.5493108,1.8566078,87,57
-68.08333333333334,-11.583333333333332,-2.3343494,0.43285176,-1.5446182,1.904183,87,58
-67.91666666666667,-11.583333333333332,-2.257115,0.4653033,-1.5661678,1.8531477,87,59
-67.75000000000001,-11.583333333333332,-1.9474695,0.87407196,-1.5108453,1.9704338,87,60
-67.58333333333334,-11.583333333333332,-1.7997185,1.1208153,-1.4719023,2.0007908,87,61
-67.41666666666667,-11.583333333333332,-1.5994767,1.3925372,-1.4217118,2.046431,87,62
-67.25000000000001,-11.583333333333332,-1.5500047,1.400296,-1.4382725,1.9909265,87,63
-67.08333333333334,-11.583333333333332,-1.5844437,1.8634754,-1.4143871,1.6180654,87,64
-66.91666666666667,-11.583333333333332,-1.4174356,2.244209,-1.302147,1.6883869,87,65
-66.75000000000001,-11.583333333333332,-1.1045237,2.6404636,-1.2768321,1.746034,87,66
-66.58333333333334,-11.583333333333332,-1.0690271,2.892256,-1.1654633,1.7418923,87,67
-66.41666666666667,-11.583333333333332,-0.9199464,3.2542927,-1.0766733,1.8339794,87,68
-66.25000000000001,-11.583333333333332,-0.88681424,3.4540324,-0.9482143,1.857913,87,69
-66.08333333333334,-11.583333333333332,-0.7881542,3.3659756,-1.1289817,1.706744,87,70
-65.91666666666667,-11.583333333333332,-0.8301687,3.2796142,-1.1460347,1.5954808,87,71
-65.75000000000001,-11.583333333333332,-0.74283963,3.4829087,-1.0731955,1.6798118,87,72
-65.41666666666667,-11.583333333333332,-0.95416474,3.3985386,-1.0183301,1.6029493,87,74
-65.25000000000001,-11.583333333333332,-0.8384515,3.4386652,-1.085021,1.5779302,87,75
-65.08333333333334,-11.583333333333332,-1.1069372,3.08967,-1.1619283,1.3821512,87,76
-64.91666666666667,-11.583333333333332,-1.3196048,2.8090959,-1.1942083,1.205213,87,77
-64.75000000000001,-11.583333333333332,-1.4558711,2.5849323,-1.316348,1.0747745,87,78
-64.58333333333334,-11.583333333333332,-1.6328447,2.3163557,-1.4126347,0.89906335,87,79
-64.41666666666667,-11.583333333333332,-1.8775871,2.036197,-1.4717485,0.7049188,87,80
-64.25000000000001,-11.583333333333332,-2.1410177,1.8064799,-1.4796077,0.5366574,87,81
-64.08333333333334,-11.583333333333332,-2.4212697,1.6524922,-1.3612876,0.4423708,87,82
-63.91666666666668,-11.583333333333332,-2.6391747,1.4852357,-1.2544624,0.29843673,87,83
-63.750000000000014,-11.583333333333332,-3.2293055,0.7715018,-1.2354896,-0.13874643,87,84
-63.58333333333334,-11.583333333333332,-3.346075,0.627112,-1.2723734,-0.26530328,87,85
-63.41666666666668,-11.583333333333332,-3.6338387,0.17318904,-1.3095137,-0.52254903,87,86
-63.250000000000014,-11.583333333333332,-3.728686,0.069745004,-1.2038347,-0.58916,87,87
-63.08333333333334,-11.583333333333332,-3.8686604,-0.019379513,-1.1180965,-0.66754216,87,88
-62.91666666666668,-11.583333333333332,-3.980024,0.28398302,-1.1014851,-0.9849672,87,89
-62.750000000000014,-11.583333333333332,-4.1497545,0.22899774,-0.9439246,-1.044791,87,90
-62.58333333333334,-11.583333333333332,-4.5048127,0.045966655,-0.6585123,-1.172625,87,91
-62.41666666666668,-11.583333333333332,-5.007421,-0.3711866,-0.37664628,-1.4166367,87,92
-62.250000000000014,-11.583333333333332,-4.985268,-0.003338303,0.0016846948,-1.2200773,87,93
-62.08333333333334,-11.583333333333332,-4.917273,0.14241327,0.21796416,-1.131873,87,94
-61.91666666666668,-11.583333333333332,-5.0238004,0.1266262,0.4089606,-1.1475424,87,95
-61.750000000000014,-11.583333333333332,-4.9956193,0.20173097,0.68197364,-1.1273984,87,96
-61.58333333333334,-11.583333333333332,-5.010233,0.13606867,1.1528273,-1.145125,87,97
-61.41666666666668,-11.583333333333332,-5.0891604,-0.0173621,1.400627,-1.2116684,87,98
-61.250000000000014,-11.583333333333332,-4.949745,0.13806377,1.3455751,-1.0608994,87,99
-61.08333333333334,-11.583333333333332,-5.0719833,-0.061300922,1.2613982,-1.1242539,87,100
-60.91666666666668,-11.583333333333332,-5.2739334,-0.4423796,1.1253563,-1.2991916,87,101
-60.750000000000014,-11.583333333333332,-5.5871277,-1.0695653,0.8905899,-1.626023,87,102
-60.58333333333334,-11.583333333333332,-5.8699694,-1.5778291,0.7490083,-1.8883697,87,103
-60.41666666666668,-11.583333333333332,-5.5132565,-1.8494718,0.6935346,-1.3504661,87,104
-60.250000000000014,-11.583333333333332,-5.679544,-2.2785165,0.6136148,-1.5462675,87,105
-60.08333333333334,-11.583333333333332,-5.3011346,-1.5708218,0.75258136,-1.1250533,87,106
-59.250000000000014,-11.583333333333332,-5.2556505,-1.1473978,0.8761114,-0.80402386,87,111
-59.08333333333334,-11.583333333333332,-5.3935046,-1.062207,0.9621914,-0.7964745,87,112
-58.91666666666668,-11.583333333333332,-5.2316155,-0.6313598,1.0449339,-0.51974934,87,113
-58.58333333333334,-11.583333333333332,-4.933549,-0.28271365,1.1645797,-0.3395629,87,115
-58.41666666666668,-11.583333333333332,-4.6700406,-0.061807502,1.2381979,-0.20672446,87,116
-58.250000000000014,-11.583333333333332,-4.72738,0.10746671,1.5229481,-0.15728526,87,117
-58.08333333333334,-11.583333333333332,-4.556668,0.072113395,1.4670961,-0.13750891,87,118
-57.91666666666668,-11.583333333333332,-4.6374097,-0.0037914973,1.6077362,-0.22228557,87,119
-57.750000000000014,-11.583333333333332,-4.7025213,-0.079613656,1.7609059,-0.29975063,87,120
-57.58333333333334,-11.583333333333332,-4.5258765,-0.0067406404,1.8854114,-0.25489485,87,121
-57.41666666666668,-11.583333333333332,-4.2351303,0.042292137,1.863196,-0.15166327,87,122
-57.250000000000014,-11.583333333333332,-4.3249335,-0.044011686,1.8141832,-0.16986407,87,123
-57.08333333333334,-11.583333333333332,-4.4282084,-0.3521437,1.5295299,-0.23061901,87,124
-56.91666666666668,-11.583333333333332,-4.3908525,-0.8071528,1.0362347,-0.39753228,87,125
-56.750000000000014,-11.583333333333332,-4.517215,-0.7480523,0.9971803,-0.4264992,87,126
-56.58333333333334,-11.583333333333332,-4.6646743,-0.860369,0.8520244,-0.59056485,87,127
-56.41666666666668,-11.583333333333332,-4.621029,-0.69625944,0.6361132,-0.5133214,87,128
-56.250000000000014,-11.583333333333332,-4.5755286,-0.37229982,0.60022795,-0.43364072,87,129
-56.08333333333334,-11.583333333333332,-4.7007375,-0.04652131,0.75885594,-0.57472205,87,130
-55.91666666666668,-11.583333333333332,-4.840308,0.06912057,0.7645386,-0.6650755,87,131
-55.750000000000014,-11.583333333333332,-4.703018,0.31343102,0.54285556,-0.5479598,87,132
-55.58333333333334,-11.583333333333332,-4.5303407,0.4542972,0.59704363,-0.43696466,87,133
-55.41666666666668,-11.583333333333332,-4.562535,0.3701546,0.9019259,-0.4912114,87,134
-55.250000000000014,-11.583333333333332,-4.707926,-0.07424759,0.7874622,-0.6913925,87,135
-55.08333333333334,-11.583333333333332,-4.747786,0.4092008,1.0250568,-0.50256693,87,136
-54.91666666666668,-11.583333333333332,-4.799417,0.9062714,1.3577276,-0.29046142,87,137
-54.750000000000014,-11.583333333333332,-4.776794,0.6970426,1.2775723,-0.31608385,87,138
-54.58333333333334,-11.583333333333332,-4.971225,0.30323148,1.2993563,-0.49896324,87,139
-54.41666666666668,-11.583333333333332,-5.090962,0.48355177,1.6262017,-0.34198686,87,140
-54.250000000000014,-11.583333333333332,-5.1053405,0.47097534,1.7226869,-0.2910301,87,141
-54.08333333333334,-11.583333333333332,-5.0458407,0.5421292,1.773154,-0.13592876,87,142
-53.91666666666668,-11.583333333333332,-5.13787,0.50486207,1.8604342,-0.091165185,87,143
-53.750000000000014,-11.583333333333332,-5.2476506,0.4434505,1.8884398,-0.043323718,87,144
-53.58333333333334,-11.583333333333332,-5.1692343,0.7268876,1.9454831,0.15534176,87,145
-53.41666666666668,-11.583333333333332,-5.2062254,0.74141717,1.8984654,0.1690311,87,146
-53.250000000000014,-11.583333333333332,-5.116485,0.77106804,1.7608258,0.2370694,87,147
-53.08333333333334,-11.583333333333332,-4.9174247,0.970763,1.5640566,0.34456775,87,148
-52.91666666666668,-11.583333333333332,-4.6488695,1.2469523,1.3578374,0.49442014,87,149
-52.750000000000014,-11.583333333333332,-4.525676,1.5863403,1.3180622,0.58288157,87,150
-52.58333333333334,-11.583333333333332,-4.406329,1.7030932,1.0726268,0.60685974,87,151
-52.41666666666668,-11.583333333333332,-4.230069,1.6768599,0.7604526,0.59443724,87,152
-52.250000000000014,-11.583333333333332,-4.1199694,1.8402623,0.5700755,0.617052,87,153
-52.08333333333334,-11.583333333333332,-3.9452662,2.2774684,0.60818803,0.77266157,87,154
-51.91666666666668,-11.583333333333332,-3.470199,2.4283018,0.4067517,1.018888,87,155
-51.750000000000014,-11.583333333333332,-3.0695639,2.7388928,0.51382405,1.3087009,87,156
-51.58333333333334,-11.583333333333332,-2.6154535,3.2183938,0.57367903,1.5932004,87,157
-51.41666666666668,-11.583333333333332,-2.14254,3.7241528,0.5938144,1.9204637,87,158
-74.41666666666667,-11.75,-9.875754,-12.467472,-5.0304394,-6.3821235,88,20
-74.25000000000001,-11.75,-6.0358152,-7.565294,-3.8055592,-3.640089,88,21
-74.08333333333334,-11.75,-3.4229221,-3.2714195,-4.215499,-1.1749828,88,22
-73.91666666666667,-11.75,-4.090606,-4.2624364,-3.750114,-2.0324678,88,23
-73.25000000000001,-11.75,-2.1976764,-2.1593611,-2.8689492,-0.7547414,88,27
-73.08333333333334,-11.75,-1.7832351,-1.787443,-2.6679819,-0.49069458,88,28
-72.91666666666667,-11.75,-1.5285932,-1.6055235,-2.362653,-0.2569739,88,29
-72.75000000000001,-11.75,-1.5208482,-1.8312898,-2.048557,-0.24516016,88,30
-72.58333333333334,-11.75,-1.5316283,-2.063103,-1.7416719,-0.23992018,88,31
-72.41666666666667,-11.75,-1.6046344,-2.2564733,-1.4491248,-0.21014352,88,32
-72.25000000000001,-11.75,-1.4482422,-2.2237573,-1.1243873,0.006357669,88,33
-72.08333333333334,-11.75,-1.3623207,-2.2787397,-0.7855029,0.16494294,88,34
-71.91666666666667,-11.75,-1.2372745,-2.3849437,-0.4748649,0.33439934,88,35
-71.75000000000001,-11.75,-1.1836286,-2.529881,-0.16483907,0.4599135,88,36
-71.58333333333334,-11.75,-1.0993844,-2.5689325,0.17902848,0.66283727,88,37
-71.41666666666667,-11.75,-1.2985591,-2.9772658,0.43930358,0.62715155,88,38
-71.25000000000001,-11.75,-1.616423,-3.5168984,0.61247224,0.5134124,88,39
-71.08333333333334,-11.75,-1.6765397,-3.651092,0.8200921,0.6083139,88,40
-70.91666666666667,-11.75,-1.7955333,-3.7748098,0.90717655,0.67975205,88,41
-70.75000000000001,-11.75,-1.8282119,-3.5907776,0.987977,0.90016276,88,42
-70.58333333333334,-11.75,-1.9871905,-3.4385717,0.94007236,1.0620764,88,43
-70.41666666666667,-11.75,-2.1443589,-3.1659832,0.8046372,1.2442006,88,44
-70.25000000000001,-11.75,-2.5041568,-3.10918,0.5018975,1.2913173,88,45
-70.08333333333334,-11.75,-2.953935,-3.1232092,0.16551453,1.2778698,88,46
-69.91666666666667,-11.75,-3.269623,-2.8773663,-0.17216484,1.3671418,88,47
-69.75000000000001,-11.75,-3.4823678,-2.4970987,-0.5065053,1.5002471,88,48
-69.58333333333334,-11.75,-3.6304495,-2.1412601,-0.8441176,1.5481468,88,49
-69.41666666666667,-11.75,-3.6716669,-1.8963034,-1.1475013,1.5466623,88,50
-69.25000000000001,-11.75,-3.5972903,-1.5444742,-1.3458748,1.5746675,88,51
-69.08333333333334,-11.75,-3.4208846,-1.2488948,-1.488541,1.604547,88,52
-68.91666666666667,-11.75,-3.2077298,-0.9209829,-1.5163742,1.652289,88,53
-68.75000000000001,-11.75,-3.0003834,-0.60296947,-1.51646,1.704045,88,54
-68.58333333333334,-11.75,-2.7769613,-0.30918577,-1.5172892,1.7840028,88,55
-68.41666666666667,-11.75,-2.5755012,0.020201415,-1.4751164,1.895787,88,56
-68.25000000000001,-11.75,-2.587116,0.0014677106,-1.5433171,1.8159025,88,57
-68.08333333333334,-11.75,-2.3655512,0.3271912,-1.4781824,1.9311751,88,58
-67.91666666666667,-11.75,-2.038708,0.73586524,-1.42111,2.0510323,88,59
-67.75000000000001,-11.75,-2.08078,0.68573314,-1.4776918,1.9402636,88,60
-67.58333333333334,-11.75,-1.9496979,0.90165395,-1.447039,1.9757739,88,61
-67.41666666666667,-11.75,-1.7770025,1.1892117,-1.3904364,2.0460591,88,62
-67.08333333333334,-11.75,-1.6972054,1.8499041,-1.34711,1.6700939,88,64
-66.91666666666667,-11.75,-1.4036058,2.3435633,-1.2676224,1.813615,88,65
-66.75000000000001,-11.75,-1.1820436,2.618238,-1.3030888,1.8046561,88,66
-66.41666666666667,-11.75,-1.1353682,2.9376836,-1.2192801,1.7498405,88,68
-66.08333333333334,-11.75,-0.99309564,3.1490197,-1.2132682,1.6899623,88,70
-65.91666666666667,-11.75,-0.9758757,3.1728697,-1.2024704,1.6505892,88,71
-65.75000000000001,-11.75,-0.94967175,3.2633338,-1.1175106,1.6713139,88,72
-65.58333333333334,-11.75,-0.9138401,3.6158576,-0.9279106,1.8606309,88,73
-65.41666666666667,-11.75,-1.0910802,3.468486,-0.96169806,1.7437788,88,74
-65.25000000000001,-11.75,-1.0054451,3.5081627,-0.991094,1.73878,88,75
-65.08333333333334,-11.75,-1.0391331,3.2605574,-1.2334173,1.5105187,88,76
-64.91666666666667,-11.75,-1.3262199,2.9144647,-1.2703587,1.3312181,88,77
-64.75000000000001,-11.75,-1.4998862,2.6100144,-1.3930467,1.1337563,88,78
-64.58333333333334,-11.75,-1.6844203,2.3736284,-1.4698082,0.97651833,88,79
-64.41666666666667,-11.75,-2.0043702,1.9551461,-1.5327827,0.7113326,88,80
-64.25000000000001,-11.75,-2.3164456,1.5645744,-1.5705692,0.4669949,88,81
-64.08333333333334,-11.75,-2.315546,1.7417364,-1.4766154,0.54075146,88,82
-63.91666666666668,-11.75,-2.6380112,1.4977956,-1.3967623,0.35027617,88,83
-63.750000000000014,-11.75,-3.2526193,0.63085276,-1.5002924,-0.16353041,88,84
-63.58333333333334,-11.75,-3.6377184,0.08043262,-1.5313667,-0.4942861,88,85
-63.41666666666668,-11.75,-3.3637993,0.59411144,-1.3931956,-0.2364687,88,86
-63.250000000000014,-11.75,-3.481883,0.7246479,-1.1544029,-0.1956492,88,87
-63.08333333333334,-11.75,-3.7422874,0.8589163,-0.7840772,-0.14500625,88,88
-62.91666666666668,-11.75,-3.928749,1.0345273,-0.7943209,-0.5591196,88,89
-62.750000000000014,-11.75,-4.0808854,1.0094233,-0.6306917,-0.60164964,88,90
-62.58333333333334,-11.75,-4.4746723,0.56791526,-0.5714359,-0.85885733,88,91
-62.41666666666668,-11.75,-5.0059013,-0.2130922,-0.57878286,-1.3104626,88,92
-62.250000000000014,-11.75,-5.265651,-0.30322513,-0.3760744,-1.3844419,88,93
-62.08333333333334,-11.75,-5.1852098,-0.02965401,-0.23446828,-1.2280667,88,94
-61.91666666666668,-11.75,-5.181251,0.12684199,-0.122543,-1.1404899,88,95
-61.750000000000014,-11.75,-5.1129103,0.2964034,0.0075619062,-1.0397558,88,96
-61.58333333333334,-11.75,-5.1250405,0.27278155,0.4537645,-1.0087994,88,97
-61.41666666666668,-11.75,-5.105994,0.14553638,0.7104841,-1.0321681,88,98
-61.250000000000014,-11.75,-5.0208488,0.1706809,0.809174,-0.9298294,88,99
-61.08333333333334,-11.75,-4.924401,0.23804273,0.8446199,-0.8034168,88,100
-60.91666666666668,-11.75,-4.919184,0.070959024,0.76752764,-0.8366265,88,101
-60.750000000000014,-11.75,-5.0051517,0.0064815194,0.786834,-0.8767605,88,102
-60.58333333333334,-11.75,-5.4878373,-0.84157896,0.7041404,-1.3266557,88,103
-60.41666666666668,-11.75,-5.5352693,-1.6181087,0.66642183,-1.1105081,88,104
-60.250000000000014,-11.75,-5.7314935,-2.1639018,0.5605296,-1.3913133,88,105
-58.250000000000014,-11.75,-4.947004,-0.09225976,1.5951271,-0.12104392,88,117
-58.08333333333334,-11.75,-4.7141156,0.040026993,1.6571425,-0.012403692,88,118
-57.91666666666668,-11.75,-4.6717143,-0.2614682,1.5795916,-0.14191152,88,119
-57.750000000000014,-11.75,-4.7034087,-0.59302986,1.5676179,-0.31444892,88,120
-57.58333333333334,-11.75,-4.61632,-0.8568646,1.5580641,-0.39196646,88,121
-57.41666666666668,-11.75,-4.4031477,-0.6190134,1.5786617,-0.16685238,88,122
-57.250000000000014,-11.75,-4.4209285,-0.44877222,1.697638,-0.06877286,88,123
-57.08333333333334,-11.75,-4.3421493,-1.1370522,1.5949137,0.4122581,88,124
-56.91666666666668,-11.75,-4.3635664,-1.344338,1.3954046,0.33263195,88,125
-56.750000000000014,-11.75,-4.5544333,-1.7181826,1.4129174,0.12728293,88,126
-56.41666666666668,-11.75,-4.6142464,-1.9268957,0.9969894,0.038135942,88,128
-56.250000000000014,-11.75,-4.6282473,-1.5509298,0.87567216,0.00022133697,88,129
-56.08333333333334,-11.75,-4.939825,-0.80156505,0.82959884,-0.57619834,88,130
-55.91666666666668,-11.75,-4.8574233,-0.44304717,0.6516627,-0.4944939,88,131
-55.750000000000014,-11.75,-4.7163653,0.018022977,0.54151016,-0.35405797,88,132
-55.58333333333334,-11.75,-4.8885007,-0.0034102544,0.84269875,-0.49357972,88,133
-55.41666666666668,-11.75,-4.97531,0.014025115,1.1760925,-0.51360846,88,134
-55.250000000000014,-11.75,-4.99403,0.27433643,1.1919801,-0.462532,88,135
-55.08333333333334,-11.75,-4.957895,0.31234893,1.0959978,-0.4377833,88,136
-54.91666666666668,-11.75,-4.9847198,0.2147045,1.018586,-0.4292191,88,137
-54.750000000000014,-11.75,-5.116724,0.10671627,1.0969411,-0.4780457,88,138
-54.58333333333334,-11.75,-5.3048387,-0.12323357,1.1581078,-0.538163,88,139
-54.41666666666668,-11.75,-5.338218,0.030461745,1.3230922,-0.3882305,88,140
-54.250000000000014,-11.75,-5.292814,0.23003225,1.4084204,-0.20623109,88,141
-54.08333333333334,-11.75,-5.427732,0.19559085,1.5354806,-0.19220959,88,142
-53.91666666666668,-11.75,-5.582757,0.098612845,1.6151875,-0.17306402,88,143
-53.750000000000014,-11.75,-5.641308,0.30910084,1.7131609,-0.0068037347,88,144
-53.58333333333334,-11.75,-5.596268,0.7208233,1.8497063,0.26706326,88,145
-53.41666666666668,-11.75,-5.724107,0.499156,1.7249322,0.1490621,88,146
-53.250000000000014,-11.75,-5.5801306,0.6168215,1.6154968,0.25235364,88,147
-53.08333333333334,-11.75,-5.338478,0.7975521,1.4061843,0.35750166,88,148
-52.91666666666668,-11.75,-5.074184,1.1039696,1.2308208,0.50437504,88,149
-52.750000000000014,-11.75,-4.8466816,1.5218279,1.2169172,0.61459273,88,150
-52.58333333333334,-11.75,-4.5811563,1.419826,0.7465239,0.6446334,88,151
-52.41666666666668,-11.75,-4.3414216,1.7069743,0.64014626,0.7544892,88,152
-52.250000000000014,-11.75,-4.1143637,1.618152,0.18799865,0.7481042,88,153
-52.08333333333334,-11.75,-4.116529,2.052337,0.35470203,0.83114725,88,154
-51.91666666666668,-11.75,-3.8430352,2.2745516,0.4885167,0.98976773,88,155
-51.750000000000014,-11.75,-3.471863,2.3621018,0.53673923,1.1957681,88,156
-51.58333333333334,-11.75,-2.9468336,2.7816336,0.5563498,1.5108587,88,157
-51.41666666666668,-11.75,-2.405543,3.4776306,0.5943001,1.8319807,88,158
-51.250000000000014,-11.75,-2.04155,3.9922278,0.6733264,2.1443105,88,159
-74.75000000000001,-11.916666666666666,-19.299866,-23.306389,-8.766682,-12.772427,89,18
-74.58333333333334,-11.916666666666666,-17.55917,-20.756268,-8.180127,-11.438222,89,19
-74.41666666666667,-11.916666666666666,-16.346548,-20.25107,-8.099544,-10.979352,89,20
-74.25000000000001,-11.916666666666666,-7.5025544,-9.861309,-4.3775516,-4.925891,89,21
-74.08333333333334,-11.916666666666666,-3.8989074,-4.4307003,-4.2348785,-1.6908308,89,22
-73.91666666666667,-11.916666666666666,-3.2253275,-2.978242,-4.144739,-1.0181751,89,23
-73.08333333333334,-11.916666666666666,-2.3194082,-2.687971,-2.5978658,-0.98286486,89,28
-72.91666666666667,-11.916666666666666,-1.7251682,-1.9339997,-2.3953202,-0.44785598,89,29
-72.75000000000001,-11.916666666666666,-2.0188408,-2.571494,-2.0830276,-0.70029753,89,30
-72.58333333333334,-11.916666666666666,-3.3335614,-4.5821424,-1.9976037,-1.7473238,89,31
-72.08333333333334,-11.916666666666666,-1.7041205,-3.082684,-0.75167775,-0.26194757,89,34
-71.91666666666667,-11.916666666666666,-1.3988777,-2.939583,-0.31708446,0.078672014,89,35
-71.75000000000001,-11.916666666666666,-1.1078783,-2.8680217,0.13437434,0.39532843,89,36
-71.58333333333334,-11.916666666666666,-0.8930705,-2.8547065,0.6066236,0.6592108,89,37
-71.41666666666667,-11.916666666666666,-0.7537444,-2.9500086,1.0107409,0.8419745,89,38
-71.25000000000001,-11.916666666666666,-0.84073985,-3.283829,1.3298342,0.8592647,89,39
-71.08333333333334,-11.916666666666666,-1.0667061,-3.7225149,1.5865496,0.8250447,89,40
-70.91666666666667,-11.916666666666666,-1.1432208,-3.8432558,1.7600642,0.9286704,89,41
-70.75000000000001,-11.916666666666666,-1.3110468,-3.9349902,1.8278835,1.0049831,89,42
-70.58333333333334,-11.916666666666666,-1.5237873,-3.9368188,1.7988253,1.1044005,89,43
-70.41666666666667,-11.916666666666666,-1.767633,-3.7814925,1.6398733,1.2210186,89,44
-70.25000000000001,-11.916666666666666,-1.9513333,-3.4397256,1.3714098,1.4079727,89,45
-70.08333333333334,-11.916666666666666,-2.2384152,-3.0635204,0.9778938,1.5585365,89,46
-69.91666666666667,-11.916666666666666,-2.6509452,-3.0019205,0.5313193,1.5248077,89,47
-69.75000000000001,-11.916666666666666,-2.8757334,-2.5987759,0.118183725,1.6250689,89,48
-69.58333333333334,-11.916666666666666,-3.1033766,-2.2945528,-0.31903344,1.631136,89,49
-69.41666666666667,-11.916666666666666,-3.190957,-1.9269699,-0.6906024,1.6151117,89,50
-69.25000000000001,-11.916666666666666,-3.1478257,-1.4895796,-0.9595051,1.7016786,89,51
-69.08333333333334,-11.916666666666666,-3.1167512,-1.1425929,-1.1209,1.7350019,89,52
-68.91666666666667,-11.916666666666666,-3.009226,-0.89393973,-1.2740388,1.7471308,89,53
-68.75000000000001,-11.916666666666666,-2.836777,-0.5292296,-1.2877462,1.8508393,89,54
-68.58333333333334,-11.916666666666666,-2.730409,-0.35760054,-1.3495276,1.848003,89,55
-68.41666666666667,-11.916666666666666,-2.6470907,-0.20291068,-1.3921547,1.8631696,89,56
-68.25000000000001,-11.916666666666666,-2.5165794,0.0074729,-1.4221085,1.9150457,89,57
-68.08333333333334,-11.916666666666666,-2.183699,0.53813815,-1.3302134,2.1332848,89,58
-67.91666666666667,-11.916666666666666,-2.2033124,0.50358164,-1.3958061,2.0098245,89,59
-67.75000000000001,-11.916666666666666,-2.1487129,0.6593249,-1.3835902,2.060811,89,60
-67.58333333333334,-11.916666666666666,-1.9597408,0.95291525,-1.347654,2.146109,89,61
-67.41666666666667,-11.916666666666666,-1.8613209,1.1113379,-1.3645438,2.1071131,89,62
-67.25000000000001,-11.916666666666666,-1.75321,1.348385,-1.2882209,2.1423209,89,63
-67.08333333333334,-11.916666666666666,-1.6836787,1.4895803,-1.275824,2.0899687,89,64
-66.91666666666667,-11.916666666666666,-1.428105,2.3060606,-1.3140935,1.874348,89,65
-66.75000000000001,-11.916666666666666,-1.4292389,2.5223758,-1.2369934,1.8739818,89,66
-66.58333333333334,-11.916666666666666,-1.3148874,2.8670926,-1.0540429,1.9707087,89,67
-66.41666666666667,-11.916666666666666,-1.3119223,2.7682993,-1.2453656,1.7737814,89,68
-66.25000000000001,-11.916666666666666,-1.1130898,3.1636727,-1.0735972,1.9438639,89,69
-66.08333333333334,-11.916666666666666,-1.1496894,3.0727553,-1.1703758,1.7807059,89,70
-65.91666666666667,-11.916666666666666,-1.1479768,3.009902,-1.2268032,1.6855226,89,71
-65.75000000000001,-11.916666666666666,-1.1497376,3.1561947,-1.1487293,1.7465025,89,72
-65.58333333333334,-11.916666666666666,-1.0396785,3.5693681,-0.95295584,1.9340695,89,73
-65.25000000000001,-11.916666666666666,-1.1571397,3.505583,-0.97981083,1.7931467,89,75
-65.08333333333334,-11.916666666666666,-1.0555464,3.26404,-1.3068796,1.5738225,89,76
-64.91666666666667,-11.916666666666666,-1.3715984,3.0142198,-1.3021784,1.425348,89,77
-64.75000000000001,-11.916666666666666,-1.5630678,2.661403,-1.4266952,1.2164228,89,78
-64.58333333333334,-11.916666666666666,-1.7073789,2.3988109,-1.5177633,1.0465395,89,79
-64.41666666666667,-11.916666666666666,-1.9423367,2.1197114,-1.5642486,0.84775984,89,80
-64.25000000000001,-11.916666666666666,-2.0451243,1.9865552,-1.6036378,0.77106535,89,81
-64.08333333333334,-11.916666666666666,-2.3535964,1.8753725,-1.4706376,0.69157386,89,82
-63.91666666666668,-11.916666666666666,-2.6906476,1.8471262,-1.2387478,0.62005824,89,83
-63.750000000000014,-11.916666666666666,-2.97383,1.5712854,-1.2033271,0.43168992,89,84
-63.58333333333334,-11.916666666666666,-3.162097,1.4121919,-1.1617823,0.31048125,89,85
-63.41666666666668,-11.916666666666666,-3.2833025,1.32905,-1.0851405,0.20638879,89,86
-63.250000000000014,-11.916666666666666,-3.3813038,1.189022,-1.0609376,0.12195862,89,87
-63.08333333333334,-11.916666666666666,-3.605459,0.9850552,-0.95554686,-0.0036504248,89,88
-62.91666666666668,-11.916666666666666,-3.7353528,0.93916935,-0.84166956,-0.038365718,89,89
-62.750000000000014,-11.916666666666666,-4.1046987,0.9761327,-0.8125455,-0.56748146,89,90
-62.58333333333334,-11.916666666666666,-4.6078463,-0.2487261,-1.1334053,-1.2073143,89,91
-62.41666666666668,-11.916666666666666,-4.596462,0.22192058,-0.80641514,-0.9503299,89,92
-62.250000000000014,-11.916666666666666,-5.4170246,-0.8091031,-0.83879584,-1.5528197,89,93
-62.08333333333334,-11.916666666666666,-5.8029737,-1.0370606,-0.7026664,-1.6882342,89,94
-61.91666666666668,-11.916666666666666,-5.7124925,-0.66747075,-0.5202552,-1.4865626,89,95
-61.750000000000014,-11.916666666666666,-5.378032,-0.024669878,-0.32007042,-1.1393441,89,96
-61.58333333333334,-11.916666666666666,-5.402911,-0.105873756,-0.076313,-1.1510615,89,97
-61.41666666666668,-11.916666666666666,-5.273865,0.1757353,0.2991453,-0.95415694,89,98
-61.250000000000014,-11.916666666666666,-5.118808,0.21838246,0.40950122,-0.8701213,89,99
-61.08333333333334,-11.916666666666666,-5.1810713,-0.1826254,0.34830016,-1.014309,89,100
-60.91666666666668,-11.916666666666666,-5.16027,-0.08533033,0.5030071,-0.90318644,89,101
-60.750000000000014,-11.916666666666666,-5.1961207,-0.83065754,0.4587449,-0.7077954,89,102
-60.58333333333334,-11.916666666666666,-5.3753,-1.2754952,0.47403148,-0.88587844,89,103
-60.41666666666668,-11.916666666666666,-5.577537,-1.6681637,0.5187552,-1.0629071,89,104
-60.250000000000014,-11.916666666666666,-5.751449,-2.0018888,0.55150086,-1.2038873,89,105
-60.08333333333334,-11.916666666666666,-5.8014307,-2.0399716,0.71597695,-1.2052492,89,106
-58.250000000000014,-11.916666666666666,-5.074155,-0.33285192,1.6562117,-0.03360175,89,117
-58.08333333333334,-11.916666666666666,-4.868377,-0.52712196,1.5009383,-0.07961816,89,118
-57.91666666666668,-11.916666666666666,-4.647331,-0.67316586,1.4272288,-0.10416731,89,119
-57.750000000000014,-11.916666666666666,-4.716934,-1.0495646,1.4073325,-0.2776955,89,120
-57.58333333333334,-11.916666666666666,-4.781216,-1.3359313,1.3890481,-0.3867111,89,121
-57.41666666666668,-11.916666666666666,-4.573946,-1.7713559,1.548326,0.26146573,89,122
-57.250000000000014,-11.916666666666666,-4.4222136,-1.6818246,1.4701124,0.4088316,89,123
-57.08333333333334,-11.916666666666666,-4.3925295,-1.6845914,1.4709361,0.47856247,89,124
-56.91666666666668,-11.916666666666666,-4.4843297,-1.9554012,1.6000985,0.38332748,89,125
-56.750000000000014,-11.916666666666666,-4.5293455,-1.9729321,1.8637778,0.39038703,89,126
-56.41666666666668,-11.916666666666666,-4.862672,-2.2587848,1.9126085,0.0892187,89,128
-56.250000000000014,-11.916666666666666,-4.8809953,-2.0333755,1.5201712,0.04344862,89,129
-56.08333333333334,-11.916666666666666,-5.0483956,-1.1942261,1.122916,-0.42916662,89,130
-55.91666666666668,-11.916666666666666,-4.929621,-0.7052055,0.87174547,-0.3741191,89,131
-55.750000000000014,-11.916666666666666,-5.0314784,-0.13955978,1.0771546,-0.38019872,89,132
-55.58333333333334,-11.916666666666666,-4.973662,-0.023650903,1.0848163,-0.33503184,89,133
-55.41666666666668,-11.916666666666666,-5.2228856,-0.07937225,1.238391,-0.4336651,89,134
-55.250000000000014,-11.916666666666666,-5.1975465,0.24717262,1.2885356,-0.38524526,89,135
-55.08333333333334,-11.916666666666666,-5.2604523,0.105572246,1.1291901,-0.4559587,89,136
-54.91666666666668,-11.916666666666666,-5.2566333,0.06722722,1.0604537,-0.41876286,89,137
-54.750000000000014,-11.916666666666666,-5.470342,-0.18699892,1.0775001,-0.5221357,89,138
-54.58333333333334,-11.916666666666666,-5.5247006,-0.122643314,1.1526353,-0.42995748,89,139
-54.41666666666668,-11.916666666666666,-5.497722,0.03838147,1.2311248,-0.2517883,89,140
-54.250000000000014,-11.916666666666666,-5.6016545,0.05409267,1.3088192,-0.19811903,89,141
-54.08333333333334,-11.916666666666666,-5.823481,-0.019190906,1.4342618,-0.18681705,89,142
-53.91666666666668,-11.916666666666666,-5.8736978,-0.022430252,1.4369439,-0.086892,89,143
-53.750000000000014,-11.916666666666666,-5.928919,0.21897162,1.5502839,0.08042622,89,144
-53.58333333333334,-11.916666666666666,-5.9426937,0.7000467,1.7406641,0.3654464,89,145
-53.41666666666668,-11.916666666666666,-6.107774,0.5582845,1.6600616,0.30927753,89,146
-53.250000000000014,-11.916666666666666,-6.0011473,0.4936366,1.481342,0.2936049,89,147
-53.08333333333334,-11.916666666666666,-5.732898,0.66445076,1.289296,0.38424182,89,148
-52.91666666666668,-11.916666666666666,-5.3916774,1.3980237,1.3943889,0.6246219,89,149
-52.750000000000014,-11.916666666666666,-5.1251807,1.2650229,0.9661628,0.5901699,89,150
-52.58333333333334,-11.916666666666666,-4.9375825,1.3991613,0.8320145,0.6698874,89,151
-52.41666666666668,-11.916666666666666,-4.647818,1.6808733,0.68804413,0.7985154,89,152
-52.250000000000014,-11.916666666666666,-4.295023,1.9782033,0.5288549,0.92834103,89,153
-52.08333333333334,-11.916666666666666,-4.097805,2.111901,0.4704675,1.0207771,89,154
-51.91666666666668,-11.916666666666666,-3.9394083,1.6854273,0.28519762,0.8591354,89,155
-51.750000000000014,-11.916666666666666,-3.7902086,1.9084606,0.56206423,1.0622046,89,156
-51.58333333333334,-11.916666666666666,-3.2552865,2.2011194,0.47412923,1.3272842,89,157
-51.41666666666668,-11.916666666666666,-2.9296227,2.3737094,0.37285087,1.3586396,89,158
-51.250000000000014,-11.916666666666666,-2.3431091,3.6632435,0.67652535,2.0666983,89,159
-51.08333333333334,-11.916666666666666,-2.0763323,4.1760197,0.7562664,2.438271,89,160
-74.41666666666667,-12.083333333333332,-12.147601,-13.623002,-6.467788,-7.6111255,90,20
-74.25000000000001,-12.083333333333332,-11.652309,-14.612357,-6.388153,-7.87697,90,21
-74.08333333333334,-12.083333333333332,-3.868841,-4.7100167,-4.515777,-1.4949646,90,22
-73.91666666666667,-12.083333333333332,-5.256033,-6.7263794,-3.5719178,-3.2453246,90,23
-73.75000000000001,-12.083333333333332,-8.61347,-10.954156,-3.984729,-5.797878,90,24
-73.08333333333334,-12.083333333333332,-2.582913,-2.9252117,-2.6880646,-1.1497552,90,28
-72.91666666666667,-12.083333333333332,-2.1755872,-2.5715106,-2.4434009,-0.82928354,90,29
-72.75000000000001,-12.083333333333332,-2.4461873,-2.9789338,-2.1985805,-0.9916073,90,30
-72.58333333333334,-12.083333333333332,-5.2781687,-6.5430713,-2.4310813,-3.0819266,90,31
-71.75000000000001,-12.083333333333332,-1.3382568,-3.6762178,0.2881166,0.015343717,90,36
-71.41666666666667,-12.083333333333332,-0.5990279,-3.523986,1.5033455,0.7433008,90,38
-71.25000000000001,-12.083333333333332,-0.34664625,-3.5418057,2.0289388,1.0038849,90,39
-71.08333333333334,-12.083333333333332,-0.39535823,-3.83856,2.3862529,1.0693283,90,40
-70.91666666666667,-12.083333333333332,-0.6873815,-4.370649,2.6510906,0.968716,90,41
-70.75000000000001,-12.083333333333332,-0.75546855,-4.39021,2.824258,1.0958772,90,42
-70.58333333333334,-12.083333333333332,-0.819871,-4.159063,2.8602073,1.3343037,90,43
-70.41666666666667,-12.083333333333332,-1.1129339,-4.125922,2.6827915,1.3882061,90,44
-70.25000000000001,-12.083333333333332,-1.4997724,-4.1140423,2.3375719,1.3738283,90,45
-70.08333333333334,-12.083333333333332,-1.784081,-3.7336812,1.8816531,1.4848602,90,46
-69.91666666666667,-12.083333333333332,-2.0100482,-3.2035446,1.3835739,1.6351076,90,47
-69.75000000000001,-12.083333333333332,-2.2752755,-2.7424176,0.8309849,1.7092241,90,48
-69.58333333333334,-12.083333333333332,-2.472161,-2.2370288,0.2730689,1.7714602,90,49
-69.41666666666667,-12.083333333333332,-2.6654296,-1.9434601,-0.20245782,1.712157,90,50
-69.25000000000001,-12.083333333333332,-2.9120142,-1.7679815,-0.61239845,1.5758566,90,51
-69.08333333333334,-12.083333333333332,-2.9087946,-1.3025105,-0.8276845,1.668282,90,52
-68.91666666666667,-12.083333333333332,-2.8087533,-0.973429,-1.0059615,1.7448943,90,53
-68.75000000000001,-12.083333333333332,-2.6723454,-0.61786234,-1.0835843,1.8641462,90,54
-68.58333333333334,-12.083333333333332,-2.6857529,-0.5091304,-1.1932133,1.8230201,90,55
-68.41666666666667,-12.083333333333332,-2.590609,-0.28296998,-1.2378873,1.9008982,90,56
-68.25000000000001,-12.083333333333332,-2.2935276,0.185944,-1.2498634,2.1097763,90,57
-68.08333333333334,-12.083333333333332,-2.2105129,0.42758107,-1.2088711,2.1614578,90,58
-67.91666666666667,-12.083333333333332,-2.2490842,0.47436467,-1.2758076,2.1433325,90,59
-67.75000000000001,-12.083333333333332,-2.0914297,0.73865825,-1.2757432,2.2086678,90,60
-67.58333333333334,-12.083333333333332,-2.0739098,0.80679595,-1.2929753,2.1305554,90,61
-67.41666666666667,-12.083333333333332,-1.9078356,1.112065,-1.2460114,2.2259808,90,62
-67.08333333333334,-12.083333333333332,-1.7931947,1.4296278,-1.262141,2.169702,90,64
-66.91666666666667,-12.083333333333332,-1.5168153,1.9313129,-1.1945131,2.330177,90,65
-66.58333333333334,-12.083333333333332,-1.3942086,2.819195,-1.0664041,2.0785744,90,67
-66.08333333333334,-12.083333333333332,-1.3210354,2.9001825,-1.195689,1.8394489,90,70
-65.58333333333334,-12.083333333333332,-1.1453476,3.5517435,-0.95465815,2.0105639,90,73
-65.25000000000001,-12.083333333333332,-1.2203226,3.5859172,-0.95957303,1.8941259,90,75
-64.91666666666667,-12.083333333333332,-1.3528894,3.41439,-1.1118891,1.7413176,90,77
-64.75000000000001,-12.083333333333332,-1.4547647,2.966806,-1.4127827,1.4460359,90,78
-64.58333333333334,-12.083333333333332,-1.6953434,2.53387,-1.5389874,1.1843747,90,79
-64.41666666666667,-12.083333333333332,-1.8462512,2.3283806,-1.5989712,1.0366766,90,80
-64.25000000000001,-12.083333333333332,-2.1394844,2.1667523,-1.5271869,0.92860097,90,81
-64.08333333333334,-12.083333333333332,-2.4034295,2.1747947,-1.3156841,0.9176383,90,82
-63.91666666666668,-12.083333333333332,-2.6187248,2.0198443,-1.2792089,0.7584989,90,83
-63.750000000000014,-12.083333333333332,-2.94165,1.7643465,-1.2234495,0.56939584,90,84
-63.58333333333334,-12.083333333333332,-2.983407,1.7846422,-1.12468,0.5496292,90,85
-63.41666666666668,-12.083333333333332,-3.1382844,1.5153275,-1.1631818,0.37048364,90,86
-63.250000000000014,-12.083333333333332,-3.2266822,1.2755245,-1.2102394,0.24276066,90,87
-63.08333333333334,-12.083333333333332,-3.3982344,1.065166,-1.2092313,0.11928818,90,88
-62.91666666666668,-12.083333333333332,-3.6889875,0.8395838,-1.0898765,-0.0012709377,90,89
-62.750000000000014,-12.083333333333332,-3.932349,0.2906166,-1.221791,-0.31461552,90,90
-62.58333333333334,-12.083333333333332,-4.0571313,0.10280326,-1.1945492,-0.3741414,90,91
-62.41666666666668,-12.083333333333332,-4.641545,-0.61386776,-1.1998442,-0.7795545,90,92
-62.250000000000014,-12.083333333333332,-6.0482235,-1.6265676,-1.1330981,-1.9250222,90,93
-62.08333333333334,-12.083333333333332,-6.095683,-1.4185069,-0.9399599,-1.7889085,90,94
-61.91666666666668,-12.083333333333332,-6.0327888,-1.123913,-0.7512226,-1.6237835,90,95
-61.750000000000014,-12.083333333333332,-6.05778,-1.0898104,-0.6481814,-1.603778,90,96
-61.58333333333334,-12.083333333333332,-5.7052927,-0.6024002,-0.43092072,-1.3123007,90,97
-61.41666666666668,-12.083333333333332,-5.419671,-0.105760366,-0.14347091,-0.9962905,90,98
-61.250000000000014,-12.083333333333332,-5.2092843,-0.029773356,-0.05545279,-0.8761535,90,99
-61.08333333333334,-12.083333333333332,-5.1060743,-0.5376533,0.004092202,-0.5757884,90,100
-60.91666666666668,-12.083333333333332,-5.3355994,-1.0006973,0.06176665,-0.7994628,90,101
-60.750000000000014,-12.083333333333332,-5.4532123,-1.2773154,0.11266005,-0.86574966,90,102
-60.58333333333334,-12.083333333333332,-5.2922935,-1.14819,0.28020024,-0.70701504,90,103
-60.41666666666668,-12.083333333333332,-5.6235456,-1.6771686,0.38900992,-0.96598065,90,104
-60.250000000000014,-12.083333333333332,-5.74373,-1.8346814,0.5399232,-1.0145591,90,105
-58.08333333333334,-12.083333333333332,-5.037603,-0.3754663,1.7910231,0.13719067,90,118
-57.91666666666668,-12.083333333333332,-4.875247,-0.4804768,1.7779145,0.105902694,90,119
-57.750000000000014,-12.083333333333332,-4.8038354,-0.87508285,1.6306211,-0.05208311,90,120
-57.58333333333334,-12.083333333333332,-4.724877,-1.793202,1.5959774,0.37361413,90,121
-57.41666666666668,-12.083333333333332,-4.8942137,-2.208703,1.5734445,0.15586327,90,122
-57.250000000000014,-12.083333333333332,-4.7290115,-2.1590364,1.5831085,0.30720454,90,123
-57.08333333333334,-12.083333333333332,-4.4746885,-1.7270225,1.8851918,0.6235433,90,124
-56.91666666666668,-12.083333333333332,-4.5893273,-1.9483565,2.162703,0.5456949,90,125
-56.750000000000014,-12.083333333333332,-4.5984454,-2.1167328,2.4197586,0.58075696,90,126
-56.58333333333334,-12.083333333333332,-4.672432,-2.4356587,2.609495,0.5355877,90,127
-56.250000000000014,-12.083333333333332,-5.0442643,-2.3122613,2.209875,0.11516129,90,129
-55.91666666666668,-12.083333333333332,-5.1206417,-0.86351806,1.2881942,-0.3630693,90,131
-55.750000000000014,-12.083333333333332,-5.34848,-0.57873344,1.3357917,-0.42904896,90,132
-55.58333333333334,-12.083333333333332,-5.198998,-0.27392837,1.15665,-0.3283498,90,133
-55.41666666666668,-12.083333333333332,-5.427232,-0.36166698,1.1497581,-0.48975226,90,134
-55.250000000000014,-12.083333333333332,-5.471898,-0.23679262,1.1544038,-0.46043962,90,135
-55.08333333333334,-12.083333333333332,-5.421662,-0.41469097,0.87830967,-0.44579393,90,136
-54.91666666666668,-12.083333333333332,-5.5368695,-0.48338425,0.86224866,-0.48586568,90,137
-54.750000000000014,-12.083333333333332,-5.3763947,-1.0467807,0.8584974,0.22265702,90,138
-54.58333333333334,-12.083333333333332,-5.4685225,-0.9012343,0.98053557,0.28063083,90,139
-54.41666666666668,-12.083333333333332,-5.78662,-0.27181074,1.0872777,-0.30980203,90,140
-54.250000000000014,-12.083333333333332,-5.902961,-0.25520453,1.1448773,-0.21966657,90,141
-54.08333333333334,-12.083333333333332,-5.7877827,-0.4708606,1.3826803,0.57300323,90,142
-53.91666666666668,-12.083333333333332,-5.8466706,-0.41126463,1.413593,0.7103521,90,143
-53.750000000000014,-12.083333333333332,-5.971866,-0.20566049,1.531067,0.83209515,90,144
-53.58333333333334,-12.083333333333332,-6.0925846,0.029111067,1.6697911,0.98963094,90,145
-53.41666666666668,-12.083333333333332,-6.2688847,0.61930746,1.5406268,0.40733218,90,146
-53.250000000000014,-12.083333333333332,-6.181181,0.612389,1.3907954,0.4300957,90,147
-53.08333333333334,-12.083333333333332,-5.9911985,0.48088154,1.0965995,0.39724013,90,148
-52.91666666666668,-12.083333333333332,-5.7002053,1.140166,1.2570232,0.6258339,90,149
-52.750000000000014,-12.083333333333332,-5.379026,1.2933859,0.99538636,0.64236015,90,150
-52.58333333333334,-12.083333333333332,-5.138687,1.3994536,0.86513567,0.7378405,90,151
-52.41666666666668,-12.083333333333332,-4.878234,2.0316138,1.0523875,0.94924414,90,152
-52.250000000000014,-12.083333333333332,-4.474696,2.259211,0.8548852,1.0686301,90,153
-52.08333333333334,-12.083333333333332,-4.180292,1.5732139,0.23213027,0.9978744,90,154
-51.91666666666668,-12.083333333333332,-3.993803,1.6354152,0.4243779,1.0291855,90,155
-51.750000000000014,-12.083333333333332,-3.865661,1.8081428,0.7400723,1.0570151,90,156
-51.58333333333334,-12.083333333333332,-3.2944515,2.4579237,0.6942308,1.5319445,90,157
-51.41666666666668,-12.083333333333332,-3.0115168,2.6468248,0.52479297,1.6507059,90,158
-51.250000000000014,-12.083333333333332,-2.6397913,3.3005579,0.63474417,1.9708372,90,159
-51.08333333333334,-12.083333333333332,-2.3112845,3.9383585,0.7484611,2.4163613,90,160
-74.08333333333334,-12.25,-4.857516,-5.7671824,-4.6435733,-2.475818,91,22
-73.91666666666667,-12.25,-4.8863854,-6.0741525,-3.7300606,-2.8973773,91,23
-73.75000000000001,-12.25,-11.802027,-14.453996,-5.745205,-8.019595,91,24
-73.08333333333334,-12.25,-4.7940326,-5.8964834,-2.822139,-2.9858353,91,28
-72.91666666666667,-12.25,-3.4404285,-4.005892,-2.7155805,-1.8197787,91,29
-71.41666666666667,-12.25,-0.44569683,-4.118997,2.014899,0.5692987,91,38
-71.25000000000001,-12.25,-0.028333869,-4.076038,2.7286918,0.96893775,91,39
-71.08333333333334,-12.25,0.24559657,-4.1415195,3.3098257,1.2339405,91,40
-70.91666666666667,-12.25,0.21457408,-4.3859406,3.6877136,1.3198695,91,41
-70.75000000000001,-12.25,-0.028556874,-4.776878,3.9555929,1.284562,91,42
-70.58333333333334,-12.25,-0.27269468,-4.893506,4.0505843,1.3322434,91,43
-70.41666666666667,-12.25,-0.453357,-4.6472225,3.9146261,1.4865096,91,44
-70.25000000000001,-12.25,-0.7932527,-4.4844093,3.5247366,1.5228914,91,45
-70.08333333333334,-12.25,-1.1194687,-4.0815234,2.9816222,1.6098021,91,46
-69.91666666666667,-12.25,-1.4478364,-3.60905,2.3610568,1.6460066,91,47
-69.75000000000001,-12.25,-1.8156779,-3.1429057,1.650133,1.6602906,91,48
-69.58333333333334,-12.25,-2.129349,-2.7080736,0.94405997,1.635799,91,49
-69.41666666666667,-12.25,-2.2579193,-2.0719392,0.30182508,1.7072192,91,50
-69.25000000000001,-12.25,-2.472541,-1.5853857,-0.17800418,1.7435372,91,51
-69.08333333333334,-12.25,-2.6130242,-1.2954582,-0.50303024,1.7380908,91,52
-68.91666666666667,-12.25,-2.575553,-0.9812325,-0.7329016,1.7942299,91,53
-68.75000000000001,-12.25,-2.5566564,-0.7305374,-0.88120455,1.9021072,91,54
-68.58333333333334,-12.25,-2.5569878,-0.5324611,-0.98263335,1.932386,91,55
-68.41666666666667,-12.25,-2.3560066,-0.15869202,-1.0383114,2.0709267,91,56
-68.25000000000001,-12.25,-2.207695,0.23536204,-1.0399662,2.2298393,91,57
-68.08333333333334,-12.25,-2.3616557,0.22418585,-1.0690377,2.1760888,91,58
-67.91666666666667,-12.25,-2.3235676,0.3734605,-1.1789402,2.2059298,91,59
-67.58333333333334,-12.25,-2.1096272,0.7963907,-1.2233739,2.2663152,91,61
-67.41666666666667,-12.25,-1.9710064,1.0431753,-1.1959726,2.2939065,91,62
-66.91666666666667,-12.25,-1.6322361,1.8827521,-1.1168265,2.4372852,91,65
-66.25000000000001,-12.25,-1.4955381,2.7627447,-1.1905856,1.9842865,91,69
-65.91666666666667,-12.25,-1.3182161,3.1127129,-1.1327549,2.0058303,91,71
-65.25000000000001,-12.25,-1.2531892,3.5881872,-1.0299002,1.9668405,91,75
-64.91666666666667,-12.25,-1.4826127,3.3938088,-1.0537441,1.849302,91,77
-64.75000000000001,-12.25,-1.6299744,2.7799175,-1.4367403,1.4464018,91,78
-64.58333333333334,-12.25,-1.6874201,2.6644542,-1.567731,1.3167137,91,79
-64.41666666666667,-12.25,-1.9387485,2.478489,-1.5207728,1.1764235,91,80
-64.25000000000001,-12.25,-2.2077363,2.28459,-1.458527,1.050577,91,81
-64.08333333333334,-12.25,-2.4123209,1.9876711,-1.5580683,0.84180963,91,82
-63.91666666666668,-12.25,-2.608158,1.6715403,-1.6584517,0.6108806,91,83
-63.750000000000014,-12.25,-2.8849893,1.6999298,-1.4205704,0.5773205,91,84
-63.58333333333334,-12.25,-2.909916,1.7230933,-1.3768812,0.5401362,91,85
-63.41666666666668,-12.25,-3.0656602,1.6281585,-1.276014,0.46471572,91,86
-63.250000000000014,-12.25,-3.0862467,1.2968065,-1.4434323,0.31752503,91,87
-63.08333333333334,-12.25,-3.2379997,1.0290121,-1.4269629,0.18578617,91,88
-62.91666666666668,-12.25,-3.4982216,0.77429146,-1.3949561,0.035224933,91,89
-62.750000000000014,-12.25,-3.7018192,0.54798573,-1.3437085,-0.07059186,91,90
-62.58333333333334,-12.25,-3.874161,0.41844854,-1.2674452,-0.13382113,91,91
-62.41666666666668,-12.25,-4.253569,0.34459305,-1.0324631,-0.17314157,91,92
-62.250000000000014,-12.25,-5.047016,-0.61012983,-1.0231644,-0.7159857,91,93
-62.08333333333334,-12.25,-5.170816,-0.6147316,-0.8874156,-0.6909128,91,94
-61.91666666666668,-12.25,-5.400373,-0.35648984,-0.842283,-1.0826111,91,95
-61.750000000000014,-12.25,-5.96615,-1.0376779,-0.7590218,-1.4491754,91,96
-61.58333333333334,-12.25,-5.794435,-0.7029837,-0.5887592,-1.2453984,91,97
-61.41666666666668,-12.25,-5.357241,-0.5432331,-0.39668334,-0.6095463,91,98
-61.250000000000014,-12.25,-5.26068,-0.41336527,-0.28412774,-0.5085148,91,99
-61.08333333333334,-12.25,-5.2076106,-0.17267464,-0.028822388,-0.31720176,91,100
-60.750000000000014,-12.25,-5.3821,-0.88239855,0.08594811,-0.588571,91,102
-60.58333333333334,-12.25,-5.443126,-1.0863537,0.24275008,-0.59764975,91,103
-58.08333333333334,-12.25,-5.142087,-0.7300763,1.690236,0.13484769,91,118
-57.750000000000014,-12.25,-4.966777,-0.78558487,1.8461636,0.1348956,91,120
-57.58333333333334,-12.25,-4.766574,-1.6834852,1.6941551,0.55918384,91,121
-57.41666666666668,-12.25,-4.924415,-2.1575289,1.7052753,0.312667,91,122
-57.250000000000014,-12.25,-4.967268,-2.4465084,1.8507123,0.21258642,91,123
-57.08333333333334,-12.25,-4.6244984,-2.1414435,1.949603,0.57204497,91,124
-56.91666666666668,-12.25,-4.6491156,-1.9377829,2.4917107,0.7034427,91,125
-56.750000000000014,-12.25,-4.6965666,-2.1452723,2.9224904,0.62622964,91,126
-56.58333333333334,-12.25,-4.747293,-2.5992084,3.1223412,0.5118145,91,127
-56.41666666666668,-12.25,-4.9865956,-2.9918942,2.9489224,0.25564384,91,128
-55.91666666666668,-12.25,-5.0693207,-1.6720622,1.4452581,0.14968425,91,131
-55.750000000000014,-12.25,-5.4450016,-0.9456955,1.3986965,-0.44578254,91,132
-55.58333333333334,-12.25,-5.317528,-0.6557229,1.2146604,-0.34518057,91,133
-55.41666666666668,-12.25,-5.569826,-0.88740706,1.0029314,-0.5531385,91,134
-55.250000000000014,-12.25,-5.682859,-0.5552793,1.0619688,-0.4391423,91,135
-55.08333333333334,-12.25,-5.4971857,-1.1549366,0.98390484,0.18340896,91,136
-54.91666666666668,-12.25,-5.5272384,-1.4631497,0.735587,0.13349411,91,137
-54.750000000000014,-12.25,-5.62586,-1.236313,0.88575524,0.22998528,91,138
-54.58333333333334,-12.25,-5.776175,-1.0424502,1.0501028,0.25221,91,139
-54.41666666666668,-12.25,-5.8287764,-0.78637004,1.1760277,0.43475065,91,140
-54.250000000000014,-12.25,-5.8543043,-0.6003766,1.232361,0.617987,91,141
-54.08333333333334,-12.25,-5.9368954,-0.70746166,1.1716163,0.6136342,91,142
-53.91666666666668,-12.25,-6.0069046,-0.6279563,1.1884627,0.7168491,91,143
-53.750000000000014,-12.25,-6.1776524,-0.65477085,1.205013,0.7277793,91,144
-53.58333333333334,-12.25,-6.217926,-0.35966367,1.283277,0.8932495,91,145
-53.41666666666668,-12.25,-6.144647,-0.14130414,1.3000588,1.0119536,91,146
-53.250000000000014,-12.25,-6.134459,0.7501113,1.241697,0.60901475,91,147
-53.08333333333334,-12.25,-6.0360093,0.4980778,0.94668216,0.48574457,91,148
-52.91666666666668,-12.25,-5.8549356,0.59435767,0.8276817,0.52817816,91,149
-52.750000000000014,-12.25,-5.612656,0.90630215,0.80299544,0.60698324,91,150
-52.58333333333334,-12.25,-5.3598995,0.92471135,0.6100868,0.62370974,91,151
-52.41666666666668,-12.25,-5.095267,1.3714232,0.70891917,0.77895564,91,152
-52.250000000000014,-12.25,-4.677816,1.7403488,0.65597504,0.97006506,91,153
-52.08333333333334,-12.25,-4.387628,1.201989,0.20562543,0.9191197,91,154
-51.91666666666668,-12.25,-4.1288996,1.4534628,0.38124484,1.1103387,91,155
-51.750000000000014,-12.25,-4.0046153,1.737958,0.74621207,1.1437613,91,156
-51.58333333333334,-12.25,-3.6640737,2.1005914,0.714704,1.361763,91,157
-51.41666666666668,-12.25,-3.1320717,2.9049847,0.71430176,1.9375207,91,158
-51.250000000000014,-12.25,-2.910524,3.0496032,0.5459664,2.001831,91,159
-73.91666666666667,-12.416666666666666,-4.833905,-5.692596,-4.219578,-2.4963753,92,23
-73.75000000000001,-12.416666666666666,-12.120208,-14.585088,-6.0953903,-8.209968,92,24
-73.08333333333334,-12.416666666666666,-6.281419,-7.442738,-3.206698,-4.076761,92,28
-72.91666666666667,-12.416666666666666,-4.197445,-4.4241023,-3.1329517,-2.3299167,92,29
-72.75000000000001,-12.416666666666666,-5.1782036,-5.724627,-2.988948,-3.0481975,92,30
-72.58333333333334,-12.416666666666666,-7.9632983,-9.232496,-3.2655468,-4.9874234,92,31
-72.25000000000001,-12.416666666666666,-14.760906,-16.564789,-6.2471232,-8.910068,92,33
-71.08333333333334,-12.416666666666666,0.62504876,-4.848606,4.263231,1.1133981,92,40
-70.91666666666667,-12.416666666666666,0.78645235,-5.108102,4.9261556,1.2876662,92,41
-70.75000000000001,-12.416666666666666,0.82753307,-5.1065035,5.3038535,1.5147958,92,42
-70.58333333333334,-12.416666666666666,0.70272845,-5.122431,5.4359436,1.6309588,92,43
-70.41666666666667,-12.416666666666666,0.35796162,-5.16378,5.317671,1.6503836,92,44
-70.25000000000001,-12.416666666666666,0.04710403,-4.907999,4.8704643,1.6671046,92,45
-70.08333333333334,-12.416666666666666,-0.4524227,-4.609079,4.2159204,1.6395509,92,46
-69.91666666666667,-12.416666666666666,-0.9461921,-4.1722293,3.4104226,1.6334503,92,47
-69.75000000000001,-12.416666666666666,-1.3227571,-3.5088887,2.5446427,1.6926802,92,48
-69.58333333333334,-12.416666666666666,-1.6384264,-2.8565276,1.6650615,1.7093997,92,49
-69.41666666666667,-12.416666666666666,-1.8775802,-2.2230568,0.8329411,1.7170929,92,50
-69.25000000000001,-12.416666666666666,-2.0972874,-1.5873064,0.20911299,1.7591077,92,51
-69.08333333333334,-12.416666666666666,-2.279092,-1.163841,-0.14849955,1.841114,92,52
-68.91666666666667,-12.416666666666666,-2.278215,-0.94200003,-0.4523133,1.9013258,92,53
-68.75000000000001,-12.416666666666666,-2.2006648,-0.56058705,-0.63260853,2.0472336,92,54
-68.58333333333334,-12.416666666666666,-2.181163,-0.28397492,-0.71440446,2.1579757,92,55
-68.41666666666667,-12.416666666666666,-2.2252495,-0.13026358,-0.80200064,2.2044573,92,56
-68.25000000000001,-12.416666666666666,-2.304992,-0.008723187,-0.88939613,2.2333896,92,57
-68.08333333333334,-12.416666666666666,-2.3618913,0.16192596,-0.9068346,2.2756946,92,58
-67.91666666666667,-12.416666666666666,-2.2749877,0.36279353,-1.0078995,2.338569,92,59
-67.75000000000001,-12.416666666666666,-2.2183962,0.5770593,-1.0625954,2.3811636,92,60
-67.41666666666667,-12.416666666666666,-2.0804942,1.0134733,-1.0606296,2.4269922,92,62
-67.25000000000001,-12.416666666666666,-1.991884,1.2597396,-1.0790275,2.4671662,92,63
-67.08333333333334,-12.416666666666666,-1.8872423,1.6181867,-0.95300466,2.5767102,92,64
-66.91666666666667,-12.416666666666666,-1.7155443,1.9156646,-0.9988204,2.61351,92,65
-66.75000000000001,-12.416666666666666,-1.7752062,2.5698676,-0.88853574,2.3424587,92,66
-66.41666666666667,-12.416666666666666,-1.6871922,2.7302005,-0.97886246,2.2461438,92,68
-64.91666666666667,-12.416666666666666,-1.5347621,3.114933,-1.250152,1.7707629,92,77
-64.58333333333334,-12.416666666666666,-1.8366154,2.527148,-1.5849856,1.346689,92,79
-64.41666666666667,-12.416666666666666,-2.0731366,2.2341502,-1.6749333,1.1073328,92,80
-64.25000000000001,-12.416666666666666,-2.1553733,2.2054603,-1.6201764,1.0797423,92,81
-64.08333333333334,-12.416666666666666,-2.295799,2.0998142,-1.651411,0.97896314,92,82
-63.91666666666668,-12.416666666666666,-2.3282053,1.9316928,-1.7676314,0.8138106,92,83
-63.750000000000014,-12.416666666666666,-2.5014944,1.7543305,-1.760849,0.6999995,92,84
-63.58333333333334,-12.416666666666666,-2.65202,1.7812674,-1.6401618,0.6617986,92,85
-63.41666666666668,-12.416666666666666,-2.8015962,1.8401692,-1.5022395,0.64858145,92,86
-63.250000000000014,-12.416666666666666,-2.9227474,1.6617411,-1.4435894,0.57481694,92,87
-63.08333333333334,-12.416666666666666,-3.2207825,1.3219074,-1.4175768,0.37322924,92,88
-62.91666666666668,-12.416666666666666,-3.4214249,0.93427294,-1.4480429,0.20549177,92,89
-62.750000000000014,-12.416666666666666,-3.7105625,0.71130663,-1.3232791,0.08701192,92,90
-62.58333333333334,-12.416666666666666,-3.9452481,0.5966283,-1.221195,0.01956561,92,91
-62.41666666666668,-12.416666666666666,-4.3005443,0.35927507,-1.0853418,-0.1107071,92,92
-62.250000000000014,-12.416666666666666,-4.4553885,0.10285255,-1.1246687,-0.22236641,92,93
-62.08333333333334,-12.416666666666666,-4.5080037,0.47737148,-0.76257485,0.0027622953,92,94
-61.91666666666668,-12.416666666666666,-4.661427,0.2623798,-0.76665306,-0.10278926,92,95
-61.750000000000014,-12.416666666666666,-5.6382,-1.3808508,-0.95853883,-0.99488103,92,96
-61.58333333333334,-12.416666666666666,-5.921965,-1.5432016,-0.7992267,-1.082352,92,97
-57.58333333333334,-12.416666666666666,-4.852229,-1.7425718,1.6801919,0.6782244,92,121
-57.41666666666668,-12.416666666666666,-4.8239822,-2.0478604,1.6551874,0.5509044,92,122
-57.250000000000014,-12.416666666666666,-4.9986877,-2.395318,1.8998622,0.29432443,92,123
-57.08333333333334,-12.416666666666666,-4.7712154,-2.4028847,1.9224973,0.49575952,92,124
-56.91666666666668,-12.416666666666666,-4.652424,-2.200616,2.2897778,0.64603204,92,125
-56.750000000000014,-12.416666666666666,-4.7534204,-2.3043418,2.760969,0.5636595,92,126
-56.58333333333334,-12.416666666666666,-4.752,-2.4531608,2.7545843,0.59607583,92,127
-56.41666666666668,-12.416666666666666,-4.8103647,-2.6247752,2.5385835,0.4897047,92,128
-55.58333333333334,-12.416666666666666,-5.424272,-1.6082826,1.338557,0.085696496,92,133
-55.41666666666668,-12.416666666666666,-5.786416,-1.1615611,1.1341205,-0.61275923,92,134
-55.250000000000014,-12.416666666666666,-5.911646,-1.0632986,1.051773,-0.6030083,92,135
-55.08333333333334,-12.416666666666666,-5.6888576,-1.5412374,0.90847665,0.118414804,92,136
-54.91666666666668,-12.416666666666666,-5.8427815,-1.5444232,0.89301145,0.13356273,92,137
-54.750000000000014,-12.416666666666666,-5.870125,-1.3499868,0.9029665,0.31120437,92,138
-54.58333333333334,-12.416666666666666,-5.84125,-1.1053735,0.9321341,0.48285493,92,139
-54.41666666666668,-12.416666666666666,-5.9756994,-1.0667444,1.0174783,0.49527678,92,140
-54.250000000000014,-12.416666666666666,-6.0941095,-0.9533424,1.0892231,0.5291054,92,141
-54.08333333333334,-12.416666666666666,-6.131396,-0.92853296,1.0121019,0.6321697,92,142
-53.91666666666668,-12.416666666666666,-6.231721,-1.0073981,0.93410605,0.6429656,92,143
-53.750000000000014,-12.416666666666666,-6.257547,-0.80506057,1.0007312,0.79441655,92,144
-53.58333333333334,-12.416666666666666,-6.3012733,-0.69239396,0.9873077,0.8591466,92,145
-53.41666666666668,-12.416666666666666,-6.180036,-0.3217586,1.0103589,1.0603971,92,146
-53.250000000000014,-12.416666666666666,-6.041166,0.18199702,1.1420356,1.3086697,92,147
-53.08333333333334,-12.416666666666666,-6.014097,0.66620994,0.9031294,0.69848657,92,148
-52.91666666666668,-12.416666666666666,-5.930248,0.40415028,0.6311142,0.5800698,92,149
-52.750000000000014,-12.416666666666666,-5.782393,0.489286,0.5584036,0.5944398,92,150
-52.58333333333334,-12.416666666666666,-5.5960503,1.0396905,0.7669054,0.7072859,92,151
-52.41666666666668,-12.416666666666666,-5.2932878,1.2411064,0.67904615,0.81308967,92,152
-52.250000000000014,-12.416666666666666,-5.046535,1.635909,0.8392342,0.8780797,92,153
-52.08333333333334,-12.416666666666666,-4.69397,1.4982511,0.5589648,0.9603282,92,154
-51.91666666666668,-12.416666666666666,-4.414521,1.4323815,0.43778825,1.0472435,92,155
-51.750000000000014,-12.416666666666666,-4.254636,1.7668803,0.73393387,1.0891155,92,156
-51.58333333333334,-12.416666666666666,-4.0250235,1.801491,0.60432655,1.2356426,92,157
-51.41666666666668,-12.416666666666666,-3.4642394,2.6378453,0.6389176,1.8439484,92,158
-51.250000000000014,-12.416666666666666,-3.000131,3.2534397,0.6020021,2.2689972,92,159
-51.08333333333334,-12.416666666666666,-2.8575606,3.2204332,0.447527,2.2492723,92,160
-73.75000000000001,-12.583333333333332,-6.6250663,-7.5174747,-4.5357647,-4.157097,93,24
-73.58333333333334,-12.583333333333332,-16.149841,-19.268393,-7.5401387,-10.851073,93,25
-73.25000000000001,-12.583333333333332,-6.664716,-7.441569,-3.7007525,-4.323765,93,27
-73.08333333333334,-12.583333333333332,-5.1696954,-5.2064176,-3.6439767,-3.0811524,93,28
-72.91666666666667,-12.583333333333332,-6.09767,-6.238689,-3.4550817,-3.7014544,93,29
-72.75000000000001,-12.583333333333332,-6.2311153,-6.247366,-3.260067,-3.6919212,93,30
-72.58333333333334,-12.583333333333332,-7.5824323,-7.781862,-3.1229382,-4.471737,93,31
-71.41666666666667,-12.583333333333332,-1.7887906,-6.5966578,2.168658,-0.6729353,93,38
-71.25000000000001,-12.583333333333332,0.08263897,-5.81503,3.966898,0.43095127,93,39
-71.08333333333334,-12.583333333333332,0.89122194,-5.7185745,5.268981,0.9718471,93,40
-70.91666666666667,-12.583333333333332,1.2713181,-5.9855213,6.2208867,1.2363249,93,41
-70.75000000000001,-12.583333333333332,1.4662181,-6.103593,6.872978,1.4461125,93,42
-70.58333333333334,-12.583333333333332,1.461565,-6.0203624,7.0480695,1.6249752,93,43
-70.41666666666667,-12.583333333333332,1.3044683,-5.6230597,6.8240514,1.829949,93,44
-70.25000000000001,-12.583333333333332,0.93390214,-5.306005,6.295809,1.8798294,93,45
-70.08333333333334,-12.583333333333332,0.4679365,-4.8023605,5.4620266,1.9182147,93,46
-69.91666666666667,-12.583333333333332,-0.14302237,-4.372456,4.48342,1.8462564,93,47
-69.75000000000001,-12.583333333333332,-0.657044,-3.7426505,3.468096,1.8343349,93,48
-69.58333333333334,-12.583333333333332,-1.0365689,-2.998823,2.425013,1.8408387,93,49
-69.41666666666667,-12.583333333333332,-1.3503513,-2.1601806,1.4697846,1.8765832,93,50
-69.25000000000001,-12.583333333333332,-1.6800529,-1.4464422,0.6748784,1.8723952,93,51
-69.08333333333334,-12.583333333333332,-1.8949683,-1.1210434,0.13831861,1.9138262,93,52
-68.91666666666667,-12.583333333333332,-2.0320973,-1.0303319,-0.1754773,1.9348716,93,53
-68.75000000000001,-12.583333333333332,-2.1440616,-0.7639987,-0.32119393,2.0772629,93,54
-68.58333333333334,-12.583333333333332,-2.2098985,-0.49849567,-0.4564518,2.1683147,93,55
-68.41666666666667,-12.583333333333332,-2.3345838,-0.3936352,-0.57807356,2.1967373,93,56
-68.25000000000001,-12.583333333333332,-2.3348932,-0.17753959,-0.71076256,2.2771866,93,57
-68.08333333333334,-12.583333333333332,-2.328746,0.18049927,-0.7076892,2.4505315,93,58
-67.91666666666667,-12.583333333333332,-2.3041744,0.31472427,-0.8667563,2.466284,93,59
-67.75000000000001,-12.583333333333332,-2.2661593,0.64234996,-0.8580002,2.571788,93,60
-67.25000000000001,-12.583333333333332,-1.9985586,1.3649867,-0.91190225,2.698074,93,63
-67.08333333333334,-12.583333333333332,-1.9091083,1.4599451,-1.0506884,2.6259365,93,64
-64.91666666666667,-12.583333333333332,-1.4663905,3.1421964,-1.3596779,1.8312856,93,77
-64.41666666666667,-12.583333333333332,-1.9447137,2.7575426,-1.4953644,1.4872298,93,80
-64.25000000000001,-12.583333333333332,-2.0721395,2.4851756,-1.6393749,1.2799761,93,81
-63.91666666666668,-12.583333333333332,-2.3418338,1.98032,-1.8720021,0.90334463,93,83
-63.750000000000014,-12.583333333333332,-2.5131533,1.7450128,-1.8941553,0.76516354,93,84
-63.58333333333334,-12.583333333333332,-2.6220624,1.6537261,-1.8531934,0.6814286,93,85
-63.41666666666668,-12.583333333333332,-2.7304456,1.6122098,-1.7660332,0.6469541,93,86
-63.250000000000014,-12.583333333333332,-2.8862567,1.6848052,-1.552117,0.656201,93,87
-63.08333333333334,-12.583333333333332,-3.1440265,1.5068387,-1.3976158,0.56691617,93,88
-62.91666666666668,-12.583333333333332,-3.3817255,1.0909442,-1.44281,0.37467584,93,89
-62.750000000000014,-12.583333333333332,-3.7144954,0.9384373,-1.2572535,0.33565068,93,90
-62.58333333333334,-12.583333333333332,-3.8669,0.6534335,-1.3073827,0.17148373,93,91
-62.41666666666668,-12.583333333333332,-4.0722547,0.40199196,-1.2997849,0.04526507,93,92
-62.250000000000014,-12.583333333333332,-4.1251364,0.37499514,-1.2378116,0.06788929,93,93
-62.08333333333334,-12.583333333333332,-4.2943587,0.6217536,-0.90901864,0.20258375,93,94
-61.91666666666668,-12.583333333333332,-4.4117627,0.27514693,-0.96552044,0.0449635,93,95
-61.750000000000014,-12.583333333333332,-4.718032,-0.4025061,-1.1080104,-0.29401204,93,96
-61.58333333333334,-12.583333333333332,-5.1130805,-0.8332416,-0.94593936,-0.50307655,93,97
-61.08333333333334,-12.583333333333332,-5.434541,0.017797237,-0.051568475,-0.08486578,93,100
-57.41666666666668,-12.583333333333332,-4.8919587,-2.134066,1.601543,0.605904,93,122
-57.250000000000014,-12.583333333333332,-5.0401187,-2.500735,1.7868134,0.34256586,93,123
-57.08333333333334,-12.583333333333332,-4.950658,-2.6715097,1.8015337,0.3821344,93,124
-56.91666666666668,-12.583333333333332,-4.706183,-2.3831263,1.9992127,0.61610657,93,125
-56.750000000000014,-12.583333333333332,-4.825512,-2.4057276,2.4631646,0.4246278,93,126
-56.58333333333334,-12.583333333333332,-4.9607015,-2.557019,2.5543883,0.32149896,93,127
-55.41666666666668,-12.583333333333332,-5.7812657,-2.0957289,1.2619754,-0.004816837,93,134
-55.250000000000014,-12.583333333333332,-5.8089294,-2.1606874,0.93294764,0.00509983,93,135
-55.08333333333334,-12.583333333333332,-5.895764,-2.0638428,0.85078555,0.056068894,93,136
-54.91666666666668,-12.583333333333332,-5.928506,-1.7115443,0.8184843,0.31421214,93,137
-54.750000000000014,-12.583333333333332,-5.9023066,-1.3888942,0.8263824,0.46358237,93,138
-54.58333333333334,-12.583333333333332,-5.9422474,-1.3757306,0.7261993,0.4665255,93,139
-54.41666666666668,-12.583333333333332,-6.165552,-1.5711147,0.66088253,0.418572,93,140
-54.250000000000014,-12.583333333333332,-6.191145,-1.2087283,0.7989875,0.6361422,93,141
-54.08333333333334,-12.583333333333332,-6.3329306,-1.211299,0.8368132,0.63433236,93,142
-53.91666666666668,-12.583333333333332,-6.3907104,-1.291271,0.7170924,0.6558969,93,143
-53.750000000000014,-12.583333333333332,-6.3496404,-1.0395361,0.75145006,0.80274093,93,144
-53.58333333333334,-12.583333333333332,-6.3735275,-0.9347673,0.73828536,0.8687144,93,145
-53.41666666666668,-12.583333333333332,-6.2872276,-0.57184666,0.80791885,1.0641363,93,146
-53.250000000000014,-12.583333333333332,-6.2048984,-0.44323692,0.76180273,1.1218183,93,147
-53.08333333333334,-12.583333333333332,-6.173017,0.38530847,0.69415605,0.7063089,93,148
-52.91666666666668,-12.583333333333332,-6.0023823,0.47700426,0.59351355,0.7515839,93,149
-52.750000000000014,-12.583333333333332,-5.9012537,0.35811955,0.408603,0.6771616,93,150
-52.58333333333334,-12.583333333333332,-5.78552,0.85311127,0.637096,0.76795566,93,151
-52.41666666666668,-12.583333333333332,-5.5069413,1.1543512,0.7070007,0.8852374,93,152
-52.250000000000014,-12.583333333333332,-5.3148417,1.5289382,0.845868,0.8747812,93,153
-52.08333333333334,-12.583333333333332,-4.958211,1.3898152,0.53872854,0.9808042,93,154
-51.91666666666668,-12.583333333333332,-4.6569333,1.1711987,0.2694371,1.024884,93,155
-51.750000000000014,-12.583333333333332,-4.447861,1.5614232,0.5063544,1.1120015,93,156
-51.58333333333334,-12.583333333333332,-4.1280565,1.7676125,0.34611863,1.4084097,93,157
-73.58333333333334,-12.75,-8.732622,-9.760913,-5.23831,-5.818012,94,25
-72.75000000000001,-12.75,-10.858159,-12.343737,-3.8761973,-7.4540973,94,30
-71.25000000000001,-12.75,-0.23136918,-6.864421,4.393065,0.00014354177,94,39
-71.08333333333334,-12.75,1.007967,-6.8710113,6.197632,0.6684642,94,40
-70.91666666666667,-12.75,1.782924,-6.9887705,7.6103644,1.1323665,94,41
-70.75000000000001,-12.75,2.173172,-7.047085,8.522863,1.4516593,94,42
-70.58333333333334,-12.75,2.273053,-6.916781,8.856121,1.7239457,94,43
-70.41666666666667,-12.75,1.929676,-6.8386517,8.661203,1.7782779,94,44
-70.25000000000001,-12.75,1.554113,-6.342276,7.8584847,1.8340971,94,45
-70.08333333333334,-12.75,1.0777131,-5.568257,6.7952914,1.913776,94,46
-69.91666666666667,-12.75,0.5127289,-4.720001,5.5854836,1.9899399,94,47
-69.75000000000001,-12.75,-0.05264712,-4.0392985,4.3464637,1.9337102,94,48
-69.58333333333334,-12.75,-0.6355326,-3.3294337,3.230001,1.9163406,94,49
-69.41666666666667,-12.75,-1.1582451,-2.5996926,2.1935244,1.9216954,94,50
-69.25000000000001,-12.75,-1.4621853,-1.9274602,1.2476013,1.9078976,94,51
-69.08333333333334,-12.75,-1.8102292,-1.6691742,0.5950398,1.8735858,94,52
-68.91666666666667,-12.75,-1.9494584,-1.3457079,0.26456735,1.9921342,94,53
-68.58333333333334,-12.75,-2.2404518,-0.71590936,-0.1401636,2.2484314,94,55
-68.41666666666667,-12.75,-2.2801805,-0.56085384,-0.38993672,2.2507463,94,56
-68.08333333333334,-12.75,-2.362604,0.1436526,-0.4889448,2.621966,94,58
-67.41666666666667,-12.75,-2.1907854,0.9830107,-0.8230153,2.7767103,94,62
-67.25000000000001,-12.75,-2.190479,1.2237735,-0.7695749,2.8487508,94,63
-67.08333333333334,-12.75,-1.9989635,1.5329846,-0.8039415,2.8654666,94,64
-66.75000000000001,-12.75,-1.9217045,2.1135557,-0.6884144,2.949615,94,66
-65.08333333333334,-12.75,-1.4316267,3.205455,-1.2869574,2.0493581,94,76
-63.91666666666668,-12.75,-2.434182,2.1774802,-1.8321747,1.0566164,94,83
-63.750000000000014,-12.75,-2.6114438,1.7323935,-1.9629542,0.7853672,94,84
-63.58333333333334,-12.75,-2.7399893,1.5559955,-1.9508623,0.6872702,94,85
-63.41666666666668,-12.75,-2.899265,1.3617543,-1.8993733,0.5398987,94,86
-63.250000000000014,-12.75,-3.0049922,1.3074727,-1.7638652,0.5484052,94,87
-63.08333333333334,-12.75,-3.1160302,1.2951797,-1.5721945,0.5585959,94,88
-62.91666666666668,-12.75,-3.2551432,1.4303128,-1.3153301,0.6566631,94,89
-62.750000000000014,-12.75,-3.4611566,1.2187989,-1.2828467,0.5804445,94,90
-62.58333333333334,-12.75,-3.71893,0.86497205,-1.3454003,0.38118613,94,91
-62.41666666666668,-12.75,-3.9705093,0.48307714,-1.3856016,0.19566286,94,92
-62.250000000000014,-12.75,-3.985646,0.6179994,-1.2738922,0.29192767,94,93
-62.08333333333334,-12.75,-4.1175985,0.68972325,-1.0600554,0.36975262,94,94
-61.91666666666668,-12.75,-4.228086,0.6338769,-0.9307806,0.365891,94,95
-61.750000000000014,-12.75,-4.272969,0.38221705,-0.98605597,0.26234633,94,96
-61.58333333333334,-12.75,-4.477034,0.45302436,-0.64999604,0.30977193,94,97
-61.41666666666668,-12.75,-4.749408,0.37874216,-0.35777137,0.2414078,94,98
-61.250000000000014,-12.75,-5.261704,-0.36008772,-0.30184785,-0.16207907,94,99
-60.91666666666668,-12.75,-5.4083548,-0.3884001,0.13546777,-0.039215833,94,101
-60.750000000000014,-12.75,-5.321142,-0.7866013,0.07223076,-0.13163546,94,102
-57.58333333333334,-12.75,-5.129062,-2.2053063,1.4914314,0.60853755,94,121
-57.41666666666668,-12.75,-4.984199,-2.2296565,1.473509,0.59619915,94,122
-57.250000000000014,-12.75,-5.104357,-2.4876351,1.7098523,0.3016429,94,123
-57.08333333333334,-12.75,-5.1390324,-2.7460737,1.8065017,0.18665625,94,124
-56.91666666666668,-12.75,-4.8577156,-2.5487862,1.7193422,0.45605913,94,125
-56.750000000000014,-12.75,-4.736228,-2.3610957,1.9558027,0.46072382,94,126
-56.58333333333334,-12.75,-4.9478703,-2.539742,2.041377,0.24529141,94,127
-56.41666666666668,-12.75,-5.2899857,-2.7418218,2.08177,-0.0056156106,94,128
-55.250000000000014,-12.75,-5.9747043,-2.5249183,0.8711301,-0.047348008,94,135
-55.08333333333334,-12.75,-6.0586247,-2.3018243,0.8269197,0.029899728,94,136
-54.91666666666668,-12.75,-5.991138,-1.97057,0.7021512,0.3087512,94,137
-54.750000000000014,-12.75,-6.0211825,-1.7052628,0.6904678,0.4437954,94,138
-54.58333333333334,-12.75,-6.0927687,-1.8037345,0.5034032,0.42737755,94,139
-54.41666666666668,-12.75,-6.2029104,-1.7148335,0.47133455,0.5081996,94,140
-54.250000000000014,-12.75,-6.373191,-1.6115372,0.56407493,0.5261141,94,141
-54.08333333333334,-12.75,-6.4537835,-1.5093977,0.5854315,0.643544,94,142
-53.91666666666668,-12.75,-6.483934,-1.5161914,0.5000708,0.6911082,94,143
-53.750000000000014,-12.75,-6.5251617,-1.4247255,0.52592444,0.7509335,94,144
-53.58333333333334,-12.75,-6.468906,-1.2356297,0.5309475,0.8848223,94,145
-53.41666666666668,-12.75,-6.335254,-0.91679347,0.5352127,1.0408126,94,146
-53.250000000000014,-12.75,-6.1800885,-0.70633346,0.47647405,1.124939,94,147
-53.08333333333334,-12.75,-6.214474,-0.71031624,0.43277702,1.0975758,94,148
-52.91666666666668,-12.75,-6.083444,0.3709571,0.46184108,0.834735,94,149
-52.750000000000014,-12.75,-5.9970345,0.11909823,0.25874072,0.66194874,94,150
-52.58333333333334,-12.75,-5.8229103,0.89607394,0.64128166,0.82513016,94,151
-52.41666666666668,-12.75,-5.707515,1.0374657,0.6429144,0.7747139,94,152
-52.250000000000014,-12.75,-5.5070596,1.0141208,0.51814514,0.79409105,94,153
-52.08333333333334,-12.75,-5.2338266,1.1693882,0.45933324,0.9551753,94,154
-51.91666666666668,-12.75,-5.0175943,0.983761,0.24940383,0.9522643,94,155
-51.750000000000014,-12.75,-4.665759,1.652303,0.4349912,1.3422557,94,156
-71.25000000000001,-12.916666666666666,-1.3067632,-8.24922,4.0444617,-0.8450634,95,39
-70.58333333333334,-12.916666666666666,2.9852822,-8.358019,11.036111,1.4973681,95,43
-70.41666666666667,-12.916666666666666,2.6188834,-8.415165,10.734673,1.458617,95,44
-70.25000000000001,-12.916666666666666,2.0838037,-7.4932213,9.487912,1.7309455,95,45
-70.08333333333334,-12.916666666666666,1.6121229,-6.3582273,8.092769,1.9354961,95,46
-69.91666666666667,-12.916666666666666,0.96654904,-5.461776,6.6924067,1.9896855,95,47
-69.75000000000001,-12.916666666666666,0.336179,-4.593992,5.280463,1.9928912,95,48
-69.58333333333334,-12.916666666666666,-0.20751806,-3.8160424,3.9863112,1.9677554,95,49
-69.41666666666667,-12.916666666666666,-0.7405925,-3.095023,2.8159304,1.934336,95,50
-69.25000000000001,-12.916666666666666,-1.2372196,-2.5175772,1.8735257,1.9221051,95,51
-69.08333333333334,-12.916666666666666,-1.60927,-2.0620022,1.2050358,1.9803361,95,52
-68.08333333333334,-12.916666666666666,-2.4050267,0.12071852,-0.21456265,2.830513,95,58
-67.91666666666667,-12.916666666666666,-2.3968074,0.47118145,-0.2847597,2.9458005,95,59
-67.58333333333334,-12.916666666666666,-2.2952354,0.7345584,-0.5969735,2.9397626,95,61
-67.41666666666667,-12.916666666666666,-2.326917,0.77971184,-0.7666334,2.8443182,95,62
-67.08333333333334,-12.916666666666666,-2.0830474,1.334284,-0.8749787,2.919693,95,64
-66.75000000000001,-12.916666666666666,-2.0662727,1.879561,-0.7307154,2.9764562,95,66
-65.08333333333334,-12.916666666666666,-1.5936618,3.145425,-1.2354857,2.2111332,95,76
-63.750000000000014,-12.916666666666666,-2.6794603,1.7747442,-2.027405,0.8619251,95,84
-63.58333333333334,-12.916666666666666,-2.9156795,1.2931902,-2.0854366,0.6091524,95,85
-63.41666666666668,-12.916666666666666,-3.102808,1.1135838,-2.0050488,0.5216019,95,86
-63.250000000000014,-12.916666666666666,-3.0796862,1.3242413,-1.7986466,0.6394014,95,87
-62.91666666666668,-12.916666666666666,-3.2122877,1.1941102,-1.5709336,0.63459665,95,89
-62.750000000000014,-12.916666666666666,-3.240956,0.9906607,-1.3077434,1.1423548,95,90
-62.58333333333334,-12.916666666666666,-3.4906533,1.0831336,-1.1191683,1.1837028,95,91
-62.41666666666668,-12.916666666666666,-3.534022,0.7391278,-1.2737337,1.0332153,95,92
-62.250000000000014,-12.916666666666666,-3.6834943,0.6705835,-1.1901374,0.9990909,95,93
-62.08333333333334,-12.916666666666666,-3.7648747,0.52280474,-1.1442297,0.9626234,95,94
-61.91666666666668,-12.916666666666666,-3.738915,0.5618929,-1.0525724,0.9977082,95,95
-61.750000000000014,-12.916666666666666,-4.102525,0.65132606,-0.924856,0.54100716,95,96
-61.58333333333334,-12.916666666666666,-4.278146,0.57593,-0.6871159,0.52842003,95,97
-61.41666666666668,-12.916666666666666,-4.4336305,0.7639841,-0.24707991,0.6209782,95,98
-61.250000000000014,-12.916666666666666,-4.6512804,0.5534844,0.028777085,0.483171,95,99
-57.41666666666668,-12.916666666666666,-5.058676,-1.9823784,1.6854372,0.6078747,95,122
-57.250000000000014,-12.916666666666666,-5.0075083,-2.244526,1.5051885,0.43630126,95,123
-57.08333333333334,-12.916666666666666,-5.120224,-2.6640198,1.5535804,0.2080688,95,124
-56.91666666666668,-12.916666666666666,-4.944392,-2.873668,1.5661848,0.51630807,95,125
-56.750000000000014,-12.916666666666666,-4.702963,-2.3966825,1.66873,0.7731549,95,126
-56.58333333333334,-12.916666666666666,-4.8553367,-2.6343162,1.6489176,0.47933748,95,127
-56.41666666666668,-12.916666666666666,-5.21018,-2.8632288,1.8316193,0.20426014,95,128
-55.08333333333334,-12.916666666666666,-6.1860747,-2.44216,0.7834811,0.033994794,95,136
-54.91666666666668,-12.916666666666666,-6.241534,-2.1059563,0.7927828,0.2955481,95,137
-54.750000000000014,-12.916666666666666,-6.0694375,-1.9676181,0.5059979,0.4982401,95,138
-54.58333333333334,-12.916666666666666,-6.2543955,-2.1654344,0.3580728,0.37805927,95,139
-54.41666666666668,-12.916666666666666,-6.331371,-2.0450895,0.2903937,0.4913567,95,140
-54.250000000000014,-12.916666666666666,-6.4865084,-1.5520337,0.59230274,0.6286751,95,141
-54.08333333333334,-12.916666666666666,-6.631787,-1.7209985,0.5524745,0.61794436,95,142
-53.91666666666668,-12.916666666666666,-6.548676,-1.6441057,0.39448106,0.74053574,95,143
-53.750000000000014,-12.916666666666666,-6.677022,-1.7715037,0.3332064,0.7016394,95,144
-53.58333333333334,-12.916666666666666,-6.6230774,-1.5300485,0.3669246,0.8508183,95,145
-53.41666666666668,-12.916666666666666,-6.457817,-1.1123538,0.41941422,1.0582926,95,146
-53.250000000000014,-12.916666666666666,-6.389364,-0.92319226,0.36440456,1.1047338,95,147
-53.08333333333334,-12.916666666666666,-6.3283577,-0.9090144,0.2584137,1.1159785,95,148
-52.91666666666668,-12.916666666666666,-6.2936273,-0.09722922,0.24346188,0.7023351,95,149
-52.750000000000014,-12.916666666666666,-6.138705,0.14614649,0.30244175,0.7570847,95,150
-52.58333333333334,-12.916666666666666,-6.086026,0.33061868,0.37557527,0.6844865,95,151
-52.41666666666668,-12.916666666666666,-5.827455,0.45653602,0.30111033,0.7105805,95,152
-52.250000000000014,-12.916666666666666,-5.7271614,0.38941836,0.19456911,0.6822584,95,153
-52.08333333333334,-12.916666666666666,-5.4384604,0.8374247,0.2611649,0.9443424,95,154
-71.25000000000001,-13.083333333333332,-5.2420945,-10.889093,1.1311969,-3.0546334,96,39
-70.41666666666667,-13.083333333333332,3.003618,-10.197678,12.840619,1.203002,96,44
-70.25000000000001,-13.083333333333332,2.5027242,-8.907984,11.136258,1.3868018,96,45
-70.08333333333334,-13.083333333333332,2.0614781,-7.207507,9.24168,1.7103876,96,46
-69.91666666666667,-13.083333333333332,1.365479,-6.0413013,7.511292,1.971481,96,47
-69.75000000000001,-13.083333333333332,0.49985546,-5.5004663,6.001454,1.8032767,96,48
-69.58333333333334,-13.083333333333332,0.06750149,-4.309311,4.5712776,1.9737902,96,49
-69.41666666666667,-13.083333333333332,-0.56004345,-3.5880969,3.4180489,1.9625541,96,50
-69.25000000000001,-13.083333333333332,-1.079974,-3.0069096,2.4445229,1.9659746,96,51
-69.08333333333334,-13.083333333333332,-1.4568074,-2.4573781,1.6828481,2.0424528,96,52
-68.58333333333334,-13.083333333333332,-2.190988,-1.1104538,0.41398254,2.4799764,96,55
-68.41666666666667,-13.083333333333332,-2.2675896,-0.9419754,0.039878085,2.4650762,96,56
-68.08333333333334,-13.083333333333332,-2.3725753,-0.053349167,-0.16383348,2.8893292,96,58
-67.75000000000001,-13.083333333333332,-2.401187,0.5575786,-0.323478,3.1434114,96,60
-67.25000000000001,-13.083333333333332,-2.284209,1.1996046,-0.5700419,3.1709933,96,63
-67.08333333333334,-13.083333333333332,-2.2211308,1.0970399,-0.9327006,2.9491625,96,64
-65.25000000000001,-13.083333333333332,-1.825422,3.168702,-1.0307956,2.470601,96,75
-63.58333333333334,-13.083333333333332,-3.003394,1.2156988,-2.184129,0.6403873,96,85
-63.41666666666668,-13.083333333333332,-3.159261,1.0987303,-2.0951345,0.6019148,96,86
-63.250000000000014,-13.083333333333332,-3.0224042,1.4562452,-1.8365363,0.8180379,96,87
-62.91666666666668,-13.083333333333332,-3.2495103,1.1182967,-1.7316445,0.6590911,96,89
-62.750000000000014,-13.083333333333332,-3.4064696,1.0148534,-1.630621,0.69596875,96,90
-62.58333333333334,-13.083333333333332,-3.4007022,0.75963724,-1.4491279,1.1501424,96,91
-62.41666666666668,-13.083333333333332,-3.4278772,0.7479751,-1.4280238,1.1486754,96,92
-62.250000000000014,-13.083333333333332,-3.4799645,0.8414192,-1.2929051,1.2397345,96,93
-62.08333333333334,-13.083333333333332,-3.3863523,0.9766163,-1.2224869,1.3152486,96,94
-61.91666666666668,-13.083333333333332,-3.539754,0.95777786,-1.0009067,1.3890262,96,95
-61.750000000000014,-13.083333333333332,-3.6939204,0.7193279,-0.8855747,1.2789202,96,96
-61.58333333333334,-13.083333333333332,-4.0468497,0.6964314,-0.5092292,1.3006296,96,97
-61.41666666666668,-13.083333333333332,-4.2746053,0.83475524,-0.31146568,0.90250105,96,98
-61.250000000000014,-13.083333333333332,-4.380804,0.87190783,0.100900196,0.90268975,96,99
-61.08333333333334,-13.083333333333332,-4.565507,0.62472504,0.39249182,0.7884515,96,100
-57.250000000000014,-13.083333333333332,-5.0185103,-2.5550568,1.2942475,0.65291524,96,123
-57.08333333333334,-13.083333333333332,-5.050759,-2.796707,1.3616827,0.39818197,96,124
-56.91666666666668,-13.083333333333332,-4.9047365,-2.691534,1.2609515,0.5211195,96,125
-56.750000000000014,-13.083333333333332,-4.694301,-2.564112,1.1671821,0.6250867,96,126
-56.58333333333334,-13.083333333333332,-4.7803497,-2.5283153,1.3794919,0.45579624,96,127
-56.41666666666668,-13.083333333333332,-4.850078,-2.6531708,1.3279525,0.47290754,96,128
-56.250000000000014,-13.083333333333332,-5.082731,-2.979183,1.363305,0.2232035,96,129
-55.08333333333334,-13.083333333333332,-6.2724485,-2.5793457,0.72375816,0.044061046,96,136
-54.91666666666668,-13.083333333333332,-6.2577095,-2.3630996,0.60536706,0.28510612,96,137
-54.750000000000014,-13.083333333333332,-6.2097373,-2.287857,0.36827666,0.4316655,96,138
-54.58333333333334,-13.083333333333332,-6.4743724,-2.4727645,0.26382628,0.2885623,96,139
-54.41666666666668,-13.083333333333332,-6.4553986,-2.1162314,0.29322612,0.510264,96,140
-54.250000000000014,-13.083333333333332,-6.646193,-1.9261019,0.4366278,0.6153684,96,141
-54.08333333333334,-13.083333333333332,-6.75292,-1.5431404,0.7032836,0.7402352,96,142
-53.91666666666668,-13.083333333333332,-6.8038044,-1.8286066,0.39225808,0.71430403,96,143
-53.750000000000014,-13.083333333333332,-6.9143753,-1.8573228,0.39243546,0.69819987,96,144
-53.58333333333334,-13.083333333333332,-6.839106,-1.2322075,0.6437809,0.9479137,96,145
-53.41666666666668,-13.083333333333332,-6.609207,-0.9182936,0.55775416,1.1837022,96,146
-53.250000000000014,-13.083333333333332,-6.850248,-0.32830453,0.5808293,0.5266778,96,147
-53.08333333333334,-13.083333333333332,-6.6757655,-0.24590632,0.40475872,0.6602045,96,148
-52.91666666666668,-13.083333333333332,-6.4281893,-0.049714107,0.28037834,0.7445768,96,149
-52.750000000000014,-13.083333333333332,-6.2790394,0.2626827,0.37511382,0.8729186,96,150
-52.58333333333334,-13.083333333333332,-6.20514,0.13554585,0.23330575,0.74386024,96,151
-52.41666666666668,-13.083333333333332,-6.0711865,0.2449544,0.22842786,0.7209969,96,152
-70.41666666666667,-13.25,2.6947563,-12.3391485,14.328688,0.6186713,97,44
-70.25000000000001,-13.25,1.652353,-11.440731,12.067919,0.48924637,97,45
-70.08333333333334,-13.25,0.6300191,-10.234557,9.528398,0.37266874,97,46
-69.91666666666667,-13.25,0.7491148,-7.9988704,7.9687386,1.0299349,97,47
-69.75000000000001,-13.25,0.3245286,-6.509227,6.4829216,1.5023562,97,48
-69.58333333333334,-13.25,0.04768676,-5.0854263,5.015705,1.7825888,97,49
-69.41666666666667,-13.25,-0.550326,-4.2746067,3.784528,1.8342485,97,50
-69.25000000000001,-13.25,-1.0134969,-3.5445855,2.7821908,1.9336457,97,51
-69.08333333333334,-13.25,-1.3726685,-2.905435,1.9810276,2.0357857,97,52
-68.91666666666667,-13.25,-1.6111684,-2.331405,1.3073752,2.1583574,97,53
-68.75000000000001,-13.25,-1.9207616,-1.8906705,0.8307279,2.2654996,97,54
-68.58333333333334,-13.25,-2.1295984,-1.537003,0.42095223,2.364053,97,55
-68.41666666666667,-13.25,-2.206537,-1.2150296,0.07837874,2.4804823,97,56
-68.25000000000001,-13.25,-2.3117745,-0.8339049,-0.11654587,2.653604,97,57
-68.08333333333334,-13.25,-2.4323833,-0.4656753,-0.22014862,2.81328,97,58
-67.91666666666667,-13.25,-2.4728546,-0.17173634,-0.3274295,2.9568527,97,59
-67.75000000000001,-13.25,-2.4995522,0.025087422,-0.47482193,2.9793417,97,60
-67.58333333333334,-13.25,-2.4994557,0.45326126,-0.41793403,3.2060573,97,61
-67.41666666666667,-13.25,-2.417439,0.8238305,-0.40925854,3.3475554,97,62
-67.25000000000001,-13.25,-2.3385892,0.68765336,-0.8219404,3.043002,97,63
-67.08333333333334,-13.25,-2.4055858,0.92982805,-0.83358234,3.0540493,97,64
-65.25000000000001,-13.25,-2.047757,2.7213538,-1.2001054,2.4505162,97,75
-63.58333333333334,-13.25,-2.9079094,1.5928503,-2.1116242,0.9520844,97,85
-62.91666666666668,-13.25,-3.1368976,0.95366496,-1.7206883,1.2925972,97,89
-62.750000000000014,-13.25,-3.3815596,0.64011437,-1.7048777,1.1767087,97,90
-62.58333333333334,-13.25,-3.659339,0.3531686,-1.6422588,1.0011824,97,91
-62.41666666666668,-13.25,-3.4111905,0.9322332,-1.4341828,1.3495611,97,92
-62.08333333333334,-13.25,-3.574549,0.7609091,-1.2723604,1.3732533,97,94
-61.91666666666668,-13.25,-3.7676208,1.0391084,-0.85973924,1.5696149,97,95
-61.750000000000014,-13.25,-3.9098995,1.1180328,-0.53022176,1.6398065,97,96
-61.58333333333334,-13.25,-3.9848378,0.845006,-0.45648924,1.5350649,97,97
-57.08333333333334,-13.25,-5.0051823,-2.704675,1.0320048,0.41543362,97,124
-56.91666666666668,-13.25,-4.9230013,-2.581651,1.0174141,0.42926633,97,125
-56.750000000000014,-13.25,-4.7592826,-2.4290874,1.0306915,0.5744656,97,126
-56.58333333333334,-13.25,-4.6604195,-2.4612606,1.0105015,0.47610572,97,127
-56.41666666666668,-13.25,-4.972349,-2.707535,1.1671764,0.14953825,97,128
-54.750000000000014,-13.25,-6.5631423,-2.6746495,0.30258796,0.14756888,97,138
-54.58333333333334,-13.25,-6.704972,-2.5012953,0.35625377,0.23832001,97,139
-54.41666666666668,-13.25,-6.713094,-2.486162,0.23970081,0.37127897,97,140
-54.250000000000014,-13.25,-6.836678,-2.1486833,0.41826475,0.5361161,97,141
-54.08333333333334,-13.25,-6.8925776,-1.9278955,0.4647792,0.6559086,97,142
-53.91666666666668,-13.25,-7.07845,-2.1810253,0.37806073,0.59008247,97,143
-53.750000000000014,-13.25,-7.1039915,-2.1307907,0.33732268,0.6926828,97,144
-53.58333333333334,-13.25,-6.9401574,-1.6956159,0.35843208,0.93427396,97,145
-53.41666666666668,-13.25,-6.8065386,-1.2654583,0.41395587,1.0732003,97,146
-53.250000000000014,-13.25,-7.0992646,-0.82572776,0.37873426,0.3940676,97,147
-53.08333333333334,-13.25,-6.8706064,-0.57395273,0.2689595,0.63279665,97,148
-52.91666666666668,-13.25,-6.5915985,-0.2698768,0.13704666,0.7783941,97,149
-52.750000000000014,-13.25,-6.5582347,-0.0947763,0.28521726,0.7345405,97,150
-52.58333333333334,-13.25,-6.274532,0.33028707,0.28689814,0.98448175,97,151
-70.41666666666667,-13.416666666666664,-1.3504333,-13.9254,10.120155,-1.1612597,98,44
-70.25000000000001,-13.416666666666664,-0.94147646,-12.881886,9.861192,-0.67020446,98,45
-69.75000000000001,-13.416666666666664,-0.7641194,-8.526941,6.1803956,0.38135478,98,48
-69.58333333333334,-13.416666666666664,-0.5055119,-6.38627,5.0453334,1.2546747,98,49
-69.41666666666667,-13.416666666666664,-1.0301518,-5.507332,3.8825219,1.338571,98,50
-69.25000000000001,-13.416666666666664,-1.3524058,-4.5175586,2.8621347,1.5754257,98,51
-69.08333333333334,-13.416666666666664,-1.5238235,-3.4820359,2.041936,1.9180536,98,52
-68.91666666666667,-13.416666666666664,-1.6251444,-2.6546078,1.4404992,2.1790712,98,53
-68.41666666666667,-13.416666666666664,-2.2834518,-1.4883611,0.16427939,2.500614,98,56
-68.25000000000001,-13.416666666666664,-2.4501436,-1.1662264,-0.076385394,2.6149905,98,57
-68.08333333333334,-13.416666666666664,-2.525406,-0.83623946,-0.22649391,2.7552578,98,58
-67.91666666666667,-13.416666666666664,-2.5554948,-0.5973993,-0.3697155,2.8622704,98,59
-67.75000000000001,-13.416666666666664,-2.567113,-0.25818256,-0.4535842,2.9876382,98,60
-67.58333333333334,-13.416666666666664,-2.5707574,0.0758403,-0.48259994,3.1418433,98,61
-67.41666666666667,-13.416666666666664,-2.4775505,0.37138867,-0.5668787,3.2200127,98,62
-67.25000000000001,-13.416666666666664,-2.4831686,0.45653558,-0.7438313,3.1278183,98,63
-62.750000000000014,-13.416666666666664,-3.3736966,0.72847575,-1.7874615,1.3351707,98,90
-62.58333333333334,-13.416666666666664,-3.7219846,0.33870313,-1.7414892,1.1444726,98,91
-62.41666666666668,-13.416666666666664,-3.5320768,0.7783158,-1.5262153,1.4375353,98,92
-62.08333333333334,-13.416666666666664,-3.7330644,0.57215613,-1.3563105,1.3663181,98,94
-61.91666666666668,-13.416666666666664,-3.7072616,0.74359393,-1.1380186,1.5273111,98,95
-61.750000000000014,-13.416666666666664,-3.7982404,1.1559645,-0.65786225,1.8102336,98,96
-61.58333333333334,-13.416666666666664,-3.8072958,0.85885936,-0.5842979,1.7174424,98,97
-61.41666666666668,-13.416666666666664,-3.8990178,0.76154304,-0.24229711,1.7018628,98,98
-56.58333333333334,-13.416666666666664,-4.6373396,-2.192947,0.8098115,0.46401048,98,127
-54.250000000000014,-13.416666666666664,-7.2038264,-2.5326014,0.4594828,0.33794653,98,141
-54.08333333333334,-13.416666666666664,-7.2874126,-2.6845837,0.3608483,0.43886253,98,142
-53.91666666666668,-13.416666666666664,-7.3223596,-2.4990354,0.39892733,0.4306007,98,143
-53.58333333333334,-13.416666666666664,-7.114011,-2.1302516,0.12706713,0.8656444,98,145
-53.250000000000014,-13.416666666666664,-7.2786837,-1.310094,0.108613014,0.35997778,98,147
-70.08333333333334,-13.583333333333332,-7.795342,-15.397558,2.2871957,-3.8296134,99,46
-69.58333333333334,-13.583333333333332,-3.0257235,-9.300675,3.9108374,-0.45328283,99,49
-69.41666666666667,-13.583333333333332,-3.8586628,-8.937426,2.5667412,-0.62560415,99,50
-69.25000000000001,-13.583333333333332,-2.6947436,-6.5029745,2.3828304,0.53137696,99,51
-69.08333333333334,-13.583333333333332,-2.158232,-4.6735287,1.8667655,1.3489624,99,52
-68.25000000000001,-13.583333333333332,-2.627419,-1.5058908,-0.073326536,2.6109583,99,57
-67.75000000000001,-13.583333333333332,-2.6442182,-0.26815036,-0.24052021,3.2299447,99,60
-67.41666666666667,-13.583333333333332,-2.5241284,0.065877244,-0.5618262,3.2448213,99,62
-67.25000000000001,-13.583333333333332,-2.5664523,0.2839784,-0.6321183,3.2593997,99,63
-67.08333333333334,-13.583333333333332,-2.5494978,0.6202336,-0.63840675,3.3315032,99,64
-63.750000000000014,-13.583333333333332,-2.9131076,2.1333349,-1.8869903,1.5089906,99,84
-62.750000000000014,-13.583333333333332,-3.3524187,1.0760763,-1.7059922,1.6635989,99,90
-62.58333333333334,-13.583333333333332,-3.6564553,0.5061419,-1.8124138,1.3859233,99,91
-62.41666666666668,-13.583333333333332,-3.707269,0.4716901,-1.7112441,1.3817458,99,92
-62.250000000000014,-13.583333333333332,-3.9074068,0.51984495,-1.4016299,1.4189472,99,93
-62.08333333333334,-13.583333333333332,-4.430635,0.25899875,-1.3991721,0.7033559,99,94
-61.91666666666668,-13.583333333333332,-3.7756953,0.5776049,-1.247493,1.5406755,99,95
-61.750000000000014,-13.583333333333332,-3.7273037,0.7640518,-0.9921709,1.7492735,99,96
-61.58333333333334,-13.583333333333332,-3.7387836,0.521889,-0.90279347,1.6518885,99,97
-61.250000000000014,-13.583333333333332,-4.067408,-0.067125745,-0.4264785,1.5218154,99,99
-61.08333333333334,-13.583333333333332,-3.9082031,0.11336356,-0.05359384,1.7418396,99,100
-60.91666666666668,-13.583333333333332,-4.0191174,-0.16634847,0.2259414,1.6705505,99,101
-53.58333333333334,-13.583333333333332,-7.4168577,-2.5032508,0.13070329,0.7660845,99,145
-69.75000000000001,-13.75,-6.4779606,-12.774578,2.035142,-2.6742523,100,48
-69.08333333333334,-13.75,-5.3064704,-8.48014,0.33043712,-0.93152624,100,52
-67.91666666666667,-13.75,-2.7909422,-0.7984811,-0.09967322,3.166592,100,59
-67.75000000000001,-13.75,-2.61497,-0.5324176,-0.27443656,3.11596,100,60
-67.58333333333334,-13.75,-2.6765714,-0.2999323,-0.34284118,3.3828816,100,61
-67.41666666666667,-13.75,-2.6428242,-0.109980084,-0.46218455,3.3795757,100,62
-67.25000000000001,-13.75,-2.7047818,0.16699092,-0.49327067,3.421543,100,63
-65.25000000000001,-13.75,-2.5832078,1.5352998,-1.2362525,2.846449,100,75
-64.08333333333334,-13.75,-2.8372293,1.6137048,-1.8676345,2.1411338,100,82
-63.750000000000014,-13.75,-2.8922298,1.7239597,-1.8269188,2.0473948,100,84
-63.58333333333334,-13.75,-2.8528125,1.7377001,-1.8172123,2.062254,100,85
-62.58333333333334,-13.75,-3.5416248,0.7349498,-1.8537102,1.6409861,100,91
-62.41666666666668,-13.75,-3.81511,0.40653995,-1.8007357,1.4863777,100,92
-62.250000000000014,-13.75,-3.8280523,0.44144207,-1.6782801,1.5620756,100,93
-62.08333333333334,-13.75,-3.883653,0.36249846,-1.5672551,1.5584793,100,94
-61.91666666666668,-13.75,-3.7817354,0.4670663,-1.3954979,1.6585997,100,95
-61.750000000000014,-13.75,-3.7689488,0.65115786,-1.1225724,1.8271219,100,96
-60.91666666666668,-13.75,-5.539736,-2.3890305,-0.39417854,0.465465,100,101
-67.75000000000001,-13.916666666666664,-2.749271,-0.7277015,-0.22793414,3.2378871,101,60
-67.58333333333334,-13.916666666666664,-2.632728,-0.32283625,-0.22317445,3.440393,101,61
-67.41666666666667,-13.916666666666664,-2.6292987,-0.08739056,-0.31537253,3.460022,101,62
-67.25000000000001,-13.916666666666664,-2.5943818,0.21637557,-0.33409473,3.5103655,101,63
-65.08333333333334,-13.916666666666664,-2.7527003,1.4904858,-1.0679445,3.0313308,101,76
-64.08333333333334,-13.916666666666664,-2.9426389,1.5276101,-1.6648091,2.4240935,101,82
-63.750000000000014,-13.916666666666664,-3.0075905,1.7167317,-1.6819742,2.2784061,101,84
-63.58333333333334,-13.916666666666664,-3.001941,1.3351443,-1.9773487,2.0254204,101,85
-63.41666666666668,-13.916666666666664,-3.0272543,1.4222443,-1.9473124,2.0939636,101,86
-63.08333333333334,-13.916666666666664,-3.1603832,1.4586308,-1.8512363,2.1165173,101,88
-62.58333333333334,-13.916666666666664,-3.4400287,1.1593751,-1.8143051,1.9991606,101,91
-62.41666666666668,-13.916666666666664,-3.6843321,0.72538614,-1.8480803,1.7899394,101,92
-62.250000000000014,-13.916666666666664,-3.7458344,0.74353653,-1.7249583,1.85402,101,93
-62.08333333333334,-13.916666666666664,-3.8059874,0.6252524,-1.6017054,1.8283162,101,94
-61.91666666666668,-13.916666666666664,-3.8346808,0.5303451,-1.500566,1.8273282,101,95
-61.750000000000014,-13.916666666666664,-3.7291605,0.6729977,-1.3145647,1.954913,101,96
-61.58333333333334,-13.916666666666664,-3.6553445,1.0441446,-0.8859032,2.2839653,101,97
-61.41666666666668,-13.916666666666664,-3.829684,0.39887404,-0.95522606,1.9628868,101,98
-67.58333333333334,-14.083333333333332,-2.6407397,-0.76690364,-0.12782943,3.930952,102,61
-67.41666666666667,-14.083333333333332,-2.7613616,-0.21908072,-0.17756702,3.6467118,102,62
-67.25000000000001,-14.083333333333332,-2.6455767,0.10890945,-0.23171118,3.6429288,102,63
-65.08333333333334,-14.083333333333332,-2.803074,1.297086,-0.99977297,3.232831,102,76
-64.41666666666667,-14.083333333333332,-2.8744504,1.4497252,-1.2706331,2.8575647,102,80
-64.25000000000001,-14.083333333333332,-2.8964102,1.3924356,-1.4601684,2.6653354,102,81
-64.08333333333334,-14.083333333333332,-2.8634636,1.3548222,-1.6469693,2.5141637,102,82
-63.750000000000014,-14.083333333333332,-3.0643473,1.5417739,-1.6920378,2.4434054,102,84
-63.58333333333334,-14.083333333333332,-3.0570965,1.2170103,-1.992802,2.1644082,102,85
-63.41666666666668,-14.083333333333332,-3.226244,1.0797075,-2.0482478,2.066018,102,86
-63.250000000000014,-14.083333333333332,-3.273192,1.1087742,-2.0401974,2.0780592,102,87
-63.08333333333334,-14.083333333333332,-3.263668,1.2025322,-2.0429804,2.1207228,102,88
-62.41666666666668,-14.083333333333332,-3.5390806,1.1165389,-1.8702247,2.1386688,102,92
-62.250000000000014,-14.083333333333332,-3.6582477,0.949982,-1.8084683,2.0913281,102,93
-61.58333333333334,-14.083333333333332,-3.8666322,0.59565306,-1.2747506,2.1155498,102,97
-61.41666666666668,-14.083333333333332,-3.681189,0.9482782,-0.9692945,2.4085655,102,98
-67.58333333333334,-14.25,-2.8502285,-1.0235423,-0.04322099,4.0294037,103,61
-67.41666666666667,-14.25,-2.7572758,-0.58967453,0.037090693,4.1594706,103,62
-64.41666666666667,-14.25,-2.916854,1.1637292,-1.2065885,2.9508784,103,80
-64.25000000000001,-14.25,-2.9400413,1.1807643,-1.3646669,2.813713,103,81
-64.08333333333334,-14.25,-2.8726497,1.3730251,-1.4812665,2.7558117,103,82
-63.91666666666668,-14.25,-2.9820006,1.6305007,-1.4387664,2.8107674,103,83
-63.58333333333334,-14.25,-3.0441308,1.3262329,-1.8930763,2.4255886,103,85
-63.41666666666668,-14.25,-3.1521966,1.205623,-2.050212,2.3021438,103,86
-63.250000000000014,-14.25,-3.4705105,0.8718144,-2.133552,2.1057792,103,87
-63.08333333333334,-14.25,-3.3725052,1.1854262,-2.083753,2.2600758,103,88
-62.91666666666668,-14.25,-3.4076009,1.2471218,-2.0774212,2.2848446,103,89
-62.58333333333334,-14.25,-3.451932,1.3048363,-2.0384467,2.3324714,103,91
-62.41666666666668,-14.25,-3.595628,1.222328,-1.9600712,2.3337133,103,92
-62.250000000000014,-14.25,-3.6957328,1.0802456,-1.9037118,2.289242,103,93
-61.58333333333334,-14.25,-3.9388885,0.7461029,-1.3922706,2.3224704,103,97
-61.41666666666668,-14.25,-3.8011446,0.87536186,-1.1952189,2.4815788,103,98
-67.41666666666667,-14.416666666666664,-2.914423,-0.8620214,0.13116348,4.1627245,104,62
-67.25000000000001,-14.416666666666664,-2.7130878,0.01338924,0.026697965,3.9737275,104,63
-66.08333333333334,-14.416666666666664,-3.0378969,0.78060335,-0.39936215,4.069127,104,70
-65.08333333333334,-14.416666666666664,-3.077308,0.846108,-0.58123773,3.7092974,104,76
-64.91666666666667,-14.416666666666664,-2.89939,0.97911954,-0.64408326,3.641737,104,77
-64.41666666666667,-14.416666666666664,-2.8977375,1.1576931,-0.9402178,3.2233522,104,80
-64.25000000000001,-14.416666666666664,-2.9528806,1.0436083,-1.1987842,3.0144117,104,81
-64.08333333333334,-14.416666666666664,-2.9363449,1.2508272,-1.3129742,2.9623528,104,82
-63.91666666666668,-14.416666666666664,-3.0608065,1.4550909,-1.3497316,2.9805548,104,83
-63.750000000000014,-14.416666666666664,-3.119119,1.5197629,-1.5043366,2.9025946,104,84
-63.58333333333334,-14.416666666666664,-3.1050386,1.416705,-1.7649753,2.7132864,104,85
-63.41666666666668,-14.416666666666664,-3.089517,1.3158927,-2.0180418,2.5480595,104,86
-63.250000000000014,-14.416666666666664,-3.3871706,1.1069386,-2.1316555,2.3929148,104,87
-63.08333333333334,-14.416666666666664,-3.4757862,1.1384715,-2.164575,2.3992417,104,88
-62.91666666666668,-14.416666666666664,-3.5263476,1.2081081,-2.2099833,2.397886,104,89
-62.58333333333334,-14.416666666666664,-3.585583,1.2968037,-2.1621237,2.464541,104,91
-62.41666666666668,-14.416666666666664,-3.7305202,1.1407804,-2.1379201,2.400133,104,92
-62.250000000000014,-14.416666666666664,-3.7403405,1.17043,-2.0469437,2.457641,104,93
-62.08333333333334,-14.416666666666664,-3.8038874,1.1158905,-1.9364355,2.4923258,104,94
-61.41666666666668,-14.416666666666664,-3.9941268,0.816429,-1.3927528,2.5415277,104,98
-61.250000000000014,-14.416666666666664,-3.929479,0.9175997,-1.2134001,2.685494,104,99
-67.25000000000001,-14.583333333333332,-2.9407961,-0.39065325,-0.19119854,3.733686,105,63
-67.08333333333334,-14.583333333333332,-2.551439,0.24390408,-0.20583527,3.9582813,105,64
-66.41666666666667,-14.583333333333332,-2.7629802,0.5815011,-0.33266425,4.155464,105,68
-66.25000000000001,-14.583333333333332,-2.9342852,0.46425453,-0.3698042,4.110677,105,69
-66.08333333333334,-14.583333333333332,-3.0578659,0.40335438,-0.32075673,4.134299,105,70
-65.91666666666667,-14.583333333333332,-3.2080002,0.59054655,-0.19686857,4.308046,105,71
-64.25000000000001,-14.583333333333332,-2.9564166,0.9040432,-1.0006008,3.2343283,105,81
-64.08333333333334,-14.583333333333332,-2.9855626,1.0451869,-1.1799372,3.1360219,105,82
-63.91666666666668,-14.583333333333332,-3.0707417,1.208885,-1.3216802,3.0669005,105,83
-63.750000000000014,-14.583333333333332,-3.113319,1.286493,-1.5496044,2.9615881,105,84
-63.58333333333334,-14.583333333333332,-3.1354735,1.3384815,-1.7427012,2.8715582,105,85
-63.41666666666668,-14.583333333333332,-3.1635623,1.4280659,-1.9162477,2.8217475,105,86
-63.250000000000014,-14.583333333333332,-3.3394291,1.3358138,-2.0691402,2.6922314,105,87
-63.08333333333334,-14.583333333333332,-3.5791774,1.0776154,-2.2447379,2.4983542,105,88
-62.91666666666668,-14.583333333333332,-3.6197574,1.2419311,-2.2710874,2.5903986,105,89
-62.750000000000014,-14.583333333333332,-3.6547058,1.2715584,-2.2709427,2.5910482,105,90
-62.58333333333334,-14.583333333333332,-3.7033305,1.2682298,-2.2848282,2.5796318,105,91
-62.250000000000014,-14.583333333333332,-3.947721,1.0498096,-2.1938052,2.5214632,105,93
-62.08333333333334,-14.583333333333332,-3.967462,1.1183351,-2.069116,2.610922,105,94
-61.250000000000014,-14.583333333333332,-4.00519,1.0669748,-1.3618398,2.8715353,105,99
-67.08333333333334,-14.75,-2.7346141,-0.07736339,-0.38366103,3.9959576,106,64
-66.58333333333334,-14.75,-2.6160307,0.6266347,-0.17683229,4.271522,106,67
-66.41666666666667,-14.75,-2.772287,0.45753822,-0.17373706,4.246783,106,68
-66.08333333333334,-14.75,-3.072122,0.41413623,0.03153135,4.4462156,106,70
-65.91666666666667,-14.75,-3.2118573,0.31138998,0.021310396,4.4902077,106,71
-64.25000000000001,-14.75,-2.9406047,0.8758698,-0.6753192,3.506339,106,81
-64.08333333333334,-14.75,-2.9929342,0.8439799,-1.0402664,3.3165214,106,82
-63.91666666666668,-14.75,-3.0405831,1.0225674,-1.2318802,3.2214885,106,83
-63.750000000000014,-14.75,-3.1049855,1.1516726,-1.5079533,3.1187727,106,84
-63.58333333333334,-14.75,-3.1331184,1.2844179,-1.735166,3.0350602,106,85
-63.41666666666668,-14.75,-3.2228355,1.3302586,-1.9527814,2.9490516,106,86
-63.250000000000014,-14.75,-3.546282,0.9924375,-2.2482624,2.638338,106,87
-63.08333333333334,-14.75,-3.6215973,1.1568364,-2.3429441,2.6722627,106,88
-62.91666666666668,-14.75,-3.7726655,1.1622576,-2.3820703,2.6642416,106,89
-62.750000000000014,-14.75,-3.8153896,1.2318646,-2.4116125,2.7003708,106,90
-62.08333333333334,-14.75,-4.1116476,1.0700327,-2.218543,2.730158,106,94
-61.91666666666668,-14.75,-4.1253915,1.042087,-2.1069114,2.7601733,106,95
-66.75000000000001,-14.916666666666664,-2.4320424,0.82143974,-0.044009276,4.4425025,107,66
-66.41666666666667,-14.916666666666664,-2.6758862,0.4587766,0.15012662,4.482219,107,68
-66.25000000000001,-14.916666666666664,-2.8078287,0.31028676,0.2716116,4.563694,107,69
-66.08333333333334,-14.916666666666664,-2.9699643,0.11547624,0.3311463,4.6064267,107,70
-65.91666666666667,-14.916666666666664,-3.156946,0.06766668,0.37307543,4.7088275,107,71
-64.25000000000001,-14.916666666666664,-2.890465,0.6916391,-0.40349042,3.697804,107,81
-64.08333333333334,-14.916666666666664,-2.998652,0.719038,-0.7824843,3.549143,107,82
-63.91666666666668,-14.916666666666664,-3.0532968,0.9387449,-1.0675325,3.4524424,107,83
-63.750000000000014,-14.916666666666664,-3.0832016,1.1015276,-1.4014204,3.3075058,107,84
-63.58333333333334,-14.916666666666664,-3.1416786,1.2033976,-1.7450335,3.2025423,107,85
-63.41666666666668,-14.916666666666664,-3.3299127,1.2407765,-2.008002,3.079581,107,86
-63.250000000000014,-14.916666666666664,-3.672356,0.95865935,-2.3096914,2.7736285,107,87
-63.08333333333334,-14.916666666666664,-3.7937076,0.97942936,-2.4839847,2.7004924,107,88
-62.91666666666668,-14.916666666666664,-3.9563878,0.9808435,-2.580471,2.6663013,107,89
-62.750000000000014,-14.916666666666664,-3.8994155,1.2130586,-2.5716014,2.7954588,107,90
-62.08333333333334,-14.916666666666664,-4.172839,1.0991291,-2.3870556,2.864213,107,94
-66.91666666666667,-15.083333333333332,-2.5200245,0.1589831,-0.24446747,4.2238665,108,65
-66.75000000000001,-15.083333333333332,-2.531114,0.11574066,-0.1562623,4.2111936,108,66
-66.58333333333334,-15.083333333333332,-2.5648897,0.083457515,0.056791637,4.356921,108,67
-66.41666666666667,-15.083333333333332,-2.6153445,0.046263993,0.29452518,4.5166845,108,68
-66.25000000000001,-15.083333333333332,-2.6998746,0.0013701762,0.5393688,4.659837,108,69
-66.08333333333334,-15.083333333333332,-2.7250106,-0.46712732,0.7544782,5.15239,108,70
-65.91666666666667,-15.083333333333332,-2.9193904,-0.47330448,0.9306592,5.3127756,108,71
-64.91666666666667,-15.083333333333332,-2.854558,-0.18985532,0.86698705,4.5555854,108,77
-64.08333333333334,-15.083333333333332,-2.9515326,0.7144815,-0.42741343,3.8273573,108,82
-63.91666666666668,-15.083333333333332,-3.0506263,0.87910277,-0.8348208,3.6966305,108,83
-63.750000000000014,-15.083333333333332,-3.1007636,1.0745858,-1.2394906,3.543315,108,84
-63.58333333333334,-15.083333333333332,-3.1513743,1.2229455,-1.6567887,3.4434686,108,85
-63.41666666666668,-15.083333333333332,-3.2478278,1.3755414,-1.9990245,3.353536,108,86
-63.250000000000014,-15.083333333333332,-3.5337598,1.3082262,-2.3137264,3.1447608,108,87
-63.08333333333334,-15.083333333333332,-3.835682,1.0371766,-2.5798454,2.8627656,108,88
-62.91666666666668,-15.083333333333332,-4.147421,0.77133423,-2.760092,2.6545153,108,89
-62.750000000000014,-15.083333333333332,-4.004449,1.1887716,-2.742798,2.8854816,108,90
-66.75000000000001,-15.25,-2.7953887,-0.5867313,-0.06915588,3.9952967,109,66
-66.58333333333334,-15.25,-2.6558397,-0.4183126,0.30418384,4.276797,109,67
-66.41666666666667,-15.25,-2.5761318,-0.30519527,0.62185353,4.5398774,109,68
-66.25000000000001,-15.25,-2.5160792,-0.7319012,0.954078,5.095147,109,69
-66.08333333333334,-15.25,-2.5935624,-0.78695625,1.2518318,5.2725234,109,70
-65.91666666666667,-15.25,-2.6813698,-0.7490424,1.5092537,5.4667172,109,71
-64.91666666666667,-15.25,-2.631906,-0.48105195,1.4523009,4.751637,109,77
-63.91666666666668,-15.25,-3.0166967,0.77046067,-0.5778121,3.918039,109,83
-63.750000000000014,-15.25,-3.0904498,1.0504771,-1.0596999,3.7944424,109,84
-63.58333333333334,-15.25,-3.1879416,1.2146587,-1.5411499,3.6538818,109,85
-63.41666666666668,-15.25,-3.275784,1.4600902,-1.9569327,3.5640879,109,86
-63.250000000000014,-15.25,-3.4008267,1.6239214,-2.3090138,3.4905822,109,87
-63.08333333333334,-15.25,-3.7963395,1.2662854,-2.6601872,3.1309094,109,88
-62.91666666666668,-15.25,-4.233793,0.75712436,-2.940174,2.767781,109,89
-62.58333333333334,-15.25,-4.364362,0.8313773,-2.9967644,2.8333457,109,91
-66.41666666666667,-15.416666666666664,-2.5885248,-0.755962,0.99506986,4.5072036,110,68
-66.25000000000001,-15.416666666666664,-2.4263027,-1.1401094,1.3935906,5.120148,110,69
-66.08333333333334,-15.416666666666664,-2.3980098,-1.1318113,1.7596011,5.382763,110,70
-65.91666666666667,-15.416666666666664,-2.4454548,-1.1269978,2.0822608,5.580192,110,71
-65.08333333333334,-15.416666666666664,-2.4874725,-0.871633,2.4112213,5.071678,110,76
-64.75000000000001,-15.416666666666664,-2.4370806,-0.6661149,1.9122043,4.7762375,110,78
-63.750000000000014,-15.416666666666664,-3.1253548,0.906007,-0.8571859,4.018211,110,84
-63.58333333333334,-15.416666666666664,-3.2239764,1.2433931,-1.390393,3.9063492,110,85
-63.41666666666668,-15.416666666666664,-3.320585,1.4712542,-1.9458005,3.7868185,110,86
-62.91666666666668,-15.416666666666664,-4.0756235,1.2467834,-3.026749,3.1845148,110,89
-62.41666666666668,-15.416666666666664,-4.7207084,0.47450852,-3.1177044,2.8447149,110,92
-66.25000000000001,-15.583333333333332,-2.385265,-1.5538414,1.9038775,5.1589327,111,69
-66.08333333333334,-15.583333333333332,-2.2446594,-1.5068529,2.3348458,5.4438276,111,70
-65.91666666666667,-15.583333333333332,-2.209835,-1.5499473,2.7221684,5.6309557,111,71
-65.08333333333334,-15.583333333333332,-2.1976619,-1.2916492,3.2079787,5.2075987,111,76
-64.75000000000001,-15.583333333333332,-2.2590153,-1.114638,2.553407,4.924535,111,78
-64.58333333333334,-15.583333333333332,-2.4558625,-0.8815254,2.2230976,4.8260374,111,79
-64.41666666666667,-15.583333333333332,-2.5012052,-0.6272914,1.6820909,4.673816,111,80
-63.58333333333334,-15.583333333333332,-3.2526376,1.0021982,-1.350891,4.0165677,111,85
-63.41666666666668,-15.583333333333332,-3.3850622,1.3457047,-1.9571526,3.9331343,111,86
-63.250000000000014,-15.583333333333332,-3.4492655,1.9698446,-2.3370996,4.024238,111,87
-62.91666666666668,-15.583333333333332,-3.9687393,1.5577646,-3.1000283,3.5067928,111,89
-66.25000000000001,-15.75,-2.497272,-2.2667296,2.2975087,4.9714184,112,69
-66.08333333333334,-15.75,-2.0571659,-1.8274034,2.955006,5.5591736,112,70
-65.91666666666667,-15.75,-1.9725156,-1.9204283,3.4281332,5.7338376,112,71
-65.41666666666667,-15.75,-1.8203979,-2.1253107,4.34025,6.0366373,112,74
-64.75000000000001,-15.75,-2.0040386,-1.5878705,3.321436,5.0773683,112,78
-64.58333333333334,-15.75,-2.2719655,-1.3860847,2.8598235,4.9538627,112,79
-64.41666666666667,-15.75,-2.4519851,-1.1195059,2.2657573,4.814442,112,80
-64.25000000000001,-15.75,-2.5527263,-0.72356164,1.6099327,4.678637,112,81
-64.08333333333334,-15.75,-2.7315145,-0.31564087,0.89654696,4.5879164,112,82
-63.91666666666668,-15.75,-2.9720204,0.12049766,0.21944202,4.48831,112,83
-63.750000000000014,-15.75,-3.1746657,0.41426525,-0.53849983,4.3324647,112,84
-63.58333333333334,-15.75,-3.2745275,0.67986846,-1.3314471,4.1426063,112,85
-63.250000000000014,-15.75,-3.5818908,1.6111124,-2.4028406,4.0502214,112,87
-62.750000000000014,-15.75,-4.869011,0.14138132,-3.4364572,2.9809947,112,90
-65.91666666666667,-15.916666666666664,-1.701913,-2.3449528,4.108872,5.8343215,113,71
-65.75000000000001,-15.916666666666664,-1.5987511,-2.4565012,4.63526,6.029228,113,72
-65.58333333333334,-15.916666666666664,-1.5161974,-2.6070404,4.968922,6.0872493,113,73
-65.25000000000001,-15.916666666666664,-1.4441727,-2.5979712,5.2793074,6.290755,113,75
-64.75000000000001,-15.916666666666664,-1.7682655,-2.0551302,4.1391077,5.263792,113,78
-64.58333333333334,-15.916666666666664,-2.0211785,-1.7947582,3.56702,5.1521664,113,79
-64.41666666666667,-15.916666666666664,-2.1866097,-1.453252,2.85611,5.0293155,113,80
-64.25000000000001,-15.916666666666664,-2.4892797,-1.0966913,2.0250084,4.913012,113,81
-64.08333333333334,-15.916666666666664,-2.771693,-0.7464776,1.2291727,4.7161236,113,82
-63.91666666666668,-15.916666666666664,-2.9759347,-0.4483545,0.33577392,4.530559,113,83
-63.750000000000014,-15.916666666666664,-3.2617283,-0.011801021,-0.40144566,4.4683046,113,84
-63.58333333333334,-15.916666666666664,-3.4566045,0.4250145,-1.0749953,4.3862257,113,85
-63.41666666666668,-15.916666666666664,-3.6510727,0.7268627,-1.7833235,4.263604,113,86
-65.91666666666667,-16.083333333333332,-1.5263956,-2.7843804,4.843797,5.913363,114,71
-65.75000000000001,-16.083333333333332,-1.331375,-2.985675,5.3843756,6.061653,114,72
-65.58333333333334,-16.083333333333332,-1.2242122,-3.1389294,5.8264775,6.172187,114,73
-65.41666666666667,-16.083333333333332,-1.1767389,-3.128844,6.1425056,6.341704,114,74
-64.75000000000001,-16.083333333333332,-1.3507975,-3.0431056,5.16305,6.116671,114,78
-64.58333333333334,-16.083333333333332,-1.830173,-2.1478984,4.4064393,5.4250407,114,79
-64.41666666666667,-16.083333333333332,-2.0142632,-1.8989614,3.4265409,5.217331,114,80
-64.25000000000001,-16.083333333333332,-2.4300716,-1.5837742,2.464063,5.0542874,114,81
-64.08333333333334,-16.083333333333332,-2.7790139,-1.0974776,1.5789554,4.9839425,114,82
-63.91666666666668,-16.083333333333332,-3.0190032,-0.629957,0.7283339,4.871851,114,83
-63.750000000000014,-16.083333333333332,-3.3414636,-0.4075883,-0.21827589,4.6508546,114,84
-63.58333333333334,-16.083333333333332,-3.6173134,-0.104082316,-1.0403705,4.4920206,114,85
-65.75000000000001,-16.25,-1.1250794,-3.4359155,6.1826043,6.1569734,115,72
-65.58333333333334,-16.25,-0.95658904,-3.5959804,6.748959,6.2997203,115,73
-65.41666666666667,-16.25,-0.86502993,-3.6473768,7.040005,6.4442887,115,74
-65.25000000000001,-16.25,-0.8326717,-3.6712363,7.1188383,6.5044565,115,75
-64.91666666666667,-16.25,-0.9868968,-3.7706807,6.6986065,6.412909,115,77
-64.75000000000001,-16.25,-1.1109858,-3.663819,6.09762,6.290537,115,78
-64.58333333333334,-16.25,-1.417581,-3.3696678,5.166072,6.0941443,115,79
-64.41666666666667,-16.25,-1.876152,-2.9745712,4.081142,5.8870425,115,80
-64.25000000000001,-16.25,-2.3042367,-2.4029534,3.0100124,5.7700977,115,81
-64.08333333333334,-16.25,-2.825603,-1.3925976,1.9475552,5.2036734,115,82
-63.91666666666668,-16.25,-3.1049898,-1.039521,0.9150517,5.043244,115,83
-63.750000000000014,-16.25,-3.4284256,-0.67323136,0.0010771358,4.9260807,115,84
-63.58333333333334,-16.25,-3.7212694,-0.39926317,-0.8663218,4.713439,115,85
-65.75000000000001,-16.416666666666664,-1.0282234,-3.969565,6.9922442,6.1603246,116,72
-65.58333333333334,-16.416666666666664,-0.6657951,-4.08353,7.684253,6.3835773,116,73
-65.41666666666667,-16.416666666666664,-0.58355236,-4.245024,7.9174414,6.453994,116,74
-65.25000000000001,-16.416666666666664,-0.5973136,-4.206671,7.8445334,6.505031,116,75
-65.08333333333334,-16.416666666666664,-0.67114353,-4.292718,7.757009,6.51875,116,76
-64.91666666666667,-16.416666666666664,-0.67973846,-4.499424,7.486784,6.4138894,116,77
-64.75000000000001,-16.416666666666664,-0.77986294,-4.3390074,6.957839,6.4371495,116,78
-64.58333333333334,-16.416666666666664,-1.2934741,-3.9346879,5.9145355,6.2840075,116,79
-64.41666666666667,-16.416666666666664,-1.7972778,-3.4773932,4.5806546,6.0343456,116,80
-64.25000000000001,-16.416666666666664,-2.3225105,-2.9724898,3.2380834,5.8145475,116,81
-64.08333333333334,-16.416666666666664,-2.7637076,-2.3698254,2.0752182,5.6987753,116,82
-63.91666666666668,-16.416666666666664,-3.190667,-1.860997,1.0573354,5.611267,116,83
-63.750000000000014,-16.416666666666664,-3.5381136,-1.3206424,0.20513295,5.5106115,116,84
-63.58333333333334,-16.416666666666664,-3.8760989,-0.9429101,-0.6624288,5.341338,116,85
-63.41666666666668,-16.416666666666664,-4.2431045,-0.5011966,-1.5826232,4.8065667,116,86
-65.58333333333334,-16.583333333333332,-0.322767,-4.4263678,8.623452,6.294713,117,73
-65.41666666666667,-16.583333333333332,-0.17777991,-4.503168,8.89088,6.3892164,117,74
-65.25000000000001,-16.583333333333332,-0.31853694,-4.337112,8.425591,6.368649,117,75
-65.08333333333334,-16.583333333333332,-0.37514645,-4.417435,8.1606865,6.377476,117,76
-64.91666666666667,-16.583333333333332,-0.46279353,-5.0192738,8.335016,6.5883794,117,77
-64.75000000000001,-16.583333333333332,-0.4911076,-5.0965996,7.9703574,6.940106,117,78
-64.58333333333334,-16.583333333333332,-1.1062975,-4.5267234,6.493066,6.701342,117,79
-64.41666666666667,-16.583333333333332,-1.7853049,-3.8052945,4.8488574,6.1815085,117,80
-64.25000000000001,-16.583333333333332,-2.3391929,-3.4845388,3.3416188,6.101274,117,81
-64.08333333333334,-16.583333333333332,-2.9192977,-2.7237678,2.0596755,5.800378,117,82
-63.91666666666668,-16.583333333333332,-3.3978834,-2.2496552,0.95867956,5.679953,117,83
-63.750000000000014,-16.583333333333332,-3.7808862,-1.7753478,0.018284297,5.550134,117,84
-63.41666666666668,-16.583333333333332,-4.4817696,-1.0068959,-1.4691366,5.364007,117,86
-63.250000000000014,-16.583333333333332,-4.7561483,-0.9562874,-2.2399704,5.1414256,117,87
-65.58333333333334,-16.75,-0.49332622,-5.1374693,9.266206,6.160051,118,73
-65.41666666666667,-16.75,-0.034374986,-5.186199,10.05447,6.429113,118,74
-65.25000000000001,-16.75,-0.37967667,-4.560935,8.740885,6.336896,118,75
-65.08333333333334,-16.75,-0.43332964,-4.721953,8.160851,6.6953974,118,76
-64.91666666666667,-16.75,-0.390296,-5.3733706,8.515035,6.956164,118,77
-64.75000000000001,-16.75,-0.54001594,-5.2987905,8.156647,7.040253,118,78
-64.58333333333334,-16.75,-1.2157503,-4.647195,6.5132556,6.8205295,118,79
-64.41666666666667,-16.75,-1.8879405,-4.0808015,4.787662,6.4880896,118,80
-64.25000000000001,-16.75,-2.5419266,-3.6049275,3.2392316,6.2092867,118,81
-64.08333333333334,-16.75,-3.1124723,-3.0930989,1.9307444,6.038974,118,82
-63.91666666666668,-16.75,-3.6506436,-2.381636,0.8601152,5.809188,118,83
-63.750000000000014,-16.75,-4.0219536,-1.8949935,-0.06862188,5.7658315,118,84
-63.58333333333334,-16.75,-4.3853626,-1.476352,-0.86194646,5.703676,118,85
-63.250000000000014,-16.75,-5.06232,-0.98678565,-2.1768372,5.381931,118,87
-63.08333333333334,-16.75,-5.0351853,-0.69420105,-2.8154478,5.0339484,118,88
-65.41666666666667,-16.916666666666664,-0.6673982,-5.6575437,9.6212225,6.045207,119,74
-65.25000000000001,-16.916666666666664,-0.53013605,-4.7404814,8.767448,6.336383,119,75
-65.08333333333334,-16.916666666666664,-0.6672265,-4.731777,7.973051,6.715352,119,76
-64.91666666666667,-16.916666666666664,-0.61506695,-4.8042493,7.7678485,6.7951617,119,77
-64.75000000000001,-16.916666666666664,-1.0304819,-4.8791857,7.0786934,6.9369903,119,78
-64.58333333333334,-16.916666666666664,-1.5800462,-4.462835,5.855455,6.8158765,119,79
-64.41666666666667,-16.916666666666664,-2.207682,-4.001483,4.3307123,6.537197,119,80
-64.25000000000001,-16.916666666666664,-2.8091776,-3.5605462,2.8712988,6.2917705,119,81
-64.08333333333334,-16.916666666666664,-3.3843367,-3.1271715,1.5803431,6.116998,119,82
-63.91666666666668,-16.916666666666664,-3.9478176,-2.434084,0.61921275,5.9075303,119,83
-63.08333333333334,-16.916666666666664,-5.2891498,-0.7258308,-2.9378324,5.2146053,119,88
-64.91666666666667,-17.083333333333332,-1.4161773,-4.6506944,6.6294103,6.5174403,120,77
-64.75000000000001,-17.083333333333332,-1.4276333,-4.236701,5.9723425,6.656076,120,78
-64.58333333333334,-17.083333333333332,-1.8782748,-3.8872187,4.92364,6.5524592,120,79
-64.41666666666667,-17.083333333333332,-2.5984857,-3.7640617,3.633407,6.5282135,120,80
-64.25000000000001,-17.083333333333332,-3.1440861,-3.3581598,2.4461493,6.3900795,120,81
-64.08333333333334,-17.083333333333332,-3.6831994,-3.0413618,1.2542913,6.202388,120,82
-64.25000000000001,-17.25,-3.2623498,-2.972472,1.8402231,6.2097273,121,81
-64.08333333333334,-17.25,-4.004852,-3.0630698,0.832859,6.1978498,121,82
-63.91666666666668,-17.25,-4.429846,-2.830802,0.15857436,6.1570396,121,83
-63.750000000000014,-17.25,-4.854222,-2.5930586,-0.47361654,6.1292768,121,84
-63.750000000000014,-17.416666666666664,-4.9470696,-2.5204268,-0.88178426,5.878785,122,84
-63.58333333333334,-17.416666666666664,-5.224157,-2.1183321,-1.5666137,5.914192,122,85
