barcode,basisofrecord,catalognumber,class,collectioncode,collectionid,continentocean,coordinateprecision,country,county,daycollected,dayidentified,decimalLatitude,decimalLongitude,decimallatitude,decimallongitude,family,fieldnumber,genus,identifiedby,individualcount,infraspecificepithet,institutioncode,kingdom,locality,maximumdepthinmeters,maximumelevationinmeters,minimumdepthinmeters,minimumelevationinmeters,modified,monthcollected,monthidentified,occurrenceremarks,order,phylum,preparationtype,previouscatalognumber,recordedby,recordnumber,relatedcatalogitem,relationshiptype,scientificname,scientificnameauthorship,sex,specificepithet,stateprovince,typestatus,verbatimlatitude,verbatimlongitude,yearcollected,yearidentified
,PreservedSpecimen,USNM 545906,Mammalia,US-ANIMALIA,556,South America,,Brazil,,20,,-9.17,-60.63,-9.17,-60.63,Callitrichidae,,Mico,,1,,USNM,Animalia,Aripuana,,,,,2019-11-22T12:11:00,8,,,Primates,Chordata,Skin; Skull,,,HM 32,,,Mico intermedius,,,intermedius,Mato Grosso,,09 10 -- S,060 38 -- W,1974,
,PreservedSpecimen,USNM 545903,Mammalia,US-ANIMALIA,556,South America,,Brazil,,31,,-9.17,-60.63,-9.17,-60.63,Callitrichidae,,Mico,,1,,USNM,Animalia,Aripuana,,,,,2019-11-22T12:10:00,5,,,Primates,Chordata,Skin; Skull,,,HB 171,,,Mico melanurus,,,melanurus,Mato Grosso,,09 10 -- S,060 38 -- W,1975,
,PreservedSpecimen,USNM 545904,Mammalia,US-ANIMALIA,556,South America,,Brazil,,31,,-9.17,-60.63,-9.17,-60.63,Callitrichidae,,Mico,,1,,USNM,Animalia,Aripuana,,,,,2019-11-22T12:10:00,5,,,Primates,Chordata,Skin; Skull,,,HB 174,,,Mico melanurus,,,melanurus,Mato Grosso,,09 10 -- S,060 38 -- W,1975,
,PreservedSpecimen,USNM 545880,Mammalia,US-ANIMALIA,556,South America,,Brazil,,5,,-7.52,-63.03,-7.52,-63.03,Atelidae,,Lagothrix,,1,,USNM,Animalia,"Humaita, Br. 230, Itaituba-Humaita, Km. 969, Transamazonica Hwy.",,,,,2023-02-10T11:15:00,11,,,Primates,Chordata,Skull,,,A 1716,,,Lagothrix lagotricha,,,lagotricha,Amazonas,,07 31 -- S,063 02 -- W,1974,
,PreservedSpecimen,USNM 545881,Mammalia,US-ANIMALIA,556,South America,,Brazil,,4,,-7.52,-63.03,-7.52,-63.03,Atelidae,,Lagothrix,,1,,USNM,Animalia,"Humaita, Br. 230, Itaituba-Humaita, Km. 969, Transamazonica Hwy.",,,,,2023-02-10T11:15:00,12,,,Primates,Chordata,Skull,,,A 1783,,,Lagothrix lagotricha,,,lagotricha,Amazonas,,07 31 -- S,063 02 -- W,1974,
,PreservedSpecimen,USNM 545883,Mammalia,US-ANIMALIA,556,South America,,Brazil,,5,,-9.17,-60.63,-9.17,-60.63,Atelidae,,Lagothrix,,1,,USNM,Animalia,Aripuana,,,,,2019-11-22T12:10:00,6,,,Primates,Chordata,Skull,,,HB 204,,,Lagothrix lagotricha,,,lagotricha,Mato Grosso,,09 10 -- S,060 38 -- W,1975,
,PreservedSpecimen,USNM 545885,Mammalia,US-ANIMALIA,556,South America,,Brazil,,15,,-9.17,-60.63,-9.17,-60.63,Atelidae,,Lagothrix,,1,,USNM,Animalia,Aripuana,,,,,2019-11-22T12:10:00,11,,,Primates,Chordata,Skull,,,HB 318,,,Lagothrix lagotricha,,,lagotricha,Mato Grosso,,09 10 -- S,060 38 -- W,1975,
,PreservedSpecimen,USNM 545886,Mammalia,US-ANIMALIA,556,South America,,Brazil,,17,,-9.17,-60.63,-9.17,-60.63,Atelidae,,Lagothrix,,1,,USNM,Animalia,Aripuana,,,,,2019-11-22T12:10:00,11,,,Primates,Chordata,Skull,,,HB 320,,,Lagothrix lagotricha,,,lagotricha,Mato Grosso,,09 10 -- S,060 38 -- W,1975,
,PreservedSpecimen,USNM 545887,Mammalia,US-ANIMALIA,556,South America,,Brazil,,19,,-9.17,-60.63,-9.17,-60.63,Atelidae,,Lagothrix,,1,,USNM,Animalia,Aripuana,,,,,2019-11-22T12:10:00,11,,,Primates,Chordata,Skull,,,HB 325,,,Lagothrix lagotricha,,,lagotricha,Mato Grosso,,09 10 -- S,060 38 -- W,1975,
,PreservedSpecimen,USNM 545888,Mammalia,US-ANIMALIA,556,South America,,Brazil,,1,,-9.17,-60.63,-9.17,-60.63,Atelidae,,Lagothrix,,1,,USNM,Animalia,Aripuana,,,,,2019-11-22T12:10:00,12,,,Primates,Chordata,Skull,,,HB 346,,,Lagothrix lagotricha,,,lagotricha,Mato Grosso,,09 10 -- S,060 38 -- W,1975,
,PreservedSpecimen,USNM 546271,Mammalia,US-ANIMALIA,556,South America,,Brazil,,8,,-1.03,-57.15,-1.03,-57.15,Callitrichidae,,Saguinus,,1,,USNM,Animalia,"Oriximina, Cachoeira Porteira",,,,,2019-11-22T13:19:00,12,,,Primates,Chordata,Skin; Skull,,,A 3067,,,Saguinus midas,,,midas,Para,,01 02 -- S,057 09 -- W,1976,
,PreservedSpecimen,USNM 546268,Mammalia,US-ANIMALIA,556,South America,,Brazil,,26,,-9.08,-68.68,-9.08,-68.68,Callitrichidae,,Saguinus,,1,,USNM,Animalia,"Sena Madureira, Br. 364, Sena Madureira-Manoel Urbano, Km 8",,,,,2019-11-22T13:19:00,6,,,Primates,Chordata,Skin; Skull,,,AC 46-A,,,Saguinus weddelli,,,weddelli,Acre,,09 05 -- S,068 41 -- W,1976,
,PreservedSpecimen,USNM 406457,Mammalia,US-ANIMALIA,556,South America,,Venezuela,,21,,2.25,-65.28,2.25,-65.28,Cebidae,,Saimiri,,1,,USNM,Animalia,"Rio Mavaca, 108 Km SSE Esmeralda",,,,140.0,2020-03-12T12:33:00,3,,,Primates,Chordata,Skin; Skull,,Smithsonian Venezuelan Project,17386,,,Saimiri sciureus,,,sciureus,Amazonas,,0215--N,06517--W,1967,
,PreservedSpecimen,USNM 406458,Mammalia,US-ANIMALIA,556,South America,,Venezuela,,5,,2.25,-65.28,2.25,-65.28,Cebidae,,Saimiri,,1,,USNM,Animalia,"Rio Mavaca, 108 Km SSE Esmeralda",,,,140.0,2020-03-12T12:33:00,4,,,Primates,Chordata,Skin; Skull,,Smithsonian Venezuelan Project,17559,,,Saimiri sciureus,,,sciureus,Amazonas,,0215--N,06517--W,1967,
,PreservedSpecimen,USNM 406459,Mammalia,US-ANIMALIA,556,South America,,Venezuela,,5,,2.25,-65.28,2.25,-65.28,Cebidae,,Saimiri,,1,,USNM,Animalia,"Rio Mavaca, 108 Km SSE Esmeralda",,,,140.0,2020-03-12T12:33:00,4,,,Primates,Chordata,Skin; Skull,,Smithsonian Venezuelan Project,17560,,,Saimiri sciureus,,,sciureus,Amazonas,,0215--N,06517--W,1967,
,PreservedSpecimen,USNM 406461,Mammalia,US-ANIMALIA,556,South America,,Venezuela,,13,,2.25,-65.28,2.25,-65.28,Cebidae,,Saimiri,,1,,USNM,Animalia,"Rio Mavaca, 108 Km SSE Esmeralda",,,,140.0,2020-03-12T12:33:00,4,,,Primates,Chordata,Skull,,Smithsonian Venezuelan Project,18024,,,Saimiri sciureus,,,sciureus,Amazonas,,0215--N,06517--W,1967,
,PreservedSpecimen,USNM 406464,Mammalia,US-ANIMALIA,556,South America,,Venezuela,,,,3.17,-65.82,3.17,-65.82,Cebidae,,Saimiri,,1,,USNM,Animalia,"Tamatama, Rio Orinoco",,,,135.0,2020-03-12T12:33:00,4,,,Primates,Chordata,Skin; Skull,,Smithsonian Venezuelan Project,18431,,,Saimiri sciureus,,,sciureus,Amazonas,,03 10 -- N,065 49 -- W,1967,
,PreservedSpecimen,USNM 406468,Mammalia,US-ANIMALIA,556,South America,,Venezuela,,,,3.17,-65.82,3.17,-65.82,Cebidae,,Saimiri,,1,,USNM,Animalia,"Tamatama, Rio Orinoco",,,,135.0,2020-03-12T12:33:00,4,,,Primates,Chordata,Skin,,Smithsonian Venezuelan Project,18442,,,Saimiri sciureus,,,sciureus,Amazonas,,03 10 -- N,065 49 -- W,1967,
,PreservedSpecimen,USNM 406643,Mammalia,US-ANIMALIA,556,South America,,Venezuela,,11,,3.17,-65.82,3.17,-65.82,Cebidae,,Saimiri,,1,,USNM,Animalia,"Tamatama, Rio Orinoco",,,,135.0,2020-03-12T12:34:00,5,,"<nO>Lynch Alfaro, et al. Biogeography of squirrel monkeys (genus Saimiri): south-central Amazon origin and rapid pan-Amazonian diversification of a lowland primate. Mol. Phylogenet. Evol. (2014).</nO>",Primates,Chordata,Skin; Skull,,Smithsonian Venezuelan Project,19003,,,Saimiri sciureus,,,sciureus,Amazonas,,03 10 -- N,065 49 -- W,1967,
,PreservedSpecimen,USNM 406644,Mammalia,US-ANIMALIA,556,South America,,Venezuela,,,,3.17,-65.82,3.17,-65.82,Cebidae,,Saimiri,,1,,USNM,Animalia,"Tamatama, Rio Orinoco",,,,135.0,2020-03-12T12:34:00,5,,"<nO>Lynch Alfaro, et al. Biogeography of squirrel monkeys (genus Saimiri): south-central Amazon origin and rapid pan-Amazonian diversification of a lowland primate. Mol. Phylogenet. Evol. (2014).</nO>",Primates,Chordata,Skin; Skull,,Smithsonian Venezuelan Project,19061,,,Saimiri sciureus,,,sciureus,Amazonas,,03 10 -- N,065 49 -- W,1967,
,PreservedSpecimen,USNM 406646,Mammalia,US-ANIMALIA,556,South America,,Venezuela,,,,3.17,-65.82,3.17,-65.82,Cebidae,,Saimiri,,1,,USNM,Animalia,"Tamatama, Rio Orinoco",,,,135.0,2020-03-12T12:34:00,5,,,Primates,Chordata,Skin; Skull,,Smithsonian Venezuelan Project,19063,,,Saimiri sciureus,,,sciureus,Amazonas,,03 10 -- N,065 49 -- W,1967,
,PreservedSpecimen,USNM 406647,Mammalia,US-ANIMALIA,556,South America,,Venezuela,,,,3.17,-65.82,3.17,-65.82,Cebidae,,Saimiri,,1,,USNM,Animalia,"Tamatama, Rio Orinoco",,,,135.0,2020-03-12T12:34:00,5,,,Primates,Chordata,Skin; Skull,,Smithsonian Venezuelan Project,19064,,,Saimiri sciureus,,,sciureus,Amazonas,,03 10 -- N,065 49 -- W,1967,
,PreservedSpecimen,USNM 406650,Mammalia,US-ANIMALIA,556,South America,,Venezuela,,6,,2.62,-66.32,2.62,-66.32,Cebidae,,Saimiri,,1,,USNM,Animalia,"Capibara, 106 Km SW Esmeralda, Brazo Casiquiare",,,,130.0,2020-03-12T12:34:00,6,,,Primates,Chordata,Skin; Skull,,Smithsonian Venezuelan Project,19536,,,Saimiri sciureus,,,sciureus,Amazonas,,02 37 -- N,066 19 -- W,1967,
,PreservedSpecimen,USNM 495209,Mammalia,US-ANIMALIA,556,South America,,Venezuela,,18,,3.17,-65.82,3.17,-65.82,Cebidae,,Saimiri,,1,,USNM,Animalia,"Tamatama, Rio Orinoco",,,,135.0,2020-01-06T11:15:00,5,,,Primates,Chordata,Fluid,,Smithsonian Venezuelan Project,19173,,,Saimiri sciureus,,,sciureus,Amazonas,,03 10 -- N,065 49 -- W,1967,
,PreservedSpecimen,USNM 545891,Mammalia,US-ANIMALIA,556,South America,,Brazil,,21,,-9.17,-60.63,-9.17,-60.63,Pitheciidae,,Pithecia,,1,,USNM,Animalia,Aripuana,,,,,2019-11-22T12:10:00,8,,,Primates,Chordata,Skin; Skull,,,HM 34,,,Pithecia monachus,,,monachus,Mato Grosso,,09 10 -- S,060 38 -- W,1974,
,PreservedSpecimen,USNM 546265,Mammalia,US-ANIMALIA,556,South America,,Brazil,,18,,-1.03,-57.15,-1.03,-57.15,Pitheciidae,,Pithecia,,1,,USNM,Animalia,"Oriximina, Cachoeira Porteira",,,,,2019-11-22T13:19:00,9,,,Primates,Chordata,Skin; Skull,,,A 2961,,,Pithecia pithecia,,,pithecia,Para,,01 02 -- S,057 09 -- W,1976,
,S,INPA 3929,Mammalia,INPA-MAMIFEROS-TIPOS,97,,,Brasil,Novo Aripuanã,,,-4.4825,-59.5830555555556,-4.4825,-59.5830555555556,Cebidae,,Callicebus,,,,INPA,Animalia,"Comunidade Nova Olinda, margem esquerda rio Aripuanã, 41 km SW da cidade de Novo Aripuanã",,45m,,45m,2007-08-27T00:00:00,,,<nO>sexo desconhecido; SUBFAMILIA: Callicebinae; BACIA: Madeira; TRIBUTARIO: Aripuanã; PUBLICACAO: Neotropical Primates 10(Suppl.): 1-52</nO>,Primates,Chordata,,,M. G. M. van Roosmalen,143,,,Callicebus bernhardi,Thomas van Roosmalen,,bernhardi,Amazonas,HOLÓTIPO,,,,
,S,INPA 3929,Mammalia,INPA-MAMIFEROS-TIPOS,97,,,Brasil,Novo Aripuanã,,,-4.4825,-59.5830555555556,-4.4825,-59.5830555555556,Cebidae,,Callicebus,,,,INPA,Animalia,"Comunidade Nova Olinda, margem esquerda rio Aripuanã, 41 km SW da cidade de Novo Aripuanã",,45m,,45m,2007-08-27T00:00:00,,,<nO>sexo desconhecido; SUBFAMILIA: Callicebinae; BACIA: Madeira; TRIBUTARIO: Aripuanã; PUBLICACAO: Neotropical Primates 10(Suppl.): 1-52</nO>,Primates,Chordata,,,M. G. M. van Roosmalen,143,,,Callicebus bernhardi,Russell A. Mittermeier,,bernhardi,Amazonas,HOLÓTIPO,,,,
,S,INPA 3931,Mammalia,INPA-MAMIFEROS-TIPOS,97,,,Brasil,,29,,-4.88111111111111,-59.9794444444444,-4.88111111111111,-59.9794444444444,Callitrichidae,,Callithrix,,,,INPA,Animalia,"margem direita do baixo rio Acarí, próximo à confluência com os rios Sucundurí e Canumã",,,,,2007-08-27T00:00:00,8,,<nO>SUBFAMILIA: Callitrichinae; BACIA: Madeira; TRIBUTARIO: Rio Acarí; PUBLICACAO: Neotropical Primates 8(1): 2-18</nO>,Primates,Chordata,,,M. G. M. van Roosmalen,140,,,Callithrix acariensis,Thomas van Roosmalen,F,acariensis,Amazonas,HOLÓTIPO,,,1996,
,S,INPA 2511,Mammalia,INPA-MAMIFEROS-TIPOS,97,,,Brasil,,,,-4.15888888888889,-60.6947222222222,-4.15888888888889,-60.6947222222222,Callitrichidae,,Callithrix,,,,INPA,Animalia,"Seringal São Luis, margem direita do médio rio Madeira, próximo a cidade de Manicoré",,45m,,45m,2007-08-27T00:00:00,,,<nO>jovem; SUBFAMILIA: Callitrichinae; BACIA: Madeira; TRIBUTARIO: Madeira; PUBLICACAO: Neotropical Primates 8(1): 2-18</nO>,Primates,Chordata,,,M. G. M. van Roosmalen,22,,,Callithrix manicorensis,Anthony B. Rylands,F,manicorensis,Amazonas,HOLÓTIPO,,,,
,S,INPA 2511,Mammalia,INPA-MAMIFEROS-TIPOS,97,,,Brasil,,,,-4.15888888888889,-60.6947222222222,-4.15888888888889,-60.6947222222222,Callitrichidae,,Callithrix,,,,INPA,Animalia,"Seringal São Luis, margem direita do médio rio Madeira, próximo a cidade de Manicoré",,45m,,45m,2007-08-27T00:00:00,,,<nO>jovem; SUBFAMILIA: Callitrichinae; BACIA: Madeira; TRIBUTARIO: Madeira; PUBLICACAO: Neotropical Primates 8(1): 2-18</nO>,Primates,Chordata,,,M. G. M. van Roosmalen,22,,,Callithrix manicorensis,Thomas van Roosmalen,F,manicorensis,Amazonas,HOLÓTIPO,,,,
,S,INPA 2511,Mammalia,INPA-MAMIFEROS-TIPOS,97,,,Brasil,,,,-4.15888888888889,-60.6947222222222,-4.15888888888889,-60.6947222222222,Callitrichidae,,Callithrix,,,,INPA,Animalia,"Seringal São Luis, margem direita do médio rio Madeira, próximo a cidade de Manicoré",,45m,,45m,2007-08-27T00:00:00,,,<nO>jovem; SUBFAMILIA: Callitrichinae; BACIA: Madeira; TRIBUTARIO: Madeira; PUBLICACAO: Neotropical Primates 8(1): 2-18</nO>,Primates,Chordata,,,M. G. M. van Roosmalen,22,,,Callithrix manicorensis,Marc. G. M. van Roosmalen,F,manicorensis,Amazonas,HOLÓTIPO,,,,
,MachineObservation,0035939,Mammalia,FNJV,238,,,Brazil,Porto Velho,05,,-9.8275,-65.095556,-9.8275,-65.095556,Atelidae,,Ateles,,,,UNICAMP,Animalia,Fazenda Santa Carmen - MD,,140.0,,140.0,2025-04-16T10:14:30,11,,Habitat: Amazônia - Terra Firme; Tipo de vocalização: chamado,Primates,Chordata,,,Caio Brito,,,"<a href=""http://www2.ib.unicamp.br/fnjv/collection.php?fnjv=0035939"" class=""audio"" target=""fnjv"">Maiores informações e áudio</a>",Ateles chamek,,,chamek,Rondônia,,"9S 49' 39""","65W 05' 44""",2015,
,MachineObservation,0035940,Mammalia,FNJV,238,,,Brazil,Porto Velho,05,,-9.8275,-65.095556,-9.8275,-65.095556,Atelidae,,Ateles,,,,UNICAMP,Animalia,Fazenda Santa Carmen - MD,,140.0,,140.0,2025-04-16T10:14:30,11,,Habitat: Amazônia - Terra Firme; Tipo de vocalização: chamado,Primates,Chordata,,,Caio Brito,,,"<a href=""http://www2.ib.unicamp.br/fnjv/collection.php?fnjv=0035940"" class=""audio"" target=""fnjv"">Maiores informações e áudio</a>",Ateles chamek,,,chamek,Rondônia,,"9S 49' 39""","65W 05' 44""",2015,
,MachineObservation,0050503,Mammalia,FNJV,238,,,Brazil,Apiacás,05,,-9.000278,-58.536944,-9.000278,-58.536944,Atelidae,,Ateles,,,,UNICAMP,Animalia,Parque Nacional do Juruena - Trilha saruê,,,,,2025-04-16T10:14:30,11,,,Primates,Chordata,,,Eduardo Marques Santos Júnior,,,"<a href=""http://www2.ib.unicamp.br/fnjv/collection.php?fnjv=0050503"" class=""audio"" target=""fnjv"">Maiores informações e áudio</a>",Ateles chamek,,,chamek,Mato Grosso,,"9S 00' 01""","58W 32' 13""",2016,
,MachineObservation,0016066,Mammalia,FNJV,238,,368749,Brazil,São Gabriel da Cachoeira,21,,-0.130649,-67.089635,-0.130649,-67.089635,Atelidae,,Lagothrix,,,,UNICAMP,Animalia,Not specified,,,,,2025-04-16T10:14:30,12,,,Primates,Chordata,,,Jeremy Minns,,,"<a href=""http://www2.ib.unicamp.br/fnjv/collection.php?fnjv=0016066"" class=""audio"" target=""fnjv"">Maiores informações e áudio</a>",Lagothrix lugens,,,lugens,Amazonas,,,,1998,
,MachineObservation,0007939,Mammalia,FNJV,238,,138257,Brazil,Manaus,26,,-3.102328,-60.02544,-3.102328,-60.02544,Callitrichidae,,Saguinus,,1,,UNICAMP,Animalia,Hotel Tropical,,,,,2025-04-16T10:14:31,08,,Habitat: floresta; Tipo de vocalização: Canto,Primates,Chordata,,,Jacques Vielliard,,,"<a href=""http://www2.ib.unicamp.br/fnjv/collection.php?fnjv=0007939"" class=""audio"" target=""fnjv"">Maiores informações e áudio</a>",Saguinus bicolor,,,bicolor,Amazonas,,,,1981,
,MachineObservation,0044318,Mammalia,FNJV,238,,138257,Brazil,Manaus,26,,-3.102328,-60.02544,-3.102328,-60.02544,Callitrichidae,,Saguinus,,2,,UNICAMP,Animalia,Hotel Tropical,,,,,2025-04-16T10:14:31,08,,Habitat: Mata ciliar; Tipo de vocalização: Canto e Mobbing,Primates,Chordata,,,Jacques Vielliard,,,"<a href=""http://www2.ib.unicamp.br/fnjv/collection.php?fnjv=0044318"" class=""audio"" target=""fnjv"">Maiores informações e áudio</a>",Saguinus bicolor,,,bicolor,Amazonas,,,,1981,
,MachineObservation,0044319,Mammalia,FNJV,238,,138257,Brazil,Manaus,26,,-3.102328,-60.02544,-3.102328,-60.02544,Callitrichidae,,Saguinus,,,,UNICAMP,Animalia,Hotel Tropical,,,,,2025-04-16T10:14:31,08,,,Primates,Chordata,,,Jacques Vielliard,,,"<a href=""http://www2.ib.unicamp.br/fnjv/collection.php?fnjv=0044319"" class=""audio"" target=""fnjv"">Maiores informações e áudio</a>",Saguinus bicolor,,,bicolor,Amazonas,,,,1981,
,MachineObservation,0044338,Mammalia,FNJV,238,,124133,Brazil,Cruzeiro do Sul,19,,-7.631498,-72.67049,-7.631498,-72.67049,Callitrichidae,,Saguinus,,4,,UNICAMP,Animalia,Humaitá do Moá,,,,,2025-04-16T10:14:31,04,,,Primates,Chordata,,,Jacques Vielliard,,,"<a href=""http://www2.ib.unicamp.br/fnjv/collection.php?fnjv=0044338"" class=""audio"" target=""fnjv"">Maiores informações e áudio</a>",Saguinus mystax,,,mystax,Acre,,,,1981,
,MachineObservation,0050508,Mammalia,FNJV,238,,,Brazil,Apiacás,06,,-8.964722,-58.634444,-8.964722,-58.634444,Pithecidae,,Chiropotes,,,,UNICAMP,Animalia,Parque Nacional do Juruena - Trilha escorpião,,,,,2025-04-16T10:14:33,11,,,Primates,Chordata,,,Eduardo Marques Santos Júnior,,,"<a href=""http://www2.ib.unicamp.br/fnjv/collection.php?fnjv=0050508"" class=""audio"" target=""fnjv"">Maiores informações e áudio</a>",Chiropotes albinasus,,,albinasus,Mato Grosso,,"8S 57' 53""","58W 38' 04""",2016,
,MachineObservation,0050504,Mammalia,FNJV,238,,,Brazil,Apiacás,07,,-8.974036,-58.612961,-8.974036,-58.612961,Pithecidae,,Pithecia,,4,,UNICAMP,Animalia,Parque Nacional do Juruena - Trilha saruê,,,,,2025-04-16T10:14:33,11,,,Primates,Chordata,,,Eduardo Marques Santos Júnior,,,"<a href=""http://www2.ib.unicamp.br/fnjv/collection.php?fnjv=0050504"" class=""audio"" target=""fnjv"">Maiores informações e áudio</a>",Pithecia mittermeieri,,,mittermeieri,Mato Grosso,,"8S 58' 26.53""","58W 36' 46.66""",2016,
,MachineObservation,0050468,Mammalia,FNJV,238,,,Brazil,Machadionho do Oeste,04,,-10.147347,-61.907325,-10.147347,-61.907325,Pithecidae,,Plecturocebus,,,,UNICAMP,Animalia,Reserva biológica do Jaru,,,,,2025-04-16T10:14:33,11,,,Primates,Chordata,,,Eduardo Marques Santos Júnior,,,"<a href=""http://www2.ib.unicamp.br/fnjv/collection.php?fnjv=0050468"" class=""audio"" target=""fnjv"">Maiores informações e áudio</a>",Plecturocebus bernhardi,,,bernhardi,Rondônia,,"10S 8' 50.45""","61W 54' 26.37""",2016,
,MachineObservation,0050505,Mammalia,FNJV,238,,,Brazil,Apiacás,05,,-8.996111,-58.537778,-8.996111,-58.537778,Pithecidae,,Plecturocebus,,,,UNICAMP,Animalia,Parque Nacional do Juruena - Trilha saruê,,,,,2025-04-16T10:14:33,11,,,Primates,Chordata,,,Eduardo Marques Santos Júnior,,,"<a href=""http://www2.ib.unicamp.br/fnjv/collection.php?fnjv=0050505"" class=""audio"" target=""fnjv"">Maiores informações e áudio</a>",Plecturocebus moloch,,,moloch,Mato Grosso,,"8S 59' 46""","58W 32' 16""",2016,
,MachineObservation,0011409,Mammalia,FNJV,238,,77990,Brazil,Colider,16,,-10.818196,-55.451257,-10.818196,-55.451257,Pitheciidae,,Callicebus,,4,,UNICAMP,Animalia,Fazenda São José,,,,,2025-04-16T10:14:33,10,,Habitat: mata; Tipo de vocalização: Canto,Primates,Chordata,,,Werner Carlos Augusto Bokermann,,,"<a href=""http://www2.ib.unicamp.br/fnjv/collection.php?fnjv=0011409"" class=""audio"" target=""fnjv"">Maiores informações e áudio</a>",Callicebus torquatus,,,torquatus,Mato Grosso,,,,1982,
,MachineObservation,0044277,Mammalia,FNJV,238,,124133,Brazil,Cruzeiro do Sul,16,,-7.631498,-72.67049,-7.631498,-72.67049,Pitheciidae,,Callicebus,,,,UNICAMP,Animalia,Humaitá do Moá,,,,,2025-04-16T10:14:33,04,,Habitat: Floresta;,Primates,Chordata,,,Jacques Vielliard,,,"<a href=""http://www2.ib.unicamp.br/fnjv/collection.php?fnjv=0044277"" class=""audio"" target=""fnjv"">Maiores informações e áudio</a>",Callicebus torquatus,,,torquatus,Acre,,,,1981,
,MachineObservation,0035913,Mammalia,FNJV,238,,,Brazil,Porto Velho,04,,-9.607222,-65.459722,-9.607222,-65.459722,Unidentified,,Unidentified,,,,UNICAMP,Animalia,Abunã - Transecto 09 - ME,,140.0,,140.0,2025-04-16T10:14:33,11,,Habitat: Amazônia - Terra Firme; Tipo de vocalização: chamado,Primates,Chordata,,,Caio Brito,,,"<a href=""http://www2.ib.unicamp.br/fnjv/collection.php?fnjv=0035913"" class=""audio"" target=""fnjv"">Maiores informações e áudio</a>",Unidentified sp.,,,sp.,Rondônia,,"9S 36' 26""","65W 27' 35""",2015,
,PreservedSpecimen,1835,Mammalia,ZUEC-MAM,10,,,Brasil,Marechal Thaumaturgo,01,,-8.941111,-72.791667,-8.941111,-72.791667,Atelidae,,Alouatta,,Crânio,,UNICAMP,Animalia,"Colocação Alegria, Rio Tejo, Res.Ext.Alto Jurua",,,,,2026-09-25T05:00:54,04,,Georreferenciado utilizando a ferramenta data cleaning/geoLoc ? CRIA/fonte municípios do IBGE,Primates,Chordata,Seca,,Adão José Cardoso,,,,Alouatta sp.,,,sp.,Acre,,8S56'28'',72W47'30'',1995,
,PreservedSpecimen,1874,Mammalia,ZUEC-MAM,10,,,Brasil,Marechal Thaumaturgo,01,,-8.941111,-72.791667,-8.941111,-72.791667,Cebidae,,Cebus,,Crânio,,UNICAMP,Animalia,Reserva Extrativista do Alto Juruá,,,,,2026-09-25T05:00:54,12,,Georreferenciado utilizando a ferramenta data cleaning/geoLoc ? CRIA/fonte municípios do IBGE,Primates,Chordata,Seca,,Adão José Cardoso,,,,Cebus sp.,,,sp.,Acre,,8S56'28'',72W47'30'',1995,
,PreservedSpecimen,1880,Mammalia,ZUEC-MAM,10,,,Brasil,Marechal Thaumaturgo,01,,-8.941111,-72.791667,-8.941111,-72.791667,Pitheciidae,,Callicebus,,Crânio,,UNICAMP,Animalia,Reserva Extrativista do Alto Juruá,,,,,2026-09-25T05:00:54,12,,Georreferenciado utilizando a ferramenta data cleaning/geoLoc ? CRIA/fonte municípios do IBGE,Primates,Chordata,Seca,,Adão José Cardoso,,,,Callicebus sp.,,,sp.,Acre,,8S56'28'',72W47'30'',1995,
,O,4838,Mammalia,FPR-COLOMBIA,66,,,Colombia,Puerto Leguízamo,,,0.0252777777777778,-74.8722222222222,0.0252777777777778,-74.8722222222222,Cebidae,,Cacajao,,1,,Fundación Puerto Rastrojo - Colômbia,Animalia,Entre Río s Caquetá y Putumayo,,,,,2006-01-12T00:00:00,,,"<nO>Lista actualizada de los mamíferos de Colombia : Anotaciones sobre su Distribución CUERVO DIAZ, Alicia;HERNANDEZ CAMACHO, Jorge I.;CADENA G., Alberto</nO>",Primates,Chordata,,,,,,,Cacajao calvus,,,calvus,Putumayo,,,,,
,O,5417,Mammalia,FPR-COLOMBIA,66,,,Colombia,Puerto Colombia,,,2.13333333333333,-68.2166666666667,2.13333333333333,-68.2166666666667,Cebidae,,Cacajao,,1,,Fundación Puerto Rastrojo - Colômbia,Animalia,Serranía De Naquen,,,,,2006-01-12T00:00:00,,,"<nO>Amazon 1992. Final Report A Cambridge-RHBNC Expedition to Colombia KINGSTON, Tigga;BARLOW, Kate;NEWMAN, Jonathan;et al.</nO>",Primates,Chordata,,,,,,,Cacajao melanocephalus,,,melanocephalus,Guainía,,,,,
,O,5049,Mammalia,FPR-COLOMBIA,66,,,Colombia,La Guadalupe,,,1.5,-66.9483333333333,1.5,-66.9483333333333,Cebidae,,Cacajao,,1,,Fundación Puerto Rastrojo - Colômbia,Animalia,Río Negro afluente Río Amazonas,,,,,2006-01-12T00:00:00,,,"<nO>Mammals of Amazonia. Volume I : General introduction and primates DA CRUZ LIMA, Eladio</nO>",Primates,Chordata,,,,,,,Cacajao melanocephalus,,,melanocephalus,Guainía,,,,,
,O,4837,Mammalia,FPR-COLOMBIA,66,,,Colombia,Mitú,,,1,-70.5,1,-70.5,Cebidae,,Cacajao,,1,,Fundación Puerto Rastrojo - Colômbia,Animalia,Vaupés,,,,,2006-01-12T00:00:00,,,"<nO>Lista actualizada de los mamíferos de Colombia : Anotaciones sobre su Distribución CUERVO DIAZ, Alicia;HERNANDEZ CAMACHO, Jorge I.;CADENA G., Alberto</nO>",Primates,Chordata,,,,,,,Cacajao melanocephalus,,,melanocephalus,Vaupés,,,,,
,O,4833,Mammalia,FPR-COLOMBIA,66,,,Colombia,San Vicente del Caguán,,,1,-72.5,1,-72.5,Cebidae,,Cacajao,,1,,Fundación Puerto Rastrojo - Colômbia,Animalia,Norte de Caquetá y al oriente del Río Yarí,,,,,2006-01-12T00:00:00,,,"<nO>Lista actualizada de los mamíferos de Colombia : Anotaciones sobre su Distribución CUERVO DIAZ, Alicia;HERNANDEZ CAMACHO, Jorge I.;CADENA G., Alberto</nO>",Primates,Chordata,,,,,,,Cacajao melanocephalus,,,melanocephalus,Caquetá,,,,,
,O,4834,Mammalia,FPR-COLOMBIA,66,,,Colombia,Vista Hermosa,,,2.75,-73.9166666666667,2.75,-73.9166666666667,Cebidae,,Cacajao,,1,,Fundación Puerto Rastrojo - Colômbia,Animalia,Serrania De La Macarena,,,,,2006-01-12T00:00:00,,,"<nO>Lista actualizada de los mamíferos de Colombia : Anotaciones sobre su Distribución CUERVO DIAZ, Alicia;HERNANDEZ CAMACHO, Jorge I.;CADENA G., Alberto</nO>",Primates,Chordata,,,,,,,Cacajao melanocephalus,,,melanocephalus,Meta,,,,,
,O,4836,Mammalia,FPR-COLOMBIA,66,,,Colombia,El Retorno,,,2,-72,2,-72,Cebidae,,Cacajao,,1,,Fundación Puerto Rastrojo - Colômbia,Animalia,Guaviare,,,,,2006-01-12T00:00:00,,,"<nO>Lista actualizada de los mamíferos de Colombia : Anotaciones sobre su Distribución CUERVO DIAZ, Alicia;HERNANDEZ CAMACHO, Jorge I.;CADENA G., Alberto</nO>",Primates,Chordata,,,,,,,Cacajao melanocephalus,,,melanocephalus,Guaviare,,,,,
,O,5017,Mammalia,FPR-COLOMBIA,66,,,Colombia,Taraira,,,-1.09333333333333,-69.5,-1.09333333333333,-69.5,Cebidae,,Cacajao,,1,ovakari,Fundación Puerto Rastrojo - Colômbia,Animalia,Estación Caparú Lago Taraira Río Apaporis,,,,,2006-01-12T00:00:00,,,"<nO>Apéndices DEFLER, Thomas R.;DEFLER BENNETT, Sara;ARJONA, Beatriz</nO>",Primates,Chordata,,,,,,,Cacajao melanocephalus ovakari,,,melanocephalus,Vaupés,,,,,
,O,5124,Mammalia,FPR-COLOMBIA,66,,,Colombia,Solano,,,-0.0263888888888889,-72.2008333333333,-0.0263888888888889,-72.2008333333333,Cebidae,,Callicebus,,1,,Fundación Puerto Rastrojo - Colômbia,Animalia,Puerto Yavilla Río Mesay,,,,,2006-01-12T00:00:00,,,"<nO>Mammals of the Neotropics EISENBERG, John F.</nO>",Primates,Chordata,,,,,,,Callicebus torquatus,,,torquatus,Caquetá,,,,,
,O,63949,Mammalia,FPR-COLOMBIA,66,,,Perú,,,,-3.43333333333333,-72.1333333333333,-3.43333333333333,-72.1333333333333,Cebidae,,Callicebus,,6,,Fundación Puerto Rastrojo - Colômbia,Animalia,Orosa Río Amazonas,,,,,2006-01-12T00:00:00,,,"<nO>Titis, new world monkeys of the genus Callicebus [Cebidae, Platyrrhini] : a preliminary taxonomic review HERSHKOVITZ, Philip</nO>",Primates,Chordata,,,,,,,Callicebus caligatus,,,caligatus,Loreto,,,,,
,O,63952,Mammalia,FPR-COLOMBIA,66,,,Brasil,,,,-3.15,-67.9666666666667,-3.15,-67.9666666666667,Cebidae,,Callicebus,,3,,Fundación Puerto Rastrojo - Colômbia,Animalia,Paraná do Jacaré,,,,,2006-01-12T00:00:00,,,"<nO>Titis, new world monkeys of the genus Callicebus [Cebidae, Platyrrhini] : a preliminary taxonomic review HERSHKOVITZ, Philip</nO>",Primates,Chordata,,,,,,,Callicebus caligatus,,,caligatus,Estado de Amazonas,,,,,
,O,63954,Mammalia,FPR-COLOMBIA,66,,,Perú,,,,-3.76666666666667,-73.25,-3.76666666666667,-73.25,Cebidae,,Callicebus,,1,,Fundación Puerto Rastrojo - Colômbia,Animalia,Iquitos,,,,,2006-01-12T00:00:00,,,"<nO>Titis, new world monkeys of the genus Callicebus [Cebidae, Platyrrhini] : a preliminary taxonomic review HERSHKOVITZ, Philip</nO>",Primates,Chordata,,,,,,,Callicebus caligatus,,,caligatus,Loreto,,,,,
,O,63950,Mammalia,FPR-COLOMBIA,66,,,Perú,,,,-3.60027777777778,-72.9541666666667,-3.60027777777778,-72.9541666666667,Cebidae,,Callicebus,,2,,Fundación Puerto Rastrojo - Colômbia,Animalia,Santa Cecilia Río Manití,,,,,2006-01-12T00:00:00,,,"<nO>Titis, new world monkeys of the genus Callicebus [Cebidae, Platyrrhini] : a preliminary taxonomic review HERSHKOVITZ, Philip</nO>",Primates,Chordata,,,,,,,Callicebus caligatus,,,caligatus,Loreto,,,,,
,O,63884,Mammalia,FPR-COLOMBIA,66,,,Brasil,,,,-2.86944444444444,-69.6844444444445,-2.86944444444444,-69.6844444444445,Cebidae,,Callicebus,,1,,Fundación Puerto Rastrojo - Colômbia,Animalia,Río Iça cerca al límite Perú- Brasil,,,,,2006-01-12T00:00:00,,,"<nO>Mammal species of the world : A taxonomic and geographic reference WILSON, Don E.;REEDER, DeeAnn M.</nO>",Primates,Chordata,,,,,,,Callicebus cinerascens,,,cinerascens,Estado de Amazonas,,,,,
,O,63886,Mammalia,FPR-COLOMBIA,66,,,Brasil,,,,-2.9,-68.6247222222222,-2.9,-68.6247222222222,Cebidae,,Callicebus,,1,,Fundación Puerto Rastrojo - Colômbia,Animalia,Río Içá afluente Río Solimões,,,,,2006-01-12T00:00:00,,,"<nO>Titis, new world monkeys of the genus Callicebus [Cebidae, Platyrrhini] : a preliminary taxonomic review HERSHKOVITZ, Philip</nO>",Primates,Chordata,,,,,,,Callicebus cinerascens,,,cinerascens,Estado de Amazonas,,,,,
,O,63929,Mammalia,FPR-COLOMBIA,66,,,Brasil,,,,-2.46833333333333,-66,-2.46833333333333,-66,Cebidae,,Callicebus,,1,cupreus,Fundación Puerto Rastrojo - Colômbia,Animalia,Río Solimões,,,,,2006-01-12T00:00:00,,,"<nO>Mammals of Amazonia. Volume I : General introduction and primates DA CRUZ LIMA, Eladio</nO>",Primates,Chordata,,,,,,,Callicebus cupreus cupreus,,,cupreus,Estado de Amazonas,,,,,
,O,63937,Mammalia,FPR-COLOMBIA,66,,,Perú,,,,-3.43333333333333,-72.1333333333333,-3.43333333333333,-72.1333333333333,Cebidae,,Callicebus,,5,cupreus,Fundación Puerto Rastrojo - Colômbia,Animalia,Orosa Río Amazonas,,,,,2006-01-12T00:00:00,,,"<nO>Titis, new world monkeys of the genus Callicebus [Cebidae, Platyrrhini] : a preliminary taxonomic review HERSHKOVITZ, Philip</nO>",Primates,Chordata,,,,,,,Callicebus cupreus cupreus,,,cupreus,Loreto,,,,,
,O,63932,Mammalia,FPR-COLOMBIA,66,,,Perú,,,,-3.43333333333333,-72.1333333333333,-3.43333333333333,-72.1333333333333,Cebidae,,Callicebus,,6,cupreus,Fundación Puerto Rastrojo - Colômbia,Animalia,Orosa Río Amazonas,,,,,2006-01-12T00:00:00,,,"<nO>Titis, new world monkeys of the genus Callicebus [Cebidae, Platyrrhini] : a preliminary taxonomic review HERSHKOVITZ, Philip</nO>",Primates,Chordata,,,,,,,Callicebus cupreus cupreus,,,cupreus,Loreto,,,,,
,O,63930,Mammalia,FPR-COLOMBIA,66,,,Brasil,,,,-3.71666666666667,-69.45,-3.71666666666667,-69.45,Cebidae,,Callicebus,,25,cupreus,Fundación Puerto Rastrojo - Colômbia,Animalia,Santa Cruz Río Solimões,,,,,2006-01-12T00:00:00,,,"<nO>Titis, new world monkeys of the genus Callicebus [Cebidae, Platyrrhini] : a preliminary taxonomic review HERSHKOVITZ, Philip</nO>",Primates,Chordata,,,,,,,Callicebus cupreus cupreus,,,cupreus,Estado de Amazonas,,,,,
,O,63931,Mammalia,FPR-COLOMBIA,66,,,Brasil,,,,-2.53333333333333,-66.0166666666667,-2.53333333333333,-66.0166666666667,Cebidae,,Callicebus,,2,cupreus,Fundación Puerto Rastrojo - Colômbia,Animalia,Fonte Boa Río Solimões,,,,,2006-01-12T00:00:00,,,"<nO>Titis, new world monkeys of the genus Callicebus [Cebidae, Platyrrhini] : a preliminary taxonomic review HERSHKOVITZ, Philip</nO>",Primates,Chordata,,,,,,,Callicebus cupreus cupreus,,,cupreus,Estado de Amazonas,,,,,
,O,63936,Mammalia,FPR-COLOMBIA,66,,,Brasil,,,,-2.65861111111111,-65.9033333333333,-2.65861111111111,-65.9033333333333,Cebidae,,Callicebus,,1,cupreus,Fundación Puerto Rastrojo - Colômbia,Animalia,Río Juruá afluente Río Solimões,,,,,2006-01-12T00:00:00,,,"<nO>Titis, new world monkeys of the genus Callicebus [Cebidae, Platyrrhini] : a preliminary taxonomic review HERSHKOVITZ, Philip</nO>",Primates,Chordata,,,,,,,Callicebus cupreus cupreus,,,cupreus,Estado de Amazonas,,,,,
,O,5340,Mammalia,FPR-COLOMBIA,66,,,Colombia,Vista Hermosa,,,2.9,-73.65,2.9,-73.65,Cebidae,,Callicebus,,1,ornatus,Fundación Puerto Rastrojo - Colômbia,Animalia,Río Guapaya afluente Río Güejar Serranía de La Macarena,,,,,2006-01-12T00:00:00,,,"<nO>Titis, new world monkeys of the genus Callicebus [Cebidae, Platyrrhini] : a preliminary taxonomic review HERSHKOVITZ, Philip</nO>",Primates,Chordata,,,,,,,Callicebus cupreus ornatus,,,cupreus,Meta,,,,,
,O,5339,Mammalia,FPR-COLOMBIA,66,,,Colombia,Vista Hermosa,,,2.9,-73.65,2.9,-73.65,Cebidae,,Callicebus,,1,ornatus,Fundación Puerto Rastrojo - Colômbia,Animalia,Río Guapaya afluente Río Güejar Serranía de La Macarena,,,,,2006-01-12T00:00:00,,,"<nO>Titis, new world monkeys of the genus Callicebus [Cebidae, Platyrrhini] : a preliminary taxonomic review HERSHKOVITZ, Philip</nO>",Primates,Chordata,,,,,,,Callicebus cupreus ornatus,,,cupreus,Meta,,,,,
,O,5341,Mammalia,FPR-COLOMBIA,66,,,Colombia,Puerto Concordia,,,2.6,-72.7833333333333,2.6,-72.7833333333333,Cebidae,,Callicebus,,1,ornatus,Fundación Puerto Rastrojo - Colômbia,Animalia,Río Guayabero afluente Río Guaviare,,,,,2006-01-12T00:00:00,,,"<nO>Titis, new world monkeys of the genus Callicebus [Cebidae, Platyrrhini] : a preliminary taxonomic review HERSHKOVITZ, Philip</nO>",Primates,Chordata,,,,,,,Callicebus cupreus ornatus,,,cupreus,Meta,,,,,
,O,4839,Mammalia,FPR-COLOMBIA,66,,,Colombia,La Pedrera,,,-1.73111111111111,-70.4066666666667,-1.73111111111111,-70.4066666666667,Cebidae,,Callicebus,,1,,Fundación Puerto Rastrojo - Colômbia,Animalia,Al sur del Río Caquetá,,,,,2006-01-12T00:00:00,,,"<nO>Lista actualizada de los mamíferos de Colombia : Anotaciones sobre su Distribución CUERVO DIAZ, Alicia;HERNANDEZ CAMACHO, Jorge I.;CADENA G., Alberto</nO>",Primates,Chordata,,,,,,,Callicebus moloch,,,moloch,Amazonas,,,,,
,O,63882,Mammalia,FPR-COLOMBIA,66,,,Brasil,,,,-2.96666666666667,-68.8833333333333,-2.96666666666667,-68.8833333333333,Cebidae,,Callicebus,,1,,Fundación Puerto Rastrojo - Colômbia,Animalia,São João Río Jamarí,,,,,2006-01-12T00:00:00,,,"<nO>Titis, new world monkeys of the genus Callicebus [Cebidae, Platyrrhini] : a preliminary taxonomic review HERSHKOVITZ, Philip</nO>",Primates,Chordata,,,,,,,Callicebus moloch,,,moloch,Estado de Amazonas,,,,,
,O,4992,Mammalia,FPR-COLOMBIA,66,,,Colombia,Mirití Paraná,,,-1,-70.5,-1,-70.5,Cebidae,,Callicebus,,1,,Fundación Puerto Rastrojo - Colômbia,Animalia,Puerto Rastrojo Río Miritipaná,,,,,2006-01-12T00:00:00,,,"<nO>Observaciones sobre los primates del bajo río Mirití-Paraná, Amazonas, Colombia DEFLER, Thomas R.</nO>",Primates,Chordata,,,,,,,Callicebus torquatus,,,torquatus,Amazonas,,,,,
,O,5127,Mammalia,FPR-COLOMBIA,66,,,Colombia,Miraflores,,,1.55277777777778,-72.3063888888889,1.55277777777778,-72.3063888888889,Cebidae,,Callicebus,,1,,Fundación Puerto Rastrojo - Colômbia,Animalia,Trinidad Río Itilla,,,,,2006-01-12T00:00:00,,,"<nO>Mammals of the Neotropics EISENBERG, John F.</nO>",Primates,Chordata,,,,,,,Callicebus torquatus,,,torquatus,Guaviare,,,,,
,O,5123,Mammalia,FPR-COLOMBIA,66,,,Colombia,Cartagena del Chairá,,,0.538333333333333,-74.375,0.538333333333333,-74.375,Cebidae,,Callicebus,,1,,Fundación Puerto Rastrojo - Colômbia,Animalia,Cuba Río Caguán,,,,,2006-01-12T00:00:00,,,"<nO>Mammals of the Neotropics EISENBERG, John F.</nO>",Primates,Chordata,,,,,,,Callicebus torquatus,,,torquatus,Caquetá,,,,,
,O,5126,Mammalia,FPR-COLOMBIA,66,,,Colombia,Calamar,,,1.96666666666667,-72.5333333333333,1.96666666666667,-72.5333333333333,Cebidae,,Callicebus,,1,,Fundación Puerto Rastrojo - Colômbia,Animalia,Calamar Río Unilla,,,,,2006-01-12T00:00:00,,,"<nO>Mammals of the Neotropics EISENBERG, John F.</nO>",Primates,Chordata,,,,,,,Callicebus torquatus,,,torquatus,Guaviare,,,,,
,O,63921,Mammalia,FPR-COLOMBIA,66,,,Brasil,,,,-3.46666666666667,-69.3166666666667,-3.46666666666667,-69.3166666666667,Cebidae,,Callicebus,,1,lucifer,Fundación Puerto Rastrojo - Colômbia,Animalia,Santa Rita Do Weil Río Solimões,,,,,2006-01-12T00:00:00,,,"<nO>Titis, new world monkeys of the genus Callicebus [Cebidae, Platyrrhini] : a preliminary taxonomic review HERSHKOVITZ, Philip</nO>",Primates,Chordata,,,,,,,Callicebus torquatus lucifer,,,torquatus,Estado de Amazonas,,,,,
,O,63918,Mammalia,FPR-COLOMBIA,66,,,Perú,,,,-2.68333333333333,-70.0833333333333,-2.68333333333333,-70.0833333333333,Cebidae,,Callicebus,,2,lucifer,Fundación Puerto Rastrojo - Colômbia,Animalia,Yaguas Río Yaguas,,,,,2006-01-12T00:00:00,,,"<nO>Titis, new world monkeys of the genus Callicebus [Cebidae, Platyrrhini] : a preliminary taxonomic review HERSHKOVITZ, Philip</nO>",Primates,Chordata,,,,,,,Callicebus torquatus lucifer,,,torquatus,Loreto,,,,,
,O,63919,Mammalia,FPR-COLOMBIA,66,,,Perú,,,,-3.33333333333333,-71.8166666666667,-3.33333333333333,-71.8166666666667,Cebidae,,Callicebus,,2,lucifer,Fundación Puerto Rastrojo - Colômbia,Animalia,Pebas Río Amazonas,,,,,2006-01-12T00:00:00,,,"<nO>Titis, new world monkeys of the genus Callicebus [Cebidae, Platyrrhini] : a preliminary taxonomic review HERSHKOVITZ, Philip</nO>",Primates,Chordata,,,,,,,Callicebus torquatus lucifer,,,torquatus,Loreto,,,,,
,O,63926,Mammalia,FPR-COLOMBIA,66,,,Brasil,,,,-2.73833333333333,-68.0905555555556,-2.73833333333333,-68.0905555555556,Cebidae,,Callicebus,,1,lucifer,Fundación Puerto Rastrojo - Colômbia,Animalia,Río Tonantins afluente Río Amazonas,,,,,2006-01-12T00:00:00,,,"<nO>Titis, new world monkeys of the genus Callicebus [Cebidae, Platyrrhini] : a preliminary taxonomic review HERSHKOVITZ, Philip</nO>",Primates,Chordata,,,Ehrhardt,,,,Callicebus torquatus lucifer,,,torquatus,Estado de Amazonas,,,,,
,O,63928,Mammalia,FPR-COLOMBIA,66,,,Brasil,,,,-2.9,-68.6247222222222,-2.9,-68.6247222222222,Cebidae,,Callicebus,,2,lucifer,Fundación Puerto Rastrojo - Colômbia,Animalia,Río Içá afluente Río Solimões,,,,,2006-01-12T00:00:00,,,"<nO>Titis, new world monkeys of the genus Callicebus [Cebidae, Platyrrhini] : a preliminary taxonomic review HERSHKOVITZ, Philip</nO>",Primates,Chordata,,,,,,,Callicebus torquatus lucifer,,,torquatus,Estado de Amazonas,,,,,
,O,63923,Mammalia,FPR-COLOMBIA,66,,,Perú,,,,-2.20805555555556,-74.5194444444444,-2.20805555555556,-74.5194444444444,Cebidae,,Callicebus,,4,lucifer,Fundación Puerto Rastrojo - Colômbia,Animalia,Río Curaray afluente Río Napo,,,,,2006-01-12T00:00:00,,,"<nO>Titis, new world monkeys of the genus Callicebus [Cebidae, Platyrrhini] : a preliminary taxonomic review HERSHKOVITZ, Philip</nO>",Primates,Chordata,,,,,,,Callicebus torquatus lucifer,,,torquatus,Loreto,,,,,
,O,5018,Mammalia,FPR-COLOMBIA,66,,,Colombia,Taraira,,,-1.09333333333333,-69.5,-1.09333333333333,-69.5,Cebidae,,Callicebus,,1,lugens,Fundación Puerto Rastrojo - Colômbia,Animalia,Estación Caparú Lago Taraira Río Apaporis,,,,,2006-01-12T00:00:00,,,"<nO>Apéndices DEFLER, Thomas R.;DEFLER BENNETT, Sara;ARJONA, Beatriz</nO>",Primates,Chordata,,,,,,,Callicebus torquatus lugens,,,torquatus,Vaupés,,,,,
,O,63906,Mammalia,FPR-COLOMBIA,66,,,Venezuela,Atabapo,,,3.15,-65.8333333333333,3.15,-65.8333333333333,Cebidae,,Callicebus,,5,lugens,Fundación Puerto Rastrojo - Colômbia,Animalia,Tamatama Río Orinoco,,,,,2006-01-12T00:00:00,,,"<nO>Titis, new world monkeys of the genus Callicebus [Cebidae, Platyrrhini] : a preliminary taxonomic review HERSHKOVITZ, Philip</nO>",Primates,Chordata,,,,,,,Callicebus torquatus lugens,,,torquatus,Territorio Federal Amazonas,,,,,
,O,63899,Mammalia,FPR-COLOMBIA,66,,,Brasil,,,,0.966666666666667,-66.85,0.966666666666667,-66.85,Cebidae,,Callicebus,,1,lugens,Fundación Puerto Rastrojo - Colômbia,Animalia,Marabitanas Río Negro,,,,,2006-01-12T00:00:00,,,"<nO>Titis, new world monkeys of the genus Callicebus [Cebidae, Platyrrhini] : a preliminary taxonomic review HERSHKOVITZ, Philip</nO>",Primates,Chordata,,,,,,,Callicebus torquatus lugens,,,torquatus,Estado de Amazonas,,,,,
,O,63900,Mammalia,FPR-COLOMBIA,66,,,Brasil,,,,-0.333333333333333,-66.8333333333333,-0.333333333333333,-66.8333333333333,Cebidae,,Callicebus,,2,lugens,Fundación Puerto Rastrojo - Colômbia,Animalia,Monte Curicuriari,,,,,2006-01-12T00:00:00,,,"<nO>Titis, new world monkeys of the genus Callicebus [Cebidae, Platyrrhini] : a preliminary taxonomic review HERSHKOVITZ, Philip</nO>",Primates,Chordata,,,,,,,Callicebus torquatus lugens,,,torquatus,Estado de Amazonas,,,,,
,O,63905,Mammalia,FPR-COLOMBIA,66,,,Brasil,,,,0.226944444444444,-68,0.226944444444444,-68,Cebidae,,Callicebus,,1,lugens,Fundación Puerto Rastrojo - Colômbia,Animalia,Río Uaupes afluente Río Negro,,,,,2006-01-12T00:00:00,,,"<nO>Titis, new world monkeys of the genus Callicebus [Cebidae, Platyrrhini] : a preliminary taxonomic review HERSHKOVITZ, Philip</nO>",Primates,Chordata,,,,,,,Callicebus torquatus lugens,,,torquatus,Estado de Amazonas,,,,,
,O,63902,Mammalia,FPR-COLOMBIA,66,,,Venezuela,Río Negro,,,2.68333333333333,-65.1166666666667,2.68333333333333,-65.1166666666667,Cebidae,,Callicebus,,5,lugens,Fundación Puerto Rastrojo - Colômbia,Animalia,Río Ocamo afluente Río Orinoco,,,,,2006-01-12T00:00:00,,,"<nO>Titis, new world monkeys of the genus Callicebus [Cebidae, Platyrrhini] : a preliminary taxonomic review HERSHKOVITZ, Philip</nO>",Primates,Chordata,,,,,,,Callicebus torquatus lugens,,,torquatus,Territorio Federal Amazonas,,,,,
,O,63910,Mammalia,FPR-COLOMBIA,66,,,Brasil,,,,-2.63333333333333,-67.0833333333333,-2.63333333333333,-67.0833333333333,Cebidae,,Callicebus,,1,lugens,Fundación Puerto Rastrojo - Colômbia,Animalia,Río Alegría afluente Río Solimoes,,,,,2006-01-12T00:00:00,,,"<nO>Titis, new world monkeys of the genus Callicebus [Cebidae, Platyrrhini] : a preliminary taxonomic review HERSHKOVITZ, Philip</nO>",Primates,Chordata,,,,,,,Callicebus torquatus lugens,,,torquatus,Estado de Amazonas,,,,,
,O,63901,Mammalia,FPR-COLOMBIA,66,,,Brasil,,,,0.1,-68.4666666666667,0.1,-68.4666666666667,Cebidae,,Callicebus,,2,lugens,Fundación Puerto Rastrojo - Colômbia,Animalia,Taracua Río Uaupes,,,,,2006-01-12T00:00:00,,,"<nO>Titis, new world monkeys of the genus Callicebus [Cebidae, Platyrrhini] : a preliminary taxonomic review HERSHKOVITZ, Philip</nO>",Primates,Chordata,,,,,,,Callicebus torquatus lugens,,,torquatus,Estado de Amazonas,,,,,
,O,5324,Mammalia,FPR-COLOMBIA,66,,,Colombia,El Retorno,,,2.22694444444444,-72.1058333333333,2.22694444444444,-72.1058333333333,Cebidae,,Callicebus,,1,lugens,Fundación Puerto Rastrojo - Colômbia,Animalia,Caño Grande afluente Río Inírida,,,,,2006-01-12T00:00:00,,,"<nO>Titis, new world monkeys of the genus Callicebus [Cebidae, Platyrrhini] : a preliminary taxonomic review HERSHKOVITZ, Philip</nO>",Primates,Chordata,,,,,,,Callicebus torquatus lugens,,,torquatus,Guaviare,,,,,
,O,5328,Mammalia,FPR-COLOMBIA,66,,,Colombia,Solano,,,0.133333333333333,-74.6833333333333,0.133333333333333,-74.6833333333333,Cebidae,,Callicebus,,1,medemi,Fundación Puerto Rastrojo - Colômbia,Animalia,Tres Troncos Río Caquetá,,,,,2006-01-12T00:00:00,,,"<nO>Titis, new world monkeys of the genus Callicebus [Cebidae, Platyrrhini] : a preliminary taxonomic review HERSHKOVITZ, Philip</nO>",Primates,Chordata,,,,,,,Callicebus torquatus medemi,,,torquatus,Caquetá,,,,,
,O,63914,Mammalia,FPR-COLOMBIA,66,,,Brasil,,,,-2.53333333333333,-66.0166666666667,-2.53333333333333,-66.0166666666667,Cebidae,,Callicebus,,1,regulus,Fundación Puerto Rastrojo - Colômbia,Animalia,Fonte Boa Río Solimões,,,,,2006-01-12T00:00:00,,,"<nO>Titis, new world monkeys of the genus Callicebus [Cebidae, Platyrrhini] : a preliminary taxonomic review HERSHKOVITZ, Philip</nO>",Primates,Chordata,,,Ehrhardt,,,,Callicebus torquatus regulus,,,torquatus,Estado de Amazonas,,,,,
,O,63915,Mammalia,FPR-COLOMBIA,66,,,Brasil,,,,-2.53333333333333,-66.0166666666667,-2.53333333333333,-66.0166666666667,Cebidae,,Callicebus,,5,regulus,Fundación Puerto Rastrojo - Colômbia,Animalia,Fonte Boa Río Solimões,,,,,2006-01-12T00:00:00,,,"<nO>Titis, new world monkeys of the genus Callicebus [Cebidae, Platyrrhini] : a preliminary taxonomic review HERSHKOVITZ, Philip</nO>",Primates,Chordata,,,,,,,Callicebus torquatus regulus,,,torquatus,Estado de Amazonas,,,,,
,O,63913,Mammalia,FPR-COLOMBIA,66,,,Brasil,,,,-2.53333333333333,-66.0166666666667,-2.53333333333333,-66.0166666666667,Cebidae,,Callicebus,,3,regulus,Fundación Puerto Rastrojo - Colômbia,Animalia,Fonte Boa Río Solimões,,,,,2006-01-12T00:00:00,,,"<nO>Titis, new world monkeys of the genus Callicebus [Cebidae, Platyrrhini] : a preliminary taxonomic review HERSHKOVITZ, Philip</nO>",Primates,Chordata,,,,,,,Callicebus torquatus regulus,,,torquatus,Estado de Amazonas,,,,,
,O,63916,Mammalia,FPR-COLOMBIA,66,,,Brasil,,,,-2.61666666666667,-65.7333333333333,-2.61666666666667,-65.7333333333333,Cebidae,,Callicebus,,1,regulus,Fundación Puerto Rastrojo - Colômbia,Animalia,Desembocadura Río Jurúa Río Solimões,,,,,2006-01-12T00:00:00,,,"<nO>Titis, new world monkeys of the genus Callicebus [Cebidae, Platyrrhini] : a preliminary taxonomic review HERSHKOVITZ, Philip</nO>",Primates,Chordata,,,,,,,Callicebus torquatus regulus,,,torquatus,Estado de Amazonas,,,,,
,O,63893,Mammalia,FPR-COLOMBIA,66,,,Brasil,,,,-0.486111111111111,-65,-0.486111111111111,-65,Cebidae,,Callicebus,,2,torquatus,Fundación Puerto Rastrojo - Colômbia,Animalia,Río Negro afluente Río Solimões,,,,,2006-01-12T00:00:00,,,"<nO>Titis, new world monkeys of the genus Callicebus [Cebidae, Platyrrhini] : a preliminary taxonomic review HERSHKOVITZ, Philip</nO>",Primates,Chordata,,,,,,,Callicebus torquatus torquatus,,,torquatus,Estado de Amazonas,,,,,
,O,4860,Mammalia,FPR-COLOMBIA,66,,,Colombia,La Chorrera,,,-1.42333333333333,-72.8544444444444,-1.42333333333333,-72.8544444444444,Callithrichidae,,Callimico,,1,,Fundación Puerto Rastrojo - Colômbia,Animalia,La Chorrera Río Igara Paraná afluente Río Putumayo,,,,,2006-01-12T00:00:00,,,"<nO>Lista actualizada de los mamíferos de Colombia : Anotaciones sobre su Distribución CUERVO DIAZ, Alicia;HERNANDEZ CAMACHO, Jorge I.;CADENA G., Alberto</nO>",Primates,Chordata,,,,,,,Callimico goeldii,,,goeldii,Amazonas,,,,,
,O,5147,Mammalia,FPR-COLOMBIA,66,,,Colombia,El Encanto,,,-0.471944444444444,-73.605,-0.471944444444444,-73.605,Callithrichidae,,Callimico,,1,,Fundación Puerto Rastrojo - Colômbia,Animalia,Cuira Río Caquetá,,,,,2006-01-12T00:00:00,,,"<nO>Mammals of the Neotropics EISENBERG, John F.</nO>",Primates,Chordata,,,,,,,Callimico goeldii,,,goeldii,Amazonas,,,,,
,O,5149,Mammalia,FPR-COLOMBIA,66,,,Colombia,El Encanto,,,-1.55888888888889,-73.4866666666667,-1.55888888888889,-73.4866666666667,Callithrichidae,,Callimico,,1,,Fundación Puerto Rastrojo - Colômbia,Animalia,Puerto Inmaculada Río Putumayo,,,,,2006-01-12T00:00:00,,,"<nO>Mammals of the Neotropics EISENBERG, John F.</nO>",Primates,Chordata,,,,,,,Callimico goeldii,,,goeldii,Amazonas,,,,,
,O,63993,Mammalia,FPR-COLOMBIA,66,,,Brasil,,,,-4.26666666666667,-69.9333333333333,-4.26666666666667,-69.9333333333333,Callithrichidae,,Callithrix,,1,,Fundación Puerto Rastrojo - Colômbia,Animalia,Tabatinga Río Solimões,,,,,2006-01-12T00:00:00,,,"<nO>Mammal species of the world : A taxonomic and geographic reference WILSON, Don E.;REEDER, DeeAnn M.</nO>",Primates,Chordata,,,,,,,Callithrix pygmaea,,,pygmaea,Estado de Amazonas,,,,,
,O,5981,Mammalia,FPR-COLOMBIA,66,,,Colombia,Mirití Paraná,,,-1,-70.5,-1,-70.5,Cebidae,,Cebus,,1,,Fundación Puerto Rastrojo - Colômbia,Animalia,Puerto Rastrojo Río Miritipaná,,,,,2006-01-12T00:00:00,,,"<nO>Observaciones sobre los primates del bajo río Mirití-Paraná, Amazonas, Colombia DEFLER, Thomas R.</nO>",Primates,Chordata,,,"Defler, Thomas",,,,Cebus albifrons,,,albifrons,Amazonas,,,,,
,O,63958,Mammalia,FPR-COLOMBIA,66,,,Venezuela,Río Negro,,,2.5,-65.1833333333333,2.5,-65.1833333333333,Cebidae,,Cebus,,1,,Fundación Puerto Rastrojo - Colômbia,Animalia,Mavaca Río Orinoco,,,,,2006-01-12T00:00:00,,,"<nO>Mammals of the Neotropics EISENBERG, John F.</nO>",Primates,Chordata,,,,,,,Cebus albifrons,,,albifrons,Territorio Federal Amazonas,,,,,
,O,5046,Mammalia,FPR-COLOMBIA,66,,,Colombia,Solano,,,0.1,-74.3666666666667,0.1,-74.3666666666667,Cebidae,,Cebus,,1,,Fundación Puerto Rastrojo - Colômbia,Animalia,Río Peneya afluente Río Caquetá,,,,,2006-01-12T00:00:00,,,"<nO>Consideraciones Acerca de la Ecología de Cebus albifrons en el territorio faunístico El Tuparro en Vichada Colombia DEFLER, Thomas R.</nO>",Primates,Chordata,,,,,,,Cebus albifrons,,,albifrons,Caquetá,,,,,
,O,63960,Mammalia,FPR-COLOMBIA,66,,,Venezuela,Atabapo,,,3.15,-65.8333333333333,3.15,-65.8333333333333,Cebidae,,Cebus,,1,,Fundación Puerto Rastrojo - Colômbia,Animalia,Tamatama Río Orinoco,,,,,2006-01-12T00:00:00,,,"<nO>Mammals of the Neotropics EISENBERG, John F.</nO>",Primates,Chordata,,,,,,,Cebus albifrons,,,albifrons,Territorio Federal Amazonas,,,,,
,O,4995,Mammalia,FPR-COLOMBIA,66,,,Colombia,Mirití Paraná,,,-1,-70.5,-1,-70.5,Cebidae,,Cebus,,1,,Fundación Puerto Rastrojo - Colômbia,Animalia,Puerto Rastrojo Río Miritipaná,,,,,2006-01-12T00:00:00,,,"<nO>Observaciones sobre los primates del bajo río Mirití-Paraná, Amazonas, Colombia DEFLER, Thomas R.</nO>",Primates,Chordata,,,,,,,Cebus albifrons,,,albifrons,Amazonas,,,,,
,O,5419,Mammalia,FPR-COLOMBIA,66,,,Colombia,Puerto Colombia,,,2.20166666666667,-68.17,2.20166666666667,-68.17,Cebidae,,Cebus,,1,,Fundación Puerto Rastrojo - Colômbia,Animalia,Caño Rico Serranía De Naquen,,,,,2006-01-12T00:00:00,,,"<nO>Amazon 1992. Final Report A Cambridge-RHBNC Expedition to Colombia KINGSTON, Tigga;BARLOW, Kate;NEWMAN, Jonathan;et al.</nO>",Primates,Chordata,,,,,,,Cebus albifrons,,,albifrons,Guainía,,,,,
,O,4994,Mammalia,FPR-COLOMBIA,66,,,Colombia,Mirití Paraná,,,-1,-70.5,-1,-70.5,Cebidae,,Cebus,,1,,Fundación Puerto Rastrojo - Colômbia,Animalia,Puerto Rastrojo Río Miritipaná,,,,,2006-01-12T00:00:00,,,"<nO>Observaciones sobre los primates del bajo río Mirití-Paraná, Amazonas, Colombia DEFLER, Thomas R.</nO>",Primates,Chordata,,,,,,,Cebus apella,,,apella,Amazonas,,,,,
,O,5978,Mammalia,FPR-COLOMBIA,66,,,Colombia,Mirití Paraná,,,-1,-70.5,-1,-70.5,Cebidae,,Cebus,,1,,Fundación Puerto Rastrojo - Colômbia,Animalia,Puerto Rastrojo Río Miritipaná,,,,,2006-01-12T00:00:00,,,"<nO>Observaciones sobre los primates del bajo río Mirití-Paraná, Amazonas, Colombia DEFLER, Thomas R.</nO>",Primates,Chordata,,,"Defler, Thomas",,,,Cebus apella,,,apella,Amazonas,,,,,
,O,63966,Mammalia,FPR-COLOMBIA,66,,,Venezuela,Atabapo,,,3.16666666666667,-65.55,3.16666666666667,-65.55,Cebidae,,Cebus,,1,,Fundación Puerto Rastrojo - Colômbia,Animalia,Esmeralda Río Orinoco,,,,,2006-01-12T00:00:00,,,"<nO>Mammals of the Neotropics EISENBERG, John F.</nO>",Primates,Chordata,,,,,,,Cebus olivaceus,,,olivaceus,Territorio Federal Amazonas,,,,,
,O,63969,Mammalia,FPR-COLOMBIA,66,,,Venezuela,Casiquiare,,,3.06666666666667,-63.1333333333333,3.06666666666667,-63.1333333333333,Cebidae,,Chiropotes,,1,,Fundación Puerto Rastrojo - Colômbia,Animalia,Maricapure Río Orinoco,,,,,2006-01-12T00:00:00,,,"<nO>Mammals of the Neotropics EISENBERG, John F.</nO>",Primates,Chordata,,,,,,,Chiropotes satanas,,,satanas,Territorio Federal Amazonas,,,,,
,O,5416,Mammalia,FPR-COLOMBIA,66,,,Colombia,Puerto Colombia,,,2.20166666666667,-68.17,2.20166666666667,-68.17,Cebidae,,Alouatta,,1,,Fundación Puerto Rastrojo - Colômbia,Animalia,Caño Rico Serranía De Naquen,,,,,2006-01-12T00:00:00,,,"<nO>Amazon 1992. Final Report A Cambridge-RHBNC Expedition to Colombia KINGSTON, Tigga;BARLOW, Kate;NEWMAN, Jonathan;et al.</nO>",Primates,Chordata,,,,,,,Alouatta seniculus,,,seniculus,Guainía,,,,,
,O,4990,Mammalia,FPR-COLOMBIA,66,,,Colombia,Mirití Paraná,,,-1,-70.5,-1,-70.5,Cebidae,,Alouatta,,1,,Fundación Puerto Rastrojo - Colômbia,Animalia,Puerto Rastrojo Río Miritipaná,,,,,2006-01-12T00:00:00,,,"<nO>Observaciones sobre los primates del bajo río Mirití-Paraná, Amazonas, Colombia DEFLER, Thomas R.</nO>",Primates,Chordata,,,,,,,Alouatta seniculus,,,seniculus,Amazonas,,,,,
,O,5466,Mammalia,FPR-COLOMBIA,66,,,Colombia,La Chorrera,,,-1.42333333333333,-72.8544444444444,-1.42333333333333,-72.8544444444444,Cebidae,,Alouatta,,1,,Fundación Puerto Rastrojo - Colômbia,Animalia,La Chorrera Río Igara Paraná afluente Río Putumayo,,,,,2006-01-12T00:00:00,,,"<nO>Informe de correrias por los ríos Putumayo, Caraparaná e Igaraparaná : Segundo semestre de 1991 ECHEVERRI, Juan A.;MONTENEGRO DIAZ, Olga L.;RIVAS PAVA, María del P.;MUÑOZ SOSA, Diego L.</nO>",Primates,Chordata,,,,,,,Alouatta seniculus,,,seniculus,Amazonas,,,,,
,O,5478,Mammalia,FPR-COLOMBIA,66,,,Colombia,La Chorrera,,,-2.13333333333333,-71.7369444444444,-2.13333333333333,-71.7369444444444,Cebidae,,Alouatta,,1,,Fundación Puerto Rastrojo - Colômbia,Animalia,Puerto Arica Río Putumayo,,,,,2006-01-12T00:00:00,,,"<nO>Informe de correrias por los ríos Putumayo, Caraparaná e Igaraparaná : Segundo semestre de 1991 ECHEVERRI, Juan A.;MONTENEGRO DIAZ, Olga L.;RIVAS PAVA, María del P.;MUÑOZ SOSA, Diego L.</nO>",Primates,Chordata,,,,,,,Alouatta seniculus,,,seniculus,Amazonas,,,,,
,O,5114,Mammalia,FPR-COLOMBIA,66,,,Colombia,Cartagena del Chairá,,,0.538333333333333,-74.375,0.538333333333333,-74.375,Cebidae,,Alouatta,,1,,Fundación Puerto Rastrojo - Colômbia,Animalia,Cuba Río Caguán,,,,,2006-01-12T00:00:00,,,"<nO>Mammals of the Neotropics EISENBERG, John F.</nO>",Primates,Chordata,,,,,,,Alouatta seniculus,,,seniculus,Caquetá,,,,,
,O,5015,Mammalia,FPR-COLOMBIA,66,,,Colombia,Taraira,,,-1.09333333333333,-69.5,-1.09333333333333,-69.5,Cebidae,,Alouatta,,1,seniculus,Fundación Puerto Rastrojo - Colômbia,Animalia,Estación Caparú Lago Taraira Río Apaporis,,,,,2006-01-12T00:00:00,,,"<nO>Apéndices DEFLER, Thomas R.;DEFLER BENNETT, Sara;ARJONA, Beatriz</nO>",Primates,Chordata,,,,,,,Alouatta seniculus seniculus,,,seniculus,Vaupés,,,,,
,O,63863,Mammalia,FPR-COLOMBIA,66,,,Venezuela,Atabapo,,,3.16666666666667,-65.55,3.16666666666667,-65.55,Cebidae,,Aotus,,1,,Fundación Puerto Rastrojo - Colômbia,Animalia,Esmeralda Río Orinoco,,,,,2006-01-12T00:00:00,,,"<nO>Mammals of Amazonia. Volume I : General introduction and primates DA CRUZ LIMA, Eladio</nO>",Primates,Chordata,,,,,,,Aotus trivirgatus,,,trivirgatus,Territorio Federal Amazonas,,,,,
,O,4991,Mammalia,FPR-COLOMBIA,66,,,Colombia,Mirití Paraná,,,-1,-70.5,-1,-70.5,Cebidae,,Aotus,,1,,Fundación Puerto Rastrojo - Colômbia,Animalia,Puerto Rastrojo Río Miritipaná,,,,,2006-01-12T00:00:00,,,"<nO>Observaciones sobre los primates del bajo río Mirití-Paraná, Amazonas, Colombia DEFLER, Thomas R.</nO>",Primates,Chordata,,,,,,,Aotus trivirgatus,,,trivirgatus,Amazonas,,,,,
,O,63864,Mammalia,FPR-COLOMBIA,66,,,Venezuela,Atabapo,,,3.15,-65.8333333333333,3.15,-65.8333333333333,Cebidae,,Aotus,,1,,Fundación Puerto Rastrojo - Colômbia,Animalia,Tamatama Río Orinoco,,,,,2006-01-12T00:00:00,,,"<nO>Mammals of the Neotropics EISENBERG, John F.</nO>",Primates,Chordata,,,,,,,Aotus trivirgatus,,,trivirgatus,Territorio Federal Amazonas,,,,,
,O,63867,Mammalia,FPR-COLOMBIA,66,,,Venezuela,,,,1.72083333333333,-65.0333333333333,1.72083333333333,-65.0333333333333,Cebidae,,Aotus,,1,,Fundación Puerto Rastrojo - Colômbia,Animalia,Jabromabibeiteri,,,,,2006-01-12T00:00:00,,,"<nO>Mammals of the Neotropics EISENBERG, John F.</nO>",Primates,Chordata,,,,,,,Aotus trivirgatus,,,trivirgatus,Territorio Federal Amazonas,,,,,
,O,5016,Mammalia,FPR-COLOMBIA,66,,,Colombia,Taraira,,,-1.09333333333333,-69.5,-1.09333333333333,-69.5,Cebidae,,Aotus,,1,,Fundación Puerto Rastrojo - Colômbia,Animalia,Estación Caparú Lago Taraira Río Apaporis,,,,,2006-01-12T00:00:00,,,"<nO>Apéndices DEFLER, Thomas R.;DEFLER BENNETT, Sara;ARJONA, Beatriz</nO>",Primates,Chordata,,,,,,,Aotus vociferans,,,vociferans,Vaupés,,,,,
,O,63869,Mammalia,FPR-COLOMBIA,66,,,Brasil,,,,-4.26666666666667,-69.9333333333333,-4.26666666666667,-69.9333333333333,Cebidae,,Aotus,,1,,Fundación Puerto Rastrojo - Colômbia,Animalia,Tabatinga Río Solimões,,,,,2006-01-12T00:00:00,,,"<nO>Mammals of Amazonia. Volume I : General introduction and primates DA CRUZ LIMA, Eladio</nO>",Primates,Chordata,,,,,,,Aotus vociferans,,,vociferans,Estado de Amazonas,,,,,
,O,5117,Mammalia,FPR-COLOMBIA,66,,,Colombia,Cartagena del Chairá,,,0.538333333333333,-74.375,0.538333333333333,-74.375,Cebidae,,Aotus,,1,,Fundación Puerto Rastrojo - Colômbia,Animalia,Cuba Río Caguán,,,,,2006-01-12T00:00:00,,,"<nO>Mammals of the Neotropics EISENBERG, John F.</nO>",Primates,Chordata,,,,,,,Aotus vociferans,,,vociferans,Caquetá,,,,,
,O,4787,Mammalia,FPR-COLOMBIA,66,,,Colombia,Puerto Nariño,,,-3.8,-70.3166666666667,-3.8,-70.3166666666667,Cebidae,,Aotus,,1,,Fundación Puerto Rastrojo - Colômbia,Animalia,San Martín de Amacayacú Río Amacayacú,,,,,2006-01-12T00:00:00,,,"<nO>Aspectos etnozoológicos relacionados con la actividad de la caza de los indígenas Ticuna, San Martín de Amacayacú [Amazonas] CAMPOS ROZO, Claudia</nO>",Primates,Chordata,,,,,,,Aotus vociferans,,,vociferans,Amazonas,,,,,
,O,63874,Mammalia,FPR-COLOMBIA,66,,,Venezuela,,,,1.72083333333333,-65.0333333333333,1.72083333333333,-65.0333333333333,Cebidae,,Ateles,,1,,Fundación Puerto Rastrojo - Colômbia,Animalia,Jabromabibeiteri,,,,,2006-01-12T00:00:00,,,"<nO>Mammals of the Neotropics EISENBERG, John F.</nO>",Primates,Chordata,,,,,,,Ateles belzebuth,,,belzebuth,Territorio Federal Amazonas,,,,,
,O,5138,Mammalia,FPR-COLOMBIA,66,,,Colombia,Cartagena del Chairá,,,0.538333333333333,-74.375,0.538333333333333,-74.375,Cebidae,,Saimiri,,1,,Fundación Puerto Rastrojo - Colômbia,Animalia,Cuba Río Caguán,,,,,2006-01-12T00:00:00,,,"<nO>Mammals of the Neotropics EISENBERG, John F.</nO>",Primates,Chordata,,,,,,,Saimiri sciureus,,,sciureus,Caquetá,,,,,
,O,63995,Mammalia,FPR-COLOMBIA,66,,,Brasil,,,,-3.45,-68.8,-3.45,-68.8,Callithrichidae,,Saguinus,,1,,Fundación Puerto Rastrojo - Colômbia,Animalia,São Paulo De Olivença Río Solimões,,,,,2006-01-12T00:00:00,,,"<nO>Mammals of Amazonia. Volume I : General introduction and primates DA CRUZ LIMA, Eladio</nO>",Primates,Chordata,,,"Geoffroy, Prévost y Pucheran",,,,Saguinus fuscicollis,,,fuscicollis,Estado de Amazonas,,,,,
,O,63997,Mammalia,FPR-COLOMBIA,66,,,Perú,,,,-3.33333333333333,-71.8166666666667,-3.33333333333333,-71.8166666666667,Callithrichidae,,Saguinus,,1,,Fundación Puerto Rastrojo - Colômbia,Animalia,Pebas Río Amazonas,,,,,2006-01-12T00:00:00,,,"<nO>Mammals of Amazonia. Volume I : General introduction and primates DA CRUZ LIMA, Eladio</nO>",Primates,Chordata,,,,,,,Saguinus fuscicollis,,,fuscicollis,Loreto,,,,,
,O,5146,Mammalia,FPR-COLOMBIA,66,,,Colombia,Cartagena del Chairá,,,0.538333333333333,-74.375,0.538333333333333,-74.375,Callithrichidae,,Saguinus,,1,,Fundación Puerto Rastrojo - Colômbia,Animalia,Cuba Río Caguán,,,,,2006-01-12T00:00:00,,,"<nO>Mammals of the Neotropics EISENBERG, John F.</nO>",Primates,Chordata,,,,,,,Saguinus fuscicollis,,,fuscicollis,Caquetá,,,,,
,O,63998,Mammalia,FPR-COLOMBIA,66,,,Perú,,,,-3.33333333333333,-71.8166666666667,-3.33333333333333,-71.8166666666667,Callithrichidae,,Saguinus,,1,pebilis,Fundación Puerto Rastrojo - Colômbia,Animalia,Pebas Río Amazonas,,,,,2006-01-12T00:00:00,,,"<nO>Mammals of Amazonia. Volume I : General introduction and primates DA CRUZ LIMA, Eladio</nO>",Primates,Chordata,,,,,,,Saguinus fuscicollis pebilis,,M,fuscicollis,Loreto,,,,,
,O,4856,Mammalia,FPR-COLOMBIA,66,,,Colombia,Mitú,,,1,-70.5,1,-70.5,Callithrichidae,,Saguinus,,1,,Fundación Puerto Rastrojo - Colômbia,Animalia,Vaupés,,,,,2006-01-12T00:00:00,,,"<nO>Lista actualizada de los mamíferos de Colombia : Anotaciones sobre su Distribución CUERVO DIAZ, Alicia;HERNANDEZ CAMACHO, Jorge I.;CADENA G., Alberto</nO>",Primates,Chordata,,,,,,,Saguinus inustus,,,inustus,Vaupés,,,,,
,O,64001,Mammalia,FPR-COLOMBIA,66,,,Brasil,,,,-3.45,-68.8,-3.45,-68.8,Callithrichidae,,Saguinus,,1,,Fundación Puerto Rastrojo - Colômbia,Animalia,São Paulo De Olivença Río Solimões,,,,,2006-01-12T00:00:00,,,"<nO>Mammals of Amazonia. Volume I : General introduction and primates DA CRUZ LIMA, Eladio</nO>",Primates,Chordata,,,,,,,Saguinus mystax,,,mystax,Estado de Amazonas,,,,,
,O,64000,Mammalia,FPR-COLOMBIA,66,,,Brasil,,,,-3,-69,-3,-69,Callithrichidae,,Saguinus,,1,,Fundación Puerto Rastrojo - Colômbia,Animalia,Entre Río Solimõesy Río Iça,,,,,2006-01-12T00:00:00,,,"<nO>Mammal species of the world : A taxonomic and geographic reference WILSON, Don E.;REEDER, DeeAnn M.</nO>",Primates,Chordata,,,,,,,Saguinus mystax,,,mystax,Estado de Amazonas,,,,,
,O,4858,Mammalia,FPR-COLOMBIA,66,,,Colombia,Vista Hermosa,,,2.75,-73.9166666666667,2.75,-73.9166666666667,Callithrichidae,,Saguinus,,1,,Fundación Puerto Rastrojo - Colômbia,Animalia,Serrania De La Macarena,,,,,2006-01-12T00:00:00,,,"<nO>Lista actualizada de los mamíferos de Colombia : Anotaciones sobre su Distribución CUERVO DIAZ, Alicia;HERNANDEZ CAMACHO, Jorge I.;CADENA G., Alberto</nO>",Primates,Chordata,,,,,,,Saguinus nigricollis,,,nigricollis,Meta,,,,,
,O,63999,Mammalia,FPR-COLOMBIA,66,,,Brasil,,,,-3.45,-68.8,-3.45,-68.8,Callithrichidae,,Saguinus,,1,,Fundación Puerto Rastrojo - Colômbia,Animalia,São Paulo De Olivença Río Solimões,,,,,2006-01-12T00:00:00,,,"<nO>Mammals of Amazonia. Volume I : General introduction and primates DA CRUZ LIMA, Eladio</nO>",Primates,Chordata,,,,,,,Saguinus nigricollis,,,nigricollis,Estado de Amazonas,,,,,
,O,5579,Mammalia,FPR-COLOMBIA,66,,,Colombia,Leticia,,,-4.15,-69.95,-4.15,-69.95,Cebidae,,Saimiri,,1,,Fundación Puerto Rastrojo - Colômbia,Animalia,Leticia Río Amazonas,,,,,2006-01-12T00:00:00,,,<nO>Mammals from Colombia at LACM</nO>,Primates,Chordata,,,,,,,Saimiri sciureus,,,sciureus,Amazonas,,,,,
,O,5985,Mammalia,FPR-COLOMBIA,66,,,Colombia,Mirití Paraná,,,-1,-70.5,-1,-70.5,Cebidae,,Saimiri,,1,,Fundación Puerto Rastrojo - Colômbia,Animalia,Puerto Rastrojo Río Miritipaná,,,,,2006-01-12T00:00:00,,,"<nO>Observaciones sobre los primates del bajo río Mirití-Paraná, Amazonas, Colombia DEFLER, Thomas R.</nO>",Primates,Chordata,,,"Defler, Thomas",,,,Saimiri sciureus,,,sciureus,Amazonas,,,,,
,O,63981,Mammalia,FPR-COLOMBIA,66,,,Venezuela,,,,1.72083333333333,-65.0333333333333,1.72083333333333,-65.0333333333333,Cebidae,,Saimiri,,1,,Fundación Puerto Rastrojo - Colômbia,Animalia,Jabromabibeiteri,,,,,2006-01-12T00:00:00,,,"<nO>Mammals of the Neotropics EISENBERG, John F.</nO>",Primates,Chordata,,,,,,,Saimiri sciureus,,,sciureus,Territorio Federal Amazonas,,,,,
,O,4997,Mammalia,FPR-COLOMBIA,66,,,Colombia,Mirití Paraná,,,-1,-70.5,-1,-70.5,Cebidae,,Saimiri,,1,,Fundación Puerto Rastrojo - Colômbia,Animalia,Puerto Rastrojo Río Miritipaná,,,,,2006-01-12T00:00:00,,,"<nO>Observaciones sobre los primates del bajo río Mirití-Paraná, Amazonas, Colombia DEFLER, Thomas R.</nO>",Primates,Chordata,,,,,,,Saimiri sciureus,,,sciureus,Amazonas,,,,,
,O,5479,Mammalia,FPR-COLOMBIA,66,,,Colombia,Puerto Leguízamo,,,-0.15,-74.8166666666667,-0.15,-74.8166666666667,Cebidae,,Saimiri,,1,,Fundación Puerto Rastrojo - Colômbia,Animalia,Puerto Leguízamo Río Putumayo,,,,,2006-01-12T00:00:00,,,"<nO>Informe de correrias por los ríos Putumayo, Caraparaná e Igaraparaná : Segundo semestre de 1991 ECHEVERRI, Juan A.;MONTENEGRO DIAZ, Olga L.;RIVAS PAVA, María del P.;MUÑOZ SOSA, Diego L.</nO>",Primates,Chordata,,,,,,,Saimiri sciureus,,,sciureus,Putumayo,,,,,
,O,4998,Mammalia,FPR-COLOMBIA,66,,,Colombia,Mirití Paraná,,,-1,-70.5,-1,-70.5,Cebidae,,Saimiri,,1,,Fundación Puerto Rastrojo - Colômbia,Animalia,Puerto Rastrojo Río Miritipaná,,,,,2006-01-12T00:00:00,,,"<nO>Observaciones sobre los primates del bajo río Mirití-Paraná, Amazonas, Colombia DEFLER, Thomas R.</nO>",Primates,Chordata,,,,,,,Saimiri sciureus,,,sciureus,Amazonas,,,,,
,O,4783,Mammalia,FPR-COLOMBIA,66,,,Colombia,Puerto Nariño,,,-3.8,-70.3166666666667,-3.8,-70.3166666666667,Cebidae,,Saimiri,,1,,Fundación Puerto Rastrojo - Colômbia,Animalia,San Martín de Amacayacú Río Amacayacú,,,,,2006-01-12T00:00:00,,,"<nO>Aspectos etnozoológicos relacionados con la actividad de la caza de los indígenas Ticuna, San Martín de Amacayacú [Amazonas] CAMPOS ROZO, Claudia</nO>",Primates,Chordata,,,,,,,Saimiri sciureus,,,sciureus,Amazonas,,,,,
,O,63987,Mammalia,FPR-COLOMBIA,66,,,Venezuela,Casiquiare,,,2.03333333333333,-67,2.03333333333333,-67,Cebidae,,Saimiri,,1,cassiquiarensis,Fundación Puerto Rastrojo - Colômbia,Animalia,Río Casiquiare afluente Río Negro,,,,,2006-01-12T00:00:00,,,"<nO>Mammals of Amazonia. Volume I : General introduction and primates DA CRUZ LIMA, Eladio</nO>",Primates,Chordata,,,,,,,Saimiri sciureus cassiquiarensis,,,sciureus,Territorio Federal Amazonas,,,,,
,O,5969,Mammalia,FPR-COLOMBIA,66,,,Colombia,Solano,,,-0.0263888888888889,-72.2008333333333,-0.0263888888888889,-72.2008333333333,Cebidae,,Saimiri,,1,cassiquiarensis,Fundación Puerto Rastrojo - Colômbia,Animalia,Puerto Yavilla Río Mesay,,,,,2006-01-12T00:00:00,,,"<nO>Lista de mamíferos colectados en la zona del Chiribiquete MONTENEGRO DIAZ, Olga L.</nO>",Primates,Chordata,,,,,,,Saimiri sciureus cassiquiarensis,,,sciureus,Caquetá,,,,,
,PreservedSpecimen,USNM 495210,Mammalia,US-ANIMALIA,556,South America,,Venezuela,,31,,2.62,-66.32,2.62,-66.32,Cebidae,,Saimiri,,1,,USNM,Animalia,"Capibara, 106 Km SW Esmeralda, Brazo Casiquiare",,,,130.0,2020-01-06T11:15:00,5,,,Primates,Chordata,Fluid,,Smithsonian Venezuelan Project,19406,,,Saimiri sciureus,,,sciureus,Amazonas,,02 37 -- N,066 19 -- W,1967,
,PreservedSpecimen,USNM 545892,Mammalia,US-ANIMALIA,556,South America,,Brazil,,3,,-9.17,-60.63,-9.17,-60.63,Cebidae,,Saimiri,,1,,USNM,Animalia,Aripuana,,,,,2019-11-22T12:10:00,9,,,Primates,Chordata,Skin; Skull,,,HM 81,,,Saimiri ustus,,,ustus,Mato Grosso,,09 10 -- S,060 38 -- W,1974,
,PreservedSpecimen,USNM 545893,Mammalia,US-ANIMALIA,556,South America,,Brazil,,2,,-9.17,-60.63,-9.17,-60.63,Cebidae,,Saimiri,,1,,USNM,Animalia,Aripuana,,,,,2019-11-22T12:10:00,6,,,Primates,Chordata,Skin; Skull,,,HB 190,,,Saimiri ustus,,,ustus,Mato Grosso,,09 10 -- S,060 38 -- W,1975,
,PreservedSpecimen,USNM 406443,Mammalia,US-ANIMALIA,556,South America,,Venezuela,,,,3.17,-65.82,3.17,-65.82,Cebidae,,Sapajus,,1,,USNM,Animalia,"Tamatama, Rio Orinoco",,,,135.0,2020-03-12T12:33:00,4,,,Primates,Chordata,Skin; Skull,,Smithsonian Venezuelan Project,18440,,,Sapajus apella,,,apella,Amazonas,,03 10 -- N,065 49 -- W,1967,
,PreservedSpecimen,USNM 443383,Mammalia,US-ANIMALIA,556,South America,,Venezuela,,,,3.17,-65.82,3.17,-65.82,Cebidae,,Sapajus,,1,,USNM,Animalia,"Tamatama, Rio Orinoco",,,,135.0,2020-03-02T12:15:00,4,,,Primates,Chordata,Skull,,Smithsonian Venezuelan Project,18438,,,Sapajus apella,,,apella,Amazonas,,03 10 -- N,065 49 -- W,1967,
,PreservedSpecimen,USNM 518259,Mammalia,US-ANIMALIA,556,South America,,Brazil,,27,,-3.83,-62.08,-3.83,-62.08,Cebidae,,Sapajus,,1,,USNM,Animalia,"Codajaz, Mata Do Laguinho",,,,,2019-12-09T15:49:00,5,,,Primates,Chordata,Skin; Skull,,,24281 (11),,,Sapajus apella,,,apella,Amazonas,,03 50 -- S,062 05 -- W,1948,
,PreservedSpecimen,USNM 518262,Mammalia,US-ANIMALIA,556,South America,,Brazil,,17,,-3.45,-68.8,-3.45,-68.8,Cebidae,,Sapajus,,1,,USNM,Animalia,"Sao Paulo De Olivenca, Varzea Paranamirim Do Municipio",,,,,2019-12-09T15:49:00,8,,,Primates,Chordata,Skin; Skull,,,29506 (50),,,Sapajus apella,,,apella,Amazonas,,03 27 -- S,068 48 -- W,1948,
,PreservedSpecimen,USNM 545857,Mammalia,US-ANIMALIA,556,South America,,Brazil,,8,,-7.52,-63.03,-7.52,-63.03,Cebidae,,Sapajus,,1,,USNM,Animalia,"Humaita, Br 230, Km 969, Itaituba-Humaita, Transamazonica Hwy.",,,,,2019-11-22T12:09:00,11,,,Primates,Chordata,Skin; Skull,,,A 1725,,,Sapajus apella,,,apella,Amazonas,,07 31 -- S,063 02 -- W,1974,
,PreservedSpecimen,USNM 545860,Mammalia,US-ANIMALIA,556,South America,,Brazil,,28,,-7.52,-63.03,-7.52,-63.03,Cebidae,,Sapajus,,1,,USNM,Animalia,"Humaita, Br 230, Km 969, Itaituba-Humaita, Transamazonica Hwy.",,,,,2022-06-30T12:01:00,11,,,Primates,Chordata,Skin; Skull,,,A 1764,,,Sapajus apella,,,apella,Amazonas,,07 31 -- S,063 02 -- W,1974,
,PreservedSpecimen,USNM 545861,Mammalia,US-ANIMALIA,556,South America,,Brazil,,30,,-9.17,-60.63,-9.17,-60.63,Cebidae,,Sapajus,,1,,USNM,Animalia,Aripuana,,,,,2019-11-22T12:09:00,8,,,Primates,Chordata,Skull,,,HM 63,,,Sapajus apella,,,apella,Mato Grosso,,09 10 -- S,060 38 -- W,1974,
,PreservedSpecimen,USNM 545862,Mammalia,US-ANIMALIA,556,South America,,Brazil,,30,,-9.17,-60.63,-9.17,-60.63,Cebidae,,Sapajus,,1,,USNM,Animalia,Aripuana,,,,,2019-11-22T12:09:00,8,,,Primates,Chordata,Skull,,,HM 64,,,Sapajus apella,,,apella,Mato Grosso,,09 10 -- S,060 38 -- W,1974,
,PreservedSpecimen,USNM 545863,Mammalia,US-ANIMALIA,556,South America,,Brazil,,2,,-9.17,-60.63,-9.17,-60.63,Cebidae,,Sapajus,,1,,USNM,Animalia,Aripuana,,,,,2019-11-22T12:09:00,6,,,Primates,Chordata,Skin; Skull,,,HB 191,,,Sapajus apella,,,apella,Mato Grosso,,09 10 -- S,060 38 -- W,1975,
,PreservedSpecimen,USNM 545864,Mammalia,US-ANIMALIA,556,South America,,Brazil,,21,,-9.17,-60.63,-9.17,-60.63,Cebidae,,Sapajus,,1,,USNM,Animalia,Aripuana,,,,,2019-11-22T12:09:00,11,,,Primates,Chordata,Skin; Skull,,,HB 328,,,Sapajus apella,,,apella,Mato Grosso,,09 10 -- S,060 38 -- W,1975,
,PreservedSpecimen,USNM 545865,Mammalia,US-ANIMALIA,556,South America,,Brazil,,27,,-9.17,-60.63,-9.17,-60.63,Cebidae,,Sapajus,,1,,USNM,Animalia,Aripuana,,,,,2019-11-22T12:10:00,11,,,Primates,Chordata,Skull,,,HB 338,,,Sapajus apella,,,apella,Mato Grosso,,09 10 -- S,060 38 -- W,1975,
,PreservedSpecimen,USNM 546252,Mammalia,US-ANIMALIA,556,South America,,Brazil,,6,,-4.92,-55.6,-4.92,-55.6,Cebidae,,Sapajus,,1,,USNM,Animalia,"Itaituba, Br. 165, Santarem-Cuiaba, Zona Sul",,,,,2019-11-22T13:19:00,4,,,Primates,Chordata,Skin; Skull,,,A 2699,,,Sapajus apella,,,apella,Para,,04 55 -- S,055 36 -- W,1976,
,PreservedSpecimen,USNM 546253,Mammalia,US-ANIMALIA,556,South America,,Brazil,,6,,-4.92,-55.6,-4.92,-55.6,Cebidae,,Sapajus,,1,,USNM,Animalia,"Itaituba, Br. 165, Santarem-Cuiaba, Zona Sul, Km 446, Rio Jamaxizinho",,,,,2019-11-22T13:19:00,4,,,Primates,Chordata,Skull,,,A 2700,,,Sapajus apella,,,apella,Para,,04 55 -- S,055 36 -- W,1976,
,PreservedSpecimen,USNM 546255,Mammalia,US-ANIMALIA,556,South America,,Brazil,,28,,-4.92,-55.6,-4.92,-55.6,Cebidae,,Sapajus,,1,,USNM,Animalia,"Itaituba, Br. 165, Santarem-Cuiaba, Zona Sul",,,,,2019-11-22T13:19:00,4,,,Primates,Chordata,Skull,,,A 2796,,,Sapajus apella,,,apella,Para,,04 55 -- S,055 36 -- W,1976,
,PreservedSpecimen,USNM 546256,Mammalia,US-ANIMALIA,556,South America,,Brazil,,2,,-1.03,-57.15,-1.03,-57.15,Cebidae,,Sapajus,,1,,USNM,Animalia,"Oriximina, Cachoeira Porteira",,,,,2019-11-22T13:19:00,9,,,Primates,Chordata,Skull,,,A 2847,,,Sapajus apella,,,apella,Para,,01 02 -- S,057 09 -- W,1976,
,PreservedSpecimen,USNM 546257,Mammalia,US-ANIMALIA,556,South America,,Brazil,,19,,-1.03,-57.15,-1.03,-57.15,Cebidae,,Sapajus,,1,,USNM,Animalia,"Oriximina, Cachoeira Porteira",,,,,2019-11-22T13:19:00,9,,,Primates,Chordata,Skin; Skull,,,A 2967,,,Sapajus apella,,,apella,Para,,01 02 -- S,057 09 -- W,1976,
,PreservedSpecimen,USNM 546258,Mammalia,US-ANIMALIA,556,South America,,Brazil,,20,,-1.03,-57.15,-1.03,-57.15,Cebidae,,Sapajus,,1,,USNM,Animalia,"Oriximina, Cachoeira Porteira",,,,,2019-11-22T13:19:00,9,,,Primates,Chordata,Skull,,,A 2968,,,Sapajus apella,,,apella,Para,,01 02 -- S,057 09 -- W,1976,
,PreservedSpecimen,USNM 546259,Mammalia,US-ANIMALIA,556,South America,,Brazil,,6,,-1.03,-57.15,-1.03,-57.15,Cebidae,,Sapajus,,1,,USNM,Animalia,"Oriximina, Cachoeira Porteira",,,,,2019-11-22T13:19:00,12,,,Primates,Chordata,Skull,,,A 3036,,,Sapajus apella,,,apella,Para,,01 02 -- S,057 09 -- W,1976,
,O,63976,Mammalia,FPR-COLOMBIA,66,,,Brasil,,,,-2.73833333333333,-68.0905555555556,-2.73833333333333,-68.0905555555556,Cebidae,,Lagothrix,,1,lagothricha,Fundación Puerto Rastrojo - Colômbia,Animalia,Río Tonantins afluente Río Amazonas,,,,,2006-01-12T00:00:00,,,"<nO>Mammals of Amazonia. Volume I : General introduction and primates DA CRUZ LIMA, Eladio</nO>",Primates,Chordata,,,,,,,Lagothrix lagothricha lagothricha,,,lagothricha,Estado de Amazonas,,,,,
,O,5598,Mammalia,FPR-COLOMBIA,66,,,Colombia,Leticia,,,-4.15,-69.95,-4.15,-69.95,Cebidae,,Lagothrix,,1,,Fundación Puerto Rastrojo - Colômbia,Animalia,Leticia Río Amazonas,,,,,2006-01-12T00:00:00,,,<nO>Mammals from Colombia in MVZ Collections</nO>,Primates,Chordata,,,"Lehmann, V.",,,,Lagothrix lagothricha,,,lagothricha,Amazonas,,,,,
,O,5983,Mammalia,FPR-COLOMBIA,66,,,Colombia,Mirití Paraná,,,-1,-70.5,-1,-70.5,Cebidae,,Lagothrix,,1,,Fundación Puerto Rastrojo - Colômbia,Animalia,Puerto Rastrojo Río Miritipaná,,,,,2006-01-12T00:00:00,,,"<nO>Observaciones sobre los primates del bajo río Mirití-Paraná, Amazonas, Colombia DEFLER, Thomas R.</nO>",Primates,Chordata,,,"Defler, Thomas",,,,Lagothrix lagothricha,,,lagothricha,Amazonas,,,,,
,O,5449,Mammalia,FPR-COLOMBIA,66,,,Colombia,Miraflores,,,1.23583333333333,-71.6919444444444,1.23583333333333,-71.6919444444444,Cebidae,,Lagothrix,,1,,Fundación Puerto Rastrojo - Colômbia,Animalia,Río Vaupés,,,,,2006-01-12T00:00:00,,,"<nO>Mammal species of the world : A taxonomic and geographic reference WILSON, Don E.;REEDER, DeeAnn M.</nO>",Primates,Chordata,,,,,,,Lagothrix lagothricha,,,lagothricha,Guaviare,,,,,
,O,5984,Mammalia,FPR-COLOMBIA,66,,,Colombia,Mirití Paraná,,,-1,-70.5,-1,-70.5,Cebidae,,Lagothrix,,1,,Fundación Puerto Rastrojo - Colômbia,Animalia,Puerto Rastrojo Río Miritipaná,,,,,2006-01-12T00:00:00,,,"<nO>Observaciones sobre los primates del bajo río Mirití-Paraná, Amazonas, Colombia DEFLER, Thomas R.</nO>",Primates,Chordata,,,"Defler, Thomas",,,,Lagothrix lagothricha,,,lagothricha,Amazonas,,,,,
,O,5421,Mammalia,FPR-COLOMBIA,66,,,Colombia,Puerto Colombia,,,2.13333333333333,-68.2166666666667,2.13333333333333,-68.2166666666667,Cebidae,,Lagothrix,,1,,Fundación Puerto Rastrojo - Colômbia,Animalia,Serranía De Naquen,,,,,2006-01-12T00:00:00,,,"<nO>Amazon 1992. Final Report A Cambridge-RHBNC Expedition to Colombia KINGSTON, Tigga;BARLOW, Kate;NEWMAN, Jonathan;et al.</nO>",Primates,Chordata,,,,,,,Lagothrix lagothricha,,,lagothricha,Guainía,,,,,
,O,5550,Mammalia,FPR-COLOMBIA,66,,,Colombia,Puerto Nariño,,,-3.8,-70.3166666666667,-3.8,-70.3166666666667,Cebidae,,Lagothrix,,1,,Fundación Puerto Rastrojo - Colômbia,Animalia,San Martín de Amacayacú Río Amacayacú,,,,,2006-01-12T00:00:00,,,"<nO>Aspectos etnozoológicos relacionados con la actividad de la caza de los indígenas Ticuna, San Martín de Amacayacú [Amazonas] CAMPOS ROZO, Claudia</nO>",Primates,Chordata,,,"Campos R., Claudia",,,,Lagothrix lagothricha,,,lagothricha,Amazonas,,,,,
,O,5136,Mammalia,FPR-COLOMBIA,66,,,Colombia,Mirití Paraná,,,-0.991944444444444,-70.4183333333333,-0.991944444444444,-70.4183333333333,Cebidae,,Lagothrix,,1,,Fundación Puerto Rastrojo - Colômbia,Animalia,Guacayá Caño Guacayá,,,,,2006-01-12T00:00:00,,,"<nO>Mammals of the Neotropics EISENBERG, John F.</nO>",Primates,Chordata,,,,,,,Lagothrix lagothricha,,,lagothricha,Amazonas,,,,,
,O,5137,Mammalia,FPR-COLOMBIA,66,,,Colombia,Cartagena del Chairá,,,0.538333333333333,-74.375,0.538333333333333,-74.375,Cebidae,,Lagothrix,,1,,Fundación Puerto Rastrojo - Colômbia,Animalia,Cuba Río Caguán,,,,,2006-01-12T00:00:00,,,"<nO>Mammals of the Neotropics EISENBERG, John F.</nO>",Primates,Chordata,,,,,,,Lagothrix lagothricha,,,lagothricha,Caquetá,,,,,
,O,63977,Mammalia,FPR-COLOMBIA,66,,,Brasil,,,,-2.9,-68.6247222222222,-2.9,-68.6247222222222,Cebidae,,Lagothrix,,1,lagothricha,Fundación Puerto Rastrojo - Colômbia,Animalia,Río Içá afluente Río Solimões,,,,,2006-01-12T00:00:00,,,"<nO>Mammals of Amazonia. Volume I : General introduction and primates DA CRUZ LIMA, Eladio</nO>",Primates,Chordata,,,,,,,Lagothrix lagothricha lagothricha,,,lagothricha,Estado de Amazonas,,,,,
,O,5021,Mammalia,FPR-COLOMBIA,66,,,Colombia,Taraira,,,-1.09333333333333,-69.5,-1.09333333333333,-69.5,Cebidae,,Lagothrix,,1,lagothricha,Fundación Puerto Rastrojo - Colômbia,Animalia,Estación Caparú Lago Taraira Río Apaporis,,,,,2006-01-12T00:00:00,,,"<nO>Apéndices DEFLER, Thomas R.;DEFLER BENNETT, Sara;ARJONA, Beatriz</nO>",Primates,Chordata,,,,,,,Lagothrix lagothricha lagothricha,,,lagothricha,Vaupés,,,,,
,PreservedSpecimen,USNM 546241,Mammalia,US-ANIMALIA,556,South America,,Brazil,,26,,-4.92,-55.6,-4.92,-55.6,Atelidae,,Alouatta,,1,,USNM,Animalia,"Itaituba, Br. 165, Santarem-Cuiaba, Zona Sul",,,,,2019-11-22T13:18:00,4,,,Primates,Chordata,Skull,,,A 2785,,,Alouatta belzebul,,,belzebul,Para,,04 55 -- S,055 36 -- W,1976,
,PreservedSpecimen,USNM 546242,Mammalia,US-ANIMALIA,556,South America,,Brazil,,7,,-4.92,-55.6,-4.92,-55.6,Atelidae,,Alouatta,,1,,USNM,Animalia,"Itaituba, Br. 165, Santarem-Cuiaba, Zona Sul",,,,,2019-11-22T13:19:00,5,,,Primates,Chordata,Skull,,,A 2845,,,Alouatta belzebul,,,belzebul,Para,,04 55 -- S,055 36 -- W,1976,
,PreservedSpecimen,USNM 546243,Mammalia,US-ANIMALIA,556,South America,,Brazil,,3,,-1.03,-57.15,-1.03,-57.15,Atelidae,,Alouatta,,1,,USNM,Animalia,"Oriximina, Cachoeira Porteira",,,,,2019-11-22T13:19:00,9,,,Primates,Chordata,Skin; Skull,,,A 2849,,,Alouatta macconnelli,,,macconnelli,Para,,01 02 -- S,057 09 -- W,1976,
,PreservedSpecimen,USNM 546248,Mammalia,US-ANIMALIA,556,South America,,Brazil,,4,,-1.03,-57.15,-1.03,-57.15,Atelidae,,Alouatta,,1,,USNM,Animalia,"Oriximina, Cachoeira Porteira",,,,,2019-11-22T13:19:00,12,,,Primates,Chordata,Skull,,,A 3028,,,Alouatta macconnelli,,,macconnelli,Para,,01 02 -- S,057 09 -- W,1976,
,PreservedSpecimen,USNM 372799,Mammalia,US-ANIMALIA,556,South America,,Venezuela,,9,,2.5,-65.22,2.5,-65.22,Atelidae,,Alouatta,,1,,USNM,Animalia,"Boca Mavaca, 84 Km SSE Esmeralda",,,,138.0,2020-03-18T15:52:00,2,,,Primates,Chordata,Skull,,Smithsonian Venezuelan Project,06532,,,Alouatta seniculus,,,seniculus,Amazonas,,02 30 -- N,065 13 -- W,1966,
,PreservedSpecimen,USNM 406609,Mammalia,US-ANIMALIA,556,South America,,Venezuela,,11,,3.17,-65.82,3.17,-65.82,Atelidae,,Alouatta,,1,,USNM,Animalia,"Tamatama, Rio Orinoco",,,,135.0,2020-03-12T12:34:00,5,,,Primates,Chordata,Skin; Skull,,Smithsonian Venezuelan Project,19004,,,Alouatta seniculus,,,seniculus,Amazonas,,03 10 -- N,065 49 -- W,1967,
,PreservedSpecimen,USNM 406610,Mammalia,US-ANIMALIA,556,South America,,Venezuela,,18,,3.17,-65.82,3.17,-65.82,Atelidae,,Alouatta,,1,,USNM,Animalia,"Tamatama, Rio Orinoco",,,,135.0,2020-03-12T12:34:00,5,,,Primates,Chordata,Skin; Skull,,Smithsonian Venezuelan Project,19187,,,Alouatta seniculus,,,seniculus,Amazonas,,03 10 -- N,065 49 -- W,1967,
,PreservedSpecimen,USNM 406611,Mammalia,US-ANIMALIA,556,South America,,Venezuela,,20,,3.17,-65.82,3.17,-65.82,Atelidae,,Alouatta,,1,,USNM,Animalia,"Tamatama, Rio Orinoco",,,,135.0,2020-03-12T12:34:00,5,,,Primates,Chordata,Skin; Skull,,Smithsonian Venezuelan Project,19257,,,Alouatta seniculus,,,seniculus,Amazonas,,03 10 -- N,065 49 -- W,1967,
,PreservedSpecimen,USNM 406612,Mammalia,US-ANIMALIA,556,South America,,Venezuela,,20,,3.17,-65.82,3.17,-65.82,Atelidae,,Alouatta,,1,,USNM,Animalia,"Tamatama, Rio Orinoco",,,,135.0,2020-03-12T12:34:00,5,,,Primates,Chordata,Skin; Skull,,Smithsonian Venezuelan Project,19258,,,Alouatta seniculus,,,seniculus,Amazonas,,03 10 -- N,065 49 -- W,1967,
HU-ZOO30580,PreservedSpecimen,30580,Mammalia,HU-ZOO,566,South America,,Brazil,,17,,-2.83333,-55.13333,-2.83333,-55.13333,Callitrichidae,,Callithrix,,1,,MCZ,Animalia,"Rio Tapajos, Caxiricatuba",,,,,2024-12-20T16:12:05,08,,<nO>sex: male</nO>,Primates,Chordata,skull (dry); skin (dry),,Alfonso M. Olalla,6618,,,Callithrix argentata,"(Linnaeus, 1771)",,argentata,Para,,,,1932,
HU-ZOO30586,PreservedSpecimen,30586,Mammalia,HU-ZOO,566,South America,,Brazil,,12,,-3.12401,-55.24744,-3.12401,-55.24744,Callitrichidae,,Callithrix,,1,humeralifer,MCZ,Animalia,"Rio Tapajos, Boim",,,,,2024-12-20T16:12:05,12,,<nO>sex: male</nO>,Primates,Chordata,skull (dry); skin (dry),,Alfonso M. Olalla,6780,,,Callithrix humeralifer humeralifer,,,humeralifer,Para,,,,1932,
HU-ZOO30603,PreservedSpecimen,30603,Mammalia,HU-ZOO,566,South America,,Brazil,,22,,-3.08828,-55.1262,-3.08828,-55.1262,Callitrichidae,,Callithrix,,1,humeralifer,MCZ,Animalia,"Rio Tapajos, Tauary",,,,,2024-12-20T18:13:46,03,,<nO>sex: female</nO>,Primates,Chordata,skull (dry),,Alfonso M. Olalla,134,,,Callithrix humeralifer humeralifer,,,humeralifer,Para,,,,1933,
HU-ZOO30604,PreservedSpecimen,30604,Mammalia,HU-ZOO,566,South America,,Brazil,,01,,-3.08828,-55.1262,-3.08828,-55.1262,Callitrichidae,,Callithrix,,1,humeralifer,MCZ,Animalia,"Rio Tapajos, Tauary",,,,,2025-08-28T11:29:24,04,,<nO>sex: female</nO>,Primates,Chordata,skull (dry),,Alfonso M. Olalla,117,,,Callithrix humeralifer humeralifer,,,humeralifer,Para,,,,1933,
HU-ZOO30605,PreservedSpecimen,30605,Mammalia,HU-ZOO,566,South America,,Brazil,,25,,-3.08828,-55.1262,-3.08828,-55.1262,Callitrichidae,,Callithrix,,1,humeralifer,MCZ,Animalia,"Rio Tapajos, Tauary",,,,,2024-12-20T18:13:46,03,,<nO>sex: female</nO>,Primates,Chordata,skull (dry),,Alfonso M. Olalla,140,,,Callithrix humeralifer humeralifer,,,humeralifer,Para,,,,1933,
HU-ZOO30606,PreservedSpecimen,30606,Mammalia,HU-ZOO,566,South America,,Brazil,,02,,-3.08828,-55.1262,-3.08828,-55.1262,Callitrichidae,,Callithrix,,1,humeralifer,MCZ,Animalia,"Rio Tapajos, Tauary",,,,,2025-08-28T11:29:24,03,,<nO>sex: female</nO>,Primates,Chordata,skull (dry),,Alfonso M. Olalla,138,,,Callithrix humeralifer humeralifer,,,humeralifer,Para,,,,1905,
HU-ZOO32151,PreservedSpecimen,32151,Mammalia,HU-ZOO,566,South America,,Brazil,,11,,-3.08828,-55.1262,-3.08828,-55.1262,Cebidae,,Alouatta,,1,,MCZ,Animalia,"Rio Tapajos, Tauary",,,,,2024-12-20T18:21:29,03,,<nO>sex: male</nO>,Primates,Chordata,skull (dry),,Alfonso M. Olalla,,,,Alouatta beelzebul,,,beelzebul,Para,,,,1933,
HU-ZOO32161,PreservedSpecimen,32161,Mammalia,HU-ZOO,566,South America,,Brazil,,07,,-3.09216,-55.1216,-3.09216,-55.1216,Cebidae,,Alouatta,,1,,MCZ,Animalia,"Rio Tapajos, Tauray",,,,,2024-12-20T16:18:07,02,,<nO>sex: male</nO>,Primates,Chordata,skull (dry),,Alfonso M. Olalla,,,,Alouatta beelzebul,,,beelzebul,,,,,1933,
HU-ZOO30433,PreservedSpecimen,30433,Mammalia,HU-ZOO,566,South America,,Brazil,,02,,-3.08828,-55.1262,-3.08828,-55.1262,Cebidae,,Alouatta,,1,,MCZ,Animalia,"Rio Tapajos, Tauary",,,,,2025-08-28T11:29:24,03,,<nO>sex: male</nO>,Primates,Chordata,skull (dry),,Alfonso M. Olalla,129,,,Alouatta belzebul,"(Linnaeus, 1766)",,belzebul,Para,,,,1905,
HU-ZOO30434,PreservedSpecimen,30434,Mammalia,HU-ZOO,566,South America,,Brazil,,24,,-3.08828,-55.1262,-3.08828,-55.1262,Cebidae,,Alouatta,,1,,MCZ,Animalia,"Rio Tapajos, Tauary",,,,,2024-12-20T18:13:52,04,,<nO>sex: male</nO>,Primates,Chordata,skull (dry),,Alfonso M. Olalla,130,,,Alouatta belzebul,"(Linnaeus, 1766)",,belzebul,Para,,,,1933,
HU-ZOO30439,PreservedSpecimen,30439,Mammalia,HU-ZOO,566,South America,,Brazil,,11,,-3.08828,-55.1262,-3.08828,-55.1262,Cebidae,,Alouatta,,1,,MCZ,Animalia,"Rio Tapajos, Tauary",,,,,2024-12-20T18:13:52,03,,<nO>sex: female</nO>,Primates,Chordata,skull (dry),,Alfonso M. Olalla,112,,,Alouatta belzebul,"(Linnaeus, 1766)",,belzebul,Para,,,,1933,
HU-ZOO30713,PreservedSpecimen,30713,Mammalia,HU-ZOO,566,South America,,Brazil,,13,,-3.12401,-55.24744,-3.12401,-55.24744,Cebidae,,Alouatta,,1,,MCZ,Animalia,"Rio Tapajos, Boim",,,,,2024-12-20T16:12:05,12,,<nO>sex: male</nO>,Primates,Chordata,skull (dry); skin (dry),,Alfonso M. Olalla,6785,,,Alouatta belzebul,"(Linnaeus, 1766)",,belzebul,Para,,,,1932,
HU-ZOO30714,PreservedSpecimen,30714,Mammalia,HU-ZOO,566,South America,,Brazil,,,,-3.08828,-55.1262,-3.08828,-55.1262,Cebidae,,Alouatta,,1,,MCZ,Animalia,"Rio Tapajos, Tauary",,,,,2024-12-20T18:18:55,,,<nO>sex: male</nO>,Primates,Chordata,skull (dry); skin (dry),,Alfonso M. Olalla,6689,,,Alouatta belzebul,"(Linnaeus, 1766)",,belzebul,Para,,,,,
HU-ZOO8850,PreservedSpecimen,8850,Mammalia,HU-ZOO,566,South America,,Peru,,,,-8.11292,-74.66867,-8.11292,-74.66867,Cebidae,,Alouatta,Charles Sarkady,1,,MCZ,Animalia,Ucayali River,,,,,2024-12-20T16:17:28,,,<nO>sex: unknown</nO>,Primates,Chordata,whole animal (ethanol),,Charles Sarkady,,,,Alouatta seniculus,"(Linnaeus, 1766)",,seniculus,Ucayali,,,,,
,PreservedSpecimen,MVZ:Mamm:124102,Mammalia,MVZ-MAMMAL,168,,,Colombia,,06,27,-4.15,-69.95,-4.15,-69.95,Cebidae,,Lagothrix,Museum of Vertebrate Zoology,,,MVZ,Animalia,Leticia,,96,,96,2025-10-11T09:48:00.014004,08,01,Former nature_of_id: legacy.,Primates,Chordata,"skin, study; skull",,Collector(s): F. C. Lehmann,,,,Lagothrix lagotricha ssp.,,male,lagotricha,Amazonas,,,,1958,1999
,PreservedSpecimen,MVZ:Mamm:193651,Mammalia,MVZ-MAMMAL,168,,500,Brazil,,01,23,-8.6,-72.85,-8.6,-72.85,Callitrichidae,,Saguinus,James L. Patton,,,MVZ,Animalia,"Flora [=Fazenda Santa Fé], left bank Rio Juruá",,,,,2025-10-07T04:22:00.013366,03,03,Former nature_of_id: field.,Primates,Chordata,tissue (ethanol 95%),,Collector(s): Maria Nazareth F. da Silva,Maria Nazareth F. da Silva 50,,,Saguinus fuscicollis,,male,fuscicollis,Acre,,,,1992,2001
,PreservedSpecimen,MVZ:Mamm:193686,Mammalia,MVZ-MAMMAL,168,,500,Brazil,,25,23,-8.5666667,-72.8,-8.5666667,-72.8,Callitrichidae,,Cebuella,James L. Patton,,,MVZ,Animalia,"Ocidente, right bank Rio Juruá",,,,,2025-10-08T20:56:00.013335,02,03,Former nature_of_id: field.,Primates,Chordata,tissue (ethanol 95%),,Collector(s): Maria Nazareth F. da Silva,Maria Nazareth F. da Silva 44,,,Cebuella pygmaea,,unknown,pygmaea,Acre,,,,1992,2001
,PreservedSpecimen,MVZ:Mamm:193663,Mammalia,MVZ-MAMMAL,168,,500,Brazil,,12,23,-8.6,-72.85,-8.6,-72.85,Callitrichidae,,Saguinus,James L. Patton,,,MVZ,Animalia,"Flora [=Fazenda Santa Fé], left bank Rio Juruá",,,,,2025-10-09T12:08:00.013114,02,03,Former nature_of_id: field.,Primates,Chordata,tissue (ethanol 95%),,Collector(s): Maria Nazareth F. da Silva,Maria Nazareth F. da Silva 1027,,,Saguinus mystax,,female,mystax,Acre,,,,1992,2001
,PreservedSpecimen,MVZ:Mamm:193670,Mammalia,MVZ-MAMMAL,168,,500,Brazil,,12,23,-8.6,-72.85,-8.6,-72.85,Cebidae,,Aotus,James L. Patton,,,MVZ,Animalia,"Flora [=Fazenda Santa Fé], left bank Rio Juruá",,,,,2025-10-09T12:08:00.013114,02,03,Former nature_of_id: field.,Primates,Chordata,tissue (ethanol 95%),,Collector(s): Maria Nazareth F. da Silva,Maria Nazareth F. da Silva 1045,,,Aotus trivirgatus,,female,trivirgatus,Acre,,,,1992,2001
,PreservedSpecimen,MVZ:Mamm:193664,Mammalia,MVZ-MAMMAL,168,,500,Brazil,,12,23,-8.6,-72.85,-8.6,-72.85,Callitrichidae,,Saguinus,James L. Patton,,,MVZ,Animalia,"Flora [=Fazenda Santa Fé], left bank Rio Juruá",,,,,2025-10-09T12:08:00.013114,02,03,Former nature_of_id: field.,Primates,Chordata,tissue (ethanol 95%),,Collector(s): Maria Nazareth F. da Silva,Maria Nazareth F. da Silva 1028,,,Saguinus fuscicollis,,female,fuscicollis,Acre,,,,1992,2001
,PreservedSpecimen,MVZ:Mamm:193666,Mammalia,MVZ-MAMMAL,168,,500,Brazil,,13,23,-8.5666667,-72.8,-8.5666667,-72.8,Callitrichidae,,Saguinus,James L. Patton,,,MVZ,Animalia,"Ocidente, right bank Rio Juruá",,,,,2025-10-09T21:10:00.013214,02,03,Former nature_of_id: field.,Primates,Chordata,tissue (ethanol 95%),,Collector(s): Maria Nazareth F. da Silva,Maria Nazareth F. da Silva 1048,,,Saguinus fuscicollis,,female,fuscicollis,Acre,,,,1992,2001
,PreservedSpecimen,MVZ:Mamm:193649,Mammalia,MVZ-MAMMAL,168,,500,Brazil,,01,23,-8.6666667,-72.7833333,-8.6666667,-72.7833333,Callitrichidae,,Saguinus,James L. Patton,,,MVZ,Animalia,"Seringal Triunfo, Lago Toaré, left bank Rio Juruá",,,,,2025-10-10T04:48:00.014460,03,03,Former nature_of_id: field.,Primates,Chordata,tissue (ethanol 95%),,Collector(s): Maria Nazareth F. da Silva,Maria Nazareth F. da Silva 48,,,Saguinus fuscicollis,,male,fuscicollis,Acre,,,,1992,2001
,PreservedSpecimen,MVZ:Mamm:193654,Mammalia,MVZ-MAMMAL,168,,500,Brazil,,15,23,-8.3666667,-72.8166667,-8.3666667,-72.8166667,Callitrichidae,,Saguinus,James L. Patton,,,MVZ,Animalia,"Sobral, left bank Rio Juruá",,,,,2025-10-10T15:56:00.017309,03,03,Former nature_of_id: field.,Primates,Chordata,tissue (ethanol 95%),,Collector(s): Maria Nazareth F. da Silva,Maria Nazareth F. da Silva 53,,,Saguinus fuscicollis,,female,fuscicollis,Acre,,,,1992,2001
,PreservedSpecimen,MVZ:Mamm:193668,Mammalia,MVZ-MAMMAL,168,,500,Brazil,,03,23,-6.8333333,-70.0833333,-6.8333333,-70.0833333,Callitrichidae,,Saguinus,James L. Patton,,,MVZ,Animalia,"Penedo, right bank Rio Juruá",,,,,2025-10-11T01:06:00.013489,09,03,Former nature_of_id: field.,Primates,Chordata,tissue (ethanol 95%; frozen),,Collector(s): Carlos A. Peres,Carlos A. Peres 12,,,Saguinus fuscicollis,,male,fuscicollis,Amazonas,,,,1991,2001
,PreservedSpecimen,MVZ:Mamm:193657,Mammalia,MVZ-MAMMAL,168,,500,Brazil,,28,23,-8.6666667,-72.7833333,-8.6666667,-72.7833333,Callitrichidae,,Saguinus,James L. Patton,,,MVZ,Animalia,"Igarapé Porongaba, right bank Rio Juruá",,,,,2025-10-08T20:44:00.012003,02,03,Former nature_of_id: field.,Primates,Chordata,DNA (frozen); tissue (ethanol 95%),,Collector(s): Maria Nazareth F. da Silva,Maria Nazareth F. da Silva 47,,,Saguinus imperator,,male,imperator,Acre,"voucher of <a href=""http://arctos.database.museum/name/Saguinus imperator"">Saguinus imperator</a> in <a href=""http://arctos.database.museum/publication/10008085"">Wlasiuk et al. 2009</a>",,,1992,2001
,PreservedSpecimen,MVZ:Mamm:136567,Mammalia,MVZ-MAMMAL,168,,411,Peru,,08,27,-10.1333333333,-71.2166666667,-10.1333333333,-71.2166666667,Cebidae,,Cebus,Museum of Vertebrate Zoology,,,MVZ,Animalia,"Balta, Rio Curanja",,300,,300,2025-10-09T15:48:00.016051,07,01,Checked by J.L. Patton. Former nature_of_id: legacy.,Primates,Chordata,"skin, study; skull",,Collector(s): James L. Patton,James L. Patton 1367,,,Cebus albifrons ssp.,,female,albifrons,Ucayali,,,,1968,1999
,PreservedSpecimen,MVZ:Mamm:193661,Mammalia,MVZ-MAMMAL,168,,500,Brazil,,11,23,-8.5666667,-72.8,-8.5666667,-72.8,Cebidae,,Saimiri,James L. Patton,,,MVZ,Animalia,"Ocidente, right bank Rio Juruá",,,,,2025-10-10T05:54:00.014461,02,03,Former nature_of_id: field.,Primates,Chordata,tissue (ethanol 95%),,Collector(s): Maria Nazareth F. da Silva,Maria Nazareth F. da Silva 1025,,,Saimiri sciureus ssp.,,male,sciureus,Acre,"voucher of Saimiri sciureus ssp. page 2375 in <a href=""http://arctos.database.museum/publication/10008103"">Baker et al. 2017</a>",,,1992,2001
,PreservedSpecimen,MVZ:Mamm:193656,Mammalia,MVZ-MAMMAL,168,,500,Brazil,,31,23,-6.4666667,-68.7666667,-6.4666667,-68.7666667,Callitrichidae,,Saguinus,James L. Patton,,,MVZ,Animalia,"Barro Vermelho, left bank Rio Juruá",,,,,2025-10-10T10:34:00.011547,10,03,Former nature_of_id: field.,Primates,Chordata,DNA (frozen); tissue (ethanol 95%),,Collector(s): James L. Patton,James L. Patton 15902,,,Saguinus mystax,,female,mystax,Amazonas,,,,1991,2001
,PreservedSpecimen,MVZ:Mamm:193689,Mammalia,MVZ-MAMMAL,168,,500,Brazil,,27,23,-8.5666667,-72.8,-8.5666667,-72.8,Callitrichidae,,Cebuella,James L. Patton,,,MVZ,Animalia,"Ocidente, right bank Rio Juruá",,,,,2025-10-09T14:34:00.015505,02,03,Former nature_of_id: field.,Primates,Chordata,tissue (ethanol 95%),,Collector(s): Maria Nazareth F. da Silva,Maria Nazareth F. da Silva 1361,,,Cebuella pygmaea,,male,pygmaea,Acre,,,,1992,2001
,PreservedSpecimen,MVZ:Mamm:193683,Mammalia,MVZ-MAMMAL,168,,79156,Brazil,,23,23,-8.35367,-72.62245,-8.35367,-72.62245,Cebidae,,Pithecia,James L. Patton,,,MVZ,Animalia,left bank Rio Juruá,,,,,2025-10-09T08:54:00.016696,02,03,Former nature_of_id: field.,Primates,Chordata,DNA (frozen); tissue (ethanol 95%),,Collector(s): Maria Nazareth F. da Silva,Maria Nazareth F. da Silva 41,,,Pithecia monachus,,male,monachus,Acre,"voucher of <a href=""http://arctos.database.museum/name/Pithecia monachus"">Pithecia monachus</a> in <a href=""http://arctos.database.museum/publication/10008085"">Wlasiuk et al. 2009</a>",,,1992,2001
,PreservedSpecimen,MVZ:Mamm:193677,Mammalia,MVZ-MAMMAL,168,,500,Brazil,,11,23,-6.5833333,-68.9,-6.5833333,-68.9,Cebidae,,Lagothrix,James L. Patton,,,MVZ,Animalia,"Altamira, right bank Rio Juruá",,,,,2025-10-07T06:28:00.013047,11,03,Former nature_of_id: field.,Primates,Chordata,tissue (ethanol 95%),,Collector(s): Maria Nazareth F. da Silva,Maria Nazareth F. da Silva 24,,,Lagothrix lagotricha,,male,lagotricha,Amazonas,,,,1991,2001
,PreservedSpecimen,MVZ:Mamm:193646,Mammalia,MVZ-MAMMAL,168,,500,Brazil,,20,23,-8.6666667,-72.7833333,-8.6666667,-72.7833333,Callitrichidae,,Callimico,James L. Patton,,,MVZ,Animalia,"Igarapé Porongaba, right bank Rio Juruá",,,,,2025-10-09T15:08:00.013106,02,03,Former nature_of_id: field.,Primates,Chordata,tissue (ethanol 95%),,Collector(s): Maria Nazareth F. da Silva,Maria Nazareth F. da Silva 1151,,,Callimico goeldii,,male,goeldii,Acre,,,,1992,2001
,PreservedSpecimen,MVZ:Mamm:193675,Mammalia,MVZ-MAMMAL,168,,500,Brazil,,21,23,-8.6666667,-72.7833333,-8.6666667,-72.7833333,Cebidae,,Cebus,James L. Patton,,,MVZ,Animalia,"Igarapé Porongaba, right bank Rio Juruá",,,,,2025-10-10T09:54:00.021265,02,03,Former nature_of_id: field.,Primates,Chordata,tissue (ethanol 95%),,Collector(s): Maria Nazareth F. da Silva,Maria Nazareth F. da Silva 1174,,,Cebus albifrons,,male,albifrons,Acre,"voucher of <a href=""http://arctos.database.museum/name/Cebus albifrons"">Cebus albifrons</a> page 1 in <a href=""http://arctos.database.museum/publication/10008818"">Storer et al. 2019</a>",,,1992,2001
,PreservedSpecimen,MVZ:Mamm:136569,Mammalia,MVZ-MAMMAL,168,,411,Peru,,17,27,-10.1333333333,-71.2166666667,-10.1333333333,-71.2166666667,Callitrichidae,,Saguinus,Museum of Vertebrate Zoology,,,MVZ,Animalia,"Balta, Rio Curanja",,300,,300,2025-10-09T22:48:00.015332,06,01,Checked by J.L. Patton. Former nature_of_id: legacy.,Primates,Chordata,"karyotype; skin, study; skull",,Collector(s): James L. Patton,James L. Patton 1422,,,Saguinus imperator,,female,imperator,Ucayali,,,,1968,1999
,PreservedSpecimen,USNM 372810,Mammalia,US-ANIMALIA,556,South America,,Venezuela,,9,,2.5,-65.22,2.5,-65.22,Atelidae,,Ateles,,1,,USNM,Animalia,"Boca Mavaca, 84 Km SSE Esmeralda",,,,138.0,2020-03-18T15:53:00,2,,,Primates,Chordata,Partial Skull,,Smithsonian Venezuelan Project,06526,,,Ateles belzebuth,,,belzebuth,Amazonas,,02 30 -- N,065 13 -- W,1966,
,PreservedSpecimen,USNM 372811,Mammalia,US-ANIMALIA,556,South America,,Venezuela,,9,,2.5,-65.22,2.5,-65.22,Atelidae,,Ateles,,1,,USNM,Animalia,"Boca Mavaca, 84 Km SSE Esmeralda",,,,138.0,2020-03-18T15:53:00,2,,,Primates,Chordata,Partial Skull,,Smithsonian Venezuelan Project,06527,,,Ateles belzebuth,,,belzebuth,Amazonas,,02 30 -- N,065 13 -- W,1966,
,PreservedSpecimen,USNM 372812,Mammalia,US-ANIMALIA,556,South America,,Venezuela,,9,,2.5,-65.22,2.5,-65.22,Atelidae,,Ateles,,1,,USNM,Animalia,"Boca Mavaca, 84 Km SSE Esmeralda",,,,138.0,2020-03-18T15:53:00,2,,,Primates,Chordata,Skull,,Smithsonian Venezuelan Project,06528,,,Ateles belzebuth,,,belzebuth,Amazonas,,02 30 -- N,065 13 -- W,1966,
,PreservedSpecimen,USNM 372813,Mammalia,US-ANIMALIA,556,South America,,Venezuela,,9,,2.5,-65.22,2.5,-65.22,Atelidae,,Ateles,,1,,USNM,Animalia,"Boca Mavaca, 84 Km SSE Esmeralda",,,,138.0,2020-03-18T15:53:00,2,,,Primates,Chordata,Skull,,Smithsonian Venezuelan Project,06529,,,Ateles belzebuth,,,belzebuth,Amazonas,,02 30 -- N,065 13 -- W,1966,
,PreservedSpecimen,USNM 372814,Mammalia,US-ANIMALIA,556,South America,,Venezuela,,9,,2.5,-65.22,2.5,-65.22,Atelidae,,Ateles,,1,,USNM,Animalia,"Boca Mavaca, 84 Km SSE Esmeralda",,,,138.0,2020-03-18T15:53:00,2,,,Primates,Chordata,Skull,,Smithsonian Venezuelan Project,06530,,,Ateles belzebuth,,,belzebuth,Amazonas,,02 30 -- N,065 13 -- W,1966,
,PreservedSpecimen,USNM 372817,Mammalia,US-ANIMALIA,556,South America,,Venezuela,,9,,2.5,-65.22,2.5,-65.22,Atelidae,,Ateles,,1,,USNM,Animalia,"Boca Mavaca, 84 Km SSE Esmeralda",,,,138.0,2020-03-18T15:53:00,2,,,Primates,Chordata,Partial Skull,,Smithsonian Venezuelan Project,06535,,,Ateles belzebuth,,,belzebuth,Amazonas,,02 30 -- N,065 13 -- W,1966,
,PreservedSpecimen,USNM 372823,Mammalia,US-ANIMALIA,556,South America,,Venezuela,,11,,2.5,-65.22,2.5,-65.22,Atelidae,,Ateles,,1,,USNM,Animalia,"Boca Mavaca, 84 Km SSE Esmeralda",,,,138.0,2020-03-18T15:53:00,2,,,Primates,Chordata,Partial Skull,,Smithsonian Venezuelan Project,06573,,,Ateles belzebuth,,,belzebuth,Amazonas,,02 30 -- N,065 13 -- W,1966,
,PreservedSpecimen,USNM 372826,Mammalia,US-ANIMALIA,556,South America,,Venezuela,,11,,2.5,-65.22,2.5,-65.22,Atelidae,,Ateles,,1,,USNM,Animalia,"Boca Mavaca, 84 Km SSE Esmeralda",,,,138.0,2020-03-18T15:53:00,2,,,Primates,Chordata,Skull,,Smithsonian Venezuelan Project,06579,,,Ateles belzebuth,,,belzebuth,Amazonas,,02 30 -- N,065 13 -- W,1966,
,PreservedSpecimen,USNM 372827,Mammalia,US-ANIMALIA,556,South America,,Venezuela,,11,,2.5,-65.22,2.5,-65.22,Atelidae,,Ateles,,1,,USNM,Animalia,"Boca Mavaca, 84 Km SSE Esmeralda",,,,138.0,2020-03-18T15:53:00,2,,,Primates,Chordata,Partial Skull,,Smithsonian Venezuelan Project,06581,,,Ateles belzebuth,,,belzebuth,Amazonas,,02 30 -- N,065 13 -- W,1966,
,PreservedSpecimen,USNM 406472,Mammalia,US-ANIMALIA,556,South America,,Venezuela,,23,,2.25,-65.28,2.25,-65.28,Atelidae,,Ateles,,1,,USNM,Animalia,"Rio Mavaca, 108 Km SSE Esmeralda",,,,140.0,2020-03-12T12:33:00,3,,,Primates,Chordata,Skin; Skull,,Smithsonian Venezuelan Project,17389,,,Ateles belzebuth,,,belzebuth,Amazonas,,0215--N,06517--W,1967,
,PreservedSpecimen,USNM 406477,Mammalia,US-ANIMALIA,556,South America,,Venezuela,,,,3.17,-65.82,3.17,-65.82,Atelidae,,Ateles,,1,,USNM,Animalia,"Tamatama, Rio Orinoco",,,,135.0,2020-03-12T12:33:00,4,,,Primates,Chordata,Skin; Skull,,Smithsonian Venezuelan Project,18437,,,Ateles belzebuth,,,belzebuth,Amazonas,,03 10 -- N,065 49 -- W,1967,
,PreservedSpecimen,USNM 406481,Mammalia,US-ANIMALIA,556,South America,,Venezuela,,31,,2.25,-65.28,2.25,-65.28,Atelidae,,Ateles,,1,,USNM,Animalia,"Rio Mavaca, 108 Km SSE Esmeralda",,,,140.0,2020-03-12T12:33:00,3,,,Primates,Chordata,Skull,,Smithsonian Venezuelan Project,17414,,,Ateles belzebuth,,,belzebuth,Amazonas,,0215--N,06517--W,1967,
,PreservedSpecimen,USNM 406482,Mammalia,US-ANIMALIA,556,South America,,Venezuela,,2,,2.25,-65.28,2.25,-65.28,Atelidae,,Ateles,,1,,USNM,Animalia,"Rio Mavaca, 108 Km SSE Esmeralda",,,,140.0,2020-03-12T12:33:00,4,,,Primates,Chordata,Skull,,Smithsonian Venezuelan Project,17417,,,Ateles belzebuth,,,belzebuth,Amazonas,,0215--N,06517--W,1967,
,PreservedSpecimen,USNM 545852,Mammalia,US-ANIMALIA,556,South America,,Brazil,,9,,-9.17,-60.63,-9.17,-60.63,Atelidae,,Ateles,,1,,USNM,Animalia,Aripuana,,,,,2019-11-22T12:09:00,9,,,Primates,Chordata,Skull,,,HM 127,,,Ateles chamek,,,chamek,Mato Grosso,,09 10 -- S,060 38 -- W,1974,
,PreservedSpecimen,USNM 545854,Mammalia,US-ANIMALIA,556,South America,,Brazil,,3,,-9.17,-60.63,-9.17,-60.63,Atelidae,,Ateles,,1,,USNM,Animalia,Aripuana,,,,,2019-11-22T12:09:00,12,,,Primates,Chordata,Skull,,,HB 354,,,Ateles chamek,,,chamek,Mato Grosso,,09 10 -- S,060 38 -- W,1975,
,PreservedSpecimen,USNM 543359,Mammalia,US-ANIMALIA,556,South America,,Brazil,,9,,-4.42,-55.33,-4.42,-55.33,Atelidae,,Ateles,,1,,USNM,Animalia,"Itaituba, Guariba, Km. 25, Transamazonica Hwy",,,,,2019-11-25T09:58:00,11,,,Primates,Chordata,Skull,,,A-26,,,Ateles marginatus,,,marginatus,Para,,04 25 -- S,055 20 -- W,1971,
,PreservedSpecimen,USNM 545874,Mammalia,US-ANIMALIA,556,South America,,Brazil,,12,,-7.52,-63.03,-7.52,-63.03,Pitheciidae,,Chiropotes,,1,,USNM,Animalia,"Humaita, Br. 230, Itaituba-Humaita, Km 969, Transamazonica Hwy.",,,,,2019-11-22T12:10:00,11,,,Primates,Chordata,Skin; Skull,,,A 1731,,,Chiropotes albinasus,,,albinasus,Amazonas,,07 31 -- S,063 02 -- W,1974,
,PreservedSpecimen,USNM 545875,Mammalia,US-ANIMALIA,556,South America,,Brazil,,16,,-9.17,-60.63,-9.17,-60.63,Pitheciidae,,Chiropotes,,1,,USNM,Animalia,Aripuana,,,,,2019-11-22T12:10:00,8,,,Primates,Chordata,Skin; Skull,,,HM 10,,,Chiropotes albinasus,,,albinasus,Mato Grosso,,09 10 -- S,060 38 -- W,1974,
,PreservedSpecimen,USNM 545876,Mammalia,US-ANIMALIA,556,South America,,Brazil,,24,,-9.17,-60.63,-9.17,-60.63,Pitheciidae,,Chiropotes,,1,,USNM,Animalia,Aripuana,,,,,2019-11-22T12:10:00,8,,,Primates,Chordata,Skull,,,HM 45,,,Chiropotes albinasus,,,albinasus,Mato Grosso,,09 10 -- S,060 38 -- W,1974,
,PreservedSpecimen,USNM 545877,Mammalia,US-ANIMALIA,556,South America,,Brazil,,12,,-9.17,-60.63,-9.17,-60.63,Pitheciidae,,Chiropotes,,1,,USNM,Animalia,Aripuana,,,,,2019-11-22T12:10:00,6,,,Primates,Chordata,Skin; Skull,,,HB 234,,,Chiropotes albinasus,,,albinasus,Mato Grosso,,09 10 -- S,060 38 -- W,1975,
,PreservedSpecimen,USNM 546261,Mammalia,US-ANIMALIA,556,South America,,Brazil,,17,,-4.92,-55.6,-4.92,-55.6,Pitheciidae,,Chiropotes,,1,,USNM,Animalia,"Itaituba, Br. 165, Santarem-Cuiaba Km 446, Zona Sul, Rio Jamaxizinho",,,,,2019-11-22T13:19:00,4,,,Primates,Chordata,Skin; Skull,,,A 2740,,,Chiropotes albinasus,,,albinasus,Para,,04 55 -- S,055 36 -- W,1976,
,PreservedSpecimen,USNM 372775,Mammalia,US-ANIMALIA,556,South America,,Venezuela,,9,,2.5,-65.22,2.5,-65.22,Pitheciidae,,Chiropotes,,1,,USNM,Animalia,"Boca Mavaca, 84 Km SSE Esmeralda",,,,138.0,2020-03-18T15:52:00,2,,,Primates,Chordata,Skull,,Smithsonian Venezuelan Project,06516,,,Chiropotes chiropotes,,,chiropotes,Amazonas,,02 30 -- N,065 13 -- W,1966,
,PreservedSpecimen,USNM 372776,Mammalia,US-ANIMALIA,556,South America,,Venezuela,,9,,2.5,-65.22,2.5,-65.22,Pitheciidae,,Chiropotes,,1,,USNM,Animalia,"Boca Mavaca, 84 Km SSE Esmeralda",,,,138.0,2020-03-18T15:52:00,2,,,Primates,Chordata,Skull,,Smithsonian Venezuelan Project,06518,,,Chiropotes chiropotes,,,chiropotes,Amazonas,,02 30 -- N,065 13 -- W,1966,
,PreservedSpecimen,USNM 372778,Mammalia,US-ANIMALIA,556,South America,,Venezuela,,9,,2.5,-65.22,2.5,-65.22,Pitheciidae,,Chiropotes,,1,,USNM,Animalia,"Boca Mavaca, 84 Km SSE Esmeralda",,,,138.0,2020-03-18T15:52:00,2,,,Primates,Chordata,Skull,,Smithsonian Venezuelan Project,06522,,,Chiropotes chiropotes,,,chiropotes,Amazonas,,02 30 -- N,065 13 -- W,1966,
,PreservedSpecimen,USNM 372780,Mammalia,US-ANIMALIA,556,South America,,Venezuela,,9,,2.5,-65.22,2.5,-65.22,Pitheciidae,,Chiropotes,,1,,USNM,Animalia,"Boca Mavaca, 84 Km SSE Esmeralda",,,,135.0,2020-03-18T15:52:00,2,,,Primates,Chordata,Skull,,Smithsonian Venezuelan Project,06525,,,Chiropotes chiropotes,,,chiropotes,Amazonas,,02 30 -- N,065 13 -- W,1966,
,PreservedSpecimen,USNM 372782,Mammalia,US-ANIMALIA,556,South America,,Venezuela,,11,,2.5,-65.22,2.5,-65.22,Pitheciidae,,Chiropotes,,1,,USNM,Animalia,"Boca Mavaca, 84 Km SSE Esmeralda",,,,138.0,2020-03-18T15:52:00,2,,,Primates,Chordata,Skull,,Smithsonian Venezuelan Project,06569,,,Chiropotes chiropotes,,,chiropotes,Amazonas,,02 30 -- N,065 13 -- W,1966,
,PreservedSpecimen,USNM 372783,Mammalia,US-ANIMALIA,556,South America,,Venezuela,,11,,2.5,-65.22,2.5,-65.22,Pitheciidae,,Chiropotes,,1,,USNM,Animalia,"Boca Mavaca, 84 Km SSE Esmeralda",,,,138.0,2020-03-18T15:52:00,2,,,Primates,Chordata,Skull,,Smithsonian Venezuelan Project,06574,,,Chiropotes chiropotes,,,chiropotes,Amazonas,,02 30 -- N,065 13 -- W,1966,
,PreservedSpecimen,USNM 372785,Mammalia,US-ANIMALIA,556,South America,,Venezuela,,11,,2.5,-65.22,2.5,-65.22,Pitheciidae,,Chiropotes,,1,,USNM,Animalia,"Boca Mavaca, 84 Km SSE Esmeralda",,,,138.0,2020-03-18T15:52:00,2,,,Primates,Chordata,Skull,,Smithsonian Venezuelan Project,06577,,,Chiropotes chiropotes,,,chiropotes,Amazonas,,02 30 -- N,065 13 -- W,1966,
,PreservedSpecimen,USNM 372786,Mammalia,US-ANIMALIA,556,South America,,Venezuela,,11,,2.5,-65.22,2.5,-65.22,Pitheciidae,,Chiropotes,,1,,USNM,Animalia,"Boca Mavaca, 84 Km SSE Esmeralda",,,,138.0,2020-03-18T15:52:00,2,,,Primates,Chordata,Skull,,Smithsonian Venezuelan Project,06580,,,Chiropotes chiropotes,,,chiropotes,Amazonas,,02 30 -- N,065 13 -- W,1966,
,PreservedSpecimen,USNM 372788,Mammalia,US-ANIMALIA,556,South America,,Venezuela,,17,,2.5,-65.22,2.5,-65.22,Pitheciidae,,Chiropotes,,1,,USNM,Animalia,"Boca Mavaca, 84 Km SSE Esmeralda",,,,138.0,2020-03-18T15:52:00,2,,,Primates,Chordata,Skull,,Smithsonian Venezuelan Project,06688,,,Chiropotes chiropotes,,,chiropotes,Amazonas,,02 30 -- N,065 13 -- W,1966,
,PreservedSpecimen,USNM 406430,Mammalia,US-ANIMALIA,556,South America,,Venezuela,,24,,2.25,-65.28,2.25,-65.28,Pitheciidae,,Chiropotes,,1,,USNM,Animalia,"Rio Mavaca, 108 Km SSE Esmeralda",,,,140.0,2023-02-10T11:15:00,3,,,Primates,Chordata,Skin; Skull,,Smithsonian Venezuelan Project,17399,,,Chiropotes chiropotes,,,chiropotes,Amazonas,,0215--N,06517--W,1967,
,PreservedSpecimen,USNM 406575,Mammalia,US-ANIMALIA,556,South America,,Venezuela,,11,,3.17,-65.82,3.17,-65.82,Pitheciidae,,Chiropotes,,1,,USNM,Animalia,"Tamatama, Rio Orinoco",,,,135.0,2020-03-12T12:34:00,5,,,Primates,Chordata,Skin; Skull,,Smithsonian Venezuelan Project,18968,,,Chiropotes chiropotes,,,chiropotes,Amazonas,,03 10 -- N,065 49 -- W,1967,
,PreservedSpecimen,USNM 406576,Mammalia,US-ANIMALIA,556,South America,,Venezuela,,20,,3.17,-65.82,3.17,-65.82,Pitheciidae,,Chiropotes,,1,,USNM,Animalia,"Tamatama, Rio Orinoco",,,,135.0,2020-03-12T12:34:00,5,,,Primates,Chordata,Skin; Skull,,Smithsonian Venezuelan Project,19225,,,Chiropotes chiropotes,,,chiropotes,Amazonas,,03 10 -- N,065 49 -- W,1967,
,PreservedSpecimen,USNM 546263,Mammalia,US-ANIMALIA,556,South America,,Brazil,,3,,-1.03,-57.15,-1.03,-57.15,Pitheciidae,,Chiropotes,,1,,USNM,Animalia,"Oriximina, Cachoeira Porteira",,,,,2020-02-12T11:11:00,9,,,Primates,Chordata,Skull,,,A 2848,,,Chiropotes sagulatus,,,sagulatus,Para,,01 02 -- S,057 09 -- W,1976,
,PreservedSpecimen,USNM 406439,Mammalia,US-ANIMALIA,556,South America,,Venezuela,,23,,2.25,-65.28,2.25,-65.28,Cebidae,,Cebus,,1,,USNM,Animalia,"Rio Mavaca, 108 Km SSE Esmeralda",,,,140.0,2023-11-30T17:28:00,3,,,Primates,Chordata,Skin; Skull,,Smithsonian Venezuelan Project,17392,,,Cebus albifrons,,,albifrons,Amazonas,,0215--N,06517--W,1967,
,PreservedSpecimen,USNM 388177,Mammalia,US-ANIMALIA,556,South America,,Venezuela,,11,,3.18,-65.55,3.18,-65.55,Cebidae,,Cebus,,1,,USNM,Animalia,Esmeralda,,,,135.0,2020-03-17T11:55:00,11,,,Primates,Chordata,Skull,,Smithsonian Venezuelan Project,11252,,,Cebus olivaceus,,,olivaceus,Amazonas,,03 11 -- N,065 33 -- W,1966,
,PreservedSpecimen,USNM 406419,Mammalia,US-ANIMALIA,556,South America,,Venezuela,,31,,2.25,-65.28,2.25,-65.28,Pitheciidae,,Cacajao,,1,,USNM,Animalia,"Rio Mavaca, 108 Km SSE Esmeralda",,,,140.0,2020-03-12T12:33:00,3,,,Primates,Chordata,Skin; Skull,,Smithsonian Venezuelan Project,17409,,,Cacajao melanocephalus,,,melanocephalus,Amazonas,,02 15 -- N,065 17 -- W,1967,
,PreservedSpecimen,USNM 406422,Mammalia,US-ANIMALIA,556,South America,,Venezuela,,7,,2.25,-65.28,2.25,-65.28,Pitheciidae,,Cacajao,,1,,USNM,Animalia,"Rio Mavaca, 108 Km SSE Esmeralda",,,,140.0,2023-02-10T11:15:00,4,,,Primates,Chordata,Skin; Skull,,Smithsonian Venezuelan Project,17643,,,Cacajao melanocephalus,,,melanocephalus,Amazonas,,0215--N,06517--W,1967,
,PreservedSpecimen,USNM 406423,Mammalia,US-ANIMALIA,556,South America,,Venezuela,,7,,2.25,-65.28,2.25,-65.28,Pitheciidae,,Cacajao,,1,,USNM,Animalia,"Rio Mavaca, 108 Km SSE Esmeralda",,,,140.0,2023-02-10T11:15:00,4,,,Primates,Chordata,Skin; Skull,,Smithsonian Venezuelan Project,17644,,,Cacajao melanocephalus,,,melanocephalus,Amazonas,,0215--N,06517--W,1967,
,PreservedSpecimen,USNM 406426,Mammalia,US-ANIMALIA,556,South America,,Venezuela,,11,,2.25,-65.28,2.25,-65.28,Pitheciidae,,Cacajao,,1,,USNM,Animalia,"Rio Mavaca, 108 Km SSE Esmeralda",,,,140.0,2023-02-10T11:15:00,4,,,Primates,Chordata,Skin; Skull,,Smithsonian Venezuelan Project,17838,,,Cacajao melanocephalus,,,melanocephalus,Amazonas,,0215--N,06517--W,1967,
,PreservedSpecimen,USNM 406427,Mammalia,US-ANIMALIA,556,South America,,Venezuela,,11,,2.25,-65.28,2.25,-65.28,Pitheciidae,,Cacajao,,1,,USNM,Animalia,"Rio Mavaca, 108 Km SSE Esmeralda",,,,140.0,2020-03-12T12:33:00,4,,,Primates,Chordata,Skin; Skull,,Smithsonian Venezuelan Project,17839,,,Cacajao melanocephalus,,,melanocephalus,Amazonas,,0215--N,06517--W,1967,
,PreservedSpecimen,USNM 406574,Mammalia,US-ANIMALIA,556,South America,,Venezuela,,13,,2.62,-66.32,2.62,-66.32,Pitheciidae,,Cacajao,,1,,USNM,Animalia,"Capibara, 106 Km SW Esmeralda, Brazo Casiquiare",,,,130.0,2023-02-10T11:15:00,6,,,Primates,Chordata,Skin; Skull,,Smithsonian Venezuelan Project,19631,,,Cacajao melanocephalus,,,melanocephalus,Amazonas,,02 37 -- N,066 19 -- W,1967,
,PreservedSpecimen,USNM 495201,Mammalia,US-ANIMALIA,556,South America,,Venezuela,,2,,2.62,-66.32,2.62,-66.32,Pitheciidae,,Cacajao,,1,,USNM,Animalia,"Capibara, 106 Km SW Esmeralda, Brazo Casiquiare",,,,130.0,2020-01-06T11:15:00,6,,,Primates,Chordata,Fluid,,Smithsonian Venezuelan Project,19481,,,Cacajao melanocephalus,,,melanocephalus,Amazonas,,02 37 -- N,066 19 -- W,1967,
,PreservedSpecimen,USNM 546250,Mammalia,US-ANIMALIA,556,South America,,Brazil,,5,,-4.92,-55.6,-4.92,-55.6,Pitheciidae,,Callicebus,,1,,USNM,Animalia,"Itaituba, Br. 165, Santarem-Cuiaba, Zona Sul",,,,,2019-11-22T13:19:00,4,,,Primates,Chordata,Skin; Skull,,,A 2685,,,Callicebus moloch,,,moloch,Para,,04 55 -- S,055 36 -- W,1976,
,PreservedSpecimen,USNM 406410,Mammalia,US-ANIMALIA,556,South America,,Venezuela,,14,,2.43,-65.25,2.43,-65.25,Pitheciidae,,Callicebus,,1,,USNM,Animalia,"Boca Mavaca, 84 Km SSE Esmeralda, 9 Km Up Rio Mavaca",,,,138.0,2023-02-10T11:15:00,3,,,Primates,Chordata,Skin; Skull,,Smithsonian Venezuelan Project,16813,,,Callicebus torquatus,,,torquatus,Amazonas,,02 26 -- N,065 15 -- W,1967,
,PreservedSpecimen,USNM 406411,Mammalia,US-ANIMALIA,556,South America,,Venezuela,,19,,2.5,-65.22,2.5,-65.22,Pitheciidae,,Callicebus,,1,,USNM,Animalia,"Boca Mavaca, 84 Km SSE Esmeralda",,,,138.0,2023-02-10T11:15:00,3,,,Primates,Chordata,Skin; Skull,,Smithsonian Venezuelan Project,17298,,,Callicebus torquatus,,,torquatus,Amazonas,,02 30 -- N,065 13 -- W,1967,
,PreservedSpecimen,USNM 406412,Mammalia,US-ANIMALIA,556,South America,,Venezuela,,19,,2.5,-65.22,2.5,-65.22,Pitheciidae,,Callicebus,,1,,USNM,Animalia,"Boca Mavaca, 84 Km SSE Esmeralda",,,,138.0,2023-02-10T11:15:00,3,,<nO>Carrying juvenile ;</nO>,Primates,Chordata,Skin; Skull,,Smithsonian Venezuelan Project,17308,,,Callicebus torquatus,,,torquatus,Amazonas,,02 30 -- N,065 13 -- W,1967,
,PreservedSpecimen,USNM 406416,Mammalia,US-ANIMALIA,556,South America,,Venezuela,,24,,3.17,-65.82,3.17,-65.82,Pitheciidae,,Callicebus,,1,,USNM,Animalia,"Tamatama, Rio Orinoco",,,,135.0,2023-02-10T11:15:00,4,,,Primates,Chordata,Skin; Skull,,Smithsonian Venezuelan Project,18198,,,Callicebus torquatus,,,torquatus,Amazonas,,03 10 -- N,065 49 -- W,1967,
,PreservedSpecimen,USNM 406442,Mammalia,US-ANIMALIA,556,South America,,Venezuela,,,,3.17,-65.82,3.17,-65.82,Pitheciidae,,Callicebus,,1,,USNM,Animalia,"Tamatama, Rio Orinoco",,,,135.0,2020-03-12T12:33:00,4,,,Primates,Chordata,Skull,,Smithsonian Venezuelan Project,18443,,,Callicebus torquatus,,,torquatus,Amazonas,,03 10 -- N,065 49 -- W,1967,
,PreservedSpecimen,USNM 406564,Mammalia,US-ANIMALIA,556,South America,,Venezuela,,4,,2.62,-66.32,2.62,-66.32,Pitheciidae,,Callicebus,,1,,USNM,Animalia,"Capibara, 106 Km SW Esmeralda, Brazo Casiquiare",,,,130.0,2020-03-12T12:34:00,6,,,Primates,Chordata,Skin; Skull,,Smithsonian Venezuelan Project,19492,,,Callicebus torquatus,,,torquatus,Amazonas,,02 37 -- N,066 19 -- W,1967,
,PreservedSpecimen,USNM 406566,Mammalia,US-ANIMALIA,556,South America,,Venezuela,,6,,2.62,-66.32,2.62,-66.32,Pitheciidae,,Callicebus,,1,,USNM,Animalia,"Capibara, 106 Km SW Esmeralda, Brazo Casiquiare",,,,130.0,2020-03-12T12:34:00,6,,,Primates,Chordata,Skin; Skull,,Smithsonian Venezuelan Project,19539,,,Callicebus torquatus,,,torquatus,Amazonas,,02 37 -- N,066 19 -- W,1967,
,PreservedSpecimen,USNM 406567,Mammalia,US-ANIMALIA,556,South America,,Venezuela,,6,,2.62,-66.32,2.62,-66.32,Pitheciidae,,Callicebus,,1,,USNM,Animalia,"Capibara, 106 Km SW Esmeralda, Brazo Casiquiare",,,,130.0,2022-07-05T11:04:00,6,,,Primates,Chordata,Skin; Skull,,Smithsonian Venezuelan Project,19540,,,Callicebus torquatus,,,torquatus,Amazonas,,02 37 -- N,066 19 -- W,1967,
,PreservedSpecimen,USNM 406568,Mammalia,US-ANIMALIA,556,South America,,Venezuela,,6,,2.62,-66.32,2.62,-66.32,Pitheciidae,,Callicebus,,1,,USNM,Animalia,"Capibara, 106 Km SW Esmeralda, Brazo Casiquiare",,,,130.0,2022-07-05T11:04:00,6,,,Primates,Chordata,Skin; Skull,,Smithsonian Venezuelan Project,19541,,,Callicebus torquatus,,,torquatus,Amazonas,,02 37 -- N,066 19 -- W,1967,
,PreservedSpecimen,USNM 495198,Mammalia,US-ANIMALIA,556,South America,,Venezuela,,9,,2.25,-65.28,2.25,-65.28,Pitheciidae,,Callicebus,,1,,USNM,Animalia,"Rio Mavaca, 108 Km SSE Esmeralda",,,,140.0,2020-01-06T11:15:00,4,,,Primates,Chordata,Fluid,,Smithsonian Venezuelan Project,17707,,,Callicebus torquatus,,,torquatus,Amazonas,,0215--N,06517--W,1967,
,PreservedSpecimen,USNM 495199,Mammalia,US-ANIMALIA,556,South America,,Venezuela,,21,,3.17,-65.82,3.17,-65.82,Pitheciidae,,Callicebus,,1,,USNM,Animalia,"Tamatama, Rio Orinoco",,,,135.0,2020-01-06T11:15:00,5,,,Primates,Chordata,Fluid,,Smithsonian Venezuelan Project,19244,,,Callicebus torquatus,,,torquatus,Amazonas,,03 10 -- N,065 49 -- W,1967,
,PreservedSpecimen,USNM 545850,Mammalia,US-ANIMALIA,556,South America,,Brazil,,27,,-9.17,-60.63,-9.17,-60.63,Aotidae,,Aotus,,1,,USNM,Animalia,Aripuana,,,,,2019-11-22T12:09:00,11,,,Primates,Chordata,Skin; Skull,,,HB-339,,,Aotus nigriceps,,,nigriceps,Mato Grosso,,09 10 -- S,060 38 -- W,1975,
,PreservedSpecimen,USNM 406403,Mammalia,US-ANIMALIA,556,South America,,Venezuela,,1,,2.45,-65.23,2.45,-65.23,Aotidae,,Aotus,,1,,USNM,Animalia,"Boca Mavaca, 84 Km SSE Esmeralda, 7 Km Up Rio Mavaca",,,,138.0,2020-03-12T12:33:00,3,,,Primates,Chordata,Skin; Skull,,Smithsonian Venezuelan Project,16661,,,Aotus trivirgatus,,,trivirgatus,Amazonas,,02 27 -- N,065 14 -- W,1967,
,PreservedSpecimen,USNM 406404,Mammalia,US-ANIMALIA,556,South America,,Venezuela,,7,,2.45,-65.23,2.45,-65.23,Aotidae,,Aotus,,1,,USNM,Animalia,"Boca Mavaca, 84 Km SSE Esmeralda, 7 Km Up Rio Mavaca",,,,138.0,2020-03-12T12:33:00,3,,,Primates,Chordata,Skin; Skull,,Smithsonian Venezuelan Project,16739,,,Aotus trivirgatus,,,trivirgatus,Amazonas,,02 27 -- N,065 14 -- W,1967,
,PreservedSpecimen,USNM 406405,Mammalia,US-ANIMALIA,556,South America,,Venezuela,,10,,2.43,-65.25,2.43,-65.25,Aotidae,,Aotus,,1,,USNM,Animalia,"Boca Mavaca, 84 Km SSE Esmeralda, 10 Km Up Rio Mavaca",,,,138.0,2020-03-12T12:33:00,3,,,Primates,Chordata,Skin; Skull,,Smithsonian Venezuelan Project,16771,,,Aotus trivirgatus,,,trivirgatus,Amazonas,,02 26 -- N,065 15 -- W,1967,
HU-ZOO30723,PreservedSpecimen,30723,Mammalia,HU-ZOO,566,South America,,Brazil,,17,,-3.12401,-55.24744,-3.12401,-55.24744,Cebidae,,Cebus,,1,unicolor,MCZ,Animalia,"Rio Tapajos, Boim",,,,,2024-12-20T16:12:06,12,,<nO>sex: female</nO>,Primates,Chordata,skull (dry); skin (dry),,Alfonso M. Olalla,6844,,,Cebus albifrons unicolor,,,albifrons,Para,,,,1932,
HU-ZOO30725,PreservedSpecimen,30725,Mammalia,HU-ZOO,566,South America,,Brazil,,,,-3.12401,-55.24744,-3.12401,-55.24744,Cebidae,,Cebus,,1,unicolor,MCZ,Animalia,"Rio Tapajos, Boim",,,,,2024-12-20T16:12:06,,,<nO>sex: female</nO>,Primates,Chordata,skull (dry); skin (dry),,Alfonso M. Olalla,6816,,,Cebus albifrons unicolor,,,albifrons,Para,,,,,
HU-ZOO37830,PreservedSpecimen,37830,Mammalia,HU-ZOO,566,South America,,Brazil,,05,,2.81867,-60.70279,2.81867,-60.70279,Cebidae,,Cebus,,1,libidinosus,MCZ,Animalia,"Maranhao, Boa Vista",,,,,2024-12-20T16:12:04,02,,<nO>sex: male</nO>,Primates,Chordata,skull (dry); skin (dry),,Garbe,2487,,,Cebus apella libidinosus,,,apella,,,,,1907,
HU-ZOO30724,PreservedSpecimen,30724,Mammalia,HU-ZOO,566,South America,,Brazil,,,,-3.12401,-55.24744,-3.12401,-55.24744,Cebidae,,Cebus,,1,macrocephalus,MCZ,Animalia,"Rio Tapajos, Boim",,,,,2024-12-20T16:12:06,,,<nO>sex: female</nO>,Primates,Chordata,skull (dry); skin (dry),,Alfonso M. Olalla,6837,,,Cebus apella macrocephalus,,,apella,Para,,,,,
HU-ZOO30726,PreservedSpecimen,30726,Mammalia,HU-ZOO,566,South America,,Brazil,,28,,-2.83333,-55.13333,-2.83333,-55.13333,Cebidae,,Cebus,,1,macrocephalus,MCZ,Animalia,"Rio Tapajos, Caxiricatuba",,,,,2024-12-20T16:12:06,07,,<nO>sex: female</nO>,Primates,Chordata,skull (dry); skin (dry),,Alfonso M. Olalla,6604,,,Cebus apella macrocephalus,,,apella,Para,,,,1932,
HU-ZOO31064,PreservedSpecimen,31064,Mammalia,HU-ZOO,566,South America,,Brazil,,02,,-3.08828,-55.1262,-3.08828,-55.1262,Cebidae,,Cebus,,1,macrocephalus,MCZ,Animalia,"Rio Tapajos, Tauary",,,,,2025-08-28T11:29:24,03,,<nO>sex: female</nO>,Primates,Chordata,skull (dry); skin (dry),,Alfonso M. Olalla,6646,,,Cebus apella macrocephalus,,,apella,Para,,,,1905,
HU-ZOO31066,PreservedSpecimen,31066,Mammalia,HU-ZOO,566,South America,,Brazil,,,,-3.12401,-55.24744,-3.12401,-55.24744,Cebidae,,Cebus,,1,macrocephalus,MCZ,Animalia,"Rio Tapajos, Boim",,,,,2024-12-20T16:12:06,,,<nO>sex: female</nO>,Primates,Chordata,skull (dry); skin (dry),,Alfonso M. Olalla,6838,,,Cebus apella macrocephalus,,,apella,Para,,,,,
HU-ZOO31068,PreservedSpecimen,31068,Mammalia,HU-ZOO,566,South America,,Brazil,,08,,-3.08828,-55.1262,-3.08828,-55.1262,Cebidae,,Cebus,,1,macrocephalus,MCZ,Animalia,"Rio Tapajos, Tauary",,,,,2024-12-20T18:05:02,12,,<nO>sex: male</nO>,Primates,Chordata,skull (dry); skin (dry),,Alfonso M. Olalla,6756,,,Cebus apella macrocephalus,,,apella,Para,,,,1932,
HU-ZOO31070,PreservedSpecimen,31070,Mammalia,HU-ZOO,566,South America,,Brazil,,04,,-1.95397,-55.30848,-1.95397,-55.30848,Cebidae,,Cebus,,1,macrocephalus,MCZ,Animalia,"Rio Amazonas, Boca do Igarape Piaba",,,,,2024-12-20T18:05:02,03,,<nO>sex: male</nO>,Primates,Chordata,skull (dry); skin (dry),,Alfonso M. Olalla,6941,,,Cebus apella macrocephalus,,,apella,Para,,,,1933,
HU-ZOO31073,PreservedSpecimen,31073,Mammalia,HU-ZOO,566,South America,,Brazil,,22,,-3.12401,-55.24744,-3.12401,-55.24744,Cebidae,,Cebus,,1,macrocephalus,MCZ,Animalia,"Rio Tapajos, Boim",,,,,2024-12-20T16:12:06,12,,<nO>sex: male</nO>,Primates,Chordata,skull (dry); skin (dry),,Alfonso M. Olalla,6858,,,Cebus apella macrocephalus,,,apella,Para,,,,1933,
HU-ZOO32049,PreservedSpecimen,32049,Mammalia,HU-ZOO,566,South America,,Brazil,,05,,-3.08828,-55.1262,-3.08828,-55.1262,Cebidae,,Cebus,,1,macrocephalus,MCZ,Animalia,"Rio Tapajos, Tauary",,,,,2024-12-20T18:04:13,02,,<nO>sex: male</nO>,Primates,Chordata,skull (dry),,Alfonso M. Olalla,72,,,Cebus apella macrocephalus,,,apella,Para,,,,1933,
HU-ZOO32050,PreservedSpecimen,32050,Mammalia,HU-ZOO,566,South America,,Brazil,,06,,-3.08828,-55.1262,-3.08828,-55.1262,Cebidae,,Cebus,,1,macrocephalus,MCZ,Animalia,"Rio Tapajos, Tauary",,,,,2024-12-20T18:06:09,02,,<nO>sex: male</nO>,Primates,Chordata,skull (dry),,Alfonso M. Olalla,73,,,Cebus apella macrocephalus,,,apella,Para,,,,1933,
HU-ZOO32051,PreservedSpecimen,32051,Mammalia,HU-ZOO,566,South America,,Brazil,,04,,-3.08828,-55.1262,-3.08828,-55.1262,Cebidae,,Cebus,,1,macrocephalus,MCZ,Animalia,"Rio Tapajos, Tauary",,,,,2024-12-20T18:04:13,02,,<nO>sex: male</nO>,Primates,Chordata,skull (dry),,Alfonso M. Olalla,71,,,Cebus apella macrocephalus,,,apella,Para,,,,1933,
HU-ZOO32172,PreservedSpecimen,32172,Mammalia,HU-ZOO,566,South America,,Brazil,,04,,-3.08828,-55.1262,-3.08828,-55.1262,Cebidae,,Cebus,,1,macrocephalus,MCZ,Animalia,"Rio Tapajos, Tauary",,,,,2024-12-20T18:04:18,04,,<nO>sex: male</nO>,Primates,Chordata,skull (dry); skin (dry),,Alfonso M. Olalla,120,,,Cebus apella macrocephalus,,,apella,Para,,,,1933,
HU-ZOO32175,PreservedSpecimen,32175,Mammalia,HU-ZOO,566,South America,,Brazil,,28,,-3.08828,-55.1262,-3.08828,-55.1262,Cebidae,,Cebus,,1,macrocephalus,MCZ,Animalia,"Rio Tapajos, Tauary",,,,,2024-12-20T18:04:18,01,,<nO>sex: male</nO>,Primates,Chordata,skull (dry),,Alfonso M. Olalla,66,,,Cebus apella macrocephalus,,,apella,Para,,,,1933,
HU-ZOO39566,PreservedSpecimen,39566,Mammalia,HU-ZOO,566,South America,,Peru,,15,,-12.59432,-69.19926,-12.59432,-69.19926,Cebidae,,Cebus,,1,macrocephalus,MCZ,Animalia,"Puerto Maldonado, altitude 600 [feet]",,,,,2024-12-20T16:12:06,02,,<nO>sex: male</nO>,Primates,Chordata,skull (dry); skin (dry),,"Oliver P. Pearson, G. P. Gardner, Jr.",51,,,Cebus apella macrocephalus,,,apella,,,,,1940,
HU-ZOO41090,PreservedSpecimen,41090,Mammalia,HU-ZOO,566,South America,,Peru,,01,,-13.31827,-73.26904,-13.31827,-73.26904,Cebidae,,Cebus,,1,macrocephalus,MCZ,Animalia,Urubamba River,,,,,2024-12-20T16:12:17,01,,<nO>ear from notch: 38mm; hind foot with claw: 121mm; sex: female; tail length: 410mm; total length: 895mm</nO>,Primates,Chordata,skull (dry),,"Oliver P. Pearson, G. P. Gardner, Jr.",73,,,Cebus apella macrocephalus,,,apella,,,,,1915,
HU-ZOO3934,PreservedSpecimen,3934,Mammalia,HU-ZOO,566,South America,,Brazil,,,,-1.90177,-55.52038,-1.90177,-55.52038,Cebidae,,Cebus,Walter Hunnewell,1,,MCZ,Animalia,Obidos,,,,,2024-12-20T16:17:26,,,<nO>sex: male</nO>,Primates,Chordata,skin (dry),,"William James, Walter Hunnewell",,,,Cebus fatuellus,,,fatuellus,Para,,,,,
HU-ZOO40980,PreservedSpecimen,40980,Mammalia,HU-ZOO,566,South America,,Peru,,27,,-13.31827,-73.26904,-13.31827,-73.26904,Cebidae,,Aotus,,1,,MCZ,Animalia,Urubamba River,,,,,2024-12-20T16:12:06,04,,<nO>ear from notch: 32mm; hind foot with claw: 86mm; sex: female; tail length: 383mm; total length: 725mm</nO>,Primates,Chordata,skull (dry),,"Oliver P. Pearson, G. P. Gardner, Jr.",649,,,Aotus trivirgatus,,,trivirgatus,,,,,1940,
HU-ZOOBOM-5071,PreservedSpecimen,BOM-5071,Mammalia,HU-ZOO,566,South America,,Peru,,01,,-8.52539,-73.84668,-8.52539,-73.84668,Cebidae,,Aotus,,1,,MCZ,Animalia,eastern Peru,,,,,2024-12-20T16:12:06,01,,<nO>sex: unknown</nO>,Primates,Chordata,skull (dry),,"Edward Gerrard, Jr.",,,,Aotus trivirgatus,,,trivirgatus,,,,,1810,
HU-ZOO3931,PreservedSpecimen,3931,Mammalia,HU-ZOO,566,South America,,Brazil,,,,-1.90177,-55.52038,-1.90177,-55.52038,Cebidae,,Lagothrix,Walter Hunnewell,1,,MCZ,Animalia,Obidos,,,,,2024-12-20T16:17:26,,,<nO>sex: unknown</nO>,Primates,Chordata,skin (dry),,"William James, Walter Hunnewell",,,,Lagothrix infumata,,,infumata,Para,,,,,
HU-ZOO37610,PreservedSpecimen,37610,Mammalia,HU-ZOO,566,South America,,Brazil,,,,-2.51708,-65.43105,-2.51708,-65.43105,Cebidae,,Lagothrix,,1,poeppigii,MCZ,Animalia,Upper Amazon,,,,,2024-12-20T16:12:14,,,<nO>sex: male</nO>,Primates,Chordata,other (dry),,,,,,Lagothrix lagothricha poeppigii,,,lagothricha,,,,,,
HU-ZOO3939,PreservedSpecimen,3939,Mammalia,HU-ZOO,566,South America,,Brazil,,01,,-3.04148,-60.00416,-3.04148,-60.00416,Callitrichidae,,Leontopithecus,,1,,MCZ,Animalia,Brazil; Lake Hyanuaria,,,,,2025-04-14T13:03:00,01,,<nO>sex: female</nO>,Primates,Chordata,skin (mounted); skeleton (dry),,Thayer Expedition to Brazil,,,,Leontopithecus rosalia,"(Linnaeus, 1766)",,rosalia,Amazonas,,,,1865,
HU-ZOO1438,PreservedSpecimen,1438,Mammalia,HU-ZOO,566,South America,,Brazil,,01,,-3.07905,-59.99507,-3.07905,-59.99507,Cebidae,,Pithecia,,1,,MCZ,Animalia,Manaos,,,,,2024-12-20T16:12:13,01,,<nO>sex: unknown</nO>,Primates,Chordata,skin (mounted),,Newton Dexter,,,,Pithecia monachus,"(É. Geoffroy Saint-Hilaire, 1812)",,monachus,,,,,1865,
HU-ZOOBOM-8462,PreservedSpecimen,BOM-8462,Mammalia,HU-ZOO,566,South America,,Peru,,,,-8.52539,-73.84668,-8.52539,-73.84668,Cebidae,,Ateles,,1,,MCZ,Animalia,eastern Peru,,,,,2024-12-20T16:12:06,,,<nO>age class: subadult; sex: female</nO>,Primates,Chordata,skull (dry),,"Edward Gerrard, Jr.",,,,Ateles fusciceps,"Gray, 1866",,fusciceps,,,,,,
HU-ZOOBOM-8463,PreservedSpecimen,BOM-8463,Mammalia,HU-ZOO,566,South America,,Peru,,,,-8.52539,-73.84668,-8.52539,-73.84668,Cebidae,,Ateles,,1,,MCZ,Animalia,eastern Peru,,,,,2024-12-20T16:12:14,,,<nO>age class: subadult; sex: male</nO>,Primates,Chordata,skull (dry),,"Edward Gerrard, Jr.",,,,Ateles fusciceps,"Gray, 1866",,fusciceps,,,,,,
HU-ZOO31701,PreservedSpecimen,31701,Mammalia,HU-ZOO,566,South America,,Brazil,,,,-3.12401,-55.24744,-3.12401,-55.24744,Cebidae,,Chiropotes,,1,,MCZ,Animalia,"Rio Tapajos, Boim",,,,,2024-12-20T16:12:05,,,<nO>sex: female</nO>,Primates,Chordata,skull (dry); skin (dry),,Alfonso M. Olalla,,,,Chiropotes albinasus,"(I. Geoffroy Saint-Hilaire and Deville, 1848)",,albinasus,Para,,,,,
HU-ZOO3977,PreservedSpecimen,3977,Mammalia,HU-ZOO,566,South America,,Brazil,,,,-3.15927,-60.00262,-3.15927,-60.00262,Cebidae,,Cothurus,Newton Dexter,1,,MCZ,Animalia,Manaus,,,,,2024-12-20T16:17:26,,,<nO>sex: unknown</nO>,Primates,Chordata,skin (dry),,Newton Dexter,,,,Cothurus rubicundus,,,rubicundus,Amazonas,,,,,
HU-ZOO4042,PreservedSpecimen,4042,Mammalia,HU-ZOO,566,South America,,Brazil,,,,-3.83998,-62.06262,-3.83998,-62.06262,Cebidae,,Cothurus,Thayer,1,,MCZ,Animalia,Codajas,,,,,2024-12-20T16:17:24,,,<nO>sex: unknown</nO>,Primates,Chordata,skin (dry),,"Stephen V. R. Thayer, D. Bourget",,,,Cothurus rubicundus,,,rubicundus,Amazonas,,,,,
HU-ZOO20993,PreservedSpecimen,20993,Mammalia,HU-ZOO,566,South America,,Brazil,,,,-3.07905,-59.99507,-3.07905,-59.99507,Cebidae,,Callicebus,,1,cupreus,MCZ,Animalia,Manaos,,,,,2024-12-20T16:12:05,,,<nO>sex: unknown</nO>,Primates,Chordata,skull (dry); skin (dry),,Ralph E. Wheeler,,,,Callicebus moloch cupreus,,,moloch,,,,,,
HU-ZOO37828,PreservedSpecimen,37828,Mammalia,HU-ZOO,566,South America,,Brazil,,01,,-6.52476,-68.80475,-6.52476,-68.80475,Cebidae,,Callicebus,,1,cupreus,MCZ,Animalia,"Amazonas, Rio Jurua",,,,,2024-12-20T16:12:04,03,,<nO>sex: male</nO>,Primates,Chordata,skull (dry); skin (dry),,Garbe,,,,Callicebus moloch cupreus,,,moloch,,,,,1902,
HU-ZOO30558,PreservedSpecimen,30558,Mammalia,HU-ZOO,566,South America,,Brazil,,,,-3.12401,-55.24744,-3.12401,-55.24744,Cebidae,,Callicebus,,1,hoffmansi,MCZ,Animalia,"Rio Tapajos, Boim",,,,,2024-12-20T16:12:13,,,<nO>sex: female</nO>,Primates,Chordata,skull (dry); skin (dry),,Alfonso M. Olalla,6818,,,Callicebus moloch hoffmansi,,,moloch,Para,,,,,
HU-ZOO30564,PreservedSpecimen,30564,Mammalia,HU-ZOO,566,South America,,Brazil,,,,-3.08828,-55.1262,-3.08828,-55.1262,Cebidae,,Callicebus,,1,remulus,MCZ,Animalia,"Rio Tapajos, Tauary",,,,,2024-12-20T18:15:58,,,<nO>sex: male</nO>,Primates,Chordata,skull (dry); skin (dry),,Alfonso M. Olalla,7125,,,Callicebus moloch remulus,,,moloch,Para,,,,,
HU-ZOO30565,PreservedSpecimen,30565,Mammalia,HU-ZOO,566,South America,,Brazil,,09,,-3.08828,-55.1262,-3.08828,-55.1262,Cebidae,,Callicebus,,1,remulus,MCZ,Animalia,"Rio Tapajos, Tauary",,,,,2024-12-20T18:15:58,05,,<nO>sex: female</nO>,Primates,Chordata,skull (dry); skin (dry),,Alfonso M. Olalla,7114,,,Callicebus moloch remulus,,,moloch,Para,,,,1933,
HU-ZOO32379,PreservedSpecimen,32379,Mammalia,HU-ZOO,566,South America,,Brazil,,04,,-3.08828,-55.1262,-3.08828,-55.1262,Cebidae,,Callicebus,,1,remulus,MCZ,Animalia,"Rio Tapajos, Tauary",,,,,2024-12-20T18:04:18,05,,<nO>sex: female</nO>,Primates,Chordata,skull (dry); skin (dry),,Alfonso M. Olalla,132,,,Callicebus moloch remulus,,,moloch,Para,,,,1933,
HU-ZOO32380,PreservedSpecimen,32380,Mammalia,HU-ZOO,566,South America,,Brazil,,22,,-3.08828,-55.1262,-3.08828,-55.1262,Cebidae,,Callicebus,,1,remulus,MCZ,Animalia,"Rio Tapajos, Tauary",,,,,2024-12-20T18:04:18,05,,<nO>sex: male</nO>,Primates,Chordata,skull (dry); skin (dry),,Alfonso M. Olalla,133,,,Callicebus moloch remulus,,,moloch,Para,,,,1933,
HU-ZOO32383,PreservedSpecimen,32383,Mammalia,HU-ZOO,566,South America,,Brazil,,07,,-3.08828,-55.1262,-3.08828,-55.1262,Cebidae,,Callicebus,,1,remulus,MCZ,Animalia,"Rio Tapajos, Tauary",,,,,2024-12-20T18:18:45,02,,<nO>sex: male</nO>,Primates,Chordata,skull (dry); skin (dry),,Alfonso M. Olalla,78,,,Callicebus moloch remulus,,,moloch,Para,,,,1933,
HU-ZOO12457,PreservedSpecimen,12457,Mammalia,HU-ZOO,566,South America,,Peru,,01,,-13.21252,-72.75721,-13.21252,-72.75721,Callitrichidae,,Saguinus,,1,weddelli,MCZ,Animalia,"Peru, Urubamba River",,,,,2024-12-20T16:12:06,01,,<nO>sex: unknown</nO>,Primates,Chordata,skull (dry),,William C. Farabee,24193,,,Saguinus fuscicollis weddelli,"Deville, 1849",,fuscicollis,,,,,1907,
HU-ZOO30567,PreservedSpecimen,30567,Mammalia,HU-ZOO,566,South America,,Brazil,,31,,-3.08828,-55.1262,-3.08828,-55.1262,Cebidae,,Saimiri,,1,,MCZ,Animalia,"Rio Tapajos, Tauary",,,,,2024-12-20T18:13:52,08,,<nO>sex: female</nO>,Primates,Chordata,skull (dry); skin (dry),,Alfonso M. Olalla,,,,Saimiri sciureus,"(Linnaeus, 1758)",,sciureus,Para,,,,1932,
HU-ZOO39568,PreservedSpecimen,39568,Mammalia,HU-ZOO,566,South America,,Peru,,13,,-12.59231,-69.19668,-12.59231,-69.19668,Cebidae,,Saimiri,,1,,MCZ,Animalia,"Puerto Maldonado, altitude 600 [feet]",,,,,2024-12-20T16:12:06,02,,<nO>sex: male</nO>,Primates,Chordata,skull (dry); skin (dry),,"Oliver P. Pearson, G. P. Gardner, Jr.",43,,,Saimiri sciureus,"(Linnaeus, 1758)",,sciureus,Madre de Dios,,,,1940,
HU-ZOO3974,PreservedSpecimen,3974,Mammalia,HU-ZOO,566,South America,,Brazil,,,,-3.36841,-64.72054,-3.36841,-64.72054,Cebidae,,Saimiri,Thayer Expedition to Brazil,1,,MCZ,Animalia,"Tefé [Tefe, Teffe]",,,,,2024-12-20T16:17:26,,,<nO>sex: male</nO>,Primates,Chordata,skin (dry),,Thayer Expedition to Brazil,,,,Saimiri sciureus,"(Linnaeus, 1758)",,sciureus,Amazonas,,,,,
HU-ZOO40979,PreservedSpecimen,40979,Mammalia,HU-ZOO,566,South America,,Peru,,23,,-13.31827,-73.26904,-13.31827,-73.26904,Cebidae,,Saimiri,,1,,MCZ,Animalia,Urubamba River,,,,,2024-12-20T16:12:06,04,,<nO>ear from notch: 30mm; hind foot with claw: 90mm; sex: male; tail length: 418mm; total length: 755mm</nO>,Primates,Chordata,skull (dry),,"Oliver P. Pearson, G. P. Gardner, Jr.",640,,,Saimiri sciureus,"(Linnaeus, 1758)",,sciureus,,,,,1940,
HU-ZOO40981,PreservedSpecimen,40981,Mammalia,HU-ZOO,566,South America,,Peru,,28,,-13.31827,-73.26904,-13.31827,-73.26904,Cebidae,,Saimiri,,1,,MCZ,Animalia,Urubamba River,,,,,2024-12-20T16:12:12,04,,<nO>ear from notch: 28mm; hind foot with claw: 83mm; sex: male; tail length: 410mm; total length: 743mm</nO>,Primates,Chordata,skull (dry),,"Oliver P. Pearson, G. P. Gardner, Jr.",653,,,Saimiri sciureus,"(Linnaeus, 1758)",,sciureus,,,,,1940,
HU-ZOO40982,PreservedSpecimen,40982,Mammalia,HU-ZOO,566,South America,,Peru,,01,,-13.31827,-73.26904,-13.31827,-73.26904,Cebidae,,Saimiri,,1,,MCZ,Animalia,Urubamba River,,,,,2024-12-20T16:12:12,01,,<nO>ear from notch: 22mm; hind foot with claw: 74mm; sex: male; tail length: 360mm; total length: 625mm</nO>,Primates,Chordata,skull (dry),,"Oliver P. Pearson, G. P. Gardner, Jr.",653 1/2,,,Saimiri sciureus,"(Linnaeus, 1758)",,sciureus,,,,,1915,
HU-ZOO41071,PreservedSpecimen,41071,Mammalia,HU-ZOO,566,South America,,Peru,,01,,-13.31827,-73.26904,-13.31827,-73.26904,Cebidae,,Saimiri,,1,,MCZ,Animalia,Urubamba River,,,,,2024-12-20T16:12:06,01,,<nO>ear from notch: 28mm; hind foot with claw: 88mm; sex: male; tail length: 430mm; total length: 770mm</nO>,Primates,Chordata,skull (dry),,"Oliver P. Pearson, G. P. Gardner, Jr.",641,,,Saimiri sciureus,"(Linnaeus, 1758)",,sciureus,,,,,1915,
HU-ZOO57570,PreservedSpecimen,57570,Mammalia,HU-ZOO,566,South America,,Colombia,,01,,-4.15,-69.95,-4.15,-69.95,Cebidae,,Saimiri,,1,caquetensis,MCZ,Animalia,within 50 kilometer radius of Leticia,,,,,2024-12-20T16:12:06,07,,<nO>sex: unknown</nO>,Primates,Chordata,skull (dry),,"Russell Alan Mittermeier, Leslie E. Sponsel",,,,Saimiri sciureus caquetensis,,,sciureus,,,,,1972,
HU-ZOO57572,PreservedSpecimen,57572,Mammalia,HU-ZOO,566,South America,,Colombia,,01,,-4.15,-69.95,-4.15,-69.95,Cebidae,,Saimiri,,1,macrodon,MCZ,Animalia,within 50 km radius of Leticia,,,,,2024-12-20T16:12:06,07,,<nO>sex: unknown</nO>,Primates,Chordata,skull (dry),,"Leslie E. Sponsel, Russell Alan Mittermeier",,,,Saimiri sciureus macrodon,,,sciureus,,,,,1972,
HU-ZOO57573,PreservedSpecimen,57573,Mammalia,HU-ZOO,566,South America,,Colombia,,01,,-4.15,-69.95,-4.15,-69.95,Cebidae,,Saimiri,,1,macrodon,MCZ,Animalia,within 50 km radius of Leticia,,,,,2024-12-20T16:12:06,07,,<nO>sex: unknown</nO>,Primates,Chordata,skeleton (dry),,"Leslie E. Sponsel, Russell Alan Mittermeier",,,,Saimiri sciureus macrodon,,,sciureus,,,,,1972,
HU-ZOO30570,PreservedSpecimen,30570,Mammalia,HU-ZOO,566,South America,,Brazil,,15,,-1.95397,-55.30848,-1.95397,-55.30848,Cebidae,,Saimiri,,1,sciureus,MCZ,Animalia,"Rio Amazonas, Boca do Igarape Piaba",,,,,2024-12-20T18:15:58,03,,<nO>sex: female</nO>,Primates,Chordata,skull (dry); skin (dry),,Alfonso M. Olalla,7001,,,Saimiri sciureus sciureus,,,sciureus,Para,,,,1933,
HU-ZOO30571,PreservedSpecimen,30571,Mammalia,HU-ZOO,566,South America,,Brazil,,,,-1.95397,-55.30848,-1.95397,-55.30848,Cebidae,,Saimiri,,1,sciureus,MCZ,Animalia,"Rio Amazonas, Boca do Igarape Piaba",,,,,2024-12-20T18:15:58,,,<nO>sex: male</nO>,Primates,Chordata,skull (dry); skin (dry),,Alfonso M. Olalla,6971,,,Saimiri sciureus sciureus,,,sciureus,Para,,,,,
HU-ZOO30574,PreservedSpecimen,30574,Mammalia,HU-ZOO,566,South America,,Brazil,,03,,-1.95397,-55.30848,-1.95397,-55.30848,Cebidae,,Saimiri,,1,sciureus,MCZ,Animalia,"Rio Amazonas, Boca do Igarape Piaba",,,,,2024-12-20T18:13:53,03,,<nO>sex: male</nO>,Primates,Chordata,skull (dry); skin (dry),,Alfonso M. Olalla,6919,,,Saimiri sciureus sciureus,,,sciureus,Para,,,,1933,
,S,MM000740,Mammalia,UFMG-BDT,414,América do Sul,339799,Brasil,Porto Velho,26,,-8.762344,-63.90435,-8.762344,-63.90435,Cebidae,,Cebuella,,,,UFMG,Animalia,,,,,,2017-03-30T08:55:31,12,,Indivíduo 2 - Grupo A,Primates,Craniata,Carcaça,M001549,José Eustáquio do Santos Júnior,JEN049,,,Cebuella pygmaea,,s/ID,pygmaea,Rondônia,,,,2011,
,S,MM000734,Mammalia,UFMG-BDT,414,América do Sul,339799,Brasil,Porto Velho,13,,-8.762344,-63.90435,-8.762344,-63.90435,Cebidae,,Mico,,,,UFMG,Animalia,Margem direita do Rio Madeira,,,,,2017-03-30T08:55:31,12,,,Primates,Craniata,Sangue,M001543,José Eustáquio do Santos Júnior,JEN005,,,Mico rondoni,,Macho,rondoni,Rondônia,,,,2011,
,S,MM000175,Mammalia,UFMG-BDT,414,América do Sul,58959,Brasil,Chupinguaia,,,-12.552637,-60.900176,-12.552637,-60.900176,Cebidae,,Mico,,,,UFMG,Animalia,,,,,,2017-03-30T08:55:31,,,Visto no 2 semestre de 2014,Primates,Craniata,Músculo,M001703,s/ID,RO 39,,,Mico sp.,,s/ID,sp.,Rondônia,,,,,
,S,MM000200,Mammalia,UFMG-BDT,414,América do Sul,339799,Brasil,Porto Velho,09,,-8.762344,-63.90435,-8.762344,-63.90435,Pitheciidae,,Callicebus,,,,UFMG,Animalia,Área de influência da UHE Santo Antônio do Rio Madeira,,,,,2017-03-30T08:55:31,12,,,Primates,Craniata,,M001798,José Eustáquio do Santos Júnior,ME97,UFMG-MAM-3951,,Callicebus dubius,,,dubius,Rondônia,,,,2011,
,S,MM000733,Mammalia,UFMG-BDT,414,América do Sul,339799,Brasil,Porto Velho,01,,-8.762344,-63.90435,-8.762344,-63.90435,Pitheciidae,,Pithecia,,,,UFMG,Animalia,,,,,,2017-03-30T08:55:31,12,,,Primates,Craniata,Tecido (etanol 70%),M001542,José Eustáquio do Santos Júnior,JEN004,,,Pithecia pithecia,,Fêmea,pithecia,Rondônia,,,,2012,
,S,CM395,Mammalia,CM,228,América do Sul,81305,Brasil,Lucas do Rio Verde,13,,-13.050703,-55.911541,-13.050703,-55.911541,Atelidae,,Alouatta,,,,UNEMAT,Animalia,margem esquerda do Rio Verde,,,,,2015-04-28T16:42:46,03,,Habitat: Mata Ciliar; Obs: Abandonado pela mãe por estar muito fraca,Primates,Chordata,seca,,"Köppe, V. C.",RGM 23,,,Alouatta caraya,,M,caraya,MT,,,,2006,
,PreservedSpecimen,MVZ:Mamm:193684,Mammalia,MVZ-MAMMAL,168,,500,Brazil,,12,23,-8.3666667,-72.8166667,-8.3666667,-72.8166667,Cebidae,,Pithecia,James L. Patton,,,MVZ,Animalia,"Sobral, left bank Rio Juruá",,,,,2025-10-07T03:18:00.016331,03,03,Former nature_of_id: field.,Primates,Chordata,tissue (ethanol 95%),,Collector(s): Maria Nazareth F. da Silva,Maria Nazareth F. da Silva 1491,,,Pithecia monachus,,male,monachus,Acre,,,,1992,2001
,PreservedSpecimen,MVZ:Mamm:193655,Mammalia,MVZ-MAMMAL,168,,500,Brazil,,20,23,-6.4666667,-68.7666667,-6.4666667,-68.7666667,Callitrichidae,,Saguinus,James L. Patton,,,MVZ,Animalia,"Barro Vermelho, left bank Rio Juruá",,,,,2025-10-06T23:10:00.015700,10,03,Former nature_of_id: field.,Primates,Chordata,DNA (frozen); tissue (ethanol 95%; frozen),,Collector(s): James L. Patton,James L. Patton 15788,,,Saguinus fuscicollis,,female,fuscicollis,Amazonas,"voucher of <a href=""http://arctos.database.museum/name/Saguinus fuscicollis"">Saguinus fuscicollis</a> in <a href=""http://arctos.database.museum/publication/10008085"">Wlasiuk et al. 2009</a>",,,1991,2001
,PreservedSpecimen,MVZ:Mamm:136568,Mammalia,MVZ-MAMMAL,168,,411,Peru,,16,27,-10.1333333333,-71.2166666667,-10.1333333333,-71.2166666667,Callitrichidae,,Saguinus,Museum of Vertebrate Zoology,,,MVZ,Animalia,"Balta, Rio Curanja",,300,,300,2025-10-11T12:48:00.015086,06,01,Checked by J.L. Patton. Former nature_of_id: legacy.,Primates,Chordata,"glans penis (cleared; stained); skin, study; skull",,Collector(s): James L. Patton,James L. Patton 1166,,,Saguinus imperator,,male,imperator,Ucayali,,,,1968,1999
,PreservedSpecimen,MVZ:Mamm:124103,Mammalia,MVZ-MAMMAL,168,,,Colombia,,07,27,-4.15,-69.95,-4.15,-69.95,Cebidae,,Lagothrix,Museum of Vertebrate Zoology,,,MVZ,Animalia,Leticia,,96,,96,2025-10-10T01:44:00.013147,08,01,Former nature_of_id: legacy.,Primates,Chordata,"skin, study; skull",,Collector(s): F. C. Lehmann,,,,Lagothrix lagotricha ssp.,,female,lagotricha,Amazonas,,,,1958,1999
,PreservedSpecimen,MVZ:Mamm:193673,Mammalia,MVZ-MAMMAL,168,,500,Brazil,,25,23,-8.6666667,-72.7833333,-8.6666667,-72.7833333,Cebidae,,Callicebus,James L. Patton,,,MVZ,Animalia,"Igarapé Porongaba, right bank Rio Juruá",,,,,2025-10-07T01:18:00.014543,02,03,Former nature_of_id: field.,Primates,Chordata,tissue (ethanol 95%),,Collector(s): Maria Nazareth F. da Silva,Maria Nazareth F. da Silva 42,,,Callicebus cupreus ssp.,,male,cupreus,Acre,,,,1992,2001
,PreservedSpecimen,MVZ:Mamm:193669,Mammalia,MVZ-MAMMAL,168,,500,Brazil,,10,23,-8.5666667,-72.8,-8.5666667,-72.8,Cebidae,,Aotus,James L. Patton,,,MVZ,Animalia,"Ocidente, right bank Rio Juruá",,,,,2025-10-08T10:44:00.012774,02,03,Former nature_of_id: field.,Primates,Chordata,tissue (ethanol 95%),,Collector(s): Maria Nazareth F. da Silva,Maria Nazareth F. da Silva 1012,,,Aotus trivirgatus,,female,trivirgatus,Acre,,,,1992,2001
,PreservedSpecimen,MVZ:Mamm:193688,Mammalia,MVZ-MAMMAL,168,,500,Brazil,,11,23,-8.5666667,-72.8,-8.5666667,-72.8,Callitrichidae,,Cebuella,James L. Patton,,,MVZ,Animalia,"Ocidente, right bank Rio Juruá",,,,,2025-10-10T05:54:00.014461,02,03,Former nature_of_id: field.,Primates,Chordata,tissue (ethanol 95%),,Collector(s): Maria Nazareth F. da Silva,Maria Nazareth F. da Silva 1020,,,Cebuella pygmaea,,male,pygmaea,Acre,,,,1992,2001
,PreservedSpecimen,MVZ:Mamm:193648,Mammalia,MVZ-MAMMAL,168,,500,Brazil,,26,23,-8.6,-72.85,-8.6,-72.85,Callitrichidae,,Saguinus,James L. Patton,,,MVZ,Animalia,"Flora [=Fazenda Santa Fé], left bank Rio Juruá",,,,,2025-10-09T05:20:00.013199,02,03,Former nature_of_id: field.,Primates,Chordata,tissue (ethanol 95%),,Collector(s): Maria Nazareth F. da Silva,Maria Nazareth F. da Silva 46,,,Saguinus fuscicollis,,male,fuscicollis,Acre,,,,1992,2001
,PreservedSpecimen,MVZ:Mamm:246664,Mammalia,MVZ-MAMMAL,168,,1000,Peru,,21,31,-5.25,-73.1666666667,-5.25,-73.1666666667,Cebidae,,Pithecia,David Fleck,,,MVZ,Animalia,"Rio Galvez, Nuevo San Juan, Province Requena, District Yaquerana",,,,,2026-08-11T23:31:19.781063,04,12,Coordinates from AMNH curator Rob Voss who collected at the site. Coordinates match similar records at AMNH.,Primates,Chordata,"skin, study; skull",,Collector(s): David Fleck,David Fleck DWF 156,,,Pithecia monachus,,female,monachus,Loreto,,,,1996,1996
,PreservedSpecimen,MVZ:Mamm:246665,Mammalia,MVZ-MAMMAL,168,,1000,Peru,,28,31,-5.25,-73.1666666667,-5.25,-73.1666666667,Cebidae,,Pithecia,David Fleck,,,MVZ,Animalia,"Rio Galvez, Nuevo San Juan, Province Requena, District Yaquerana",,,,,2026-08-11T23:32:45.610025,04,12,Coordinates from AMNH curator Rob Voss who collected at the site. Coordinates match similar records at AMNH.,Primates,Chordata,"skin, study; skull",,Collector(s): David Fleck,David Fleck DWF 169,,,Pithecia monachus,,male,monachus,Loreto,,,,1996,1996
,PreservedSpecimen,MVZ:Mamm:246667,Mammalia,MVZ-MAMMAL,168,,1000,Peru,,08,31,-5.25,-73.1666666667,-5.25,-73.1666666667,Cebidae,,Pithecia,David Fleck,,,MVZ,Animalia,"Rio Galvez, Nuevo San Juan, Province Requena, District Yaquerana",,,,,2026-08-11T23:38:34.506225,05,12,Coordinates from AMNH curator Rob Voss who collected at the site. Coordinates match similar records at AMNH.,Primates,Chordata,"skin, study; skull",,Collector(s): David Fleck,David Fleck DWF 191,,,Pithecia monachus,,male,monachus,Loreto,,,,1996,1996
,PreservedSpecimen,MVZ:Mamm:246668,Mammalia,MVZ-MAMMAL,168,,1000,Peru,,20,31,-5.25,-73.1666666667,-5.25,-73.1666666667,Cebidae,,Pithecia,David Fleck,,,MVZ,Animalia,"Rio Galvez, Nuevo San Juan, Province Requena, District Yaquerana",,,,,2026-08-11T23:39:59.334976,05,12,Coordinates from AMNH curator Rob Voss who collected at the site. Coordinates match similar records at AMNH.,Primates,Chordata,"skin, study; skull",,Collector(s): David Fleck,David Fleck DWF 209,,,Pithecia monachus,,male,monachus,Loreto,,,,1996,1996
,PreservedSpecimen,MVZ:Mamm:246672,Mammalia,MVZ-MAMMAL,168,,1000,Peru,,31,31,-5.25,-73.1666666667,-5.25,-73.1666666667,Cebidae,,Pithecia,David Fleck,,,MVZ,Animalia,"Rio Galvez, Nuevo San Juan, Province Requena, District Yaquerana",,,,,2026-08-11T23:46:24.837231,05,12,Coordinates from AMNH curator Rob Voss who collected at the site. Coordinates match similar records at AMNH.,Primates,Chordata,skull,,Collector(s): David Fleck,David Fleck DWF 235,,,Pithecia monachus,,male,monachus,Loreto,,,,1996,1996
,PreservedSpecimen,MVZ:Mamm:246674,Mammalia,MVZ-MAMMAL,168,,1000,Peru,,09,31,-5.25,-73.1666666667,-5.25,-73.1666666667,Cebidae,,Pithecia,David Fleck,,,MVZ,Animalia,"Rio Galvez, Nuevo San Juan, Province Requena, District Yaquerana",,,,,2026-08-11T23:53:27.299312,06,12,Coordinates from AMNH curator Rob Voss who collected at the site. Coordinates match similar records at AMNH.,Primates,Chordata,"skin, study; skull",,Collector(s): David Fleck,David Fleck DWF 246,,,Pithecia monachus,,female,monachus,Loreto,,,,1996,1996
,PreservedSpecimen,MVZ:Mamm:246675,Mammalia,MVZ-MAMMAL,168,,1000,Peru,,09,31,-5.25,-73.1666666667,-5.25,-73.1666666667,Cebidae,,Pithecia,David Fleck,,,MVZ,Animalia,"Rio Galvez, Nuevo San Juan, Province Requena, District Yaquerana",,,,,2026-08-11T23:54:39.541677,06,12,Coordinates from AMNH curator Rob Voss who collected at the site. Coordinates match similar records at AMNH.,Primates,Chordata,"skin, study; skull",,Collector(s): David Fleck,David Fleck DWF 247,,,Pithecia monachus,,male,monachus,Loreto,,,,1996,1996
,PreservedSpecimen,MVZ:Mamm:246677,Mammalia,MVZ-MAMMAL,168,,1000,Peru,,10,31,-5.25,-73.1666666667,-5.25,-73.1666666667,Cebidae,,Pithecia,David Fleck,,,MVZ,Animalia,"Rio Galvez, Nuevo San Juan, Province Requena, District Yaquerana",,,,,2026-08-11T23:55:55.931310,06,12,Coordinates from AMNH curator Rob Voss who collected at the site. Coordinates match similar records at AMNH.,Primates,Chordata,"skin, study; skull",,Collector(s): David Fleck,David Fleck DWF 251,,,Pithecia monachus,,male,monachus,Loreto,,,,1996,1996
,PreservedSpecimen,MVZ:Mamm:246678,Mammalia,MVZ-MAMMAL,168,,1000,Peru,,14,31,-5.25,-73.1666666667,-5.25,-73.1666666667,Cebidae,,Pithecia,David Fleck,,,MVZ,Animalia,"Rio Galvez, Nuevo San Juan, Province Requena, District Yaquerana",,,,,2026-08-11T23:57:20.463227,06,12,Coordinates from AMNH curator Rob Voss who collected at the site. Coordinates match similar records at AMNH.,Primates,Chordata,"skin, study; skull",,Collector(s): David Fleck,David Fleck DWF 258,,,Pithecia monachus,,male,monachus,Loreto,,,,1996,1996
,PreservedSpecimen,MVZ:Mamm:246679,Mammalia,MVZ-MAMMAL,168,,1000,Peru,,15,31,-5.25,-73.1666666667,-5.25,-73.1666666667,Cebidae,,Pithecia,David Fleck,,,MVZ,Animalia,"Rio Galvez, Nuevo San Juan, Province Requena, District Yaquerana",,,,,2026-08-11T23:59:19.257753,06,12,Coordinates from AMNH curator Rob Voss who collected at the site. Coordinates match similar records at AMNH.,Primates,Chordata,skull,,Collector(s): David Fleck,David Fleck DWF 259,,,Pithecia monachus,,female,monachus,Loreto,,,,1996,1996
,PreservedSpecimen,MVZ:Mamm:246681,Mammalia,MVZ-MAMMAL,168,,1000,Peru,,01,31,-5.25,-73.1666666667,-5.25,-73.1666666667,Cebidae,,Pithecia,David Fleck,,,MVZ,Animalia,"Rio Galvez, Nuevo San Juan, Province Requena, District Yaquerana",,,,,2026-08-12T00:02:16.314541,07,12,Coordinates from AMNH curator Rob Voss who collected at the site. Coordinates match similar records at AMNH.,Primates,Chordata,skull,,Collector(s): David Fleck,David Fleck DWF 296,,,Pithecia monachus,,female,monachus,Loreto,,,,1996,1996
,PreservedSpecimen,MVZ:Mamm:246684,Mammalia,MVZ-MAMMAL,168,,1000,Peru,,03,31,-5.25,-73.1666666667,-5.25,-73.1666666667,Cebidae,,Pithecia,David Fleck,,,MVZ,Animalia,"Rio Galvez, Nuevo San Juan, Province Requena, District Yaquerana",,,,,2026-08-12T00:06:26.351311,07,12,Coordinates from AMNH curator Rob Voss who collected at the site. Coordinates match similar records at AMNH.,Primates,Chordata,skull,,Collector(s): David Fleck,David Fleck DWF 305,,,Pithecia monachus,,female,monachus,Loreto,,,,1996,1996
,PreservedSpecimen,MVZ:Mamm:246688,Mammalia,MVZ-MAMMAL,168,,1000,Peru,,13,31,-5.25,-73.1666666667,-5.25,-73.1666666667,Cebidae,,Saimiri,David Fleck,,,MVZ,Animalia,"Rio Galvez, Nuevo San Juan, Province Requena, District Yaquerana",,,,,2026-08-12T00:11:33.750294,09,12,Coordinates from AMNH curator Rob Voss who collected at the site. Coordinates match similar records at AMNH.,Primates,Chordata,"skin, study; skull",,Collector(s): David Fleck,David Fleck DWF 90,,,Saimiri sciureus,,unknown,sciureus,Loreto,,,,1995,1996
,PreservedSpecimen,MVZ:Mamm:246690,Mammalia,MVZ-MAMMAL,168,,1000,Peru,,02,31,-5.25,-73.1666666667,-5.25,-73.1666666667,Cebidae,,Saimiri,David Fleck,,,MVZ,Animalia,"Rio Galvez, Nuevo San Juan, Province Requena, District Yaquerana",,,,,2026-08-12T00:14:07.634066,05,12,Coordinates from AMNH curator Rob Voss who collected at the site. Coordinates match similar records at AMNH.,Primates,Chordata,"skin, study; skull",,Collector(s): David Fleck,David Fleck DWF 173,,,Saimiri sciureus,,unknown,sciureus,Loreto,,,,1996,1996
,PreservedSpecimen,MVZ:Mamm:246691,Mammalia,MVZ-MAMMAL,168,,1000,Peru,,03,03,-5.25,-73.1666666667,-5.25,-73.1666666667,Cebidae,,Saimiri,David Fleck,,,MVZ,Animalia,"Rio Galvez, Nuevo San Juan, Province Requena, District Yaquerana",,,,,2026-08-12T00:15:16.883965,05,05,Coordinates from AMNH curator Rob Voss who collected at the site. Coordinates match similar records at AMNH.,Primates,Chordata,"skin, study; skull",,Collector(s): David Fleck,David Fleck DWF 175,,,Saimiri sciureus,,male,sciureus,Loreto,,,,1996,1996
,PreservedSpecimen,MVZ:Mamm:246692,Mammalia,MVZ-MAMMAL,168,,1000,Peru,,15,15,-5.25,-73.1666666667,-5.25,-73.1666666667,Cebidae,,Saimiri,David Fleck,,,MVZ,Animalia,"Rio Galvez, Nuevo San Juan, Province Requena, District Yaquerana",,,,,2026-08-12T00:18:53.652088,05,05,Coordinates from AMNH curator Rob Voss who collected at the site. Coordinates match similar records at AMNH.,Primates,Chordata,"skin, study; skull",,Collector(s): David Fleck,David Fleck DWF 202,,,Saimiri sciureus,,male,sciureus,Loreto,,,,1996,1996
,PreservedSpecimen,MVZ:Mamm:246694,Mammalia,MVZ-MAMMAL,168,,1000,Peru,,26,26,-5.25,-73.1666666667,-5.25,-73.1666666667,Cebidae,,Saimiri,David Fleck,,,MVZ,Animalia,"Rio Galvez, Nuevo San Juan, Province Requena, District Yaquerana",,,,,2026-08-12T00:27:32.588198,05,05,Coordinates from AMNH curator Rob Voss who collected at the site. Coordinates match similar records at AMNH.,Primates,Chordata,"skin, study; skull",,Collector(s): David Fleck,David Fleck DWF 223,,,Saimiri sciureus,,female,sciureus,Loreto,,,,1996,1996
,PreservedSpecimen,MVZ:Mamm:246695,Mammalia,MVZ-MAMMAL,168,,1000,Peru,,28,28,-5.25,-73.1666666667,-5.25,-73.1666666667,Cebidae,,Saimiri,David Fleck,,,MVZ,Animalia,"Rio Galvez, Nuevo San Juan, Province Requena, District Yaquerana",,,,,2026-08-12T00:28:54.724016,05,05,Coordinates from AMNH curator Rob Voss who collected at the site. Coordinates match similar records at AMNH.,Primates,Chordata,"skin, study; skull",,Collector(s): David Fleck,David Fleck DWF 226,,,Saimiri sciureus,,male,sciureus,Loreto,,,,1996,1996
,PreservedSpecimen,MVZ:Mamm:246696,Mammalia,MVZ-MAMMAL,168,,1000,Peru,,28,28,-5.25,-73.1666666667,-5.25,-73.1666666667,Cebidae,,Saimiri,David Fleck,,,MVZ,Animalia,"Rio Galvez, Nuevo San Juan, Province Requena, District Yaquerana",,,,,2026-08-12T00:30:05.955334,05,05,Coordinates from AMNH curator Rob Voss who collected at the site. Coordinates match similar records at AMNH.,Primates,Chordata,"skin, study; skull",,Collector(s): David Fleck,David Fleck DWF 227,,,Saimiri sciureus,,female,sciureus,Loreto,,,,1996,1996
,PreservedSpecimen,MVZ:Mamm:246698,Mammalia,MVZ-MAMMAL,168,,1000,Peru,,29,29,-5.25,-73.1666666667,-5.25,-73.1666666667,Cebidae,,Saimiri,David Fleck,,,MVZ,Animalia,"Rio Galvez, Nuevo San Juan, Province Requena, District Yaquerana",,,,,2026-08-12T00:33:56.837884,05,05,Coordinates from AMNH curator Rob Voss who collected at the site. Coordinates match similar records at AMNH.,Primates,Chordata,"skin, study; skull",,Collector(s): David Fleck,David Fleck DWF 231,,,Saimiri sciureus,,male,sciureus,Loreto,,,,1996,1996
,PreservedSpecimen,MVZ:Mamm:246699,Mammalia,MVZ-MAMMAL,168,,1000,Peru,,31,31,-5.25,-73.1666666667,-5.25,-73.1666666667,Cebidae,,Saimiri,David Fleck,,,MVZ,Animalia,"Rio Galvez, Nuevo San Juan, Province Requena, District Yaquerana",,,,,2026-08-12T00:35:06.471223,05,12,Coordinates from AMNH curator Rob Voss who collected at the site. Coordinates match similar records at AMNH.,Primates,Chordata,"skin, study; skull",,Collector(s): David Fleck,David Fleck DWF 233,,,Saimiri sciureus,,male,sciureus,Loreto,,,,1996,1996
,PreservedSpecimen,MVZ:Mamm:193682,Mammalia,MVZ-MAMMAL,168,,500,Brazil,,08,23,-6.5833333,-68.9,-6.5833333,-68.9,Cebidae,,Lagothrix,James L. Patton,,,MVZ,Animalia,"Altamira, right bank Rio Juruá",,,,,2025-10-08T22:10:00.014920,11,03,Former nature_of_id: field.,Primates,Chordata,tissue (ethanol 95%),,Collector(s): James L. Patton,James L. Patton 15944,,,Lagothrix lagotricha,,male,lagotricha,Amazonas,,,,1991,2001
,PreservedSpecimen,MVZ:Mamm:124039,Mammalia,MVZ-MAMMAL,168,,,Colombia,,,27,-4.15,-69.95,-4.15,-69.95,Callitrichidae,,Cebuella,Museum of Vertebrate Zoology,,,MVZ,Animalia,Leticia,,,,,2025-10-10T07:44:00.012529,,01,Former nature_of_id: legacy.,Primates,Chordata,skeleton; skull,,"Collector(s): Alden H. Miller, F. C. Lehmann",10553,,,Cebuella pygmaea,,female,pygmaea,Amazonas,,,,,1999
,S,3935,Mammalia,ZEE_MAM,213,,,Brasil,Cruzeiro do Sul,,,-7.45888888888889,-73.7744444444444,-7.45888888888889,-73.7744444444444,Callitrichidae,,Saguinus,,,,SEMA-Acre,Animalia,Parque Nacional da Serra do Divisor,,,,,2010-03-08T13:52:45,,,"Artigo : Riqueza de mamíferos de grande e médio porte do Parque Nacional da Serra do Divisor (Acre, Brasil) - Calouro A.M. 1999",Primates,,,,,,,,Saguinus fuscicollis,,,fuscicollis,Acre,,-7.45888888888889,-73.7744444444444,,
,S,3937,Mammalia,ZEE_MAM,213,,,Brasil,Cruzeiro do Sul,,,-7.43166666666667,-73.6611111111111,-7.43166666666667,-73.6611111111111,Callitrichidae,,Saguinus,,,,SEMA-Acre,Animalia,Parque Nacional da Serra do Divisor,,,,,2010-03-08T13:52:45,,,"Artigo : Riqueza de mamíferos de grande e médio porte do Parque Nacional da Serra do Divisor (Acre, Brasil) - Calouro A.M. 1999",Primates,,,,,,,,Saguinus fuscicollis,,,fuscicollis,Acre,,-7.43166666666667,-73.6611111111111,,
,S,3938,Mammalia,ZEE_MAM,213,,,Brasil,Cruzeiro do Sul,,,-7.44666666666667,-73.6780555555556,-7.44666666666667,-73.6780555555556,Callitrichidae,,Saguinus,,,,SEMA-Acre,Animalia,Parque Nacional da Serra do Divisor,,,,,2010-03-08T13:52:45,,,"Artigo : Riqueza de mamíferos de grande e médio porte do Parque Nacional da Serra do Divisor (Acre, Brasil) - Calouro A.M. 1999",Primates,,,,,,,,Saguinus fuscicollis,,,fuscicollis,Acre,,-7.44666666666667,-73.6780555555556,,
,S,765,Mammalia,ZEE_MAM,213,,178429,Brasil,Rio Branco,,,-9.97512,-67.810478,-9.97512,-67.810478,Callitrichidae,,Saguinus,,,,SEMA-Acre,Animalia,Estrada Dias Martins- km 12- lado esquerdo; Rioa Acre,,,,,2010-03-08T13:52:45,,,Monografia: Distribuição de primatas não-humanos no Estado do Acre e vizinhanças: um estudo preliminar - Fernandes M.C.A.G. 1990,Primates,,,,,,,,Saguinus,,,,Acre,,0.0,0.0,,
,S,768,Mammalia,ZEE_MAM,213,,170168,Brasil,Tarauacá,,,-8.161779,-70.766041,-8.161779,-70.766041,Callitrichidae,,Saguinus,,,,SEMA-Acre,Animalia,Terra Indígena; Rio Gregório,,,,,2010-03-08T13:52:45,,,Monografia: Distribuição de primatas não-humanos no Estado do Acre e vizinhanças: um estudo preliminar - Fernandes M.C.A.G. 1990,Primates,,,,,,,,Saguinus,,,,Acre,,0.0,0.0,,
,S,734,Mammalia,ZEE_MAM,213,,,Brasil,Cruzeiro do Sul,,,-7.64777777777778,-72.67,-7.64777777777778,-72.67,Callitrichidae,,Saguinus,,,,SEMA-Acre,Animalia,,,,,,2010-03-08T13:52:45,,,Monografia: Distribuição de primatas não-humanos no Estado do Acre e vizinhanças: um estudo preliminar - Fernandes M.C.A.G. 1990,Primates,,,,,,,,Saguinus,,,,Acre,,-7.64777777777778,-72.67,,
,S,736,Mammalia,ZEE_MAM,213,,,Brasil,,,,-8.82916666666667,-72.775,-8.82916666666667,-72.775,Callitrichidae,,Saguinus,,,,SEMA-Acre,Animalia,Seringal Oriente,,,,,2010-03-08T13:52:45,,,Monografia: Distribuição de primatas não-humanos no Estado do Acre e vizinhanças: um estudo preliminar - Fernandes M.C.A.G. 1990,Primates,,,,,,,,Saguinus,,,,Acre,,-8.82916666666667,-72.775,,
,S,737,Mammalia,ZEE_MAM,213,,87388,Brasil,Marechal Thaumaturgo,,,-8.9415,-72.792159,-8.9415,-72.792159,Callitrichidae,,Saguinus,,,,SEMA-Acre,Animalia,Pedra Preta,,,,,2010-03-08T13:52:45,,,Monografia: Distribuição de primatas não-humanos no Estado do Acre e vizinhanças: um estudo preliminar - Fernandes M.C.A.G. 1990,Primates,,,,,,,,Saguinus,,,,Acre,,0.0,0.0,,
,S,738,Mammalia,ZEE_MAM,213,,,Brasil,Cruzeiro do Sul,,,-7.64777777777778,-72.67,-7.64777777777778,-72.67,Callitrichidae,,Saguinus,,,,SEMA-Acre,Animalia,,,,,,2010-03-08T13:52:45,,,Monografia: Distribuição de primatas não-humanos no Estado do Acre e vizinhanças: um estudo preliminar - Fernandes M.C.A.G. 1990,Primates,,,,,,,,Saguinus,,,,Acre,,-7.64777777777778,-72.67,,
,S,740,Mammalia,ZEE_MAM,213,,,Brasil,Rio Branco,,,-9.96666666666667,-67.8,-9.96666666666667,-67.8,Callitrichidae,,Saguinus,,,,SEMA-Acre,Animalia,Rio Branco; Rio Acre,,,,,2010-03-08T13:52:45,,,Monografia: Distribuição de primatas não-humanos no Estado do Acre e vizinhanças: um estudo preliminar - Fernandes M.C.A.G. 1990,Primates,,,,,,,,Saguinus,,,,Acre,,-9.96666666666667,-67.8,,
,S,741,Mammalia,ZEE_MAM,213,,,Brasil,Marechal Thaumaturgo,,,-8.8,-72.7666666666667,-8.8,-72.7666666666667,Callitrichidae,,Saguinus,,,,SEMA-Acre,Animalia,Pedra Preta; Alto Rio Juruá,,,,,2010-03-08T13:52:45,,,Monografia: Distribuição de primatas não-humanos no Estado do Acre e vizinhanças: um estudo preliminar - Fernandes M.C.A.G. 1990,Primates,,,,,,,,Saguinus,,,,Acre,,-8.8,-72.7666666666667,,
,S,723,Mammalia,ZEE_MAM,213,,178429,Brasil,Rio Branco,,,-9.97512,-67.810478,-9.97512,-67.810478,Callitrichidae,,Cebuella,,,,SEMA-Acre,Animalia,Rio Branco- Chácara da FUNAI; Rioa Acre,,,,,2010-03-08T13:52:45,,,Monografia: Distribuição de primatas não-humanos no Estado do Acre e vizinhanças: um estudo preliminar - Fernandes M.C.A.G. 1990,Primates,,,,,,,,Cebuella pygmaea,,,pygmaea,Acre,,0.0,0.0,,
,S,8200,Mammalia,ZEE_MAM,213,,,Brasil,,,,-8.66666666666667,-72.7833333333333,-8.66666666666667,-72.7833333333333,Callitrichidae,,Cebuella,,,,SEMA-Acre,Animalia,,,,,,2010-03-08T13:52:45,,,Artigo: Primate community structure at twenty western Amazonian flooded and unflooded forests - Peres C.A. 1997,Primates,,,,,,,,Cebuella pygmaea,,,pygmaea,Acre,,-8.66666666666667,-72.7833333333333,,
,S,8533,Mammalia,ZEE_MAM,213,,,Brasil,Mâncio Lima,,,-7.38333333333333,-73.2666666666667,-7.38333333333333,-73.2666666666667,Callitrichidae,,Cebuella,,,,SEMA-Acre,Animalia,Seringal São Salvador; Rio Moa,,,,,2010-03-08T13:52:45,,,Livro: A fauna silvestre e as práticas de caça - Fragoso J.M.V- Santos M.C.- Nascimento V.M.L 2002,Primates,,,,,,,,Cebuella pygmaea,,,pygmaea,Acre,,-7.38333333333333,-73.2666666666667,,
,S,3357,Mammalia,ZEE_MAM,213,,,Brasil,Rio Branco,,,-9.96666666666667,-67.8,-9.96666666666667,-67.8,Callitrichidae,,Saguinus,,,,SEMA-Acre,Animalia,Rio Branco; Rioa Acre,,,,,2010-03-08T13:52:45,,,Monografia: Levantamento de Animais Silvestres em Cativeiro na Cidade de Rio Branco - Acre. - Silva M.F.A 1985,Primates,,,,,,,,Saguinus,,,,Acre,,-9.96666666666667,-67.8,,
,S,6982,Mammalia,ZEE_MAM,213,,,Brasil,,,,-10.4258333333333,-68.8611111111111,-10.4258333333333,-68.8611111111111,Callitrichidae,,Saguinus,,,,SEMA-Acre,Animalia,Trilha Pincel,,,,,2010-03-08T13:52:45,,,Não publicado: A caça de Subsistência na Reserva Extrativista Chico Mendes/AC: caracterização- consumo e estratégias de caça. - Medeiros M.F.S.T. 1999,Primates,,,,,,,,Saguinus,,,,Acre,,-10.4258333333333,-68.8611111111111,,
,S,7040,Mammalia,ZEE_MAM,213,,,Brasil,,,,-10.5397222222222,-68.8563888888889,-10.5397222222222,-68.8563888888889,Callitrichidae,,Saguinus,,,,SEMA-Acre,Animalia,Trilha Bom Levar,,,,,2010-03-08T13:52:45,,,Não publicado: A caça de Subsistência na Reserva Extrativista Chico Mendes/AC: caracterização- consumo e estratégias de caça. - Medeiros M.F.S.T. 1999,Primates,,,,,,,,Saguinus,,,,Acre,,-10.5397222222222,-68.8563888888889,,
,S,7069,Mammalia,ZEE_MAM,213,,,Brasil,,,,-10.4569444444444,-68.8602777777778,-10.4569444444444,-68.8602777777778,Callitrichidae,,Saguinus,,,,SEMA-Acre,Animalia,Trilha Itapissuma,,,,,2010-03-08T13:52:45,,,Não publicado: A caça de Subsistência na Reserva Extrativista Chico Mendes/AC: caracterização- consumo e estratégias de caça. - Medeiros M.F.S.T. 1999,Primates,,,,,,,,Saguinus,,,,Acre,,-10.4569444444444,-68.8602777777778,,
,S,725,Mammalia,ZEE_MAM,213,,,Brasil,Rio Branco,,,-9.96666666666667,-67.8,-9.96666666666667,-67.8,Callitrichidae,,Saguinus,,,,SEMA-Acre,Animalia,Rio Branco; Rioa Acre,,,,,2010-03-08T13:52:45,,,Monografia: Distribuição de primatas não-humanos no Estado do Acre e vizinhanças: um estudo preliminar - Fernandes M.C.A.G. 1990,Primates,,,,,,,,Saguinus,,,,Acre,,-9.96666666666667,-67.8,,
,S,726,Mammalia,ZEE_MAM,213,,75100,Brasil,Xapuri,,,-10.652065,-68.504925,-10.652065,-68.504925,Callitrichidae,,Saguinus,,,,SEMA-Acre,Animalia,BR-317- Araxá,,,,,2010-03-08T13:52:45,,,Monografia: Distribuição de primatas não-humanos no Estado do Acre e vizinhanças: um estudo preliminar - Fernandes M.C.A.G. 1990,Primates,,,,,,,,Saguinus,,,,Acre,,0.0,0.0,,
,S,727,Mammalia,ZEE_MAM,213,,282365,Brasil,Sena Madureira,,,-9.065951,-68.657424,-9.065951,-68.657424,Callitrichidae,,Saguinus,,,,SEMA-Acre,Animalia,Sena Madureira,,,,,2010-03-08T13:52:45,,,Monografia: Distribuição de primatas não-humanos no Estado do Acre e vizinhanças: um estudo preliminar - Fernandes M.C.A.G. 1990,Primates,,,,,,,,Saguinus,,,,Acre,,0.0,0.0,,
,S,729,Mammalia,ZEE_MAM,213,,,Brasil,Plácido de Castro,,,-10.2861111111111,-67.1444444444444,-10.2861111111111,-67.1444444444444,Callitrichidae,,Saguinus,,,,SEMA-Acre,Animalia,Plácido de Castro,,,,,2010-03-08T13:52:45,,,Monografia: Distribuição de primatas não-humanos no Estado do Acre e vizinhanças: um estudo preliminar - Fernandes M.C.A.G. 1990,Primates,,,,,,,,Saguinus,,,,Acre,,-10.2861111111111,-67.1444444444444,,
,S,710,Mammalia,ZEE_MAM,213,,58663,Brasil,Plácido de Castro,,,-10.335677,-67.186032,-10.335677,-67.186032,Callitrichidae,,Cebuella,,,,SEMA-Acre,Animalia,Propriedade rural- AC-401- km 6- ramal lado esquerdo (1 km),,,,,2010-03-08T13:52:45,,,Monografia: Distribuição de primatas não-humanos no Estado do Acre e vizinhanças: um estudo preliminar - Fernandes M.C.A.G. 1990,Primates,,,,,,,,Cebuella pygmaea,,,pygmaea,Acre,,0.0,0.0,,
,S,712,Mammalia,ZEE_MAM,213,,178429,Brasil,Rio Branco,,,-9.97512,-67.810478,-9.97512,-67.810478,Callitrichidae,,Cebuella,,,,SEMA-Acre,Animalia,Estrada Dias Martins- km 13- ramal lado direito (2 km); Rio Acre,,,,,2010-03-08T13:52:45,,,Monografia: Distribuição de primatas não-humanos no Estado do Acre e vizinhanças: um estudo preliminar - Fernandes M.C.A.G. 1990,Primates,,,,,,,,Cebuella pygmaea,,,pygmaea,Acre,,0.0,0.0,,
,S,62,Mammalia,ZEE_MAM,213,,,Brasil,,,,-8.8225,-72.7636111111111,-8.8225,-72.7636111111111,Callitrichidae,,Cebuella,,,,SEMA-Acre,Animalia,Seringal Oriente; Margem direita,,,,,2010-03-08T13:52:45,,,Artigo: Alguns mamíferos do Acre Ocidental - Carvalho C.T. 1957,Primates,,,,,,,,Cebuella pygmaea,,,pygmaea,Acre,,-8.8225,-72.7636111111111,,
,S,692,Mammalia,ZEE_MAM,213,,,Brasil,,,,-8.82916666666667,-72.775,-8.82916666666667,-72.775,Callitrichidae,,Cebuella,,,,SEMA-Acre,Animalia,Seringal Oriente,,,,,2010-03-08T13:52:45,,,Monografia: Distribuição de primatas não-humanos no Estado do Acre e vizinhanças: um estudo preliminar - Fernandes M.C.A.G. 1990,Primates,,,,,,,,Cebuella pygmaea,,,pygmaea,Acre,,-8.82916666666667,-72.775,,
,S,2,Mammalia,ZEE_MAM,213,,,Brasil,Rio Branco/Xapuri,,,-10.0916666666667,-68.05,-10.0916666666667,-68.05,Callitrichidae,,Cebuella,,,,SEMA-Acre,Animalia,Riozinho do Rola; Bacia do Riozinho do Rola,,,,,2010-03-08T13:52:45,,,Artigo: Updating the known distribution of the pygmaea marmoset (Cebuella pygmaea) in the state of Acre- Brazil - Bicca-Marques J.C. - Calegaro-Marques C. 1995,Primates,,,,,,,,Cebuella pygmaea,,,pygmaea,Acre,,-10.0916666666667,-68.05,,
,S,433,Mammalia,ZEE_MAM,213,,,Brasil,,,,-8.82916666666667,-72.775,-8.82916666666667,-72.775,Callitrichidae,,Cebuella,,,,SEMA-Acre,Animalia,Seringal Oriente; Rio Juruá- perto da Vila Taumaturgo,,,,,2010-03-08T13:52:45,,,Livro: Livig New World monkeys (Platyrrhini) with an introduction to primates - Hershokovitz P. 1977,Primates,,,,,,,,Cebuella pygmaea,,,pygmaea,Acre,,-8.82916666666667,-72.775,,
,S,454,Mammalia,ZEE_MAM,213,,,Brasil,Cruzeiro do Sul,,,-7.50611111111111,-73.7013888888889,-7.50611111111111,-73.7013888888889,Callitrichidae,,Cebuella,,,,SEMA-Acre,Animalia,Parque Nacional da Serra do Divisor,,,,,2010-03-08T13:52:45,,,Capítulo de livro: Systematics- geographic distribuition- andsome notes on the conservation status of the Callitrichidae - Rylands A.B.- Coimbra-Filho A.F. - Mittermeier R.A. 1993,Primates,,,,,,,,Cebuella pygmaea,,,pygmaea,Acre,,-7.50611111111111,-73.7013888888889,,
,S,5,Mammalia,ZEE_MAM,213,,,Brasil,,,,-9.45,-68.3780555555556,-9.45,-68.3780555555556,Callitrichidae,,Cebuella,,,,SEMA-Acre,Animalia,BR-364; Rio Taquari,,,,,2010-03-08T13:52:45,,,Artigo: Updating the known distribution of the pygmaea marmoset (Cebuella pygmaea) in the state of Acre- Brazil - Bicca-Marques J.C. - Calegaro-Marques C. 1995,Primates,,,,,,,,Cebuella pygmaea,,,pygmaea,Acre,,-9.45,-68.3780555555556,,
,S,574,Mammalia,ZEE_MAM,213,,,Brasil,Cruzeiro do Sul,,,-7.43166666666667,-73.6611111111111,-7.43166666666667,-73.6611111111111,Callitrichidae,,Cebuella,,,,SEMA-Acre,Animalia,Parque Nacional da Serra do Divisor; Rio Moa,,,,,2010-03-08T13:52:45,,,"Artigo : Riqueza de mamíferos de grande e médio porte do Parque Nacional da Serra do Divisor (Acre, Brasil) - Calouro A.M. 1999",Primates,,,,,,,,Cebuella pygmaea,,,pygmaea,Acre,,-7.43166666666667,-73.6611111111111,,
,S,681,Mammalia,ZEE_MAM,213,,58663,Brasil,Plácido de Castro,,,-10.335677,-67.186032,-10.335677,-67.186032,Callitrichidae,,Callimico,,,,SEMA-Acre,Animalia,Propriedade rural- AC-401- km 6- ramal lado esquerdo (1 km),,,,,2010-03-08T13:52:45,,,Monografia: Distribuição de primatas não-humanos no Estado do Acre e vizinhanças: um estudo preliminar - Fernandes M.C.A.G. 1990,Primates,,,,,,,,Callimico goeldii,,,goeldii,Acre,,0.0,0.0,,
,S,686,Mammalia,ZEE_MAM,213,,,Brasil,,,,-9.31666666666667,-71.9,-9.31666666666667,-71.9,Callitrichidae,,Callimico,,,,SEMA-Acre,Animalia,Terra Indígena Kaxinawá; Rio Breu,,,,,2010-03-08T13:52:45,,,Monografia: Distribuição de primatas não-humanos no Estado do Acre e vizinhanças: um estudo preliminar - Fernandes M.C.A.G. 1990,Primates,,,,,,,,Callimico goeldii,,,goeldii,Acre,,-9.31666666666667,-71.9,,
,S,687,Mammalia,ZEE_MAM,213,,124133,Brasil,Cruzeiro do Sul,,,-7.631498,-72.67049,-7.631498,-72.67049,Callitrichidae,,Callimico,,,,SEMA-Acre,Animalia,Seringal República; Rio Moa,,,,,2010-03-08T13:52:45,,,Monografia: Distribuição de primatas não-humanos no Estado do Acre e vizinhanças: um estudo preliminar - Fernandes M.C.A.G. 1990,Primates,,,,,,,,Callimico goeldii,,,goeldii,Acre,,0.0,0.0,,
,S,8150,Mammalia,ZEE_MAM,213,,,Brasil,Bujari,,,-9.53333333333333,-68.0333333333333,-9.53333333333333,-68.0333333333333,Callitrichidae,,Callimico,,,,SEMA-Acre,Animalia,Floresta Estadual do Antimary; Rio Antimari,,,,,2010-03-08T13:52:45,,,"Artigo: Caracterização de habitats para monitoramento de primatas na Floresta Estadual de Antimary (Acre, Brasil) - Calouro A.M. - Pires J.S.R. 2004",Primates,,,,,,,,Callimico goeldii,,,goeldii,Acre,,-9.53333333333333,-68.0333333333333,,
,S,8375,Mammalia,ZEE_MAM,213,,,Brasil,Rio Branco,,,-10.0666666666667,-67.6166666666667,-10.0666666666667,-67.6166666666667,Callitrichidae,,Callimico,,,,SEMA-Acre,Animalia,Fazenda Experimental Catuaba; Rioa Acre,,,,,2010-03-08T13:52:45,,,"Resumo: Population density of Callimico goeldii (Goeldi's monkey) in relationship to home range and habitat in a forest fragment in Acre, Brasil - Rehg J. 2005",Primates,,,,,,,,Callimico goeldii,,,goeldii,Acre,,-10.0666666666667,-67.6166666666667,,
,S,92,Mammalia,ZEE_MAM,213,,,Brasil,,,,-10.0777777777778,-67.5333333333333,-10.0777777777778,-67.5333333333333,Callitrichidae,,Callimico,,,,SEMA-Acre,Animalia,Iquiri; Iquiri,,,,,2010-03-08T13:52:45,,,Artigo: Resultados de uma expedição científica ao território do Acre: mamíferos - Vieira C.C. 1952,Primates,,,,,,,,Callimico goeldii,,,goeldii,Acre,,-10.0777777777778,-67.5333333333333,,
,S,664,Mammalia,ZEE_MAM,213,,,Brasil,,,,-10.65,-68.5,-10.65,-68.5,Callitrichidae,,Callimico,,,,SEMA-Acre,Animalia,Rio Xapuri; Rio Xapuri- alto Purus,,,,,2010-03-08T13:52:45,,,Monografia: Distribuição de primatas não-humanos no Estado do Acre e vizinhanças: um estudo preliminar - Fernandes M.C.A.G. 1990,Primates,,,,,,,,Callimico goeldii,,,goeldii,Acre,,-10.65,-68.5,,
,S,488,Mammalia,ZEE_MAM,213,,,Brasil,Cruzeiro do Sul,,,-7.50611111111111,-73.7013888888889,-7.50611111111111,-73.7013888888889,Callitrichidae,,Callimico,,,,SEMA-Acre,Animalia,Parque Nacional da Serra do Divisor,,,,,2010-03-08T13:52:45,,,Livro: Livro vermelho dos mamíferos brasileiros ameaçados de extinção - Fonseca G.A.B.- Rylands A.B.- Costa C.M.R.- Machado R.B. - Leite Y.L.R. 1994,Primates,,,,,,,,Callimico goeldii,,,goeldii,Acre,,-7.50611111111111,-73.7013888888889,,
,S,490,Mammalia,ZEE_MAM,213,,,Brasil,,,,-10.0,-69.75,-10.0,-69.75,Callitrichidae,,Callimico,,,,SEMA-Acre,Animalia,FLONA Macauã; Rio Macauã- afluente do Rio Iaco componente da bacia do Rio Purus,,,,,2010-03-08T13:52:45,,,Livro: Livro vermelho dos mamíferos brasileiros ameaçados de extinção - Fonseca G.A.B.- Rylands A.B.- Costa C.M.R.- Machado R.B. - Leite Y.L.R. 1994,Primates,,,,,,,,Callimico goeldii,,,goeldii,Acre,,-10.0,-69.75,,
,S,492,Mammalia,ZEE_MAM,213,,,Brasil,Marechal Thaumaturgo,,,-9.0,-72.5,-9.0,-72.5,Callitrichidae,,Callimico,,,,SEMA-Acre,Animalia,Reserva Extrativista do Alto Juruá; Rio Juruá e tributários,,,,,2010-03-08T13:52:45,,,Livro: Livro vermelho dos mamíferos brasileiros ameaçados de extinção - Fonseca G.A.B.- Rylands A.B.- Costa C.M.R.- Machado R.B. - Leite Y.L.R. 1994,Primates,,,,,,,,Callimico goeldii,,,goeldii,Acre,,-9.0,-72.5,,
,S,495,Mammalia,ZEE_MAM,213,,,Brasil,Bujari,,,-9.33333333333333,-68.25,-9.33333333333333,-68.25,Callitrichidae,,Callimico,,,,SEMA-Acre,Animalia,Floresta Estadual do Antimary; Rio Antimari,,,,,2010-03-08T13:52:45,,,Livro: Livro vermelho dos mamíferos brasileiros ameaçados de extinção - Fonseca G.A.B.- Rylands A.B.- Costa C.M.R.- Machado R.B. - Leite Y.L.R. 1994,Primates,,,,,,,,Callimico goeldii,,,goeldii,Acre,,-9.33333333333333,-68.25,,
,S,518,Mammalia,ZEE_MAM,213,,,Brasil,Cruzeiro do Sul,,,-7.45888888888889,-73.7744444444444,-7.45888888888889,-73.7744444444444,Callitrichidae,,Callimico,,,,SEMA-Acre,Animalia,Parque Nacional da Serra do Divisor; Igarapé Ouro Preto,,,,,2010-03-08T13:52:45,,,"Artigo : Riqueza de mamíferos de grande e médio porte do Parque Nacional da Serra do Divisor (Acre, Brasil) - Calouro A.M. 1999",Primates,,,,,,,,Callimico goeldii,,,goeldii,Acre,,-7.45888888888889,-73.7744444444444,,
,S,55,Mammalia,ZEE_MAM,213,,,Brasil,,,,-8.82916666666667,-72.775,-8.82916666666667,-72.775,Callitrichidae,,Callimico,,,,SEMA-Acre,Animalia,Seringal Oriente; Margem esquerda,,,,,2010-03-08T13:52:45,,,Artigo: Alguns mamíferos do Acre Ocidental - Carvalho C.T. 1957,Primates,,,,,,,,Callimico goeldii,,,goeldii,Acre,,-8.82916666666667,-72.775,,
,S,563,Mammalia,ZEE_MAM,213,,,Brasil,Cruzeiro do Sul,,,-8.40527777777778,-72.8577777777778,-8.40527777777778,-72.8577777777778,Callitrichidae,,Callimico,,,,SEMA-Acre,Animalia,Parque Nacional da Serra do Divisor; Igarapé Ramon,,,,,2010-03-08T13:52:45,,,"Artigo : Riqueza de mamíferos de grande e médio porte do Parque Nacional da Serra do Divisor (Acre, Brasil) - Calouro A.M. 1999",Primates,,,,,,,,Callimico goeldii,,,goeldii,Acre,,-8.40527777777778,-72.8577777777778,,
,S,619,Mammalia,ZEE_MAM,213,,,Brasil,Rio Branco,,,-9.96666666666667,-67.8,-9.96666666666667,-67.8,Callitrichidae,,Callimico,,,,SEMA-Acre,Animalia,Bairro Centro; Rioa Acre,,,,,2010-03-08T13:52:45,,,Monografia: Levantamento preliminar de primatas cadastrados pelo IBAMA no município de Rio Branco - AC - Nóbrega M.F. 1997,Primates,,,,,,,,Callimico goeldii,,,goeldii,Acre,,-9.96666666666667,-67.8,,
,S,1091,Mammalia,ZEE_MAM,213,,,Brasil,Rio Branco,,,-9.96666666666667,-67.8,-9.96666666666667,-67.8,Callitrichidae,,Callimico,,,,SEMA-Acre,Animalia,Rio Branco; Rioa Acre,,,,,2010-03-08T13:52:36,,,Relatório: Estudo da distribuição geográfica de espécies de mamíferos como subsídio para o zoneamento agroecológico do Estado do Acre - IMAC 1992,Primates,,,,,,,,Callimico goeldii,,,goeldii,Acre,,-9.96666666666667,-67.8,,
,S,170,Mammalia,ZEE_MAM,213,,,Brasil,Assis Brasil,,,-11.0333333333333,-70.25,-11.0333333333333,-70.25,Callitrichidae,,Callimico,,,,SEMA-Acre,Animalia,ESEC do Rio Acre; Rio Acre,,,,,2010-03-08T13:52:45,,,Artigo: Conservation areas protecting primates in Brasilian Amazonia - Rylands A.B. 1985,Primates,,,,,,,,Callimico goeldii,,,goeldii,Acre,,-11.0333333333333,-70.25,,
,S,221,Mammalia,ZEE_MAM,213,,,Brasil,,,,-9.25,-68.725,-9.25,-68.725,Callitrichidae,,Callimico,,,,SEMA-Acre,Animalia,Rio Iaco; Rio Iaco,,,,,2010-03-08T13:52:45,,,Relatório: Caracterização da fauna da bacia do Rio Branco/ Acre - Alho C.J.R. 1990,Primates,,,,,,,,Callimico goeldii,,,goeldii,Acre,,-9.25,-68.725,,
,S,26,Mammalia,ZEE_MAM,213,,,Brasil,,,,-9.41277777777778,-72.7047222222222,-9.41277777777778,-72.7047222222222,Callitrichidae,,Callimico,,,,SEMA-Acre,Animalia,Margem direita do Rio Juruá - Ponto 3; Rio Juruá,,,,,2010-03-08T13:52:45,,,Artigo: Notes on the primates of the Juruá River- western Brasilian Amazonia - Peres C.A. 1993,Primates,,,,,,,,Callimico goeldii,,,goeldii,Acre,,-9.41277777777778,-72.7047222222222,,
,S,3353,Mammalia,ZEE_MAM,213,,,Brasil,Rio Branco,,,-9.96666666666667,-67.8,-9.96666666666667,-67.8,Callitrichidae,,Callimico,,,,SEMA-Acre,Animalia,Rio Branco; Rioa Acre,,,,,2010-03-08T13:52:45,,,Monografia: Levantamento de Animais Silvestres em Cativeiro na Cidade de Rio Branco - Acre. - Silva M.F.A 1985,Primates,,,,,,,,Callimico goeldii,,,goeldii,Acre,,-9.96666666666667,-67.8,,
,S,373,Mammalia,ZEE_MAM,213,,,Brasil,,,,-9.25,-68.725,-9.25,-68.725,Callitrichidae,,Callimico,,,,SEMA-Acre,Animalia,Rio Iaco; Rio Iaco- acima do Rio Juruá,,,,,2010-03-08T13:52:45,,,Livro: Catalogue of primates in the British Museum (Natural History). Part l: Families Callitrichidae and Cebidae - Napier P.H. 1976,Primates,,,,,,,,Callimico goeldii,,,goeldii,Acre,,-9.25,-68.725,,
,S,4053,Mammalia,ZEE_MAM,213,,,Brasil,Rio Branco,,,-10.0666666666667,-67.6166666666667,-10.0666666666667,-67.6166666666667,Callitrichidae,,Callimico,,,,SEMA-Acre,Animalia,Fazenda Experimental Catuaba; Rioa Acre,,,,,2010-03-08T13:52:45,,,Relatório: Estimativa das densidades das espécies de primatas da Fazenda Experimental Catuaba - Chaves W.A. 1999,Primates,,,,,,,,Callimico goeldii,,,goeldii,Acre,,-10.0666666666667,-67.6166666666667,,
,S,451,Mammalia,ZEE_MAM,213,,,Brasil,,,,-10.65,-68.5,-10.65,-68.5,Callitrichidae,,Callimico,,,,SEMA-Acre,Animalia,Rio Xapuri; Rio Xapuri- acima do Rio Purus,,,,,2010-03-08T13:52:45,,,Livro: Livig New World monkeys (Platyrrhini) with an introduction to primates - Hershokovitz P. 1977,Primates,,,,,,,,Callimico goeldii,,,goeldii,Acre,,-10.65,-68.5,,
,S,938,Mammalia,ZEE_MAM,213,,118016,Brasil,Assis Brasil,,,-10.941786,-69.567429,-10.941786,-69.567429,Cebidae,,Cebus,,,,SEMA-Acre,Animalia,,,,,,2010-03-08T13:53:04,,,Monografia: Distribuição de primatas não-humanos no Estado do Acre e vizinhanças: um estudo preliminar - Fernandes M.C.A.G. 1990,Primates,,,,,,,,Cebus,,,,Acre,,0.0,0.0,,
,S,418,Mammalia,ZEE_MAM,213,,,Brasil,Assis Brasil,,,-11.0333333333333,-70.25,-11.0333333333333,-70.25,Cebidae,,Callicebus,,,,SEMA-Acre,Animalia,ESEC do Rio Acre; Rio Acre,,,,,2010-03-08T13:53:04,,,Livro: The status of conservation areas in the Brasilian Amazon - Rylands A.B. 1991,Primates,,,,,,,,Callicebus caligatus,,,caligatus,Acre,,-11.0333333333333,-70.25,,
,S,416,Mammalia,ZEE_MAM,213,,,Brasil,Assis Brasil,,,-11.0333333333333,-70.25,-11.0333333333333,-70.25,Cebidae,,Aotus,,,,SEMA-Acre,Animalia,ESEC do Rio Acre; Rio Acre,,,,,2010-03-08T13:52:53,,,Livro: The status of conservation areas in the Brasilian Amazon - Rylands A.B. 1991,Primates,,,,,,,,Aotus nigriceps,,,nigriceps,Acre,,-11.0333333333333,-70.25,,
,S,217,Mammalia,ZEE_MAM,213,,,Brasil,,,,-9.25,-68.725,-9.25,-68.725,Callitrichidae,,Saguinus,,,,SEMA-Acre,Animalia,Rio Iaco; Rio Iaco,,,,,2010-03-08T13:52:45,,,Relatório: Caracterização da fauna da bacia do Rio Branco/ Acre - Alho C.J.R. 1990,Primates,,,,,,,,Saguinus imperator,,,imperator,Acre,,-9.25,-68.725,,
,S,169,Mammalia,ZEE_MAM,213,,,Brasil,Assis Brasil,,,-11.0333333333333,-70.25,-11.0333333333333,-70.25,Callitrichidae,,Cebuella,,,,SEMA-Acre,Animalia,ESEC do Rio Acre; Rio Acre,,,,,2010-03-08T13:52:45,,,Artigo: Conservation areas protecting primates in Brasilian Amazonia - Rylands A.B. 1985,Primates,,,,,,,,Cebuella pygmaea,,,pygmaea,Acre,,-11.0333333333333,-70.25,,
,S,5245,Mammalia,ZEE_MAM,213,,,Brasil,Marechal Thaumaturgo,,,-9.0,-72.5,-9.0,-72.5,Cebidae,,Alouatta,,,,SEMA-Acre,Animalia,Reserva Extrativista do Alto Juruá; Rio Juruá e tributários,,,,,2010-03-08T13:52:53,,,,Primates,,,,,,,,Alouatta seniculus,,,seniculus,Acre,,-9.0,-72.5,,
,S,53,Mammalia,ZEE_MAM,213,,,Brasil,,,,-8.8225,-72.7636111111111,-8.8225,-72.7636111111111,Cebidae,,Pithecia,,,,SEMA-Acre,Animalia,Seringal Oriente; Margem direita,,,,,2010-03-08T13:53:12,,,Artigo: Alguns mamíferos do Acre Ocidental - Carvalho C.T. 1957,Primates,,,,,,,,Pithecia monachus,,,monachus,Acre,,-8.8225,-72.7636111111111,,
,S,20,Mammalia,ZEE_MAM,213,,,Brasil,Rio Branco,,,-9.94166666666667,-67.8688888888889,-9.94166666666667,-67.8688888888889,Cebidae,,Saimiri,,,boliviensis,SEMA-Acre,Animalia,Universidade Federal do Acre/Parque Zoobotânico; Rio Acre,,,,,2010-03-08T13:53:12,,,Relatório: Percepção- cognição e aprendizagem associados ao forrageamento por primatas neotropicais noturnos e diurnos - Bicca-Marques J.C. 1997,Primates,,,,,,,,Saimiri boliviensis boliviensis,,,boliviensis,Acre,,-9.94166666666667,-67.8688888888889,,
,S,25,Mammalia,ZEE_MAM,213,,,Brasil,,,,-9.41277777777778,-72.7047222222222,-9.41277777777778,-72.7047222222222,Cebidae,,Saimiri,,,boliviensis,SEMA-Acre,Animalia,Margem direita do Rio Juruá - Ponto 3; Rio Juruá,,,,,2010-03-08T13:53:12,,,Artigo: Notes on the primates of the Juruá River- western Brasilian Amazonia - Peres C.A. 1993,Primates,,,,,,,,Saimiri boliviensis boliviensis,,,boliviensis,Acre,,-9.41277777777778,-72.7047222222222,,
,S,412,Mammalia,ZEE_MAM,213,,,Brasil,Assis Brasil,,,-11.0333333333333,-70.25,-11.0333333333333,-70.25,Cebidae,,Saimiri,,,boliviensis,SEMA-Acre,Animalia,ESEC do Rio Acre; Rio Acre,,,,,2010-03-08T13:53:12,,,Livro: The status of conservation areas in the Brasilian Amazon - Rylands A.B. 1991,Primates,,,,,,,,Saimiri boliviensis boliviensis,,,boliviensis,Acre,,-11.0333333333333,-70.25,,
,S,393,Mammalia,ZEE_MAM,213,,,Brasil,Cruzeiro do Sul,,,-7.50611111111111,-73.7013888888889,-7.50611111111111,-73.7013888888889,Cebidae,,Saimiri,,,peruviensis,SEMA-Acre,Animalia,Parque Nacional da Serra do Divisor,,,,,2010-03-08T13:53:12,,,Livro: The status of conservation areas in the Brasilian Amazon - Rylands A.B. 1991,Primates,,,,,,,,Saimiri boliviensis peruviensis,,,boliviensis,Acre,,-7.50611111111111,-73.7013888888889,,
,S,8368,Mammalia,ZEE_MAM,213,,124133,Brasil,Cruzeiro do Sul,,,-7.631498,-72.67049,-7.631498,-72.67049,Cebidae,,Saimiri,,,,SEMA-Acre,Animalia,Seringal Aurora; Rio Moa,,,,,2010-03-08T13:53:12,,,"Artigo: Novos hospedeiros do Plasmodium brasilianum no Estado do Acre, Brasil: o uacari Cacajao rubicundus rubicundus, o guariba Alouatta seniculus seniculus e o macaco barrigudo Lagothrix lagothrix poeppigii - Ferreira Neto J.A. - Deane L.M. 1973",Primates,,,,,,,,Saimiri sciureus,,,sciureus,Acre,,0.0,0.0,,
,S,8369,Mammalia,ZEE_MAM,213,,124133,Brasil,Cruzeiro do Sul,,,-7.631498,-72.67049,-7.631498,-72.67049,Cebidae,,Saimiri,,,,SEMA-Acre,Animalia,Seringal Generoso; Rio Moa,,,,,2010-03-08T13:53:12,,,"Artigo: Novos hospedeiros do Plasmodium brasilianum no Estado do Acre, Brasil: o uacari Cacajao rubicundus rubicundus, o guariba Alouatta seniculus seniculus e o macaco barrigudo Lagothrix lagothrix poeppigii - Ferreira Neto J.A. - Deane L.M. 1973",Primates,,,,,,,,Saimiri sciureus,,,sciureus,Acre,,0.0,0.0,,
,S,3932,Mammalia,ZEE_MAM,213,,,Brasil,Cruzeiro do Sul,,,-8.28083333333333,-73.2536111111111,-8.28083333333333,-73.2536111111111,Cebidae,,Saimiri,,,,SEMA-Acre,Animalia,Parque Nacional da Serra do Divisor,,,,,2010-03-08T13:53:12,,,"Artigo : Riqueza de mamíferos de grande e médio porte do Parque Nacional da Serra do Divisor (Acre, Brasil) - Calouro A.M. 1999",Primates,,,,,,,,Saimiri sciureus,,,sciureus,Acre,,-8.28083333333333,-73.2536111111111,,
,S,8360,Mammalia,ZEE_MAM,213,,,Brasil,Cruzeiro do Sul,,,-7.64777777777778,-72.67,-7.64777777777778,-72.67,Cebidae,,Saimiri,,,,SEMA-Acre,Animalia,,,,,,2010-03-08T13:53:12,,,"Artigo: Novos hospedeiros do Plasmodium brasilianum no Estado do Acre, Brasil: o uacari Cacajao rubicundus rubicundus, o guariba Alouatta seniculus seniculus e o macaco barrigudo Lagothrix lagothrix poeppigii - Ferreira Neto J.A. - Deane L.M. 1973",Primates,,,,,,,,Saimiri sciureus,,,sciureus,Acre,,-7.64777777777778,-72.67,,
,S,8516,Mammalia,ZEE_MAM,213,,,Brasil,Mâncio Lima,,,-7.38333333333333,-73.2666666666667,-7.38333333333333,-73.2666666666667,Cebidae,,Saimiri,,,,SEMA-Acre,Animalia,Seringal São Salvador; Rio Moa,,,,,2010-03-08T13:53:12,,,Livro: A fauna silvestre e as práticas de caça - Fragoso J.M.V- Santos M.C.- Nascimento V.M.L 2002,Primates,,,,,,,,Saimiri sciureus,,,sciureus,Acre,,-7.38333333333333,-73.2666666666667,,
,S,1154,Mammalia,ZEE_MAM,213,,,Brasil,Sena Madureira,,,-9.25,-68.725,-9.25,-68.725,Cebidae,,Saimiri,,,,SEMA-Acre,Animalia,Rio Iaco; Rio Iaco,,,,,2010-03-08T13:53:12,,,Dissertação: A caça de subsistência de extrativistas na Amazônia: sustentabilidade- biodiversidade e extinção de espécies - Martins E. 1993,Primates,,,,,,,,Saimiri boliviensis,,,boliviensis,Acre,,-9.25,-68.725,,
,S,211,Mammalia,ZEE_MAM,213,,,Brasil,,,,-9.25,-68.725,-9.25,-68.725,Cebidae,,Saimiri,,,,SEMA-Acre,Animalia,Rio Iaco; Rio Iaco,,,,,2010-03-08T13:53:12,,,Relatório: Caracterização da fauna da bacia do Rio Branco/ Acre - Alho C.J.R. 1990,Primates,,,,,,,,Saimiri boliviensis,,,boliviensis,Acre,,-9.25,-68.725,,
,S,225,Mammalia,ZEE_MAM,213,,178429,Brasil,Rio Branco,,,-9.97512,-67.810478,-9.97512,-67.810478,Cebidae,,Saimiri,,,,SEMA-Acre,Animalia,,,,,,2010-03-08T13:53:12,,,Relatório: Caracterização da fauna da bacia do Rio Branco/ Acre - Alho C.J.R. 1990,Primates,,,,,,,,Saimiri boliviensis,,,boliviensis,Acre,,0.0,0.0,,
,S,621,Mammalia,ZEE_MAM,213,,,Brasil,Rio Branco,,,-9.96666666666667,-67.8,-9.96666666666667,-67.8,Cebidae,,Saimiri,,,,SEMA-Acre,Animalia,Bairro Taquari; Rioa Acre,,,,,2010-03-08T13:53:12,,,Monografia: Levantamento preliminar de primatas cadastrados pelo IBAMA no município de Rio Branco - AC - Nóbrega M.F. 1997,Primates,,,,,,,,Saimiri boliviensis,,,boliviensis,Acre,,-9.96666666666667,-67.8,,
,S,6991,Mammalia,ZEE_MAM,213,,,Brasil,,,,-10.4258333333333,-68.8611111111111,-10.4258333333333,-68.8611111111111,Cebidae,,Saimiri,,,,SEMA-Acre,Animalia,Trilha Pincel,,,,,2010-03-08T13:53:12,,,Não publicado: A caça de Subsistência na Reserva Extrativista Chico Mendes/AC: caracterização- consumo e estratégias de caça. - Medeiros M.F.S.T. 1999,Primates,,,,,,,,Saimiri boliviensis,,,boliviensis,Acre,,-10.4258333333333,-68.8611111111111,,
,S,7020,Mammalia,ZEE_MAM,213,,,Brasil,,,,-10.3969444444444,-68.8611111111111,-10.3969444444444,-68.8611111111111,Cebidae,,Saimiri,,,,SEMA-Acre,Animalia,Trilha Venezuela,,,,,2010-03-08T13:53:12,,,Não publicado: A caça de Subsistência na Reserva Extrativista Chico Mendes/AC: caracterização- consumo e estratégias de caça. - Medeiros M.F.S.T. 1999,Primates,,,,,,,,Saimiri boliviensis,,,boliviensis,Acre,,-10.3969444444444,-68.8611111111111,,
,S,7049,Mammalia,ZEE_MAM,213,,,Brasil,,,,-10.5397222222222,-68.8563888888889,-10.5397222222222,-68.8563888888889,Cebidae,,Saimiri,,,,SEMA-Acre,Animalia,Trilha Bom Levar,,,,,2010-03-08T13:53:12,,,Não publicado: A caça de Subsistência na Reserva Extrativista Chico Mendes/AC: caracterização- consumo e estratégias de caça. - Medeiros M.F.S.T. 1999,Primates,,,,,,,,Saimiri boliviensis,,,boliviensis,Acre,,-10.5397222222222,-68.8563888888889,,
,S,8340,Mammalia,ZEE_MAM,213,,282365,Brasil,Sena Madureira,,,-9.065951,-68.657424,-9.065951,-68.657424,Cebidae,,Saimiri,,,,SEMA-Acre,Animalia,Seringal Ouro,,,,,2010-03-08T13:53:12,,,"Artigo: Malária simiana no Estado do Acre, Brasil: Encontro de macacos zogue-zogue, Callicebus moloch cupreus, infetados com Plasmodium brasilianum - Ferreira Neto J.A.- Deane L.M. - Almeida F.B. 1972",Primates,,,,,,,,Saimiri boliviensis,,,boliviensis,Acre,,0.0,0.0,,
,S,1067,Mammalia,ZEE_MAM,213,,58663,Brasil,Plácido de Castro,,,-10.335677,-67.186032,-10.335677,-67.186032,Cebidae,,Saimiri,,,,SEMA-Acre,Animalia,Propriedade rural- AC-401- km 6- ramal lado esquerdo (1 km),,,,,2010-03-08T13:53:12,,,Monografia: Distribuição de primatas não-humanos no Estado do Acre e vizinhanças: um estudo preliminar - Fernandes M.C.A.G. 1990,Primates,,,,,,,,Saimiri boliviensis,,,boliviensis,Acre,,0.0,0.0,,
,S,1068,Mammalia,ZEE_MAM,213,,178429,Brasil,Rio Branco,,,-9.97512,-67.810478,-9.97512,-67.810478,Cebidae,,Saimiri,,,,SEMA-Acre,Animalia,Estrada Dias Martins- km 12- lado esquerdo; Rioa Acre,,,,,2010-03-08T13:53:12,,,Monografia: Distribuição de primatas não-humanos no Estado do Acre e vizinhanças: um estudo preliminar - Fernandes M.C.A.G. 1990,Primates,,,,,,,,Saimiri boliviensis,,,boliviensis,Acre,,0.0,0.0,,
,S,1078,Mammalia,ZEE_MAM,213,,124133,Brasil,Cruzeiro do Sul,,,-7.631498,-72.67049,-7.631498,-72.67049,Cebidae,,Saimiri,,,,SEMA-Acre,Animalia,Seringal República; Rio Moa,,,,,2010-03-08T13:53:12,,,Monografia: Distribuição de primatas não-humanos no Estado do Acre e vizinhanças: um estudo preliminar - Fernandes M.C.A.G. 1990,Primates,,,,,,,,Saimiri boliviensis,,,boliviensis,Acre,,0.0,0.0,,
,S,1082,Mammalia,ZEE_MAM,213,,178429,Brasil,Rio Branco,,,-9.97512,-67.810478,-9.97512,-67.810478,Cebidae,,Saimiri,,,,SEMA-Acre,Animalia,Rio Branco- Chácara da FUNAI; Rioa Acre,,,,,2010-03-08T13:53:12,,,Monografia: Distribuição de primatas não-humanos no Estado do Acre e vizinhanças: um estudo preliminar - Fernandes M.C.A.G. 1990,Primates,,,,,,,,Saimiri boliviensis,,,boliviensis,Acre,,0.0,0.0,,
,S,1145,Mammalia,ZEE_MAM,213,,,Brasil,Rio Branco,,,-10.0927777777778,-68.0,-10.0927777777778,-68.0,Cebidae,,Saimiri,,,,SEMA-Acre,Animalia,Fazenda Boa União; Rio Acre,,,,,2010-03-08T13:53:12,,,Dissertação: A caça de subsistência de extrativistas na Amazônia: sustentabilidade- biodiversidade e extinção de espécies - Martins E. 1993,Primates,,,,,,,,Saimiri boliviensis,,,boliviensis,Acre,,-10.0927777777778,-68.0,,
,S,32,Mammalia,ZEE_MAM,213,,,Brasil,,,,-9.42,-72.735,-9.42,-72.735,Cebidae,,Pithecia,,,,SEMA-Acre,Animalia,Margem direita do Rio Juruá - Ponto 1; Rio Juruá,,,,,2010-03-08T13:53:12,,,Artigo: Notes on the primates of the Juruá River- western Brasilian Amazonia - Peres C.A. 1993,Primates,,,,,,,,Pithecia monachus,,,monachus,Acre,,-9.42,-72.735,,
,S,33,Mammalia,ZEE_MAM,213,,,Brasil,,,,-9.41333333333333,-72.725,-9.41333333333333,-72.725,Cebidae,,Pithecia,,,,SEMA-Acre,Animalia,Margem esquerda do Rio Juruá - Ponto 2; Rio Juruá,,,,,2010-03-08T13:53:12,,,Artigo: Notes on the primates of the Juruá River- western Brasilian Amazonia - Peres C.A. 1993,Primates,,,,,,,,Pithecia monachus,,,monachus,Acre,,-9.41333333333333,-72.725,,
,S,3972,Mammalia,ZEE_MAM,213,,,Brasil,Cruzeiro do Sul,,,-7.55666666666667,-73.2766666666667,-7.55666666666667,-73.2766666666667,Cebidae,,Pithecia,,,,SEMA-Acre,Animalia,Parque Nacional da Serra do Divisor,,,,,2010-03-08T13:53:12,,,"Artigo : Riqueza de mamíferos de grande e médio porte do Parque Nacional da Serra do Divisor (Acre, Brasil) - Calouro A.M. 1999",Primates,,,,,,,,Pithecia monachus,,,monachus,Acre,,-7.55666666666667,-73.2766666666667,,
,S,3973,Mammalia,ZEE_MAM,213,,,Brasil,Cruzeiro do Sul,,,-8.55833333333333,-72.8833333333333,-8.55833333333333,-72.8833333333333,Cebidae,,Pithecia,,,,SEMA-Acre,Animalia,Parque Nacional da Serra do Divisor,,,,,2010-03-08T13:53:12,,,"Artigo : Riqueza de mamíferos de grande e médio porte do Parque Nacional da Serra do Divisor (Acre, Brasil) - Calouro A.M. 1999",Primates,,,,,,,,Pithecia monachus,,,monachus,Acre,,-8.55833333333333,-72.8833333333333,,
,S,8355,Mammalia,ZEE_MAM,213,,,Brasil,Cruzeiro do Sul,,,-7.64777777777778,-72.67,-7.64777777777778,-72.67,Cebidae,,Pithecia,,,,SEMA-Acre,Animalia,,,,,,2010-03-08T13:53:12,,,"Artigo: Novos hospedeiros do Plasmodium brasilianum no Estado do Acre, Brasil: o uacari Cacajao rubicundus rubicundus, o guariba Alouatta seniculus seniculus e o macaco barrigudo Lagothrix lagothrix poeppigii - Ferreira Neto J.A. - Deane L.M. 1973",Primates,,,,,,,,Pithecia monachus,,,monachus,Acre,,-7.64777777777778,-72.67,,
,S,8526,Mammalia,ZEE_MAM,213,,,Brasil,Mâncio Lima,,,-7.38333333333333,-73.2666666666667,-7.38333333333333,-73.2666666666667,Cebidae,,Pithecia,,,,SEMA-Acre,Animalia,Seringal São Salvador; Rio Moa,,,,,2010-03-08T13:53:12,,,Livro: A fauna silvestre e as práticas de caça - Fragoso J.M.V- Santos M.C.- Nascimento V.M.L 2002,Primates,,,,,,,,Pithecia monachus,,,monachus,Acre,,-7.38333333333333,-73.2666666666667,,
,S,403,Mammalia,ZEE_MAM,213,,,Brasil,Cruzeiro do Sul,,,-7.50611111111111,-73.7013888888889,-7.50611111111111,-73.7013888888889,Cebidae,,Pithecia,,,monachus,SEMA-Acre,Animalia,Parque Nacional da Serra do Divisor,,,,,2010-03-08T13:53:12,,,Livro: The status of conservation areas in the Brasilian Amazon - Rylands A.B. 1991,Primates,,,,,,,,Pithecia monachus monachus,,,monachus,Acre,,-7.50611111111111,-73.7013888888889,,
,S,8217,Mammalia,ZEE_MAM,213,,,Brasil,,,,-8.36666666666667,-72.8166666666667,-8.36666666666667,-72.8166666666667,Cebidae,,Pithecia,,,monachus,SEMA-Acre,Animalia,,,,,,2010-03-08T13:53:12,,,Artigo: Primate community structure at twenty western Amazonian flooded and unflooded forests - Peres C.A. 1997,Primates,,,,,,,,Pithecia monachus monachus,,,monachus,Acre,,-8.36666666666667,-72.8166666666667,,
,S,598,Mammalia,ZEE_MAM,213,,,Brasil,Rio Branco,,,-9.96666666666667,-67.8,-9.96666666666667,-67.8,Cebidae,,Pithecia,,,,SEMA-Acre,Animalia,Conjunto Solar; Rioa Acre,,,,,2010-03-08T13:53:12,,,Monografia: Levantamento preliminar de primatas cadastrados pelo IBAMA no município de Rio Branco - AC - Nóbrega M.F. 1997,Primates,,,,,,,,Pithecia irrorata,,,irrorata,Acre,,-9.96666666666667,-67.8,,
,S,653,Mammalia,ZEE_MAM,213,,,Brasil,Rio Branco,,,-10.1333333333333,-67.5833333333333,-10.1333333333333,-67.5833333333333,Cebidae,,Pithecia,,,,SEMA-Acre,Animalia,Parque Ambiental Chico Mendes; Rioa Acre,,,,,2010-03-08T13:53:12,,,Relatório: Enriquecimento de capoeiras com espécies vegetais utilizadas por primatas - Silva M.C.R. 1998,Primates,,,,,,,,Pithecia irrorata,,,irrorata,Acre,,-10.1333333333333,-67.5833333333333,,
,S,8365,Mammalia,ZEE_MAM,213,,124133,Brasil,Cruzeiro do Sul,,,-7.631498,-72.67049,-7.631498,-72.67049,Cebidae,,Pithecia,,,,SEMA-Acre,Animalia,Seringal Aquidabã; Rio Moa,,,,,2010-03-08T13:53:12,,,"Artigo: Novos hospedeiros do Plasmodium brasilianum no Estado do Acre, Brasil: o uacari Cacajao rubicundus rubicundus, o guariba Alouatta seniculus seniculus e o macaco barrigudo Lagothrix lagothrix poeppigii - Ferreira Neto J.A. - Deane L.M. 1973",Primates,,,,,,,,Pithecia monachus,,,monachus,Acre,,0.0,0.0,,
,S,1041,Mammalia,ZEE_MAM,213,,,Brasil,Rio Branco,,,-9.96666666666667,-67.8,-9.96666666666667,-67.8,Cebidae,,Pithecia,,,,SEMA-Acre,Animalia,Rio Branco; Rioa Acre,,,,,2010-03-08T13:53:12,,,Monografia: Distribuição de primatas não-humanos no Estado do Acre e vizinhanças: um estudo preliminar - Fernandes M.C.A.G. 1990,Primates,,,,,,,,Pithecia irrorata,,,irrorata,Acre,,-9.96666666666667,-67.8,,
,S,1137,Mammalia,ZEE_MAM,213,,,Brasil,Feijó,,,-9.52305555555555,-71.6638888888889,-9.52305555555555,-71.6638888888889,Cebidae,,Pithecia,,,,SEMA-Acre,Animalia,Terra Indígena Kampa do Rio Envira; Rio Envira,,,,,2010-03-08T13:53:12,,,Relatório: Análise ambiental complementar sobre a terra indígena Kampa e isolados do Rio Envira - Ferreira L.A. 1996,Primates,,,,,,,,Pithecia irrorata,,,irrorata,Acre,,-9.52305555555555,-71.6638888888889,,
,S,1004,Mammalia,ZEE_MAM,213,,,Brasil,,,,-8.82916666666667,-72.775,-8.82916666666667,-72.775,Cebidae,,Pithecia,,,,SEMA-Acre,Animalia,Seringal Oriente; Rio Juruá,,,,,2010-03-08T13:53:11,,,Monografia: Distribuição de primatas não-humanos no Estado do Acre e vizinhanças: um estudo preliminar - Fernandes M.C.A.G. 1990,Primates,,,,,,,,Pithecia irrorata,,,irrorata,Acre,,-8.82916666666667,-72.775,,
,S,1005,Mammalia,ZEE_MAM,213,,,Brasil,Assis Brasil,,,-11.0333333333333,-70.25,-11.0333333333333,-70.25,Cebidae,,Pithecia,,,,SEMA-Acre,Animalia,ESEC do Rio Acre; Rio Acre,,,,,2010-03-08T13:53:11,,,Monografia: Distribuição de primatas não-humanos no Estado do Acre e vizinhanças: um estudo preliminar - Fernandes M.C.A.G. 1990,Primates,,,,,,,,Pithecia irrorata,,,irrorata,Acre,,-11.0333333333333,-70.25,,
,S,1008,Mammalia,ZEE_MAM,213,,,Brasil,Cruzeiro do Sul,,,-7.61666666666667,-72.6,-7.61666666666667,-72.6,Cebidae,,Pithecia,,,,SEMA-Acre,Animalia,,,,,,2010-03-08T13:53:11,,,Monografia: Distribuição de primatas não-humanos no Estado do Acre e vizinhanças: um estudo preliminar - Fernandes M.C.A.G. 1990,Primates,,,,,,,,Pithecia irrorata,,,irrorata,Acre,,-7.61666666666667,-72.6,,
,S,214,Mammalia,ZEE_MAM,213,,,Brasil,,,,-9.25,-68.725,-9.25,-68.725,Cebidae,,Ateles,,,,SEMA-Acre,Animalia,Rio Iaco; Rio Iaco,,,,,2010-03-08T13:53:04,,,Relatório: Caracterização da fauna da bacia do Rio Branco/ Acre - Alho C.J.R. 1990,Primates,,,,,,,,Ateles chamek,,,chamek,Acre,,-9.25,-68.725,,
,S,268,Mammalia,ZEE_MAM,213,,,Brasil,Assis Brasil,,,-11.0333333333333,-70.25,-11.0333333333333,-70.25,Cebidae,,Lagothrix,,,cana,SEMA-Acre,Animalia,ESEC do Rio Acre; Rio Acre,,,,,2010-03-08T13:53:11,,,Artigo: Parks- reserves and primate conservation in Brasilian Amazonia - Rylands A. - Mittermeier R.A. 1982,Primates,,,,,,,,Lagothrix lagotricha cana,,,lagotricha,Acre,,-11.0333333333333,-70.25,,
,S,404,Mammalia,ZEE_MAM,213,,,Brasil,Cruzeiro do Sul,,,-7.50611111111111,-73.7013888888889,-7.50611111111111,-73.7013888888889,Cebidae,,Lagothrix,,,poeppigii,SEMA-Acre,Animalia,Parque Nacional da Serra do Divisor,,,,,2010-03-08T13:53:11,,,Livro: The status of conservation areas in the Brasilian Amazon - Rylands A.B. 1991,Primates,,,,,,,,Lagothrix lagotricha poeppigii,,,lagotricha,Acre,,-7.50611111111111,-73.7013888888889,,
,S,524,Mammalia,ZEE_MAM,213,,,Brasil,Cruzeiro do Sul,,,-7.45888888888889,-73.7744444444444,-7.45888888888889,-73.7744444444444,Cebidae,,Lagothrix,,,poeppigii,SEMA-Acre,Animalia,Parque Nacional da Serra do Divisor; Igarapé Anil,,,,,2010-03-08T13:53:11,,,"Artigo : Riqueza de mamíferos de grande e médio porte do Parque Nacional da Serra do Divisor (Acre, Brasil) - Calouro A.M. 1999",Primates,,,,,,,,Lagothrix lagotricha poeppigii,,,lagotricha,Acre,,-7.45888888888889,-73.7744444444444,,
,S,1002,Mammalia,ZEE_MAM,213,,,Brasil,Cruzeiro do Sul,,,-7.64777777777778,-72.67,-7.64777777777778,-72.67,Cebidae,,Pithecia,,,,SEMA-Acre,Animalia,,,,,,2010-03-08T13:53:11,,,Monografia: Distribuição de primatas não-humanos no Estado do Acre e vizinhanças: um estudo preliminar - Fernandes M.C.A.G. 1990,Primates,,,,,,,,Pithecia irrorata,,,irrorata,Acre,,-7.64777777777778,-72.67,,
,S,602,Mammalia,ZEE_MAM,213,,,Brasil,Rio Branco,,,-9.96666666666667,-67.8,-9.96666666666667,-67.8,Cebidae,,Lagothrix,,,,SEMA-Acre,Animalia,Bairro Centro; Rioa Acre,,,,,2010-03-08T13:53:11,,,Monografia: Levantamento preliminar de primatas cadastrados pelo IBAMA no município de Rio Branco - AC - Nóbrega M.F. 1997,Primates,,,,,,,,Lagothrix lagotricha,,,lagotricha,Acre,,-9.96666666666667,-67.8,,
,S,8361,Mammalia,ZEE_MAM,213,,,Brasil,Cruzeiro do Sul,,,-7.64777777777778,-72.67,-7.64777777777778,-72.67,Cebidae,,Lagothrix,,,,SEMA-Acre,Animalia,,,,,,2010-03-08T13:53:11,,,"Artigo: Novos hospedeiros do Plasmodium brasilianum no Estado do Acre, Brasil: o uacari Cacajao rubicundus rubicundus, o guariba Alouatta seniculus seniculus e o macaco barrigudo Lagothrix lagothrix poeppigii - Ferreira Neto J.A. - Deane L.M. 1973",Primates,,,,,,,,Lagothrix lagotricha,,,lagotricha,Acre,,-7.64777777777778,-72.67,,
,S,8208,Mammalia,ZEE_MAM,213,,,Brasil,,,,-8.66666666666667,-72.7833333333333,-8.66666666666667,-72.7833333333333,Cebidae,,Cebus,,,,SEMA-Acre,Animalia,,,,,,2010-03-08T13:53:04,,,Artigo: Primate community structure at twenty western Amazonian flooded and unflooded forests - Peres C.A. 1997,Primates,,,,,,,,Cebus apella,,,apella,Acre,,-8.66666666666667,-72.7833333333333,,
,S,8334,Mammalia,ZEE_MAM,213,,178429,Brasil,Rio Branco,,,-9.97512,-67.810478,-9.97512,-67.810478,Cebidae,,Cebus,,,,SEMA-Acre,Animalia,Rio Branco (Estrada de Xapuri); Rioa Acre,,,,,2010-03-08T13:53:04,,,"Artigo: Malária simiana no Estado do Acre, Brasil: Encontro de macacos zogue-zogue, Callicebus moloch cupreus, infetados com Plasmodium brasilianum - Ferreira Neto J.A.- Deane L.M. - Almeida F.B. 1972",Primates,,,,,,,,Cebus apella,,,apella,Acre,,0.0,0.0,,
,S,1119,Mammalia,ZEE_MAM,213,,,Brasil,Feijó,,,-9.35666666666667,-71.0166666666667,-9.35666666666667,-71.0166666666667,Cebidae,,Lagothrix,,,,SEMA-Acre,Animalia,Terra Indígena Jaminauá/Envira; Margem direita do Rio Envira- perto da foz do Rio Jaminauá e margem direita do Rio Jaminauá,,,,,2010-03-08T13:53:04,,,Relatório: Identificação e delimitação da Terra Indígena Kulina do Igarapé do Anjo que passou a se denominar Terra Indígena Jaminauá/Envira - Diógenes M.B. 1996,Primates,,,,,,,,Lagothrix lagotricha,,,lagotricha,Acre,,-9.35666666666667,-71.0166666666667,,
,S,4046,Mammalia,ZEE_MAM,213,,,Brasil,Rio Branco,,,-10.0666666666667,-67.6166666666667,-10.0666666666667,-67.6166666666667,Cebidae,,Cebus,,,,SEMA-Acre,Animalia,Fazenda Experimental Catuaba; Rioa Acre,,,,,2010-03-08T13:53:04,,,Relatório: Estimativa das densidades das espécies de primatas da Fazenda Experimental Catuaba - Chaves W.A. 1999,Primates,,,,,,,,Cebus apella,,,apella,Acre,,-10.0666666666667,-67.6166666666667,,
,S,516,Mammalia,ZEE_MAM,213,,,Brasil,Cruzeiro do Sul,,,-7.50611111111111,-73.7013888888889,-7.50611111111111,-73.7013888888889,Cebidae,,Cebus,,,,SEMA-Acre,Animalia,Parque Nacional da Serra do Divisor,,,,,2010-03-08T13:53:04,,,"Artigo : Riqueza de mamíferos de grande e médio porte do Parque Nacional da Serra do Divisor (Acre, Brasil) - Calouro A.M. 1999",Primates,,,,,,,,Cebus apella,,,apella,Acre,,-7.50611111111111,-73.7013888888889,,
,S,607,Mammalia,ZEE_MAM,213,,,Brasil,Rio Branco,,,-9.96666666666667,-67.8,-9.96666666666667,-67.8,Cebidae,,Cebus,,,,SEMA-Acre,Animalia,Bairro Centro; Rioa Acre,,,,,2010-03-08T13:53:04,,,Monografia: Levantamento preliminar de primatas cadastrados pelo IBAMA no município de Rio Branco - AC - Nóbrega M.F. 1997,Primates,,,,,,,,Cebus apella,,,apella,Acre,,-9.96666666666667,-67.8,,
,S,6990,Mammalia,ZEE_MAM,213,,,Brasil,,,,-10.4258333333333,-68.8611111111111,-10.4258333333333,-68.8611111111111,Cebidae,,Cebus,,,,SEMA-Acre,Animalia,Trilha Pincel,,,,,2010-03-08T13:53:04,,,Não publicado: A caça de Subsistência na Reserva Extrativista Chico Mendes/AC: caracterização- consumo e estratégias de caça. - Medeiros M.F.S.T. 1999,Primates,,,,,,,,Cebus apella,,,apella,Acre,,-10.4258333333333,-68.8611111111111,,
,S,7048,Mammalia,ZEE_MAM,213,,,Brasil,,,,-10.5397222222222,-68.8563888888889,-10.5397222222222,-68.8563888888889,Cebidae,,Cebus,,,,SEMA-Acre,Animalia,Trilha Bom Levar,,,,,2010-03-08T13:53:04,,,Não publicado: A caça de Subsistência na Reserva Extrativista Chico Mendes/AC: caracterização- consumo e estratégias de caça. - Medeiros M.F.S.T. 1999,Primates,,,,,,,,Cebus apella,,,apella,Acre,,-10.5397222222222,-68.8563888888889,,
,S,7077,Mammalia,ZEE_MAM,213,,,Brasil,,,,-10.4569444444444,-68.8602777777778,-10.4569444444444,-68.8602777777778,Cebidae,,Cebus,,,,SEMA-Acre,Animalia,Trilha Itapissuma,,,,,2010-03-08T13:53:04,,,Não publicado: A caça de Subsistência na Reserva Extrativista Chico Mendes/AC: caracterização- consumo e estratégias de caça. - Medeiros M.F.S.T. 1999,Primates,,,,,,,,Cebus apella,,,apella,Acre,,-10.4569444444444,-68.8602777777778,,
,S,420,Mammalia,ZEE_MAM,213,,,Brasil,Assis Brasil,,,-11.0333333333333,-70.25,-11.0333333333333,-70.25,Cebidae,,Cebus,,,unicolor,SEMA-Acre,Animalia,ESEC do Rio Acre; Rio Acre,,,,,2010-03-08T13:53:04,,,Livro: The status of conservation areas in the Brasilian Amazon - Rylands A.B. 1991,Primates,,,,,,,,Cebus albifrons unicolor,,,albifrons,Acre,,-11.0333333333333,-70.25,,
,S,65,Mammalia,ZEE_MAM,213,,,Brasil,,,,-8.50666666666667,-72.8269444444445,-8.50666666666667,-72.8269444444445,Cebidae,,Cebus,,,unicolor,SEMA-Acre,Animalia,São Salvador,,,,,2010-03-08T13:53:04,,,Artigo: Alguns mamíferos do Acre Ocidental - Carvalho C.T. 1957,Primates,,,,,,,,Cebus albifrons unicolor,,,albifrons,Acre,,-8.50666666666667,-72.8269444444445,,
,S,8209,Mammalia,ZEE_MAM,213,,,Brasil,,,,-8.66666666666667,-72.7833333333333,-8.66666666666667,-72.7833333333333,Cebidae,,Cebus,,,unicolor,SEMA-Acre,Animalia,,,,,,2010-03-08T13:53:04,,,Artigo: Primate community structure at twenty western Amazonian flooded and unflooded forests - Peres C.A. 1997,Primates,,,,,,,,Cebus albifrons unicolor,,,albifrons,Acre,,-8.66666666666667,-72.7833333333333,,
,S,1121,Mammalia,ZEE_MAM,213,,,Brasil,Feijó,,,-9.35666666666667,-71.0166666666667,-9.35666666666667,-71.0166666666667,Cebidae,,Cebus,,,,SEMA-Acre,Animalia,Terra Indígena Jaminauá/Envira; Margem direita do Rio Envira- perto da foz do Rio Jaminauá e margem direita do Rio Jaminauá,,,,,2010-03-08T13:53:04,,,Relatório: Identificação e delimitação da Terra Indígena Kulina do Igarapé do Anjo que passou a se denominar Terra Indígena Jaminauá/Envira - Diógenes M.B. 1996,Primates,,,,,,,,Cebus apella,,,apella,Acre,,-9.35666666666667,-71.0166666666667,,
,S,3925,Mammalia,ZEE_MAM,213,,,Brasil,Cruzeiro do Sul,,,-7.45888888888889,-73.7744444444444,-7.45888888888889,-73.7744444444444,Cebidae,,Cebus,,,,SEMA-Acre,Animalia,Parque Nacional da Serra do Divisor,,,,,2010-03-08T13:53:04,,,"Artigo : Riqueza de mamíferos de grande e médio porte do Parque Nacional da Serra do Divisor (Acre, Brasil) - Calouro A.M. 1999",Primates,,,,,,,,Cebus apella,,,apella,Acre,,-7.45888888888889,-73.7744444444444,,
,S,3926,Mammalia,ZEE_MAM,213,,,Brasil,Cruzeiro do Sul,,,-7.43166666666667,-73.6611111111111,-7.43166666666667,-73.6611111111111,Cebidae,,Cebus,,,,SEMA-Acre,Animalia,Parque Nacional da Serra do Divisor,,,,,2010-03-08T13:53:04,,,"Artigo : Riqueza de mamíferos de grande e médio porte do Parque Nacional da Serra do Divisor (Acre, Brasil) - Calouro A.M. 1999",Primates,,,,,,,,Cebus apella,,,apella,Acre,,-7.43166666666667,-73.6611111111111,,
,S,3927,Mammalia,ZEE_MAM,213,,,Brasil,Cruzeiro do Sul,,,-7.55666666666667,-73.2766666666667,-7.55666666666667,-73.2766666666667,Cebidae,,Cebus,,,,SEMA-Acre,Animalia,Parque Nacional da Serra do Divisor,,,,,2010-03-08T13:53:04,,,"Artigo : Riqueza de mamíferos de grande e médio porte do Parque Nacional da Serra do Divisor (Acre, Brasil) - Calouro A.M. 1999",Primates,,,,,,,,Cebus apella,,,apella,Acre,,-7.55666666666667,-73.2766666666667,,
,S,3928,Mammalia,ZEE_MAM,213,,,Brasil,Cruzeiro do Sul,,,-8.55833333333333,-72.8833333333333,-8.55833333333333,-72.8833333333333,Cebidae,,Cebus,,,,SEMA-Acre,Animalia,Parque Nacional da Serra do Divisor,,,,,2010-03-08T13:53:04,,,"Artigo : Riqueza de mamíferos de grande e médio porte do Parque Nacional da Serra do Divisor (Acre, Brasil) - Calouro A.M. 1999",Primates,,,,,,,,Cebus apella,,,apella,Acre,,-8.55833333333333,-72.8833333333333,,
,S,3929,Mammalia,ZEE_MAM,213,,,Brasil,Cruzeiro do Sul,,,-8.28083333333333,-73.2536111111111,-8.28083333333333,-73.2536111111111,Cebidae,,Cebus,,,,SEMA-Acre,Animalia,Parque Nacional da Serra do Divisor,,,,,2010-03-08T13:53:04,,,"Artigo : Riqueza de mamíferos de grande e médio porte do Parque Nacional da Serra do Divisor (Acre, Brasil) - Calouro A.M. 1999",Primates,,,,,,,,Cebus apella,,,apella,Acre,,-8.28083333333333,-73.2536111111111,,
,S,5267,Mammalia,ZEE_MAM,213,,,Brasil,,,,-10.0927777777778,-68.0,-10.0927777777778,-68.0,Cebidae,,Cebus,,,,SEMA-Acre,Animalia,,,,,,2010-03-08T13:53:04,,,Dissertação: Caça de subsistência: sustentabilidade e padrões de uso entre seringueiros ribeirinhos e não-ribeirinhos do estado do Acre - Calouro A.M. 1995,Primates,,,,,,,,Cebus albifrons,,,albifrons,Acre,,-10.0927777777778,-68.0,,
,S,595,Mammalia,ZEE_MAM,213,,,Brasil,Rio Branco,,,-9.96666666666667,-67.8,-9.96666666666667,-67.8,Cebidae,,Cebus,,,,SEMA-Acre,Animalia,Bairro da Base; Rioa Acre,,,,,2010-03-08T13:53:04,,,Monografia: Levantamento preliminar de primatas cadastrados pelo IBAMA no município de Rio Branco - AC - Nóbrega M.F. 1997,Primates,,,,,,,,Cebus albifrons,,,albifrons,Acre,,-9.96666666666667,-67.8,,
,S,625,Mammalia,ZEE_MAM,213,,,Brasil,Bujari,,,-9.33333333333333,-68.25,-9.33333333333333,-68.25,Cebidae,,Cebus,,,,SEMA-Acre,Animalia,Floresta Estadual do Antimary; Rio Antimari,,,,,2010-03-08T13:53:04,,,Dissertação: Caça de subsistência: sustentabilidade e padrões de uso entre seringueiros ribeirinhos e não-ribeiinhos do estado do Acre - Calouro A.M. 1995,Primates,,,,,,,,Cebus albifrons,,,albifrons,Acre,,-9.33333333333333,-68.25,,
,S,7013,Mammalia,ZEE_MAM,213,,,Brasil,,,,-10.3969444444444,-68.8611111111111,-10.3969444444444,-68.8611111111111,Cebidae,,Cebus,,,,SEMA-Acre,Animalia,Trilha Venezuela,,,,,2010-03-08T13:53:04,,,Não publicado: A caça de Subsistência na Reserva Extrativista Chico Mendes/AC: caracterização- consumo e estratégias de caça. - Medeiros M.F.S.T. 1999,Primates,,,,,,,,Cebus albifrons,,,albifrons,Acre,,-10.3969444444444,-68.8611111111111,,
,S,8145,Mammalia,ZEE_MAM,213,,,Brasil,Bujari,,,-9.53333333333333,-68.0333333333333,-9.53333333333333,-68.0333333333333,Cebidae,,Cebus,,,,SEMA-Acre,Animalia,Floresta Estadual do Antimary; Rio Antimari,,,,,2010-03-08T13:53:04,,,"Artigo: Caracterização de habitats para monitoramento de primatas na Floresta Estadual de Antimary (Acre, Brasil) - Calouro A.M. - Pires J.S.R. 2004",Primates,,,,,,,,Cebus albifrons,,,albifrons,Acre,,-9.53333333333333,-68.0333333333333,,
,S,8338,Mammalia,ZEE_MAM,213,,282365,Brasil,Sena Madureira,,,-9.065951,-68.657424,-9.065951,-68.657424,Cebidae,,Cebus,,,,SEMA-Acre,Animalia,Seringal Ouro,,,,,2010-03-08T13:53:04,,,"Artigo: Malária simiana no Estado do Acre, Brasil: Encontro de macacos zogue-zogue, Callicebus moloch cupreus, infetados com Plasmodium brasilianum - Ferreira Neto J.A.- Deane L.M. - Almeida F.B. 1972",Primates,,,,,,,,Cebus albifrons,,,albifrons,Acre,,0.0,0.0,,
,S,8359,Mammalia,ZEE_MAM,213,,,Brasil,Cruzeiro do Sul,,,-7.64777777777778,-72.67,-7.64777777777778,-72.67,Cebidae,,Cebus,,,,SEMA-Acre,Animalia,,,,,,2010-03-08T13:53:04,,,"Artigo: Novos hospedeiros do Plasmodium brasilianum no Estado do Acre, Brasil: o uacari Cacajao rubicundus rubicundus, o guariba Alouatta seniculus seniculus e o macaco barrigudo Lagothrix lagothrix poeppigii - Ferreira Neto J.A. - Deane L.M. 1973",Primates,,,,,,,,Cebus albifrons,,,albifrons,Acre,,-7.64777777777778,-72.67,,
,S,8494,Mammalia,ZEE_MAM,213,,,Brasil,Mâncio Lima,,,-7.38333333333333,-73.2666666666667,-7.38333333333333,-73.2666666666667,Cebidae,,Cebus,,,,SEMA-Acre,Animalia,Seringal São Salvador; Rio Moa,,,,,2010-03-08T13:53:04,,,Livro: A fauna silvestre e as práticas de caça - Fragoso J.M.V- Santos M.C.- Nascimento V.M.L 2002,Primates,,,,,,,,Cebus albifrons,,,albifrons,Acre,,-7.38333333333333,-73.2666666666667,,
,S,956,Mammalia,ZEE_MAM,213,,,Brasil,Sena Madureira,,,-10.0,-69.75,-10.0,-69.75,Cebidae,,Cebus,,,,SEMA-Acre,Animalia,FLONA Macauã; Rio Macauã- afluente do Rio Iaco componente da bacia do Rio Purus,,,,,2010-03-08T13:53:04,,,Relatório: Contribuição ao programa de manejo de uso múltiplo da Floresta Nacional do Macauã - CTA- IBAMA - ITTO 1998,Primates,,,,,,,,Cebus albifrons,,,albifrons,Acre,,-10.0,-69.75,,
,S,984,Mammalia,ZEE_MAM,213,,,Brasil,Cruzeiro do Sul,,,-7.64777777777778,-72.67,-7.64777777777778,-72.67,Cebidae,,Cebus,,,,SEMA-Acre,Animalia,,,,,,2010-03-08T13:53:04,,,Monografia: Distribuição de primatas não-humanos no Estado do Acre e vizinhanças: um estudo preliminar - Fernandes M.C.A.G. 1990,Primates,,,,,,,,Cebus,,,,Acre,,-7.64777777777778,-72.67,,
,S,1136,Mammalia,ZEE_MAM,213,,,Brasil,Feijó,,,-9.52305555555555,-71.6638888888889,-9.52305555555555,-71.6638888888889,Cebidae,,Cebus,,,,SEMA-Acre,Animalia,Terra Indígena Kampa do Rio Envira; Rio Envira,,,,,2010-03-08T13:53:04,,,Relatório: Análise ambiental complementar sobre a terra indígena Kampa e isolados do Rio Envira - Ferreira L.A. 1996,Primates,,,,,,,,Cebus albifrons,,,albifrons,Acre,,-9.52305555555555,-71.6638888888889,,
,S,1146,Mammalia,ZEE_MAM,213,,,Brasil,Rio Branco,,,-10.0927777777778,-68.0,-10.0927777777778,-68.0,Cebidae,,Cebus,,,,SEMA-Acre,Animalia,Fazenda Boa União; Rio Acre,,,,,2010-03-08T13:53:04,,,Dissertação: A caça de subsistência de extrativistas na Amazônia: sustentabilidade- biodiversidade e extinção de espécies - Martins E. 1993,Primates,,,,,,,,Cebus albifrons,,,albifrons,Acre,,-10.0927777777778,-68.0,,
,S,4047,Mammalia,ZEE_MAM,213,,,Brasil,Rio Branco,,,-10.0666666666667,-67.6166666666667,-10.0666666666667,-67.6166666666667,Cebidae,,Cebus,,,,SEMA-Acre,Animalia,Fazenda Experimental Catuaba; Rioa Acre,,,,,2010-03-08T13:53:04,,,Relatório: Estimativa das densidades das espécies de primatas da Fazenda Experimental Catuaba - Chaves W.A. 1999,Primates,,,,,,,,Cebus albifrons,,,albifrons,Acre,,-10.0666666666667,-67.6166666666667,,
,S,5266,Mammalia,ZEE_MAM,213,,,Brasil,,,,-9.25,-68.725,-9.25,-68.725,Cebidae,,Cebus,,,,SEMA-Acre,Animalia,,,,,,2010-03-08T13:53:04,,,Dissertação: Caça de subsistência: sustentabilidade e padrões de uso entre seringueiros ribeirinhos e não-ribeirinhos do estado do Acre - Calouro A.M. 1995,Primates,,,,,,,,Cebus albifrons,,,albifrons,Acre,,-9.25,-68.725,,
,S,8416,Mammalia,ZEE_MAM,213,,,Brasil,Rio Branco,,,-9.94166666666667,-67.8688888888889,-9.94166666666667,-67.8688888888889,Cebidae,,Callicebus,,,cupreus,SEMA-Acre,Animalia,Universidade Federal do Acre/Parque Zoobotânico; Rioa Acre,,,,,2010-03-08T13:53:04,,,Artigo: Do female tamarins use visual cues to detect fruit rewards more successfully than do males? - Dominy N.J.- Garber P.A.- Bicca-Marques J.C. - Lopes M.A.O. 2003,Primates,,,,,,,,Callicebus cupreus cupreus,,,cupreus,Acre,,-9.94166666666667,-67.8688888888889,,
,S,936,Mammalia,ZEE_MAM,213,,178429,Brasil,Rio Branco,,,-9.97512,-67.810478,-9.97512,-67.810478,Cebidae,,Cebus,,,,SEMA-Acre,Animalia,BR-364- km 80; Rioa Acre,,,,,2010-03-08T13:53:04,,,Monografia: Distribuição de primatas não-humanos no Estado do Acre e vizinhanças: um estudo preliminar - Fernandes M.C.A.G. 1990,Primates,,,,,,,,Cebus,,,,Acre,,0.0,0.0,,
,S,937,Mammalia,ZEE_MAM,213,,178429,Brasil,Rio Branco,,,-9.97512,-67.810478,-9.97512,-67.810478,Cebidae,,Cebus,,,,SEMA-Acre,Animalia,Vila Bujari; Rioa Acre,,,,,2010-03-08T13:53:04,,,Monografia: Distribuição de primatas não-humanos no Estado do Acre e vizinhanças: um estudo preliminar - Fernandes M.C.A.G. 1990,Primates,,,,,,,,Cebus,,,,Acre,,0.0,0.0,,
,S,940,Mammalia,ZEE_MAM,213,,84475,Brasil,Senador Guiomard,,,-10.151398,-67.736478,-10.151398,-67.736478,Cebidae,,Cebus,,,,SEMA-Acre,Animalia,Senador Guiomard,,,,,2010-03-08T13:53:04,,,Monografia: Distribuição de primatas não-humanos no Estado do Acre e vizinhanças: um estudo preliminar - Fernandes M.C.A.G. 1990,Primates,,,,,,,,Cebus,,,,Acre,,0.0,0.0,,
,S,944,Mammalia,ZEE_MAM,213,,,Brasil,,,,-9.71666666666667,-67.55,-9.71666666666667,-67.55,Cebidae,,Cebus,,,,SEMA-Acre,Animalia,Projeto Humaitá,,,,,2010-03-08T13:53:04,,,Monografia: Distribuição de primatas não-humanos no Estado do Acre e vizinhanças: um estudo preliminar - Fernandes M.C.A.G. 1990,Primates,,,,,,,,Cebus,,,,Acre,,-9.71666666666667,-67.55,,
,S,926,Mammalia,ZEE_MAM,213,,178429,Brasil,Rio Branco,,,-9.97512,-67.810478,-9.97512,-67.810478,Cebidae,,Callicebus,,,,SEMA-Acre,Animalia,Rio Branco- Chácara da FUNAI; Rioa Acre,,,,,2010-03-08T13:53:04,,,Monografia: Distribuição de primatas não-humanos no Estado do Acre e vizinhanças: um estudo preliminar - Fernandes M.C.A.G. 1990,Primates,,,,,,,,Callicebus cupreus,,,cupreus,Acre,,0.0,0.0,,
,S,46,Mammalia,ZEE_MAM,213,,,Brasil,,,,-10.0777777777778,-67.5333333333333,-10.0777777777778,-67.5333333333333,Cebidae,,Callicebus,,,acreanus,SEMA-Acre,Animalia,Iquiri; Acima do Rio Purus,,,,,2010-03-08T13:53:04,,,Artigo: Titis- new world monkeys of the genus Callicebus (Cebidae- Platyrrhini): a preliminary taxonomic review - Hershokovitz P. 1990,Primates,,,,,,,,Callicebus cupreus acreanus,,,cupreus,Acre,,-10.0777777777778,-67.5333333333333,,
,S,91,Mammalia,ZEE_MAM,213,,,Brasil,,,,-10.0777777777778,-67.5333333333333,-10.0777777777778,-67.5333333333333,Cebidae,,Callicebus,,,acreanus,SEMA-Acre,Animalia,Iquiri; Iquiri,,,,,2010-03-08T13:53:04,,,Artigo: Resultados de uma expedição científica ao território do Acre: mamíferos - Vieira C.C. 1952,Primates,,,,,,,,Callicebus cupreus acreanus,,,cupreus,Acre,,-10.0777777777778,-67.5333333333333,,
,S,19,Mammalia,ZEE_MAM,213,,,Brasil,Rio Branco,,,-9.94166666666667,-67.8688888888889,-9.94166666666667,-67.8688888888889,Cebidae,,Callicebus,,,cupreus,SEMA-Acre,Animalia,Universidade Federal do Acre/Parque Zoobotânico; Rio Acre,,,,,2010-03-08T13:53:04,,,Relatório: Percepção- cognição e aprendizagem associados ao forrageamento por primatas neotropicais noturnos e diurnos - Bicca-Marques J.C. 1997,Primates,,,,,,,,Callicebus cupreus cupreus,,,cupreus,Acre,,-9.94166666666667,-67.8688888888889,,
,S,31,Mammalia,ZEE_MAM,213,,,Brasil,,,,-9.41277777777778,-72.7047222222222,-9.41277777777778,-72.7047222222222,Cebidae,,Callicebus,,,cupreus,SEMA-Acre,Animalia,Margem direita do Rio Juruá - Ponto 3; Rio Juruá,,,,,2010-03-08T13:53:04,,,Artigo: Notes on the primates of the Juruá River- western Brasilian Amazonia - Peres C.A. 1993,Primates,,,,,,,,Callicebus cupreus cupreus,,,cupreus,Acre,,-9.41277777777778,-72.7047222222222,,
,S,339,Mammalia,ZEE_MAM,213,,,Brasil,Rio Branco,,,-9.94166666666667,-67.8688888888889,-9.94166666666667,-67.8688888888889,Cebidae,,Callicebus,,,cupreus,SEMA-Acre,Animalia,Universidade Federal do Acre/Parque Zoobotânico; Rioa Acre,,,,,2010-03-08T13:53:04,,,Artigo: Reaction of wild emperor tamarins to the presence of a snake - Nunes C.A.- Bicca-Marques J.C.- Schacht K. - Araripe A.C.A. 1998,Primates,,,,,,,,Callicebus cupreus cupreus,,,cupreus,Acre,,-9.94166666666667,-67.8688888888889,,
,S,417,Mammalia,ZEE_MAM,213,,,Brasil,Assis Brasil,,,-11.0333333333333,-70.25,-11.0333333333333,-70.25,Cebidae,,Callicebus,,,cupreus,SEMA-Acre,Animalia,ESEC do Rio Acre; Rio Acre,,,,,2010-03-08T13:53:04,,,Livro: The status of conservation areas in the Brasilian Amazon - Rylands A.B. 1991,Primates,,,,,,,,Callicebus cupreus cupreus,,,cupreus,Acre,,-11.0333333333333,-70.25,,
,S,8206,Mammalia,ZEE_MAM,213,,,Brasil,,,,-8.66666666666667,-72.7833333333333,-8.66666666666667,-72.7833333333333,Cebidae,,Callicebus,,,cupreus,SEMA-Acre,Animalia,,,,,,2010-03-08T13:53:04,,,Artigo: Primate community structure at twenty western Amazonian flooded and unflooded forests - Peres C.A. 1997,Primates,,,,,,,,Callicebus cupreus cupreus,,,cupreus,Acre,,-8.66666666666667,-72.7833333333333,,
,S,8216,Mammalia,ZEE_MAM,213,,,Brasil,,,,-8.36666666666667,-72.8166666666667,-8.36666666666667,-72.8166666666667,Cebidae,,Callicebus,,,cupreus,SEMA-Acre,Animalia,,,,,,2010-03-08T13:53:04,,,Artigo: Primate community structure at twenty western Amazonian flooded and unflooded forests - Peres C.A. 1997,Primates,,,,,,,,Callicebus cupreus cupreus,,,cupreus,Acre,,-8.36666666666667,-72.8166666666667,,
,S,911,Mammalia,ZEE_MAM,213,,178429,Brasil,Rio Branco,,,-9.97512,-67.810478,-9.97512,-67.810478,Cebidae,,Callicebus,,,,SEMA-Acre,Animalia,Estrada Dias Martins- km 12- lado esquerdo; Rioa Acre,,,,,2010-03-08T13:53:04,,,Monografia: Distribuição de primatas não-humanos no Estado do Acre e vizinhanças: um estudo preliminar - Fernandes M.C.A.G. 1990,Primates,,,,,,,,Callicebus cupreus,,,cupreus,Acre,,0.0,0.0,,
,S,912,Mammalia,ZEE_MAM,213,,178429,Brasil,Rio Branco,,,-9.97512,-67.810478,-9.97512,-67.810478,Cebidae,,Callicebus,,,,SEMA-Acre,Animalia,Estrada Dias Martins- km 13- ramal lado direito (2 km); Rio Acre,,,,,2010-03-08T13:53:04,,,Monografia: Distribuição de primatas não-humanos no Estado do Acre e vizinhanças: um estudo preliminar - Fernandes M.C.A.G. 1990,Primates,,,,,,,,Callicebus cupreus,,,cupreus,Acre,,0.0,0.0,,
,S,8364,Mammalia,ZEE_MAM,213,,124133,Brasil,Cruzeiro do Sul,,,-7.631498,-72.67049,-7.631498,-72.67049,Cebidae,,Callicebus,,,,SEMA-Acre,Animalia,Seringal Aquidabã; Rio Moa,,,,,2010-03-08T13:53:04,,,"Artigo: Novos hospedeiros do Plasmodium brasilianum no Estado do Acre, Brasil: o uacari Cacajao rubicundus rubicundus, o guariba Alouatta seniculus seniculus e o macaco barrigudo Lagothrix lagothrix poeppigii - Ferreira Neto J.A. - Deane L.M. 1973",Primates,,,,,,,,Callicebus cupreus,,,cupreus,Acre,,0.0,0.0,,
,S,5263,Mammalia,ZEE_MAM,213,,,Brasil,,,,-10.0927777777778,-68.0,-10.0927777777778,-68.0,Cebidae,,Callicebus,,,,SEMA-Acre,Animalia,,,,,,2010-03-08T13:53:04,,,Dissertação: Caça de subsistência: sustentabilidade e padrões de uso entre seringueiros ribeirinhos e não-ribeirinhos do estado do Acre - Calouro A.M. 1995,Primates,,,,,,,,Callicebus cupreus,,,cupreus,Acre,,-10.0927777777778,-68.0,,
,S,600,Mammalia,ZEE_MAM,213,,,Brasil,Rio Branco,,,-9.96666666666667,-67.8,-9.96666666666667,-67.8,Cebidae,,Callicebus,,,,SEMA-Acre,Animalia,Bairro Adalberto Sena; Rio Acre,,,,,2010-03-08T13:53:04,,,Monografia: Levantamento preliminar de primatas cadastrados pelo IBAMA no município de Rio Branco - AC - Nóbrega M.F. 1997,Primates,,,,,,,,Callicebus cupreus,,,cupreus,Acre,,-9.96666666666667,-67.8,,
,S,641,Mammalia,ZEE_MAM,213,,,Brasil,Rio Branco,,,-10.0927777777778,-68.0,-10.0927777777778,-68.0,Cebidae,,Callicebus,,,,SEMA-Acre,Animalia,Fazenda Boa União; Rio Acre,,,,,2010-03-08T13:53:04,,,Dissertação: Caça de subsistência: sustentabilidade e padrões de uso entre seringueiros ribeirinhos e não-ribeiinhos do estado do Acre - Calouro A.M. 1995,Primates,,,,,,,,Callicebus cupreus,,,cupreus,Acre,,-10.0927777777778,-68.0,,
,S,649,Mammalia,ZEE_MAM,213,,,Brasil,Rio Branco,,,-10.1333333333333,-67.5833333333333,-10.1333333333333,-67.5833333333333,Cebidae,,Callicebus,,,,SEMA-Acre,Animalia,Parque Ambiental Chico Mendes; Rioa Acre,,,,,2010-03-08T13:53:04,,,Relatório: Enriquecimento de capoeiras com espécies vegetais utilizadas por primatas - Silva M.C.R. 1998,Primates,,,,,,,,Callicebus cupreus,,,cupreus,Acre,,-10.1333333333333,-67.5833333333333,,
,S,6980,Mammalia,ZEE_MAM,213,,,Brasil,,,,-10.4258333333333,-68.8611111111111,-10.4258333333333,-68.8611111111111,Cebidae,,Callicebus,,,,SEMA-Acre,Animalia,Trilha Pincel,,,,,2010-03-08T13:53:04,,,Não publicado: A caça de Subsistência na Reserva Extrativista Chico Mendes/AC: caracterização- consumo e estratégias de caça. - Medeiros M.F.S.T. 1999,Primates,,,,,,,,Callicebus cupreus,,,cupreus,Acre,,-10.4258333333333,-68.8611111111111,,
,S,7009,Mammalia,ZEE_MAM,213,,,Brasil,,,,-10.3969444444444,-68.8611111111111,-10.3969444444444,-68.8611111111111,Cebidae,,Callicebus,,,,SEMA-Acre,Animalia,Trilha Venezuela,,,,,2010-03-08T13:53:04,,,Não publicado: A caça de Subsistência na Reserva Extrativista Chico Mendes/AC: caracterização- consumo e estratégias de caça. - Medeiros M.F.S.T. 1999,Primates,,,,,,,,Callicebus cupreus,,,cupreus,Acre,,-10.3969444444444,-68.8611111111111,,
,S,7038,Mammalia,ZEE_MAM,213,,,Brasil,,,,-10.5397222222222,-68.8563888888889,-10.5397222222222,-68.8563888888889,Cebidae,,Callicebus,,,,SEMA-Acre,Animalia,Trilha Bom Levar,,,,,2010-03-08T13:53:04,,,Não publicado: A caça de Subsistência na Reserva Extrativista Chico Mendes/AC: caracterização- consumo e estratégias de caça. - Medeiros M.F.S.T. 1999,Primates,,,,,,,,Callicebus cupreus,,,cupreus,Acre,,-10.5397222222222,-68.8563888888889,,
,S,8134,Mammalia,ZEE_MAM,213,,,Brasil,,,,-7.45,-73.6,-7.45,-73.6,Cebidae,,Callicebus,,,,SEMA-Acre,Animalia,Parque Nacional da Serra do Divisor; Rio Juruá Mirim,,,,,2010-03-08T13:53:04,,,"Artigo: Observations of Callimico goeldii with Saguinus imperator in the Serra do Divisor National Park, Acre, Barzil - Lopes M.A.O.A. - Rehg J.A. 2003",Primates,,,,,,,,Callicebus cupreus,,,cupreus,Acre,,-7.45,-73.6,,
,S,819,Mammalia,ZEE_MAM,213,,178429,Brasil,Rio Branco,,,-9.97512,-67.810478,-9.97512,-67.810478,Cebidae,,Callicebus,,,,SEMA-Acre,Animalia,BR-364- km 85; Rioa Acre,,,,,2010-03-08T13:53:04,,,Monografia: Distribuição de primatas não-humanos no Estado do Acre e vizinhanças: um estudo preliminar - Fernandes M.C.A.G. 1990,Primates,,,,,,,,Callicebus cupreus,,,cupreus,Acre,,0.0,0.0,,
,S,399,Mammalia,ZEE_MAM,213,,,Brasil,Cruzeiro do Sul,,,-7.50611111111111,-73.7013888888889,-7.50611111111111,-73.7013888888889,Cebidae,,Callicebus,,,,SEMA-Acre,Animalia,Parque Nacional da Serra do Divisor,,,,,2010-03-08T13:53:04,,,Livro: The status of conservation areas in the Brasilian Amazon - Rylands A.B. 1991,Primates,,,,,,,,Callicebus caligatus,,,caligatus,Acre,,-7.50611111111111,-73.7013888888889,,
,S,50,Mammalia,ZEE_MAM,213,,75100,Brasil,Xapuri,,,-10.652065,-68.504925,-10.652065,-68.504925,Cebidae,,Callicebus,,,,SEMA-Acre,Animalia,,,,,,2010-03-08T13:53:04,,,Artigo: Titis- new world monkeys of the genus Callicebus (Cebidae- Platyrrhini): a preliminary taxonomic review - Hershokovitz P. 1990,Primates,,,,,,,,Callicebus caligatus,,,caligatus,Acre,,0.0,0.0,,
,S,8135,Mammalia,ZEE_MAM,213,,,Brasil,,,,-7.45,-73.6,-7.45,-73.6,Cebidae,,Callicebus,,,,SEMA-Acre,Animalia,Parque Nacional da Serra do Divisor; Rio Juruá Mirim,,,,,2010-03-08T13:53:04,,,"Artigo: Observations of Callimico goeldii with Saguinus imperator in the Serra do Divisor National Park, Acre, Barzil - Lopes M.A.O.A. - Rehg J.A. 2003",Primates,,,,,,,,Callicebus caligatus,,,caligatus,Acre,,-7.45,-73.6,,
,S,1144,Mammalia,ZEE_MAM,213,,,Brasil,Rio Branco,,,-10.0927777777778,-68.0,-10.0927777777778,-68.0,Cebidae,,Callicebus,,,,SEMA-Acre,Animalia,Fazenda Boa União; Rio Acre,,,,,2010-03-08T13:53:04,,,Dissertação: A caça de subsistência de extrativistas na Amazônia: sustentabilidade- biodiversidade e extinção de espécies - Martins E. 1993,Primates,,,,,,,,Callicebus cupreus,,,cupreus,Acre,,-10.0927777777778,-68.0,,
,S,216,Mammalia,ZEE_MAM,213,,,Brasil,,,,-9.25,-68.725,-9.25,-68.725,Cebidae,,Callicebus,,,,SEMA-Acre,Animalia,Rio Iaco; Rio Iaco,,,,,2010-03-08T13:53:04,,,Relatório: Caracterização da fauna da bacia do Rio Branco/ Acre - Alho C.J.R. 1990,Primates,,,,,,,,Callicebus cupreus,,,cupreus,Acre,,-9.25,-68.725,,
,S,3968,Mammalia,ZEE_MAM,213,,,Brasil,Cruzeiro do Sul,,,-7.55666666666667,-73.2766666666667,-7.55666666666667,-73.2766666666667,Cebidae,,Callicebus,,,,SEMA-Acre,Animalia,Parque Nacional da Serra do Divisor,,,,,2010-03-08T13:53:04,,,"Artigo : Riqueza de mamíferos de grande e médio porte do Parque Nacional da Serra do Divisor (Acre, Brasil) - Calouro A.M. 1999",Primates,,,,,,,,Callicebus cupreus,,,cupreus,Acre,,-7.55666666666667,-73.2766666666667,,
,S,3969,Mammalia,ZEE_MAM,213,,,Brasil,Cruzeiro do Sul,,,-8.28083333333333,-73.2536111111111,-8.28083333333333,-73.2536111111111,Cebidae,,Callicebus,,,,SEMA-Acre,Animalia,Parque Nacional da Serra do Divisor,,,,,2010-03-08T13:53:04,,,"Artigo : Riqueza de mamíferos de grande e médio porte do Parque Nacional da Serra do Divisor (Acre, Brasil) - Calouro A.M. 1999",Primates,,,,,,,,Callicebus cupreus,,,cupreus,Acre,,-8.28083333333333,-73.2536111111111,,
,S,562,Mammalia,ZEE_MAM,213,,,Brasil,Cruzeiro do Sul,,,-7.43166666666667,-73.6611111111111,-7.43166666666667,-73.6611111111111,Cebidae,,Cacajao,,,rubicundus,SEMA-Acre,Animalia,Parque Nacional da Serra do Divisor; Igarapé Ramon- margem direita,,,,,2010-03-08T13:53:04,,,"Artigo : Riqueza de mamíferos de grande e médio porte do Parque Nacional da Serra do Divisor (Acre, Brasil) - Calouro A.M. 1999",Primates,,,,,,,,Cacajao calvus rubicundus,,,calvus,Acre,,-7.43166666666667,-73.6611111111111,,
,S,8132,Mammalia,ZEE_MAM,213,,,Brasil,,,,-7.45,-73.6,-7.45,-73.6,Cebidae,,Cacajao,,,rubicundus,SEMA-Acre,Animalia,Parque Nacional da Serra do Divisor; Rio Juruá Mirim,,,,,2010-03-08T13:53:04,,,"Artigo: Observations of Callimico goeldii with Saguinus imperator in the Serra do Divisor National Park, Acre, Barzil - Lopes M.A.O.A. - Rehg J.A. 2003",Primates,,,,,,,,Cacajao calvus rubicundus,,,calvus,Acre,,-7.45,-73.6,,
,S,8356,Mammalia,ZEE_MAM,213,,,Brasil,Cruzeiro do Sul,,,-7.64777777777778,-72.67,-7.64777777777778,-72.67,Cebidae,,Cacajao,,,rubicundus,SEMA-Acre,Animalia,,,,,,2010-03-08T13:53:04,,,"Artigo: Novos hospedeiros do Plasmodium brasilianum no Estado do Acre, Brasil: o uacari Cacajao rubicundus rubicundus, o guariba Alouatta seniculus seniculus e o macaco barrigudo Lagothrix lagothrix poeppigii - Ferreira Neto J.A. - Deane L.M. 1973",Primates,,,,,,,,Cacajao calvus rubicundus,,,calvus,Acre,,-7.64777777777778,-72.67,,
,S,930,Mammalia,ZEE_MAM,213,,170168,Brasil,Tarauacá,,,-8.161779,-70.766041,-8.161779,-70.766041,Cebidae,,Cacajao,,,rubicundus,SEMA-Acre,Animalia,Terra Indígena; Rio Acurauá,,,,,2010-03-08T13:53:04,,,Monografia: Distribuição de primatas não-humanos no Estado do Acre e vizinhanças: um estudo preliminar - Fernandes M.C.A.G. 1990,Primates,,,,,,,,Cacajao calvus rubicundus,,,calvus,Acre,,0.0,0.0,,
,S,933,Mammalia,ZEE_MAM,213,,,Brasil,Rio Branco,,,-9.96666666666667,-67.8,-9.96666666666667,-67.8,Cebidae,,Cacajao,,,rubicundus,SEMA-Acre,Animalia,Rio Branco; Rioa Acre,,,,,2010-03-08T13:53:04,,,Monografia: Distribuição de primatas não-humanos no Estado do Acre e vizinhanças: um estudo preliminar - Fernandes M.C.A.G. 1990,Primates,,,,,,,,Cacajao calvus rubicundus,,,calvus,Acre,,-9.96666666666667,-67.8,,
,S,45,Mammalia,ZEE_MAM,213,,282365,Brasil,Sena Madureira,,,-9.065951,-68.657424,-9.065951,-68.657424,Cebidae,,Callicebus,,,,SEMA-Acre,Animalia,Meio e acima da bacia do Rio Madeira; Bacia do Rio Madeira,,,,,2010-03-08T13:53:04,,,Artigo: Titis- new world monkeys of the genus Callicebus (Cebidae- Platyrrhini): a preliminary taxonomic review - Hershokovitz P. 1990,Primates,,,,,,,,Callicebus brunneus,,,brunneus,Acre,,0.0,0.0,,
,S,884,Mammalia,ZEE_MAM,213,,124133,Brasil,Cruzeiro do Sul,,,-7.631498,-72.67049,-7.631498,-72.67049,Cebidae,,Ateles,,,,SEMA-Acre,Animalia,Seringal República; Rio Moa,,,,,2010-03-08T13:53:04,,,Monografia: Distribuição de primatas não-humanos no Estado do Acre e vizinhanças: um estudo preliminar - Fernandes M.C.A.G. 1990,Primates,,,,,,,,Ateles chamek,,,chamek,Acre,,0.0,0.0,,
,S,1097,Mammalia,ZEE_MAM,213,,,Brasil,Cruzeiro do Sul,,,-7.64777777777778,-72.67,-7.64777777777778,-72.67,Cebidae,,Cacajao,,,rubicundus,SEMA-Acre,Animalia,,,,,,2010-03-08T13:53:04,,,Relatório: Estudo da distribuição geográfica de espécies de mamíferos como subsídio para o zoneamento agroecológico do Estado do Acre - IMAC 1992,Primates,,,,,,,,Cacajao calvus rubicundus,,,calvus,Acre,,-7.64777777777778,-72.67,,
,S,3355,Mammalia,ZEE_MAM,213,,,Brasil,Rio Branco,,,-9.96666666666667,-67.8,-9.96666666666667,-67.8,Cebidae,,Cacajao,,,rubicundus,SEMA-Acre,Animalia,Rio Branco; Rioa Acre,,,,,2010-03-08T13:53:04,,,Monografia: Levantamento de Animais Silvestres em Cativeiro na Cidade de Rio Branco - Acre. - Silva M.F.A 1985,Primates,,,,,,,,Cacajao calvus rubicundus,,,calvus,Acre,,-9.96666666666667,-67.8,,
,S,523,Mammalia,ZEE_MAM,213,,,Brasil,Cruzeiro do Sul,,,-7.43166666666667,-73.6611111111111,-7.43166666666667,-73.6611111111111,Cebidae,,Ateles,,,,SEMA-Acre,Animalia,Parque Nacional da Serra do Divisor; Igarapé Anil,,,,,2010-03-08T13:53:04,,,"Artigo : Riqueza de mamíferos de grande e médio porte do Parque Nacional da Serra do Divisor (Acre, Brasil) - Calouro A.M. 1999",Primates,,,,,,,,Ateles chamek,,,chamek,Acre,,-7.43166666666667,-73.6611111111111,,
,S,5272,Mammalia,ZEE_MAM,213,,,Brasil,,,,-9.25,-68.725,-9.25,-68.725,Cebidae,,Ateles,,,,SEMA-Acre,Animalia,,,,,,2010-03-08T13:53:04,,,Dissertação: Caça de subsistência: sustentabilidade e padrões de uso entre seringueiros ribeirinhos e não-ribeirinhos do estado do Acre - Calouro A.M. 1995,Primates,,,,,,,,Ateles chamek,,,chamek,Acre,,-9.25,-68.725,,
,S,593,Mammalia,ZEE_MAM,213,,,Brasil,Rio Branco,,,-9.96666666666667,-67.8,-9.96666666666667,-67.8,Cebidae,,Ateles,,,,SEMA-Acre,Animalia,Bairro Centro; Rioa Acre,,,,,2010-03-08T13:53:04,,,Monografia: Levantamento preliminar de primatas cadastrados pelo IBAMA no município de Rio Branco - AC - Nóbrega M.F. 1997,Primates,,,,,,,,Ateles chamek,,,chamek,Acre,,-9.96666666666667,-67.8,,
,S,8131,Mammalia,ZEE_MAM,213,,,Brasil,,,,-7.45,-73.6,-7.45,-73.6,Cebidae,,Ateles,,,,SEMA-Acre,Animalia,Parque Nacional da Serra do Divisor; Rio Juruá Mirim,,,,,2010-03-08T13:53:04,,,"Artigo: Observations of Callimico goeldii with Saguinus imperator in the Serra do Divisor National Park, Acre, Barzil - Lopes M.A.O.A. - Rehg J.A. 2003",Primates,,,,,,,,Ateles chamek,,,chamek,Acre,,-7.45,-73.6,,
,S,8211,Mammalia,ZEE_MAM,213,,,Brasil,,,,-8.66666666666667,-72.7833333333333,-8.66666666666667,-72.7833333333333,Cebidae,,Ateles,,,,SEMA-Acre,Animalia,,,,,,2010-03-08T13:53:04,,,Artigo: Primate community structure at twenty western Amazonian flooded and unflooded forests - Peres C.A. 1997,Primates,,,,,,,,Ateles chamek,,,chamek,Acre,,-8.66666666666667,-72.7833333333333,,
,S,8512,Mammalia,ZEE_MAM,213,,,Brasil,Mâncio Lima,,,-7.38333333333333,-73.2666666666667,-7.38333333333333,-73.2666666666667,Cebidae,,Ateles,,,,SEMA-Acre,Animalia,Seringal São Salvador; Rio Moa,,,,,2010-03-08T13:53:04,,,Livro: A fauna silvestre e as práticas de caça - Fragoso J.M.V- Santos M.C.- Nascimento V.M.L 2002,Primates,,,,,,,,Ateles chamek,,,chamek,Acre,,-7.38333333333333,-73.2666666666667,,
,S,863,Mammalia,ZEE_MAM,213,,124133,Brasil,Cruzeiro do Sul,,,-7.631498,-72.67049,-7.631498,-72.67049,Cebidae,,Aotus,,,,SEMA-Acre,Animalia,Seringal República; Rio Moa,,,,,2010-03-08T13:52:53,,,Monografia: Distribuição de primatas não-humanos no Estado do Acre e vizinhanças: um estudo preliminar - Fernandes M.C.A.G. 1990,Primates,,,,,,,,Aotus nigriceps,,,nigriceps,Acre,,0.0,0.0,,
,S,867,Mammalia,ZEE_MAM,213,,282365,Brasil,Sena Madureira,,,-9.065951,-68.657424,-9.065951,-68.657424,Cebidae,,Aotus,,,,SEMA-Acre,Animalia,Sena Madureira,,,,,2010-03-08T13:52:53,,,Monografia: Distribuição de primatas não-humanos no Estado do Acre e vizinhanças: um estudo preliminar - Fernandes M.C.A.G. 1990,Primates,,,,,,,,Aotus nigriceps,,,nigriceps,Acre,,0.0,0.0,,
,S,868,Mammalia,ZEE_MAM,213,,230921,Brasil,Manoel Urbano,,,-8.839282,-69.260203,-8.839282,-69.260203,Cebidae,,Aotus,,,,SEMA-Acre,Animalia,Manoel Urbano,,,,,2010-03-08T13:52:53,,,Monografia: Distribuição de primatas não-humanos no Estado do Acre e vizinhanças: um estudo preliminar - Fernandes M.C.A.G. 1990,Primates,,,,,,,,Aotus nigriceps,,,nigriceps,Acre,,0.0,0.0,,
,S,869,Mammalia,ZEE_MAM,213,,121518,Brasil,Mâncio Lima,,,-7.614554,-72.896324,-7.614554,-72.896324,Cebidae,,Aotus,,,,SEMA-Acre,Animalia,Mâncio Lima,,,,,2010-03-08T13:52:53,,,Monografia: Distribuição de primatas não-humanos no Estado do Acre e vizinhanças: um estudo preliminar - Fernandes M.C.A.G. 1990,Primates,,,,,,,,Aotus nigriceps,,,nigriceps,Acre,,0.0,0.0,,
,S,368,Mammalia,ZEE_MAM,213,,,Brasil,Assis Brasil,,,-11.0333333333333,-70.25,-11.0333333333333,-70.25,Cebidae,,Ateles,,,,SEMA-Acre,Animalia,ESEC do Rio Acre; Rio Acre,,,,,2010-03-08T13:53:04,,,Artigo: Spider monkeys in captivity and the wild - Konstant W.- Mittermeier R.A. - Nash S.D. 1985,Primates,,,,,,,,Ateles chamek,,,chamek,Acre,,-11.0333333333333,-70.25,,
,S,423,Mammalia,ZEE_MAM,213,,,Brasil,Assis Brasil,,,-11.0333333333333,-70.25,-11.0333333333333,-70.25,Cebidae,,Ateles,,,,SEMA-Acre,Animalia,ESEC do Rio Acre; Rio Acre,,,,,2010-03-08T13:53:04,,,Livro: The status of conservation areas in the Brasilian Amazon - Rylands A.B. 1991,Primates,,,,,,,,Ateles chamek,,,chamek,Acre,,-11.0333333333333,-70.25,,
,S,851,Mammalia,ZEE_MAM,213,,58663,Brasil,Plácido de Castro,,,-10.335677,-67.186032,-10.335677,-67.186032,Cebidae,,Aotus,,,,SEMA-Acre,Animalia,Propriedade rural- AC-401- km 6- ramal lado esquerdo (1 km),,,,,2010-03-08T13:52:53,,,Monografia: Distribuição de primatas não-humanos no Estado do Acre e vizinhanças: um estudo preliminar - Fernandes M.C.A.G. 1990,Primates,,,,,,,,Aotus nigriceps,,,nigriceps,Acre,,0.0,0.0,,
,S,857,Mammalia,ZEE_MAM,213,,170168,Brasil,Tarauacá,,,-8.161779,-70.766041,-8.161779,-70.766041,Cebidae,,Aotus,,,,SEMA-Acre,Animalia,Terra Indígena; Rio Gregório,,,,,2010-03-08T13:52:53,,,Monografia: Distribuição de primatas não-humanos no Estado do Acre e vizinhanças: um estudo preliminar - Fernandes M.C.A.G. 1990,Primates,,,,,,,,Aotus nigriceps,,,nigriceps,Acre,,0.0,0.0,,
,S,8129,Mammalia,ZEE_MAM,213,,,Brasil,,,,-7.45,-73.6,-7.45,-73.6,Cebidae,,Aotus,,,,SEMA-Acre,Animalia,Parque Nacional da Serra do Divisor; Rio Juruá Mirim,,,,,2010-03-08T13:52:53,,,"Artigo: Observations of Callimico goeldii with Saguinus imperator in the Serra do Divisor National Park, Acre, Barzil - Lopes M.A.O.A. - Rehg J.A. 2003",Primates,,,,,,,,Aotus nigriceps,,,nigriceps,Acre,,-7.45,-73.6,,
,S,8205,Mammalia,ZEE_MAM,213,,,Brasil,,,,-8.66666666666667,-72.7833333333333,-8.66666666666667,-72.7833333333333,Cebidae,,Aotus,,,,SEMA-Acre,Animalia,,,,,,2010-03-08T13:52:53,,,Artigo: Primate community structure at twenty western Amazonian flooded and unflooded forests - Peres C.A. 1997,Primates,,,,,,,,Aotus nigriceps,,,nigriceps,Acre,,-8.66666666666667,-72.7833333333333,,
,S,826,Mammalia,ZEE_MAM,213,,178429,Brasil,Rio Branco,,,-9.97512,-67.810478,-9.97512,-67.810478,Cebidae,,Aotus,,,,SEMA-Acre,Animalia,Estrada do Mutum; Rioa Acre,,,,,2010-03-08T13:52:53,,,Monografia: Distribuição de primatas não-humanos no Estado do Acre e vizinhanças: um estudo preliminar - Fernandes M.C.A.G. 1990,Primates,,,,,,,,Aotus nigriceps,,,nigriceps,Acre,,0.0,0.0,,
,S,827,Mammalia,ZEE_MAM,213,,,Brasil,Plácido de Castro,,,-10.2861111111111,-67.1444444444444,-10.2861111111111,-67.1444444444444,Cebidae,,Aotus,,,,SEMA-Acre,Animalia,Plácido de Castro,,,,,2010-03-08T13:52:53,,,Monografia: Distribuição de primatas não-humanos no Estado do Acre e vizinhanças: um estudo preliminar - Fernandes M.C.A.G. 1990,Primates,,,,,,,,Aotus nigriceps,,,nigriceps,Acre,,-10.2861111111111,-67.1444444444444,,
,S,8329,Mammalia,ZEE_MAM,213,,178429,Brasil,Rio Branco,,,-9.97512,-67.810478,-9.97512,-67.810478,Cebidae,,Aotus,,,,SEMA-Acre,Animalia,Rio Branco (Estrada de Porto Acre); Rioa Acre,,,,,2010-03-08T13:52:53,,,"Artigo: Malária simiana no Estado do Acre, Brasil: Encontro de macacos zogue-zogue, Callicebus moloch cupreus, infetados com Plasmodium brasilianum - Ferreira Neto J.A.- Deane L.M. - Almeida F.B. 1972",Primates,,,,,,,,Aotus nigriceps,,,nigriceps,Acre,,0.0,0.0,,
,S,3959,Mammalia,ZEE_MAM,213,,,Brasil,Cruzeiro do Sul,,,-7.45888888888889,-73.7744444444444,-7.45888888888889,-73.7744444444444,Cebidae,,Aotus,,,,SEMA-Acre,Animalia,Parque Nacional da Serra do Divisor,,,,,2010-03-08T13:52:53,,,"Artigo : Riqueza de mamíferos de grande e médio porte do Parque Nacional da Serra do Divisor (Acre, Brasil) - Calouro A.M. 1999",Primates,,,,,,,,Aotus nigriceps,,,nigriceps,Acre,,-7.45888888888889,-73.7744444444444,,
,S,3960,Mammalia,ZEE_MAM,213,,,Brasil,Cruzeiro do Sul,,,-7.43166666666667,-73.6611111111111,-7.43166666666667,-73.6611111111111,Cebidae,,Aotus,,,,SEMA-Acre,Animalia,Parque Nacional da Serra do Divisor,,,,,2010-03-08T13:52:53,,,"Artigo : Riqueza de mamíferos de grande e médio porte do Parque Nacional da Serra do Divisor (Acre, Brasil) - Calouro A.M. 1999",Primates,,,,,,,,Aotus nigriceps,,,nigriceps,Acre,,-7.43166666666667,-73.6611111111111,,
,S,3963,Mammalia,ZEE_MAM,213,,,Brasil,Cruzeiro do Sul,,,-8.40527777777778,-72.8577777777778,-8.40527777777778,-72.8577777777778,Cebidae,,Aotus,,,,SEMA-Acre,Animalia,Parque Nacional da Serra do Divisor,,,,,2010-03-08T13:52:53,,,"Artigo : Riqueza de mamíferos de grande e médio porte do Parque Nacional da Serra do Divisor (Acre, Brasil) - Calouro A.M. 1999",Primates,,,,,,,,Aotus nigriceps,,,nigriceps,Acre,,-8.40527777777778,-72.8577777777778,,
,S,525,Mammalia,ZEE_MAM,213,,,Brasil,Cruzeiro do Sul,,,-7.50611111111111,-73.7013888888889,-7.50611111111111,-73.7013888888889,Cebidae,,Aotus,,,,SEMA-Acre,Animalia,Parque Nacional da Serra do Divisor,,,,,2010-03-08T13:52:53,,,"Artigo : Riqueza de mamíferos de grande e médio porte do Parque Nacional da Serra do Divisor (Acre, Brasil) - Calouro A.M. 1999",Primates,,,,,,,,Aotus nigriceps,,,nigriceps,Acre,,-7.50611111111111,-73.7013888888889,,
,S,597,Mammalia,ZEE_MAM,213,,,Brasil,Rio Branco,,,-9.96666666666667,-67.8,-9.96666666666667,-67.8,Cebidae,,Aotus,,,,SEMA-Acre,Animalia,Bairro Procon; Rioa Acre,,,,,2010-03-08T13:52:53,,,Monografia: Levantamento preliminar de primatas cadastrados pelo IBAMA no município de Rio Branco - AC - Nóbrega M.F. 1997,Primates,,,,,,,,Aotus nigriceps,,,nigriceps,Acre,,-9.96666666666667,-67.8,,
,S,654,Mammalia,ZEE_MAM,213,,,Brasil,Rio Branco,,,-10.1333333333333,-67.5833333333333,-10.1333333333333,-67.5833333333333,Cebidae,,Aotus,,,,SEMA-Acre,Animalia,Parque Ambiental Chico Mendes; Rioa Acre,,,,,2010-03-08T13:52:53,,,Relatório: Enriquecimento de capoeiras com espécies vegetais utilizadas por primatas - Silva M.C.R. 1998,Primates,,,,,,,,Aotus nigriceps,,,nigriceps,Acre,,-10.1333333333333,-67.5833333333333,,
,S,8343,Mammalia,ZEE_MAM,213,,75100,Brasil,Xapuri,,,-10.652065,-68.504925,-10.652065,-68.504925,Cebidae,,Alouatta,,,,SEMA-Acre,Animalia,Seringais Macuripe e Nova Vida,,,,,2010-03-08T13:52:53,,,"Artigo: Malária simiana no Estado do Acre, Brasil: Encontro de macacos zogue-zogue, Callicebus moloch cupreus, infetados com Plasmodium brasilianum - Ferreira Neto J.A.- Deane L.M. - Almeida F.B. 1972",Primates,,,,,,,,Alouatta seniculus,,,seniculus,Acre,,0.0,0.0,,
,S,8357,Mammalia,ZEE_MAM,213,,,Brasil,Cruzeiro do Sul,,,-7.64777777777778,-72.67,-7.64777777777778,-72.67,Cebidae,,Alouatta,,,,SEMA-Acre,Animalia,,,,,,2010-03-08T13:52:53,,,"Artigo: Novos hospedeiros do Plasmodium brasilianum no Estado do Acre, Brasil: o uacari Cacajao rubicundus rubicundus, o guariba Alouatta seniculus seniculus e o macaco barrigudo Lagothrix lagothrix poeppigii - Ferreira Neto J.A. - Deane L.M. 1973",Primates,,,,,,,,Alouatta seniculus,,,seniculus,Acre,,-7.64777777777778,-72.67,,
,S,8501,Mammalia,ZEE_MAM,213,,,Brasil,Mâncio Lima,,,-7.38333333333333,-73.2666666666667,-7.38333333333333,-73.2666666666667,Cebidae,,Alouatta,,,,SEMA-Acre,Animalia,Seringal São Salvador; Rio Moa,,,,,2010-03-08T13:52:53,,,Livro: A fauna silvestre e as práticas de caça - Fragoso J.M.V- Santos M.C.- Nascimento V.M.L 2002,Primates,,,,,,,,Alouatta seniculus,,,seniculus,Acre,,-7.38333333333333,-73.2666666666667,,
,S,8546,Mammalia,ZEE_MAM,213,,,Brasil,Bujari,,,-9.53333333333333,-68.0333333333333,-9.53333333333333,-68.0333333333333,Cebidae,,Alouatta,,,,SEMA-Acre,Animalia,Floresta Estadual do Antimary; Rio Antimari,,,,,2010-03-08T13:52:53,,,"Artigo: Conteúdos estomacais de Alouatta seniculus (Primates: Atelidae) no Acre, Brasil - Diógenes M.B. - Calouro A.M. 2004",Primates,,,,,,,,Alouatta seniculus,,,seniculus,Acre,,-9.53333333333333,-68.0333333333333,,
,S,54,Mammalia,ZEE_MAM,213,,,Brasil,,,,-8.8225,-72.7636111111111,-8.8225,-72.7636111111111,Cebidae,,Alouatta,,,jurua,SEMA-Acre,Animalia,Seringal Oriente; Margem direita,,,,,2010-03-08T13:52:53,,,Artigo: Alguns mamíferos do Acre Ocidental - Carvalho C.T. 1957,Primates,,,,,,,,Alouatta seniculus jurua,,,seniculus,Acre,,-8.8225,-72.7636111111111,,
,S,8210,Mammalia,ZEE_MAM,213,,,Brasil,,,,-8.66666666666667,-72.7833333333333,-8.66666666666667,-72.7833333333333,Cebidae,,Alouatta,,,jurua,SEMA-Acre,Animalia,,,,,,2010-03-08T13:52:53,,,Artigo: Primate community structure at twenty western Amazonian flooded and unflooded forests - Peres C.A. 1997,Primates,,,,,,,,Alouatta seniculus jurua,,,seniculus,Acre,,-8.66666666666667,-72.7833333333333,,
,S,90,Mammalia,ZEE_MAM,213,,,Brasil,,,,-10.0777777777778,-67.5333333333333,-10.0777777777778,-67.5333333333333,Cebidae,,Alouatta,,,puruensis,SEMA-Acre,Animalia,Iquiri; Iquiri,,,,,2010-03-08T13:52:53,,,Artigo: Resultados de uma expedição científica ao território do Acre: mamíferos - Vieira C.C. 1952,Primates,,,,,,,,Alouatta seniculus puruensis,,,seniculus,Acre,,-10.0777777777778,-67.5333333333333,,
,S,1138,Mammalia,ZEE_MAM,213,,,Brasil,Feijó,,,-9.52305555555555,-71.6638888888889,-9.52305555555555,-71.6638888888889,Cebidae,,Aotus,,,,SEMA-Acre,Animalia,Terra Indígena Kampa do Rio Envira; Rio Envira,,,,,2010-03-08T13:52:53,,,Relatório: Análise ambiental complementar sobre a terra indígena Kampa e isolados do Rio Envira - Ferreira L.A. 1996,Primates,,,,,,,,Aotus nigriceps,,,nigriceps,Acre,,-9.52305555555555,-71.6638888888889,,
,S,1152,Mammalia,ZEE_MAM,213,,,Brasil,Sena Madureira,,,-9.25,-68.725,-9.25,-68.725,Cebidae,,Aotus,,,,SEMA-Acre,Animalia,Rio Iaco; Rio Iaco,,,,,2010-03-08T13:52:53,,,Dissertação: A caça de subsistência de extrativistas na Amazônia: sustentabilidade- biodiversidade e extinção de espécies - Martins E. 1993,Primates,,,,,,,,Aotus nigriceps,,,nigriceps,Acre,,-9.25,-68.725,,
,S,14,Mammalia,ZEE_MAM,213,,,Brasil,Rio Branco,,,-9.94166666666667,-67.8688888888889,-9.94166666666667,-67.8688888888889,Cebidae,,Aotus,,,,SEMA-Acre,Animalia,Universidade Federal do Acre/Parque Zoobotânico; Rio Acre,,,,,2010-03-08T13:52:53,,,Artigo: Ecology and social relations of the black-chinned emperor tamarin - Calegaro-Marques C. - Bicca-Marques J.C. 1994,Primates,,,,,,,,Aotus nigriceps,,,nigriceps,Acre,,-9.94166666666667,-67.8688888888889,,
,S,812,Mammalia,ZEE_MAM,213,,,Brasil,,,,-9.31666666666667,-71.9,-9.31666666666667,-71.9,Cebidae,,Alouatta,,,,SEMA-Acre,Animalia,Terra Indígena Kaxinawá; Alto Purus,,,,,2010-03-08T13:52:53,,,Monografia: Distribuição de primatas não-humanos no Estado do Acre e vizinhanças: um estudo preliminar - Fernandes M.C.A.G. 1990,Primates,,,,,,,,Alouatta seniculus,,,seniculus,Acre,,-9.31666666666667,-71.9,,
,S,813,Mammalia,ZEE_MAM,213,,170168,Brasil,Tarauacá,,,-8.161779,-70.766041,-8.161779,-70.766041,Cebidae,,Alouatta,,,,SEMA-Acre,Animalia,Terra Indígena; Rio Gregório,,,,,2010-03-08T13:52:53,,,Monografia: Distribuição de primatas não-humanos no Estado do Acre e vizinhanças: um estudo preliminar - Fernandes M.C.A.G. 1990,Primates,,,,,,,,Alouatta seniculus,,,seniculus,Acre,,0.0,0.0,,
,S,7943,Mammalia,ZEE_MAM,213,,,Brasil,,,,-10.8066666666667,-68.8108333333333,-10.8066666666667,-68.8108333333333,Cebidae,,Alouatta,,,,SEMA-Acre,Animalia,Jarinal,,,,,2010-03-08T13:52:53,,,Não publicado: A caça de Subsistência na Reserva Extrativista Chico Mendes/AC: caracterização- consumo e estratégias de caça. - Medeiros M.F.S.T. 1999,Primates,,,,,,,,Alouatta seniculus,,,seniculus,Acre,,-10.8066666666667,-68.8108333333333,,
,S,781,Mammalia,ZEE_MAM,213,,178429,Brasil,Rio Branco,,,-9.97512,-67.810478,-9.97512,-67.810478,Cebidae,,Alouatta,,,,SEMA-Acre,Animalia,Vila Bujari; Rioa Acre,,,,,2010-03-08T13:52:53,,,Monografia: Distribuição de primatas não-humanos no Estado do Acre e vizinhanças: um estudo preliminar - Fernandes M.C.A.G. 1990,Primates,,,,,,,,Alouatta seniculus,,,seniculus,Acre,,0.0,0.0,,
,S,7817,Mammalia,ZEE_MAM,213,,,Brasil,,,,-10.4947222222222,-68.5841666666667,-10.4947222222222,-68.5841666666667,Cebidae,,Alouatta,,,,SEMA-Acre,Animalia,Gafanhoto,,,,,2010-03-08T13:52:53,,,Não publicado: A caça de Subsistência na Reserva Extrativista Chico Mendes/AC: caracterização- consumo e estratégias de caça. - Medeiros M.F.S.T. 1999,Primates,,,,,,,,Alouatta seniculus,,,seniculus,Acre,,-10.4947222222222,-68.5841666666667,,
,S,783,Mammalia,ZEE_MAM,213,,,Brasil,,,,-9.71666666666667,-67.55,-9.71666666666667,-67.55,Cebidae,,Alouatta,,,,SEMA-Acre,Animalia,Projeto Humaitá,,,,,2010-03-08T13:52:53,,,Monografia: Distribuição de primatas não-humanos no Estado do Acre e vizinhanças: um estudo preliminar - Fernandes M.C.A.G. 1990,Primates,,,,,,,,Alouatta seniculus,,,seniculus,Acre,,-9.71666666666667,-67.55,,
,S,7700,Mammalia,ZEE_MAM,213,,,Brasil,,,,-10.5122222222222,-69.0816666666667,-10.5122222222222,-69.0816666666667,Cebidae,,Alouatta,,,,SEMA-Acre,Animalia,Boa Viagem,,,,,2010-03-08T13:52:53,,,Não publicado: A caça de Subsistência na Reserva Extrativista Chico Mendes/AC: caracterização- consumo e estratégias de caça. - Medeiros M.F.S.T. 1999,Primates,,,,,,,,Alouatta seniculus,,,seniculus,Acre,,-10.5122222222222,-69.0816666666667,,
,S,7749,Mammalia,ZEE_MAM,213,,,Brasil,,,,-10.2216666666667,-68.7063888888889,-10.2216666666667,-68.7063888888889,Cebidae,,Alouatta,,,,SEMA-Acre,Animalia,Samauma,,,,,2010-03-08T13:52:53,,,Não publicado: A caça de Subsistência na Reserva Extrativista Chico Mendes/AC: caracterização- consumo e estratégias de caça. - Medeiros M.F.S.T. 1999,Primates,,,,,,,,Alouatta seniculus,,,seniculus,Acre,,-10.2216666666667,-68.7063888888889,,
,S,7768,Mammalia,ZEE_MAM,213,,,Brasil,,,,-10.055,-68.8927777777778,-10.055,-68.8927777777778,Cebidae,,Alouatta,,,,SEMA-Acre,Animalia,Arrependido,,,,,2010-03-08T13:52:53,,,Não publicado: A caça de Subsistência na Reserva Extrativista Chico Mendes/AC: caracterização- consumo e estratégias de caça. - Medeiros M.F.S.T. 1999,Primates,,,,,,,,Alouatta seniculus,,,seniculus,Acre,,-10.055,-68.8927777777778,,
,S,7779,Mammalia,ZEE_MAM,213,,,Brasil,,,,-10.565,-68.8663888888889,-10.565,-68.8663888888889,Cebidae,,Alouatta,,,,SEMA-Acre,Animalia,Bom Levar I,,,,,2010-03-08T13:52:53,,,Não publicado: A caça de Subsistência na Reserva Extrativista Chico Mendes/AC: caracterização- consumo e estratégias de caça. - Medeiros M.F.S.T. 1999,Primates,,,,,,,,Alouatta seniculus,,,seniculus,Acre,,-10.565,-68.8663888888889,,
,S,605,Mammalia,ZEE_MAM,213,,,Brasil,Rio Branco,,,-9.96666666666667,-67.8,-9.96666666666667,-67.8,Cebidae,,Alouatta,,,,SEMA-Acre,Animalia,Bairro Procon; Rioa Acre,,,,,2010-03-08T13:52:53,,,Monografia: Levantamento preliminar de primatas cadastrados pelo IBAMA no município de Rio Branco - AC - Nóbrega M.F. 1997,Primates,,,,,,,,Alouatta seniculus,,,seniculus,Acre,,-9.96666666666667,-67.8,,
,S,627,Mammalia,ZEE_MAM,213,,,Brasil,Bujari,,,-9.33333333333333,-68.25,-9.33333333333333,-68.25,Cebidae,,Alouatta,,,,SEMA-Acre,Animalia,Floresta Estadual do Antimary; Rio Antimari,,,,,2010-03-08T13:52:53,,,Dissertação: Caça de subsistência: sustentabilidade e padrões de uso entre seringueiros ribeirinhos e não-ribeiinhos do estado do Acre - Calouro A.M. 1995,Primates,,,,,,,,Alouatta seniculus,,,seniculus,Acre,,-9.33333333333333,-68.25,,
,S,7021,Mammalia,ZEE_MAM,213,,,Brasil,,,,-10.3969444444444,-68.8611111111111,-10.3969444444444,-68.8611111111111,Cebidae,,Alouatta,,,,SEMA-Acre,Animalia,Trilha Venezuela,,,,,2010-03-08T13:52:53,,,Não publicado: A caça de Subsistência na Reserva Extrativista Chico Mendes/AC: caracterização- consumo e estratégias de caça. - Medeiros M.F.S.T. 1999,Primates,,,,,,,,Alouatta seniculus,,,seniculus,Acre,,-10.3969444444444,-68.8611111111111,,
,S,7372,Mammalia,ZEE_MAM,213,,,Brasil,Porto Dias,,,-10.005,-66.8180555555556,-10.005,-66.8180555555556,Cebidae,,Alouatta,,,,SEMA-Acre,Animalia,Colocação Limoeiro,,,,,2010-03-08T13:52:53,,,Não publicado: A caça de Subsistência na Reserva Extrativista de Porto Dias/AC: caracterização- consumo e estratégias de caça. - Medeiros M.F.S.T. 1999,Primates,,,,,,,,Alouatta seniculus,,,seniculus,Acre,,-10.005,-66.8180555555556,,
,S,7392,Mammalia,ZEE_MAM,213,,,Brasil,Porto Dias,,,-9.91694444444444,-66.8786111111111,-9.91694444444444,-66.8786111111111,Cebidae,,Alouatta,,,,SEMA-Acre,Animalia,Colocacão Olho D'água,,,,,2010-03-08T13:52:53,,,Não publicado: A caça de Subsistência na Reserva Extrativista de Porto Dias/AC: caracterização- consumo e estratégias de caça. - Medeiros M.F.S.T. 1999,Primates,,,,,,,,Alouatta seniculus,,,seniculus,Acre,,-9.91694444444444,-66.8786111111111,,
,S,7404,Mammalia,ZEE_MAM,213,,,Brasil,Porto Dias,,,-9.9575,-66.7202777777778,-9.9575,-66.7202777777778,Cebidae,,Alouatta,,,,SEMA-Acre,Animalia,Colocação Brasília,,,,,2010-03-08T13:52:53,,,Não publicado: A caça de Subsistência na Reserva Extrativista de Porto Dias/AC: caracterização- consumo e estratégias de caça. - Medeiros M.F.S.T. 1999,Primates,,,,,,,,Alouatta seniculus,,,seniculus,Acre,,-9.9575,-66.7202777777778,,
,S,209,Mammalia,ZEE_MAM,213,,,Brasil,,,,-9.25,-68.725,-9.25,-68.725,Cebidae,,Alouatta,,,,SEMA-Acre,Animalia,Rio Iaco; Rio Iaco,,,,,2010-03-08T13:52:53,,,Relatório: Caracterização da fauna da bacia do Rio Branco/ Acre - Alho C.J.R. 1990,Primates,,,,,,,,Alouatta seniculus,,,seniculus,Acre,,-9.25,-68.725,,
,S,229,Mammalia,ZEE_MAM,213,,178429,Brasil,Rio Branco,,,-9.97512,-67.810478,-9.97512,-67.810478,Cebidae,,Alouatta,,,,SEMA-Acre,Animalia,,,,,,2010-03-08T13:52:53,,,Relatório: Caracterização da fauna da bacia do Rio Branco/ Acre - Alho C.J.R. 1990,Primates,,,,,,,,Alouatta seniculus,,,seniculus,Acre,,0.0,0.0,,
,S,3955,Mammalia,ZEE_MAM,213,,,Brasil,Cruzeiro do Sul,,,-7.45888888888889,-73.7744444444444,-7.45888888888889,-73.7744444444444,Cebidae,,Alouatta,,,,SEMA-Acre,Animalia,Parque Nacional da Serra do Divisor,,,,,2010-03-08T13:52:53,,,"Artigo : Riqueza de mamíferos de grande e médio porte do Parque Nacional da Serra do Divisor (Acre, Brasil) - Calouro A.M. 1999",Primates,,,,,,,,Alouatta seniculus,,,seniculus,Acre,,-7.45888888888889,-73.7744444444444,,
,S,3957,Mammalia,ZEE_MAM,213,,,Brasil,Cruzeiro do Sul,,,-8.28083333333333,-73.2536111111111,-8.28083333333333,-73.2536111111111,Cebidae,,Alouatta,,,,SEMA-Acre,Animalia,Parque Nacional da Serra do Divisor,,,,,2010-03-08T13:52:53,,,"Artigo : Riqueza de mamíferos de grande e médio porte do Parque Nacional da Serra do Divisor (Acre, Brasil) - Calouro A.M. 1999",Primates,,,,,,,,Alouatta seniculus,,,seniculus,Acre,,-8.28083333333333,-73.2536111111111,,
,S,5270,Mammalia,ZEE_MAM,213,,,Brasil,,,,-9.25,-68.725,-9.25,-68.725,Cebidae,,Alouatta,,,,SEMA-Acre,Animalia,,,,,,2010-03-08T13:52:53,,,Dissertação: Caça de subsistência: sustentabilidade e padrões de uso entre seringueiros ribeirinhos e não-ribeirinhos do estado do Acre - Calouro A.M. 1995,Primates,,,,,,,,Alouatta seniculus,,,seniculus,Acre,,-9.25,-68.725,,
,S,5271,Mammalia,ZEE_MAM,213,,,Brasil,,,,-10.0927777777778,-68.0,-10.0927777777778,-68.0,Cebidae,,Alouatta,,,,SEMA-Acre,Animalia,,,,,,2010-03-08T13:52:53,,,Dissertação: Caça de subsistência: sustentabilidade e padrões de uso entre seringueiros ribeirinhos e não-ribeirinhos do estado do Acre - Calouro A.M. 1995,Primates,,,,,,,,Alouatta seniculus,,,seniculus,Acre,,-10.0927777777778,-68.0,,
,S,596,Mammalia,ZEE_MAM,213,,,Brasil,Rio Branco,,,-9.96666666666667,-67.8,-9.96666666666667,-67.8,Cebidae,,Alouatta,,,,SEMA-Acre,Animalia,Bairro 2º Distrito; Rio Acre,,,,,2010-03-08T13:52:53,,,Monografia: Levantamento preliminar de primatas cadastrados pelo IBAMA no município de Rio Branco - AC - Nóbrega M.F. 1997,Primates,,,,,,,,Alouatta seniculus,,,seniculus,Acre,,-9.96666666666667,-67.8,,
,S,8138,Mammalia,ZEE_MAM,213,,,Brasil,,,,-7.45,-73.6,-7.45,-73.6,Callitrichidae,,Saguinus,,,,SEMA-Acre,Animalia,Parque Nacional da Serra do Divisor; Rio Juruá Mirim,,,,,2010-03-08T13:52:53,,,"Artigo: Observations of Callimico goeldii with Saguinus imperator in the Serra do Divisor National Park, Acre, Barzil - Lopes M.A.O.A. - Rehg J.A. 2003",Primates,,,,,,,,Saguinus mystax,,,mystax,Acre,,-7.45,-73.6,,
,S,8363,Mammalia,ZEE_MAM,213,,124133,Brasil,Cruzeiro do Sul,,,-7.631498,-72.67049,-7.631498,-72.67049,Callitrichidae,,Saguinus,,,,SEMA-Acre,Animalia,Seringal Aquidabã; Rio Moa,,,,,2010-03-08T13:52:53,,,"Artigo: Novos hospedeiros do Plasmodium brasilianum no Estado do Acre, Brasil: o uacari Cacajao rubicundus rubicundus, o guariba Alouatta seniculus seniculus e o macaco barrigudo Lagothrix lagothrix poeppigii - Ferreira Neto J.A. - Deane L.M. 1973",Primates,,,,,,,,Saguinus mystax,,,mystax,Acre,,0.0,0.0,,
,S,8370,Mammalia,ZEE_MAM,213,,124133,Brasil,Cruzeiro do Sul,,,-7.631498,-72.67049,-7.631498,-72.67049,Callitrichidae,,Saguinus,,,,SEMA-Acre,Animalia,Colônia São Pedro; Rio Moa,,,,,2010-03-08T13:52:53,,,"Artigo: Novos hospedeiros do Plasmodium brasilianum no Estado do Acre, Brasil: o uacari Cacajao rubicundus rubicundus, o guariba Alouatta seniculus seniculus e o macaco barrigudo Lagothrix lagothrix poeppigii - Ferreira Neto J.A. - Deane L.M. 1973",Primates,,,,,,,,Saguinus mystax,,,mystax,Acre,,0.0,0.0,,
,S,8371,Mammalia,ZEE_MAM,213,,124133,Brasil,Cruzeiro do Sul,,,-7.631498,-72.67049,-7.631498,-72.67049,Callitrichidae,,Saguinus,,,,SEMA-Acre,Animalia,Vila Japim; Rio Moa,,,,,2010-03-08T13:52:53,,,"Artigo: Novos hospedeiros do Plasmodium brasilianum no Estado do Acre, Brasil: o uacari Cacajao rubicundus rubicundus, o guariba Alouatta seniculus seniculus e o macaco barrigudo Lagothrix lagothrix poeppigii - Ferreira Neto J.A. - Deane L.M. 1973",Primates,,,,,,,,Saguinus mystax,,,mystax,Acre,,0.0,0.0,,
,S,443,Mammalia,ZEE_MAM,213,,,Brasil,,,,-8.82916666666667,-72.775,-8.82916666666667,-72.775,Callitrichidae,,Saguinus,,,mystax,SEMA-Acre,Animalia,Seringal Oriente; Acima do Rio Juruá,,,,,2010-03-08T13:52:53,,,Livro: Livig New World monkeys (Platyrrhini) with an introduction to primates - Hershokovitz P. 1977,Primates,,,,,,,,Saguinus mystax mystax,,,mystax,Acre,,-8.82916666666667,-72.775,,
,S,8213,Mammalia,ZEE_MAM,213,,,Brasil,,,,-8.36666666666667,-72.8166666666667,-8.36666666666667,-72.8166666666667,Callitrichidae,,Saguinus,,,mystax,SEMA-Acre,Animalia,,,,,,2010-03-08T13:52:53,,,Artigo: Primate community structure at twenty western Amazonian flooded and unflooded forests - Peres C.A. 1997,Primates,,,,,,,,Saguinus mystax mystax,,,mystax,Acre,,-8.36666666666667,-72.8166666666667,,
,S,173,Mammalia,ZEE_MAM,213,,,Brasil,Sena Madureira,,,-9.05722222222222,-68.8138888888889,-9.05722222222222,-68.8138888888889,Cebidae,,Alouatta,,,,SEMA-Acre,Animalia,Sena Madureira; Margem meridional do igarapé Xiburema,,,,,2010-03-08T13:52:53,,,Artigo: A harpy eagle successfully captures an adult male red howler monkey - Peres C.A. 1990,Primates,,,,,,,,Alouatta seniculus,,,seniculus,Acre,,-9.05722222222222,-68.8138888888889,,
,S,1086,Mammalia,ZEE_MAM,213,,,Brasil,Assis Brasil,,,-11.0333333333333,-70.25,-11.0333333333333,-70.25,Callitrichidae,,Saguinus,,,,SEMA-Acre,Animalia,ESEC do Rio Acre; Rio Acre,,,,,2010-03-08T13:52:53,,,,Primates,,,,,,,,Saguinus mystax,,,mystax,Acre,,-11.0333333333333,-70.25,,
,S,265,Mammalia,ZEE_MAM,213,,,Brasil,Assis Brasil,,,-11.0333333333333,-70.25,-11.0333333333333,-70.25,Callitrichidae,,Saguinus,,,,SEMA-Acre,Animalia,ESEC do Rio Acre; Rio Acre,,,,,2010-03-08T13:52:53,,,Artigo: Parks- reserves and primate conservation in Brasilian Amazonia - Rylands A. - Mittermeier R.A. 1982,Primates,,,,,,,,Saguinus mystax,,,mystax,Acre,,-11.0333333333333,-70.25,,
,S,3945,Mammalia,ZEE_MAM,213,,,Brasil,Cruzeiro do Sul,,,-7.44333333333333,-73.6744444444444,-7.44333333333333,-73.6744444444444,Callitrichidae,,Saguinus,,,,SEMA-Acre,Animalia,Parque Nacional da Serra do Divisor,,,,,2010-03-08T13:52:53,,,"Artigo : Riqueza de mamíferos de grande e médio porte do Parque Nacional da Serra do Divisor (Acre, Brasil) - Calouro A.M. 1999",Primates,,,,,,,,Saguinus mystax,,,mystax,Acre,,-7.44333333333333,-73.6744444444444,,
,S,3947,Mammalia,ZEE_MAM,213,,,Brasil,Cruzeiro do Sul,,,-7.45638888888889,-73.6380555555556,-7.45638888888889,-73.6380555555556,Callitrichidae,,Saguinus,,,,SEMA-Acre,Animalia,Parque Nacional da Serra do Divisor,,,,,2010-03-08T13:52:53,,,"Artigo : Riqueza de mamíferos de grande e médio porte do Parque Nacional da Serra do Divisor (Acre, Brasil) - Calouro A.M. 1999",Primates,,,,,,,,Saguinus mystax,,,mystax,Acre,,-7.45638888888889,-73.6380555555556,,
,S,3948,Mammalia,ZEE_MAM,213,,,Brasil,Cruzeiro do Sul,,,-7.43166666666667,-73.6611111111111,-7.43166666666667,-73.6611111111111,Callitrichidae,,Saguinus,,,,SEMA-Acre,Animalia,Parque Nacional da Serra do Divisor,,,,,2010-03-08T13:52:53,,,"Artigo : Riqueza de mamíferos de grande e médio porte do Parque Nacional da Serra do Divisor (Acre, Brasil) - Calouro A.M. 1999",Primates,,,,,,,,Saguinus mystax,,,mystax,Acre,,-7.43166666666667,-73.6611111111111,,
,S,567,Mammalia,ZEE_MAM,213,,,Brasil,Cruzeiro do Sul,,,-8.28083333333333,-73.2536111111111,-8.28083333333333,-73.2536111111111,Callitrichidae,,Saguinus,,,subgrisescens,SEMA-Acre,Animalia,Parque Nacional da Serra do Divisor; Foz do Rio Branco,,,,,2010-03-08T13:52:53,,,"Artigo : Riqueza de mamíferos de grande e médio porte do Parque Nacional da Serra do Divisor (Acre, Brasil) - Calouro A.M. 1999",Primates,,,,,,,,Saguinus imperator subgrisescens,,,imperator,Acre,,-8.28083333333333,-73.2536111111111,,
,S,8202,Mammalia,ZEE_MAM,213,,,Brasil,,,,-8.66666666666667,-72.7833333333333,-8.66666666666667,-72.7833333333333,Callitrichidae,,Saguinus,,,subgrisescens,SEMA-Acre,Animalia,,,,,,2010-03-08T13:52:53,,,Artigo: Primate community structure at twenty western Amazonian flooded and unflooded forests - Peres C.A. 1997,Primates,,,,,,,,Saguinus imperator subgrisescens,,,imperator,Acre,,-8.66666666666667,-72.7833333333333,,
,S,8377,Mammalia,ZEE_MAM,213,,,Brasil,Rio Branco,,,-10.0666666666667,-67.6166666666667,-10.0666666666667,-67.6166666666667,Callitrichidae,,Saguinus,,,,SEMA-Acre,Animalia,Fazenda Experimental Catuaba; Rioa Acre,,,,,2010-03-08T13:52:53,,,"Resumo: Population density of Callimico goeldii (Goeldi's monkey) in relationship to home range and habitat in a forest fragment in Acre, Brasil - Rehg J. 2005",Primates,,,,,,,,Saguinus labiatus,,,labiatus,Acre,,-10.0666666666667,-67.6166666666667,,
,S,93,Mammalia,ZEE_MAM,213,,,Brasil,Plácido de Castro,,,-10.2861111111111,-67.1444444444444,-10.2861111111111,-67.1444444444444,Callitrichidae,,Saguinus,,,,SEMA-Acre,Animalia,Plácido de Castro; Rio Abunã,,,,,2010-03-08T13:52:53,,,Artigo: Resultados de uma expedição científica ao território do Acre: mamíferos - Vieira C.C. 1952,Primates,,,,,,,,Saguinus labiatus,,,labiatus,Acre,,-10.2861111111111,-67.1444444444444,,
,S,612,Mammalia,ZEE_MAM,213,,,Brasil,Rio Branco,,,-9.96666666666667,-67.8,-9.96666666666667,-67.8,Callitrichidae,,Saguinus,,,imperator,SEMA-Acre,Animalia,Bairro 2º Distrito; Rio Acre,,,,,2010-03-08T13:52:53,,,Monografia: Levantamento preliminar de primatas cadastrados pelo IBAMA no município de Rio Branco - AC - Nóbrega M.F. 1997,Primates,,,,,,,,Saguinus imperator imperator,,,imperator,Acre,,-9.96666666666667,-67.8,,
,S,613,Mammalia,ZEE_MAM,213,,,Brasil,Rio Branco,,,-9.96666666666667,-67.8,-9.96666666666667,-67.8,Callitrichidae,,Saguinus,,,imperator,SEMA-Acre,Animalia,Bairro Procon; Rioa Acre,,,,,2010-03-08T13:52:53,,,Monografia: Levantamento preliminar de primatas cadastrados pelo IBAMA no município de Rio Branco - AC - Nóbrega M.F. 1997,Primates,,,,,,,,Saguinus imperator imperator,,,imperator,Acre,,-9.96666666666667,-67.8,,
,S,8378,Mammalia,ZEE_MAM,213,,,Brasil,Rio Branco,,,-9.94166666666667,-67.8688888888889,-9.94166666666667,-67.8688888888889,Callitrichidae,,Saguinus,,,imperator,SEMA-Acre,Animalia,Universidade Federal do Acre/Parque Zoobotânico; Rioa Acre,,,,,2010-03-08T13:52:53,,,Resumo: Regras individuais de forrageio em Saguinus imperator imperator e Saguinus fuscicollis weddelli - Nunes A.M. - Bicca-Marques J.C. 2005,Primates,,,,,,,,Saguinus imperator imperator,,,imperator,Acre,,-9.94166666666667,-67.8688888888889,,
,S,1089,Mammalia,ZEE_MAM,213,,,Brasil,Rio Branco,,,-9.94166666666667,-67.8688888888889,-9.94166666666667,-67.8688888888889,Callitrichidae,,Saguinus,,,subgrisescens,SEMA-Acre,Animalia,Universidade Federal do Acre/Parque Zoobotânico; Rioa Acre,,,,,2010-03-08T13:52:53,,,Artigo: Medidas morfométricas de Saguinus imperator imperator e Saguinus fuscicollis weddelli (Callitrichidae- Primates) em ambiente natural - Bicca-Marques J.C.- Calegaro-Marques C.- Farias E.M.P.- Azevedo M.A.O - Santos F.G.A. 1997,Primates,,,,,,,,Saguinus imperator subgrisescens,,,imperator,Acre,,-9.94166666666667,-67.8688888888889,,
,S,21,Mammalia,ZEE_MAM,213,,,Brasil,Porto Walter,,,-9.42,-72.735,-9.42,-72.735,Callitrichidae,,Saguinus,,,subgrisescens,SEMA-Acre,Animalia,Margem direita do Rio Juruá - Pontos 1; Rio Juruá,,,,,2010-03-08T13:52:53,,,Artigo: Notes on the primates of the Juruá River- western Brasilian Amazonia - Peres C.A. 1993,Primates,,,,,,,,Saguinus imperator subgrisescens,,,imperator,Acre,,-9.42,-72.735,,
,S,263,Mammalia,ZEE_MAM,213,,,Brasil,Assis Brasil,,,-11.0333333333333,-70.25,-11.0333333333333,-70.25,Callitrichidae,,Saguinus,,,subgrisescens,SEMA-Acre,Animalia,ESEC do Rio Acre; Rio Acre,,,,,2010-03-08T13:52:53,,,Artigo: Parks- reserves and primate conservation in Brasilian Amazonia - Rylands A.B. - Mittermeier R.A. 1982,Primates,,,,,,,,Saguinus imperator subgrisescens,,,imperator,Acre,,-11.0333333333333,-70.25,,
,S,43,Mammalia,ZEE_MAM,213,,,Brasil,Marechal Thaumaturgo,,,-8.8,-72.7666666666667,-8.8,-72.7666666666667,Callitrichidae,,Saguinus,,,subgrisescens,SEMA-Acre,Animalia,Seringal Oriente- acima do Rio Juruá; Rio Juruá,,,,,2010-03-08T13:52:53,,,Artigo: Races of the emperator tamarin- Saguinus imperator Goeldi (Callitrichidae- Primates) - Hershokovitz P. 1979,Primates,,,,,,,,Saguinus imperator subgrisescens,,,imperator,Acre,,-8.8,-72.7666666666667,,
,S,1092,Mammalia,ZEE_MAM,213,,178429,Brasil,Rio Branco,,,-9.97512,-67.810478,-9.97512,-67.810478,Callitrichidae,,Saguinus,,,,SEMA-Acre,Animalia,,,,,,2010-03-08T13:52:45,,,Relatório: Estudo da distribuição geográfica de espécies de mamíferos como subsídio para o zoneamento agroecológico do Estado do Acre - IMAC 1992,Primates,,,,,,,,Saguinus imperator,,,imperator,Acre,,0.0,0.0,,
,S,44,Mammalia,ZEE_MAM,213,,,Brasil,Marechal Thaumaturgo,,,-8.8,-72.7666666666667,-8.8,-72.7666666666667,Callitrichidae,,Saguinus,,,subgrisescens,SEMA-Acre,Animalia,Pedra Preta; Rio Juruá,,,,,2010-03-08T13:52:53,,,Artigo: Races of the emperator tamarin- Saguinus imperator Goeldi (Callitrichidae- Primates) - Hershokovitz P. 1979,Primates,,,,,,,,Saguinus imperator subgrisescens,,,imperator,Acre,,-8.8,-72.7666666666667,,
,S,449,Mammalia,ZEE_MAM,213,,,Brasil,Marechal Thaumaturgo,,,-8.8,-72.8166666666667,-8.8,-72.8166666666667,Callitrichidae,,Saguinus,,,imperator,SEMA-Acre,Animalia,Pedra Preta; Acima do Rio Juruá,,,,,2010-03-08T13:52:53,,,Livro: Livig New World monkeys (Platyrrhini) with an introduction to primates - Hershokovitz P. 1977,Primates,,,,,,,,Saguinus imperator imperator,,,imperator,Acre,,-8.8,-72.8166666666667,,
,S,481,Mammalia,ZEE_MAM,213,,,Brasil,Rio Branco,,,-9.96666666666667,-67.8,-9.96666666666667,-67.8,Callitrichidae,,Saguinus,,,imperator,SEMA-Acre,Animalia,Horto Florestal; Rioa Acre,,,,,2010-03-08T13:52:53,,,Livro: Livro vermelho dos mamíferos brasileiros ameaçados de extinção - Fonseca G.A.B.- Rylands A.B.- Costa C.M.R.- Machado R.B. - Leite Y.L.R. 1994,Primates,,,,,,,,Saguinus imperator imperator,,,imperator,Acre,,-9.96666666666667,-67.8,,
,S,8137,Mammalia,ZEE_MAM,213,,,Brasil,,,,-7.45,-73.6,-7.45,-73.6,Callitrichidae,,Saguinus,,,,SEMA-Acre,Animalia,Parque Nacional da Serra do Divisor; Rio Juruá Mirim,,,,,2010-03-08T13:52:45,,,"Artigo: Observations of Callimico goeldii with Saguinus imperator in the Serra do Divisor National Park, Acre, Barzil - Lopes M.A.O.A. - Rehg J.A. 2003",Primates,,,,,,,,Saguinus imperator,,,imperator,Acre,,-7.45,-73.6,,
,S,15,Mammalia,ZEE_MAM,213,,,Brasil,Rio Branco,,,-9.94166666666667,-67.8688888888889,-9.94166666666667,-67.8688888888889,Callitrichidae,,Saguinus,,,imperator,SEMA-Acre,Animalia,Universidade Federal do Acre/Parque Zoobotânico; Rio Acre,,,,,2010-03-08T13:52:45,,,Relatório: Percepção- cognição e aprendizagem associados ao forrageamento por primatas neotropicais noturnos e diurnos - Bicca-Marques J.C. 1997,Primates,,,,,,,,Saguinus imperator imperator,,,imperator,Acre,,-9.94166666666667,-67.8688888888889,,
,S,168,Mammalia,ZEE_MAM,213,,,Brasil,Assis Brasil,,,-11.0333333333333,-70.25,-11.0333333333333,-70.25,Callitrichidae,,Saguinus,,,imperator,SEMA-Acre,Animalia,ESEC do Rio Acre; Rio Acre,,,,,2010-03-08T13:52:45,,,Artigo: Conservation areas protecting primates in Brasilian Amazonia - Rylands A.B. 1985,Primates,,,,,,,,Saguinus imperator imperator,,,imperator,Acre,,-11.0333333333333,-70.25,,
,S,340,Mammalia,ZEE_MAM,213,,,Brasil,Rio Branco,,,-9.94166666666667,-67.8688888888889,-9.94166666666667,-67.8688888888889,Callitrichidae,,Saguinus,,,imperator,SEMA-Acre,Animalia,Universidade Federal do Acre/Parque Zoobotânico; Rioa Acre,,,,,2010-03-08T13:52:45,,,Artigo: On the capture of titi monkeys (Callicebus cupreus) using the peruvian method - Silveira G.- Bicca-Marques J.C - Nunes C.A. 1998,Primates,,,,,,,,Saguinus imperator imperator,,,imperator,Acre,,-9.94166666666667,-67.8688888888889,,
,S,343,Mammalia,ZEE_MAM,213,,,Brasil,Rio Branco,,,-9.94166666666667,-67.8688888888889,-9.94166666666667,-67.8688888888889,Callitrichidae,,Saguinus,,,imperator,SEMA-Acre,Animalia,Universidade Federal do Acre/Parque Zoobotânico; Rioa Acre,,,,,2010-03-08T13:52:45,,,Artigo: Preliminary observations on handedness in wild tamarins (Saguinus spp.) and titi monkeys (Callicebus cupreus) - Bicca-Marques J.C.- Nunes C.A. - Schacht K. 1998,Primates,,,,,,,,Saguinus imperator imperator,,,imperator,Acre,,-9.94166666666667,-67.8688888888889,,
,S,41,Mammalia,ZEE_MAM,213,,,Brasil,Rio Branco,,,-9.96666666666667,-67.8,-9.96666666666667,-67.8,Callitrichidae,,Saguinus,,,imperator,SEMA-Acre,Animalia,Rio Branco; Rio Acre,,,,,2010-03-08T13:52:53,,,Artigo: Races of the emperator tamarin- Saguinus imperator Goeldi (Callitrichidae- Primates) - Hershokovitz P. 1979,Primates,,,,,,,,Saguinus imperator imperator,,,imperator,Acre,,-9.96666666666667,-67.8,,
,S,735,Mammalia,ZEE_MAM,213,,,Brasil,,,,-8.82916666666667,-72.775,-8.82916666666667,-72.775,Callitrichidae,,Saguinus,,,,SEMA-Acre,Animalia,Seringal Oriente,,,,,2010-03-08T13:52:45,,,Monografia: Distribuição de primatas não-humanos no Estado do Acre e vizinhanças: um estudo preliminar - Fernandes M.C.A.G. 1990,Primates,,,,,,,,Saguinus,,,,Acre,,-8.82916666666667,-72.775,,
,S,362,Mammalia,ZEE_MAM,213,,,Brasil,Rio Branco,,,-9.94166666666667,-67.8688888888889,-9.94166666666667,-67.8688888888889,Callitrichidae,,Saguinus,,,weddelii,SEMA-Acre,Animalia,Universidade Federal do Acre/Parque Zoobotânico; Rioa Acre,,,,,2010-03-08T13:52:45,,,Artigo: Medidas morfométricas de Saguinus imperator imperator e Saguinus fuscicollis weddelli (Callitrichidae- Primates) em ambiente natural - Bicca-Marques J.C.- Calegaro-Marques C.- Farias E.M.P.- Azevedo M.A.O - Santos F.G.A. 1997,Primates,,,,,,,,Saguinus fuscicollis weddelii,,,fuscicollis,Acre,,-9.94166666666667,-67.8688888888889,,
,S,415,Mammalia,ZEE_MAM,213,,,Brasil,Assis Brasil,,,-11.0333333333333,-70.25,-11.0333333333333,-70.25,Callitrichidae,,Saguinus,,,weddelii,SEMA-Acre,Animalia,ESEC do Rio Acre; Rio Acre,,,,,2010-03-08T13:52:45,,,Livro: The status of conservation areas in the Brasilian Amazon - Rylands A.B. 1991,Primates,,,,,,,,Saguinus fuscicollis weddelii,,,fuscicollis,Acre,,-11.0333333333333,-70.25,,
,S,440,Mammalia,ZEE_MAM,213,,,Brasil,Rio Branco,,,-9.96666666666667,-67.8,-9.96666666666667,-67.8,Callitrichidae,,Saguinus,,,weddelii,SEMA-Acre,Animalia,Rio Branco; Rioa Acre,,,,,2010-03-08T13:52:45,,,Livro: Livig New World monkeys (Platyrrhini) with an introduction to primates - Hershokovitz P. 1977,Primates,,,,,,,,Saguinus fuscicollis weddelii,,,fuscicollis,Acre,,-9.96666666666667,-67.8,,
,S,458,Mammalia,ZEE_MAM,213,,,Brasil,Assis Brasil,,,-11.0333333333333,-70.25,-11.0333333333333,-70.25,Callitrichidae,,Saguinus,,,weddelii,SEMA-Acre,Animalia,ESEC do Rio Acre; Rio Acre,,,,,2010-03-08T13:52:45,,,Capítulo de livro: Systematics- geographic distribuition- andsome notes on the conservation status of the Callitrichidae - Rylands A.B.- Coimbra-Filho A.F. - Mittermeier R.A. 1993,Primates,,,,,,,,Saguinus fuscicollis weddelii,,,fuscicollis,Acre,,-11.0333333333333,-70.25,,
,S,7,Mammalia,ZEE_MAM,213,,,Brasil,Rio Branco,,,-9.94166666666667,-67.8688888888889,-9.94166666666667,-67.8688888888889,Callitrichidae,,Saguinus,,,weddelii,SEMA-Acre,Animalia,Universidade Federal do Acre/Parque Zoobotânico; Rio Acre,,,,,2010-03-08T13:52:45,,,Artigo: Two breeding females in a Saguinus fuscicollis weddelli group - Calegaro-Marques C.- Bicca-Marques J.C. - Azevedo M.A.O. 1995,Primates,,,,,,,,Saguinus fuscicollis weddelii,,,fuscicollis,Acre,,-9.94166666666667,-67.8688888888889,,
,S,8412,Mammalia,ZEE_MAM,213,,,Brasil,Rio Branco,,,-9.94166666666667,-67.8688888888889,-9.94166666666667,-67.8688888888889,Callitrichidae,,Saguinus,,,weddelii,SEMA-Acre,Animalia,Universidade Federal do Acre/Parque Zoobotânico; Rioa Acre,,,,,2010-03-08T13:52:45,,,Artigo: Do female tamarins use visual cues to detect fruit rewards more successfully than do males? - Dominy N.J.- Garber P.A.- Bicca-Marques J.C. - Lopes M.A.O. 2003,Primates,,,,,,,,Saguinus fuscicollis weddelii,,,fuscicollis,Acre,,-9.94166666666667,-67.8688888888889,,
,S,435,Mammalia,ZEE_MAM,213,,,Brasil,Marechal Thaumaturgo,,,-8.8,-72.8166666666667,-8.8,-72.8166666666667,Callitrichidae,,Saguinus,,,melanoleucus,SEMA-Acre,Animalia,Pedra Preta; Acima do Rio Juruá,,,,,2010-03-08T13:52:45,,,Livro: Livig New World monkeys (Platyrrhini) with an introduction to primates - Hershokovitz P. 1977,Primates,,,,,,,,Saguinus fuscicollis melanoleucus,,,fuscicollis,Acre,,-8.8,-72.8166666666667,,
,S,61,Mammalia,ZEE_MAM,213,,,Brasil,,,,-8.8225,-72.7636111111111,-8.8225,-72.7636111111111,Callitrichidae,,Saguinus,,,melanoleucus,SEMA-Acre,Animalia,Seringal Oriente; Margem direita,,,,,2010-03-08T13:52:45,,,Artigo: Alguns mamíferos do Acre Ocidental - Carvalho C.T. 1957,Primates,,,,,,,,Saguinus fuscicollis melanoleucus,,,fuscicollis,Acre,,-8.8225,-72.7636111111111,,
,S,614,Mammalia,ZEE_MAM,213,,,Brasil,Rio Branco,,,-9.96666666666667,-67.8,-9.96666666666667,-67.8,Callitrichidae,,Saguinus,,,melanoleucus,SEMA-Acre,Animalia,Bairro Procon; Rioa Acre,,,,,2010-03-08T13:52:45,,,Monografia: Levantamento preliminar de primatas cadastrados pelo IBAMA no município de Rio Branco - AC - Nóbrega M.F. 1997,Primates,,,,,,,,Saguinus fuscicollis melanoleucus,,,fuscicollis,Acre,,-9.96666666666667,-67.8,,
,S,461,Mammalia,ZEE_MAM,213,,87388,Brasil,Marechal Thaumaturgo,,,-8.9415,-72.792159,-8.9415,-72.792159,Callitrichidae,,Saguinus,,,acrensis,SEMA-Acre,Animalia,Pedra Preta; Abaixo da Vila Taumaturgo,,,,,2010-03-08T13:52:45,,,Capítulo de livro: Systematics- geographic distribuition- andsome notes on the conservation status of the Callitrichidae - Rylands A.B.- Coimbra-Filho A.F. - Mittermeier R.A. 1993,Primates,,,,,,,,Saguinus fuscicollis acrensis,,,fuscicollis,Acre,,0.0,0.0,,
,S,37,Mammalia,ZEE_MAM,213,,,Brasil,,,,-8.6,-72.85,-8.6,-72.85,Callitrichidae,,Saguinus,,,fuscicollis,SEMA-Acre,Animalia,Fazenda Santa Fé; Margem esquerda do Rio Juruá,,,,,2010-03-08T13:52:45,,,Artigo: Riverine barriers and gene flow in Amazonian saddle-black tamarins - Peres C.A.- Patton J.L. - Silva M.N.F. 1996,Primates,,,,,,,,Saguinus fuscicollis fuscicollis,,,fuscicollis,Acre,,-8.6,-72.85,,
,S,615,Mammalia,ZEE_MAM,213,,,Brasil,Rio Branco,,,-9.96666666666667,-67.8,-9.96666666666667,-67.8,Callitrichidae,,Saguinus,,,fuscicollis,SEMA-Acre,Animalia,Bairro Procon; Rioa Acre,,,,,2010-03-08T13:52:45,,,Monografia: Levantamento preliminar de primatas cadastrados pelo IBAMA no município de Rio Branco - AC - Nóbrega M.F. 1997,Primates,,,,,,,,Saguinus fuscicollis fuscicollis,,,fuscicollis,Acre,,-9.96666666666667,-67.8,,
,S,1095,Mammalia,ZEE_MAM,213,,124133,Brasil,Cruzeiro do Sul,,,-7.631498,-72.67049,-7.631498,-72.67049,Callitrichidae,,Saguinus,,,melanoleucus,SEMA-Acre,Animalia,Lagoinha- BR-364; Igarapé do Croa,,,,,2010-03-08T13:52:45,,,Relatório: Estudo da distribuição geográfica de espécies de mamíferos como subsídio para o zoneamento agroecológico do Estado do Acre - IMAC 1992,Primates,,,,,,,,Saguinus fuscicollis melanoleucus,,,fuscicollis,Acre,,0.0,0.0,,
,S,369,Mammalia,ZEE_MAM,213,,,Brasil,,,,-8.78388888888889,-72.8383333333333,-8.78388888888889,-72.8383333333333,Callitrichidae,,Saguinus,,,melanoleucus,SEMA-Acre,Animalia,Pedra Preta- abaixo da Vila Taumaturgo; Acima da margem direita do alto Rio Juruá,,,,,2010-03-08T13:52:45,,,Livro: Catalogue of primates in the British Museum (Natural History). Part l: Families Callitrichidae and Cebidae - Napier P.H. 1976,Primates,,,,,,,,Saguinus fuscicollis melanoleucus,,,fuscicollis,Acre,,-8.78388888888889,-72.8383333333333,,
,S,1094,Mammalia,ZEE_MAM,213,,87388,Brasil,Marechal Thaumaturgo,,,-8.9415,-72.792159,-8.9415,-72.792159,Callitrichidae,,Saguinus,,,acrensis,SEMA-Acre,Animalia,,,,,,2010-03-08T13:52:45,,,Relatório: Estudo da distribuição geográfica de espécies de mamíferos como subsídio para o zoneamento agroecológico do Estado do Acre - IMAC 1992,Primates,,,,,,,,Saguinus fuscicollis acrensis,,,fuscicollis,Acre,,0.0,0.0,,
,S,38,Mammalia,ZEE_MAM,213,,,Brasil,,,,-8.66666666666667,-72.7833333333333,-8.66666666666667,-72.7833333333333,Callitrichidae,,Saguinus,,,melanoleucus,SEMA-Acre,Animalia,Seringal Triunfo; Margem esquerda do Rio Juruá,,,,,2010-03-08T13:52:45,,,Artigo: Riverine barriers and gene flow in Amazonian saddle-black tamarins - Peres C.A.- Patton J.L. - Silva M.N.F. 1996,Primates,,,,,,,,Saguinus fuscicollis melanoleucus,,,fuscicollis,Acre,,-8.66666666666667,-72.7833333333333,,
,S,3943,Mammalia,ZEE_MAM,213,,,Brasil,Cruzeiro do Sul,,,-8.87527777777778,-72.7819444444444,-8.87527777777778,-72.7819444444444,Callitrichidae,,Saguinus,,,,SEMA-Acre,Animalia,Parque Nacional da Serra do Divisor,,,,,2010-03-08T13:52:45,,,"Artigo : Riqueza de mamíferos de grande e médio porte do Parque Nacional da Serra do Divisor (Acre, Brasil) - Calouro A.M. 1999",Primates,,,,,,,,Saguinus fuscicollis,,,fuscicollis,Acre,,-8.87527777777778,-72.7819444444444,,
,S,4052,Mammalia,ZEE_MAM,213,,,Brasil,Rio Branco,,,-10.0666666666667,-67.6166666666667,-10.0666666666667,-67.6166666666667,Callitrichidae,,Saguinus,,,,SEMA-Acre,Animalia,Fazenda Experimental Catuaba; Rioa Acre,,,,,2010-03-08T13:52:45,,,Relatório: Estimativa das densidades das espécies de primatas da Fazenda Experimental Catuaba - Chaves W.A. 1999,Primates,,,,,,,,Saguinus fuscicollis,,,fuscicollis,Acre,,-10.0666666666667,-67.6166666666667,,
,S,650,Mammalia,ZEE_MAM,213,,,Brasil,Rio Branco,,,-10.1333333333333,-67.5833333333333,-10.1333333333333,-67.5833333333333,Callitrichidae,,Saguinus,,,,SEMA-Acre,Animalia,Parque Ambiental Chico Mendes; Rioa Acre,,,,,2010-03-08T13:52:45,,,Relatório: Enriquecimento de capoeiras com espécies vegetais utilizadas por primatas - Silva M.C.R. 1998,Primates,,,,,,,,Saguinus fuscicollis,,,fuscicollis,Acre,,-10.1333333333333,-67.5833333333333,,
,S,8136,Mammalia,ZEE_MAM,213,,,Brasil,,,,-7.45,-73.6,-7.45,-73.6,Callitrichidae,,Saguinus,,,,SEMA-Acre,Animalia,Parque Nacional da Serra do Divisor; Rio Juruá Mirim,,,,,2010-03-08T13:52:45,,,"Artigo: Observations of Callimico goeldii with Saguinus imperator in the Serra do Divisor National Park, Acre, Barzil - Lopes M.A.O.A. - Rehg J.A. 2003",Primates,,,,,,,,Saguinus fuscicollis,,,fuscicollis,Acre,,-7.45,-73.6,,
,S,8148,Mammalia,ZEE_MAM,213,,,Brasil,Bujari,,,-9.53333333333333,-68.0333333333333,-9.53333333333333,-68.0333333333333,Callitrichidae,,Saguinus,,,,SEMA-Acre,Animalia,Floresta Estadual do Antimary; Rio Antimari,,,,,2010-03-08T13:52:45,,,"Artigo: Caracterização de habitats para monitoramento de primatas na Floresta Estadual de Antimary (Acre, Brasil) - Calouro A.M. - Pires J.S.R. 2004",Primates,,,,,,,,Saguinus fuscicollis,,,fuscicollis,Acre,,-9.53333333333333,-68.0333333333333,,
,S,8327,Mammalia,ZEE_MAM,213,,178429,Brasil,Rio Branco,,,-9.97512,-67.810478,-9.97512,-67.810478,Callitrichidae,,Saguinus,,,,SEMA-Acre,Animalia,Rio Branco (Estrada de Porto Acre); Rioa Acre,,,,,2010-03-08T13:52:45,,,"Artigo: Malária simiana no Estado do Acre, Brasil: Encontro de macacos zogue-zogue, Callicebus moloch cupreus, infetados com Plasmodium brasilianum - Ferreira Neto J.A.- Deane L.M. - Almeida F.B. 1972",Primates,,,,,,,,Saguinus fuscicollis,,,fuscicollis,Acre,,0.0,0.0,,
,S,8332,Mammalia,ZEE_MAM,213,,178429,Brasil,Rio Branco,,,-9.97512,-67.810478,-9.97512,-67.810478,Callitrichidae,,Saguinus,,,,SEMA-Acre,Animalia,Rio Branco (Estrada de Xapuri); Rioa Acre,,,,,2010-03-08T13:52:45,,,"Artigo: Malária simiana no Estado do Acre, Brasil: Encontro de macacos zogue-zogue, Callicebus moloch cupreus, infetados com Plasmodium brasilianum - Ferreira Neto J.A.- Deane L.M. - Almeida F.B. 1972",Primates,,,,,,,,Saguinus fuscicollis,,,fuscicollis,Acre,,0.0,0.0,,
,S,8376,Mammalia,ZEE_MAM,213,,,Brasil,Rio Branco,,,-10.0666666666667,-67.6166666666667,-10.0666666666667,-67.6166666666667,Callitrichidae,,Saguinus,,,,SEMA-Acre,Animalia,Fazenda Experimental Catuaba; Rioa Acre,,,,,2010-03-08T13:52:45,,,"Resumo: Population density of Callimico goeldii (Goeldi's monkey) in relationship to home range and habitat in a forest fragment in Acre, Brasil - Rehg J. 2005",Primates,,,,,,,,Saguinus fuscicollis,,,fuscicollis,Acre,,-10.0666666666667,-67.6166666666667,,
NHM-ZOO-1968x104,PreservedSpecimen,1968.104,Mammalia,NHM-LONDON-ZOO,463,SOUTH_AMERICA,,Brasil,Oriximiná,3,,-1.7833,-55.8,-1.7833,-55.8,Atelidae,,Alouatta,,1,,NHMUK,Animalia,"[Para,] Oriximina.",,,,,2021-07-27T11:35:48,7,,,Primates,Chordata,,,,,,,Alouatta belzebul,"(Linnaeus, 1766)",Female,belzebul,Pará,,,,1933,
NHM-ZOO-1976x543,PreservedSpecimen,1976.543,Mammalia,NHM-LONDON-ZOO,463,SOUTH_AMERICA,,Colômbia,Puerto Alegria,,,-1,-74,-1,-74,Aotidae,,Aotus,,1,,NHMUK,Animalia,"San Jose del Encanto, L. bank of R. Caraparana",,,,100.0,2021-07-27T11:38:15,,,,Primates,Chordata,,,['Hereward Hill'],,,,Aotus trivirgatus,"(Humboldt, 1811)",Female,trivirgatus,Amazonas,,,,1975,
NHM-ZOO-1976x544,PreservedSpecimen,1976.544,Mammalia,NHM-LONDON-ZOO,463,SOUTH_AMERICA,,Colômbia,Puerto Alegria,,,-1,-74,-1,-74,Aotidae,,Aotus,,1,,NHMUK,Animalia,"San Jose del Encanto, L. bank of R. Caraparana",,,,100.0,2021-07-27T11:38:15,,,,Primates,Chordata,,,['Hereward Hill'],,,,Aotus trivirgatus,"(Humboldt, 1811)",Female,trivirgatus,Amazonas,,,,1975,
NHM-ZOO-1927x3x6x2,PreservedSpecimen,1927.3.6.2,Mammalia,NHM-LONDON-ZOO,463,SOUTH_AMERICA,,Brasil,Maraã,30,,-2,-66,-2,-66,Atelidae,,Ateles,,1,,NHMUK,Animalia,"Upper Amazonas, Furu Mannana [Manhana]",,,,,2022-10-24T14:10:42,10,,,Primates,Chordata,,,['Herr W Ehrhardt'],,,,Ateles paniscus,"(Linnaeus, 1758)",Female,paniscus,Amazonas,,,,1926,
NHM-ZOO-1927x8x11x26,PreservedSpecimen,1927.8.11.26,Mammalia,NHM-LONDON-ZOO,463,SOUTH_AMERICA,,Brasil,Maraã,31,,-2,-66,-2,-66,Atelidae,,Ateles,,1,,NHMUK,Animalia,"Obere Solimoes, Furu Mannana [equals Manhana].",,,,,2021-02-03T07:05:43,10,,,Primates,Chordata,,,['Herr W Ehrhardt'],,,,Ateles paniscus,"(Linnaeus, 1758)",Male,paniscus,Amazonas,,,,1926,
NHM-ZOO-1927x8x11x27,PreservedSpecimen,1927.8.11.27,Mammalia,NHM-LONDON-ZOO,463,SOUTH_AMERICA,,Brasil,Japurá,9,,-2.25,-67,-2.25,-67,Atelidae,,Ateles,,1,,NHMUK,Animalia,"Obere Amazonas, Auati-Parana",,,,,2021-07-27T11:38:13,10,,,Primates,Chordata,,,['Herr W Ehrhardt'],,,,Ateles paniscus,"(Linnaeus, 1758)",Female,paniscus,Amazonas,,,,1926,
NHM-ZOO-1928x4x27x1,PreservedSpecimen,1928.4.27.1,Mammalia,NHM-LONDON-ZOO,463,SOUTH_AMERICA,,Brasil,Maraã,30,,-2,-66,-2,-66,Atelidae,,Ateles,,1,,NHMUK,Animalia,"Upper Amazonas, Furu Mannana [Manhana]",,,,,2021-07-27T11:38:11,8,,,Primates,Chordata,,,['K Lako'],,,,Ateles paniscus,"(Linnaeus, 1758)",Male,paniscus,Amazonas,,,,1927,
NHM-ZOO-1976x541,PreservedSpecimen,1976.541,Mammalia,NHM-LONDON-ZOO,463,SOUTH_AMERICA,,Colômbia,Puerto Alegria,,,-1,-74,-1,-74,Pitheciidae,,Plecturocebus,,1,,NHMUK,Animalia,"San Jose del Encanto, L. bank of R. Caraparana",,,,100.0,2021-07-27T11:38:15,,,,Primates,Chordata,,,['Hereward Hill'],,,,Plecturocebus moloch,"(Hoffmannsegg, 1807)",Male,moloch,Amazonas,,,,1975,
NHM-ZOO-1914x3x3x3,PreservedSpecimen,1914.3.3.3,Mammalia,NHM-LONDON-ZOO,463,SOUTH_AMERICA,,Peru,Tambopata,,,-12.3333,-68.75,-12.3333,-68.75,Pitheciidae,,Plecturocebus,,1,,NHMUK,Animalia,"[near Bolivian border], North East Peru /",,,,,2021-07-27T11:41:33,,,,Primates,Chordata,,,"['Toppin, H S HS Capt']",,,,Plecturocebus toppini,"Thomas, 1914",Female,toppini,Madre de Dios,Holotype,,,,
NHM-ZOO-1914x3x1x2,PreservedSpecimen,1914.3.1.2,Mammalia,NHM-LONDON-ZOO,463,SOUTH_AMERICA,,Peru,Maynas,9,,-2.6667,-70.5,-2.6667,-70.5,Pitheciidae,,Cheracebus,,1,,NHMUK,Animalia,"Pebas, Yahuas Territory.",,,,152.4,2021-12-08T09:27:47,8,,,Primates,Chordata,,,['J J. Mounsey'],,,,Cheracebus torquatus,"(Hoffmannsegg, 1807)",Male,torquatus,Loreto,Holotype,,,1913,
NHM-ZOO-1951x714,PreservedSpecimen,1951.714,Mammalia,NHM-LONDON-ZOO,463,SOUTH_AMERICA,,Venezuela,Río Negro,,,1.7167,-66.5,1.7167,-66.5,Pitheciidae,,Cheracebus,,1,,NHMUK,Animalia,Left of Casiquiare,,,,,2021-07-27T11:38:15,3,,,Primates,Chordata,,,['C Lako'],,,,Cheracebus torquatus,"(Hoffmannsegg, 1807)",Female,torquatus,Amazonas,,,,1933,
NHM-ZOO-1939x608,PreservedSpecimen,1939.608,Mammalia,NHM-LONDON-ZOO,463,SOUTH_AMERICA,,Brasil,Atalaia do Norte,,,-7,-72,-7,-72,Callitrichidae,,Callimico,,1,,NHMUK,Animalia,R. Mu.,,,,,2021-07-27T11:37:01,,,,Primates,Chordata,,,,,,,Callimico goeldii,"(Thomas, 1904)",Male,goeldii,Amazonas,,,,,
NHM-ZOO-1908x5x9x12,PreservedSpecimen,1908.5.9.12,Mammalia,NHM-LONDON-ZOO,463,SOUTH_AMERICA,,Brasil,Itaituba,13,,-4.2833,-55.9833,-4.2833,-55.9833,Callitrichidae,,Mico,,1,,NHMUK,Animalia,"[Para,] Santarem, Itaituba.",,,,,2024-05-05T22:51:29,1,,,Primates,Chordata,,,['W W. Hoffmanns'],,,,Mico humeralifer,"(E.Geoffroy, 1812)",Male,humeralifer,Pará,,,,1906,
NHM-ZOO-1908x5x9x13,PreservedSpecimen,1908.5.9.13,Mammalia,NHM-LONDON-ZOO,463,SOUTH_AMERICA,,Brasil,Itaituba,21,,-4.2833,-55.9833,-4.2833,-55.9833,Callitrichidae,,Mico,,1,,NHMUK,Animalia,"[Para,] Santarem, Itaituba.",,,,,2024-05-05T22:51:29,1,,,Primates,Chordata,,,['W W. Hoffmanns'],,,,Mico humeralifer,"(E.Geoffroy, 1812)",Female,humeralifer,Pará,,,,1906,
NHM-ZOO-1908x5x9x14,PreservedSpecimen,1908.5.9.14,Mammalia,NHM-LONDON-ZOO,463,SOUTH_AMERICA,,Brasil,Itaituba,,,-4.2833,-55.9833,-4.2833,-55.9833,Callitrichidae,,Mico,,1,,NHMUK,Animalia,"[Para,] Santarem, Itaituba.",,,,,2024-05-05T22:51:28,,,,Primates,Chordata,,,['W W. Hoffmanns'],,,,Mico humeralifer,"(E.Geoffroy, 1812)",Female,humeralifer,Pará,,,,,
NHM-ZOO-1909x3x9x1,PreservedSpecimen,1909.3.9.1,Mammalia,NHM-LONDON-ZOO,463,SOUTH_AMERICA,,Brasil,Itaituba,4,,-4.4167,-56.2833,-4.4167,-56.2833,Callitrichidae,,Mico,,1,,NHMUK,Animalia,"[Para,] R. Tapajos, Villa Braga.",,,,,2021-07-27T11:35:33,11,,,Primates,Chordata,,,['Dr E Snethlage'],,,,Mico humeralifer,"(E.Geoffroy, 1812)",Female,humeralifer,Pará,,,,1908,
NHM-ZOO-1914x3x3x1,PreservedSpecimen,1914.3.3.1,Mammalia,NHM-LONDON-ZOO,463,SOUTH_AMERICA,,Peru,Tambopata,,,-12.3333,-68.75,-12.3333,-68.75,Cebidae,,Cebus,,1,,NHMUK,Animalia,North East Peru,,,,,2021-07-27T11:41:33,,,,Primates,Chordata,,,['H S. Toppin'],,,,Cebus albifrons,"(Humboldt, 1812)",Male,albifrons,Madre de Dios,,,,,
NHM-ZOO-1979x41,PreservedSpecimen,1979.41,Mammalia,NHM-LONDON-ZOO,463,SOUTH_AMERICA,,Brasil,Jacareacanga,23,,-8,-57,-8,-57,Pitheciidae,,Chiropotes,,1,,NHMUK,Animalia,"R. Bank tributary of R. Tapajos, Altocuruv River, Para, c. 8%S. 57%W.",,,,150.0,2021-02-03T00:00:18,7,,,Primates,Chordata,,,['Helmut Sick'],,,,Chiropotes albinasus,"(I.Geoffroy Saint-Hilaire & Deville, 1848)",Male,albinasus,Pará,,,,1957,
NHM-ZOO-1925x7x1x2,PreservedSpecimen,1925.7.1.2,Mammalia,NHM-LONDON-ZOO,463,SOUTH_AMERICA,,Peru,Maynas,,,-2.1667,-74,-2.1667,-74,Callitrichidae,,Saguinus,,1,,NHMUK,Animalia,"Tarapoto, Alto [R.] Amazonas",,,,,2021-07-27T11:32:43,,,,Primates,Chordata,,,['A A. Cabrera'],,,,Saguinus,"É.Geoffroy Saint-Hilaire, 1812",Male,,Loreto,Syntype,,,,
NHM-ZOO-1976x540,PreservedSpecimen,1976.540,Mammalia,NHM-LONDON-ZOO,463,SOUTH_AMERICA,,Colômbia,Puerto Alegria,,,-1,-74,-1,-74,Pitheciidae,,Pithecia,,1,,NHMUK,Animalia,"San Jose del Encanto, L. bank of R. Caraparana.",,,,100.0,2021-07-27T11:34:31,,,,Primates,Chordata,,,['Hereward Hill'],,,,Pithecia pithecia,"(Linnaeus, 1766)",Indeterminate,pithecia,Amazonas,,,,1975,
NHM-ZOO-1934x6x12x3,PreservedSpecimen,1934.6.12.3,Mammalia,NHM-LONDON-ZOO,463,SOUTH_AMERICA,,Brasil,Tapauá,,,-5.7167,-63.9,-5.7167,-63.9,Callitrichidae,,Leontocebus,,1,weddelli,NHMUK,Animalia,"E. of R. Purus, Lago do Mapixi",,,,,2021-07-27T11:38:14,6,,,Primates,Chordata,,,['K Lako'],,,,Leontocebus fuscicollis weddelli,"(Deville, 1849)",Female,fuscicollis,Amazonas,,,,1931,
NHM-ZOO-1934x6x12x4,PreservedSpecimen,1934.6.12.4,Mammalia,NHM-LONDON-ZOO,463,SOUTH_AMERICA,,Brasil,Tapauá,,,-5.7167,-63.9,-5.7167,-63.9,Callitrichidae,,Saguinus,,1,labiatus,NHMUK,Animalia,"E. of R. Purus, Lago do Mapixi",,,,,2021-07-27T11:38:14,6,,,Primates,Chordata,,,['K Lako'],,,,Saguinus labiatus labiatus,"(É.Geoffroy Saint-Hilaire, 1812)",Male,labiatus,Amazonas,,,,1931,
NHM-ZOO-1934x6x12x5,PreservedSpecimen,1934.6.12.5,Mammalia,NHM-LONDON-ZOO,463,SOUTH_AMERICA,,Brasil,Tapauá,,,-5.7167,-63.9,-5.7167,-63.9,Callitrichidae,,Saguinus,,1,labiatus,NHMUK,Animalia,"E. of R. Purus, Lago do Mapixi",,,,,2021-07-27T11:38:14,6,,,Primates,Chordata,,,['K Lako'],,,,Saguinus labiatus labiatus,"(É.Geoffroy Saint-Hilaire, 1812)",Female,labiatus,Amazonas,,,,1931,
NHM-ZOO-1976x545,PreservedSpecimen,1976.545,Mammalia,NHM-LONDON-ZOO,463,SOUTH_AMERICA,,Colômbia,Puerto Alegria,,,-1,-74,-1,-74,Cebidae,,Saimiri,,1,,NHMUK,Animalia,"San Jose del Encanto, L. bank of R. Caraparana",,,,100.0,2021-07-27T11:38:15,,,,Primates,Chordata,,,['Hereward Hill'],,,,Saimiri sciureus,"(Linnaeus, 1758)",Male,sciureus,Amazonas,,,,1975,
NHM-ZOO-1976x546,PreservedSpecimen,1976.546,Mammalia,NHM-LONDON-ZOO,463,SOUTH_AMERICA,,Colômbia,Puerto Alegria,,,-1,-74,-1,-74,Cebidae,,Saimiri,,1,,NHMUK,Animalia,"San Jose del Encanto, L. bank of R. Caraparana",,,,100.0,2021-07-27T11:38:15,,,,Primates,Chordata,,,['Hereward Hill'],,,,Saimiri sciureus,"(Linnaeus, 1758)",Male,sciureus,Amazonas,,,,1975,
,O,63878,Mammalia,FPR-COLOMBIA,66,,,Venezuela,,,,1.72083333333333,-65.0333333333333,1.72083333333333,-65.0333333333333,Cebidae,,Cacajao,,1,,Fundación Puerto Rastrojo - Colômbia,Animalia,Jabromabibeiteri,,,,,2006-01-12T00:00:00,,,"<nO>Mammals of the Neotropics EISENBERG, John F.</nO>",Primates,Chordata,,,,,,,Cacajao melanocephalus,,,melanocephalus,Territorio Federal Amazonas,,,,,
,O,63880,Mammalia,FPR-COLOMBIA,66,,,Brasil,,,,-2.9,-68.6247222222222,-2.9,-68.6247222222222,Cebidae,,Cacajao,,1,,Fundación Puerto Rastrojo - Colômbia,Animalia,Río Içá afluente Río Solimões,,,,,2006-01-12T00:00:00,,,"<nO>Mammals of Amazonia. Volume I : General introduction and primates DA CRUZ LIMA, Eladio</nO>",Primates,Chordata,,,,,,,Cacajao melanocephalus,,,melanocephalus,Estado de Amazonas,,,,,
,O,63877,Mammalia,FPR-COLOMBIA,66,,,Venezuela,Casiquiare,,,2.03333333333333,-67,2.03333333333333,-67,Cebidae,,Cacajao,,1,,Fundación Puerto Rastrojo - Colômbia,Animalia,Río Casiquiare afluente Río Negro,,,,,2006-01-12T00:00:00,,,"<nO>Mammals of Amazonia. Volume I : General introduction and primates DA CRUZ LIMA, Eladio</nO>",Primates,Chordata,,,,,,,Cacajao melanocephalus,,,melanocephalus,Territorio Federal Amazonas,,,,,
,O,63879,Mammalia,FPR-COLOMBIA,66,,,Venezuela,Casiquiare,,,2.65,-66.35,2.65,-66.35,Cebidae,,Cacajao,,1,,Fundación Puerto Rastrojo - Colômbia,Animalia,Piedra Del Caribe Río Casiquiare,,,,,2006-01-12T00:00:00,,,"<nO>Mammals of the Neotropics EISENBERG, John F.</nO>",Primates,Chordata,,,,,,,Cacajao melanocephalus,,,melanocephalus,Territorio Federal Amazonas,,,,,
,O,63881,Mammalia,FPR-COLOMBIA,66,,,Venezuela,,,,3.16666666666667,-66,3.16666666666667,-66,Cebidae,,Cacajao,,1,,Fundación Puerto Rastrojo - Colômbia,Animalia,Río Orinoco,,,,,2006-01-12T00:00:00,,,"<nO>Mammals of Amazonia. Volume I : General introduction and primates DA CRUZ LIMA, Eladio</nO>",Primates,Chordata,,,,,,,Cacajao melanocephalus,,,melanocephalus,Territorio Federal Amazonas,,,,,
,O,4835,Mammalia,FPR-COLOMBIA,66,,,Colombia,Puerto Colombia,,,2.5,-69,2.5,-69,Cebidae,,Cacajao,,1,,Fundación Puerto Rastrojo - Colômbia,Animalia,Guainía,,,,,2006-01-12T00:00:00,,,"<nO>Lista actualizada de los mamíferos de Colombia : Anotaciones sobre su Distribución CUERVO DIAZ, Alicia;HERNANDEZ CAMACHO, Jorge I.;CADENA G., Alberto</nO>",Primates,Chordata,,,,,,,Cacajao melanocephalus,,,melanocephalus,Guainía,,,,,
,O,5412,Mammalia,FPR-COLOMBIA,66,,,Colombia,Puerto Colombia,,,2.16666666666667,-68.19,2.16666666666667,-68.19,Cebidae,,Cacajao,,1,,Fundación Puerto Rastrojo - Colômbia,Animalia,Caño Ima Serranía De Naquen,,,,,2006-01-12T00:00:00,,,"<nO>Amazon 1992. Final Report A Cambridge-RHBNC Expedition to Colombia KINGSTON, Tigga;BARLOW, Kate;NEWMAN, Jonathan;et al.</nO>",Primates,Chordata,,,,,,,Cacajao melanocephalus,,,melanocephalus,Guainía,,,,,
,O,63951,Mammalia,FPR-COLOMBIA,66,,,Perú,,,,-4.15,-70.2333333333333,-4.15,-70.2333333333333,Cebidae,,Callicebus,,2,,Fundación Puerto Rastrojo - Colômbia,Animalia,San Fernando Río Javarí,,,,,2006-01-12T00:00:00,,,"<nO>Titis, new world monkeys of the genus Callicebus [Cebidae, Platyrrhini] : a preliminary taxonomic review HERSHKOVITZ, Philip</nO>",Primates,Chordata,,,,,,,Callicebus caligatus,,,caligatus,Loreto,,,,,
,O,63885,Mammalia,FPR-COLOMBIA,66,,,Brasil,,,,-2.9,-68.6247222222222,-2.9,-68.6247222222222,Cebidae,,Callicebus,,1,,Fundación Puerto Rastrojo - Colômbia,Animalia,Río Içá afluente Río Solimões,,,,,2006-01-12T00:00:00,,,"<nO>Mammals of Amazonia. Volume I : General introduction and primates DA CRUZ LIMA, Eladio</nO>",Primates,Chordata,,,,,,,Callicebus cinerascens,,,cinerascens,Estado de Amazonas,,,,,
,O,63933,Mammalia,FPR-COLOMBIA,66,,,Brasil,,,,-4.40888888888889,-69.7611111111111,-4.40888888888889,-69.7611111111111,Cebidae,,Callicebus,,1,cupreus,Fundación Puerto Rastrojo - Colômbia,Animalia,Alto Amazonas,,,,,2006-01-12T00:00:00,,,"<nO>Titis, new world monkeys of the genus Callicebus [Cebidae, Platyrrhini] : a preliminary taxonomic review HERSHKOVITZ, Philip</nO>",Primates,Chordata,,,,,,,Callicebus cupreus cupreus,,,cupreus,Estado de Amazonas,,,,,
,O,63934,Mammalia,FPR-COLOMBIA,66,,,Brasil,,,,-2.46833333333333,-66,-2.46833333333333,-66,Cebidae,,Callicebus,,1,cupreus,Fundación Puerto Rastrojo - Colômbia,Animalia,Río Solimões,,,,,2006-01-12T00:00:00,,,"<nO>Titis, new world monkeys of the genus Callicebus [Cebidae, Platyrrhini] : a preliminary taxonomic review HERSHKOVITZ, Philip</nO>",Primates,Chordata,,,,,,,Callicebus cupreus cupreus,,,cupreus,Estado de Amazonas,,,,,
,O,63935,Mammalia,FPR-COLOMBIA,66,,,Brasil,,,,-2.65861111111111,-65.9033333333333,-2.65861111111111,-65.9033333333333,Cebidae,,Callicebus,,2,cupreus,Fundación Puerto Rastrojo - Colômbia,Animalia,Río Juruá afluente Río Solimões,,,,,2006-01-12T00:00:00,,,"<nO>Titis, new world monkeys of the genus Callicebus [Cebidae, Platyrrhini] : a preliminary taxonomic review HERSHKOVITZ, Philip</nO>",Primates,Chordata,,,,,,,Callicebus cupreus cupreus,,,cupreus,Estado de Amazonas,,,,,
,O,63948,Mammalia,FPR-COLOMBIA,66,,,Perú,,,,-3.50111111111111,-73.4505555555556,-3.50111111111111,-73.4505555555556,Cebidae,,Callicebus,,6,discolor,Fundación Puerto Rastrojo - Colômbia,Animalia,Puerto Indiana Río Amazonas,,,,,2006-01-12T00:00:00,,,"<nO>Titis, new world monkeys of the genus Callicebus [Cebidae, Platyrrhini] : a preliminary taxonomic review HERSHKOVITZ, Philip</nO>",Primates,Chordata,,,,,,,Callicebus cupreus discolor,,,cupreus,Loreto,,,,,
,O,63947,Mammalia,FPR-COLOMBIA,66,,,Perú,,,,-2.20805555555556,-74.5194444444444,-2.20805555555556,-74.5194444444444,Cebidae,,Callicebus,,22,discolor,Fundación Puerto Rastrojo - Colômbia,Animalia,Río Curaray afluente Río Napo,,,,,2006-01-12T00:00:00,,,"<nO>Titis, new world monkeys of the genus Callicebus [Cebidae, Platyrrhini] : a preliminary taxonomic review HERSHKOVITZ, Philip</nO>",Primates,Chordata,,,,,,,Callicebus cupreus discolor,,,cupreus,Loreto,,,,,
,O,63883,Mammalia,FPR-COLOMBIA,66,,,Brasil,,,,-2.96666666666667,-68.8833333333333,-2.96666666666667,-68.8833333333333,Cebidae,,Callicebus,,1,,Fundación Puerto Rastrojo - Colômbia,Animalia,Río Jamarí afluente Río Ica,,,,,2006-01-12T00:00:00,,,"<nO>Titis, new world monkeys of the genus Callicebus [Cebidae, Platyrrhini] : a preliminary taxonomic review HERSHKOVITZ, Philip</nO>",Primates,Chordata,,,,,,,Callicebus moloch,,,moloch,Estado de Amazonas,,,,,
,O,4841,Mammalia,FPR-COLOMBIA,66,,,Colombia,Vista Hermosa,,,2.75,-73.9166666666667,2.75,-73.9166666666667,Cebidae,,Callicebus,,1,,Fundación Puerto Rastrojo - Colômbia,Animalia,Serrania De La Macarena,,,,,2006-01-12T00:00:00,,,"<nO>Lista actualizada de los mamíferos de Colombia : Anotaciones sobre su Distribución CUERVO DIAZ, Alicia;HERNANDEZ CAMACHO, Jorge I.;CADENA G., Alberto</nO>",Primates,Chordata,,,,,,,Callicebus moloch,,,moloch,Meta,,,,,
,O,63888,Mammalia,FPR-COLOMBIA,66,,,Venezuela,Atabapo,,,3.16666666666667,-65.55,3.16666666666667,-65.55,Cebidae,,Callicebus,,1,,Fundación Puerto Rastrojo - Colômbia,Animalia,Esmeralda Río Orinoco,,,,,2006-01-12T00:00:00,,,"<nO>Mammals of the Neotropics EISENBERG, John F.</nO>",Primates,Chordata,,,,,,,Callicebus torquatus,,,torquatus,Territorio Federal Amazonas,,,,,
,O,63890,Mammalia,FPR-COLOMBIA,66,,,Venezuela,Casiquiare,,,3.06666666666667,-63.1333333333333,3.06666666666667,-63.1333333333333,Cebidae,,Callicebus,,1,,Fundación Puerto Rastrojo - Colômbia,Animalia,Maricapure Río Orinoco,,,,,2006-01-12T00:00:00,,,"<nO>Mammals of the Neotropics EISENBERG, John F.</nO>",Primates,Chordata,,,,,,,Callicebus torquatus,,,torquatus,Territorio Federal Amazonas,,,,,
,O,5977,Mammalia,FPR-COLOMBIA,66,,,Colombia,Mirití Paraná,,,-1,-70.5,-1,-70.5,Cebidae,,Callicebus,,1,,Fundación Puerto Rastrojo - Colômbia,Animalia,Puerto Rastrojo Río Miritipaná,,,,,2006-01-12T00:00:00,,,"<nO>Observaciones sobre los primates del bajo río Mirití-Paraná, Amazonas, Colombia DEFLER, Thomas R.</nO>",Primates,Chordata,,,"Defler, Thomas",,,,Callicebus torquatus,,,torquatus,Amazonas,,,,,
,O,63892,Mammalia,FPR-COLOMBIA,66,,,Venezuela,,,,1.72083333333333,-65.0333333333333,1.72083333333333,-65.0333333333333,Cebidae,,Callicebus,,1,,Fundación Puerto Rastrojo - Colômbia,Animalia,Jabromabibeiteri,,,,,2006-01-12T00:00:00,,,"<nO>Mammals of the Neotropics EISENBERG, John F.</nO>",Primates,Chordata,,,,,,,Callicebus torquatus,,,torquatus,Territorio Federal Amazonas,,,,,
,O,63887,Mammalia,FPR-COLOMBIA,66,,,Venezuela,Río Negro,,,2.5,-65.1833333333333,2.5,-65.1833333333333,Cebidae,,Callicebus,,1,,Fundación Puerto Rastrojo - Colômbia,Animalia,Mavaca Río Orinoco,,,,,2006-01-12T00:00:00,,,"<nO>Mammals of the Neotropics EISENBERG, John F.</nO>",Primates,Chordata,,,,,,,Callicebus torquatus,,,torquatus,Territorio Federal Amazonas,,,,,
,O,5128,Mammalia,FPR-COLOMBIA,66,,,Colombia,Mapiripán,,,2.90388888888889,-71.1316666666667,2.90388888888889,-71.1316666666667,Cebidae,,Callicebus,,1,,Fundación Puerto Rastrojo - Colômbia,Animalia,Charco Caiman Río Guaviare,,,,,2006-01-12T00:00:00,,,"<nO>Mammals of the Neotropics EISENBERG, John F.</nO>",Primates,Chordata,,,,,,,Callicebus torquatus,,,torquatus,Meta,,,,,
,O,5311,Mammalia,FPR-COLOMBIA,66,,,Colombia,Leticia,,,-4.15,-69.95,-4.15,-69.95,Cebidae,,Callicebus,,1,,Fundación Puerto Rastrojo - Colômbia,Animalia,Leticia Río Amazonas,,,,,2006-01-12T00:00:00,,,<nO>Mammals from Colombia in USNM</nO>,Primates,Chordata,,,,,,,Callicebus torquatus,,,torquatus,Amazonas,,,,,
,O,5312,Mammalia,FPR-COLOMBIA,66,,,Colombia,Leticia,,,-4.15,-69.95,-4.15,-69.95,Cebidae,,Callicebus,,1,,Fundación Puerto Rastrojo - Colômbia,Animalia,Leticia Río Amazonas,,,,,2006-01-12T00:00:00,,,<nO>Mammals from Colombia in USNM</nO>,Primates,Chordata,,,,,,,Callicebus torquatus,,,torquatus,Amazonas,,,,,
,O,5976,Mammalia,FPR-COLOMBIA,66,,,Colombia,Mirití Paraná,,,-1,-70.5,-1,-70.5,Cebidae,,Callicebus,,1,,Fundación Puerto Rastrojo - Colômbia,Animalia,Puerto Rastrojo Río Miritipaná,,,,,2006-01-12T00:00:00,,,"<nO>Observaciones sobre los primates del bajo río Mirití-Paraná, Amazonas, Colombia DEFLER, Thomas R.</nO>",Primates,Chordata,,,"Defler, Thomas",,,,Callicebus torquatus,,,torquatus,Amazonas,,,,,
,O,5549,Mammalia,FPR-COLOMBIA,66,,,Colombia,Puerto Nariño,,,-3.8,-70.3166666666667,-3.8,-70.3166666666667,Cebidae,,Callicebus,,1,,Fundación Puerto Rastrojo - Colômbia,Animalia,San Martín de Amacayacú Río Amacayacú,,,,,2006-01-12T00:00:00,,,"<nO>Aspectos etnozoológicos relacionados con la actividad de la caza de los indígenas Ticuna, San Martín de Amacayacú [Amazonas] CAMPOS ROZO, Claudia</nO>",Primates,Chordata,,,"Campos R., Claudia",,,,Callicebus torquatus,,,torquatus,Amazonas,,,,,
,O,5327,Mammalia,FPR-COLOMBIA,66,,,Colombia,El Encanto,,,-1.77166666666667,-73.2072222222222,-1.77166666666667,-73.2072222222222,Cebidae,,Callicebus,,1,lucifer,Fundación Puerto Rastrojo - Colômbia,Animalia,El Encanto Río Caraparaná,,,,,2006-01-12T00:00:00,,,"<nO>Titis, new world monkeys of the genus Callicebus [Cebidae, Platyrrhini] : a preliminary taxonomic review HERSHKOVITZ, Philip</nO>",Primates,Chordata,,,,,,,Callicebus torquatus lucifer,,,torquatus,Amazonas,,,,,
,O,63924,Mammalia,FPR-COLOMBIA,66,,,Brasil,,,,-2.9,-68.6247222222222,-2.9,-68.6247222222222,Cebidae,,Callicebus,,3,lucifer,Fundación Puerto Rastrojo - Colômbia,Animalia,Río Içá afluente Río Solimões,,,,,2006-01-12T00:00:00,,,"<nO>Titis, new world monkeys of the genus Callicebus [Cebidae, Platyrrhini] : a preliminary taxonomic review HERSHKOVITZ, Philip</nO>",Primates,Chordata,,,,,,,Callicebus torquatus lucifer,,,torquatus,Estado de Amazonas,,,,,
,O,63922,Mammalia,FPR-COLOMBIA,66,,,Perú,,,,-3.43333333333333,-72.1166666666667,-3.43333333333333,-72.1166666666667,Cebidae,,Callicebus,,5,lucifer,Fundación Puerto Rastrojo - Colômbia,Animalia,Apayacu desembocadura Río Apayacu Río Amazonas,,,,,2006-01-12T00:00:00,,,"<nO>Titis, new world monkeys of the genus Callicebus [Cebidae, Platyrrhini] : a preliminary taxonomic review HERSHKOVITZ, Philip</nO>",Primates,Chordata,,,,,,,Callicebus torquatus lucifer,,,torquatus,Loreto,,,,,
,O,63925,Mammalia,FPR-COLOMBIA,66,,,Brasil,,,,-2.73833333333333,-68.0905555555556,-2.73833333333333,-68.0905555555556,Cebidae,,Callicebus,,2,lucifer,Fundación Puerto Rastrojo - Colômbia,Animalia,Río Tonantins afluente Río Amazonas,,,,,2006-01-12T00:00:00,,,"<nO>Titis, new world monkeys of the genus Callicebus [Cebidae, Platyrrhini] : a preliminary taxonomic review HERSHKOVITZ, Philip</nO>",Primates,Chordata,,,,,,,Callicebus torquatus lucifer,,,torquatus,Estado de Amazonas,,,,,
,O,63927,Mammalia,FPR-COLOMBIA,66,,,Brasil,,,,-2.73833333333333,-68.0905555555556,-2.73833333333333,-68.0905555555556,Cebidae,,Callicebus,,3,lucifer,Fundación Puerto Rastrojo - Colômbia,Animalia,Río Tonantins afluente Río Amazonas,,,,,2006-01-12T00:00:00,,,"<nO>Titis, new world monkeys of the genus Callicebus [Cebidae, Platyrrhini] : a preliminary taxonomic review HERSHKOVITZ, Philip</nO>",Primates,Chordata,,,"Mounsey, J.",,,,Callicebus torquatus lucifer,,,torquatus,Estado de Amazonas,,,,,
,O,63917,Mammalia,FPR-COLOMBIA,66,,,Perú,,,,-2.29583333333333,-71,-2.29583333333333,-71,Cebidae,,Callicebus,,1,lucifer,Fundación Puerto Rastrojo - Colômbia,Animalia,Río Putumayo,,,,,2006-01-12T00:00:00,,,"<nO>Mammals of Amazonia. Volume I : General introduction and primates DA CRUZ LIMA, Eladio</nO>",Primates,Chordata,,,"Mounsey, J.",,,,Callicebus torquatus lucifer,,M,torquatus,Loreto,,,,,
,O,63896,Mammalia,FPR-COLOMBIA,66,,,Venezuela,Río Negro,,,1.91666666666667,-67.0666666666667,1.91666666666667,-67.0666666666667,Cebidae,,Callicebus,,1,lugens,Fundación Puerto Rastrojo - Colômbia,Animalia,San Carlos de Río Negro,,,,,2006-01-12T00:00:00,,,"<nO>Titis, new world monkeys of the genus Callicebus [Cebidae, Platyrrhini] : a preliminary taxonomic review HERSHKOVITZ, Philip</nO>",Primates,Chordata,,,,,,,Callicebus torquatus lugens,,,torquatus,Territorio Federal Amazonas,,,,,
,O,63894,Mammalia,FPR-COLOMBIA,66,,,Venezuela,Río Negro,,,3.11666666666667,-65.5333333333333,3.11666666666667,-65.5333333333333,Cebidae,,Callicebus,,1,lugens,Fundación Puerto Rastrojo - Colômbia,Animalia,Isla Cudanaca,,,,,2006-01-12T00:00:00,,,"<nO>Titis, new world monkeys of the genus Callicebus [Cebidae, Platyrrhini] : a preliminary taxonomic review HERSHKOVITZ, Philip</nO>",Primates,Chordata,,,,,,,Callicebus torquatus lugens,,,torquatus,Territorio Federal Amazonas,,,,,
,O,63909,Mammalia,FPR-COLOMBIA,66,,,Brasil,,,,0.0111111111111111,-66.1333333333333,0.0111111111111111,-66.1333333333333,Cebidae,,Callicebus,,2,lugens,Fundación Puerto Rastrojo - Colômbia,Animalia,Río Maturaca,,,,,2006-01-12T00:00:00,,,"<nO>Titis, new world monkeys of the genus Callicebus [Cebidae, Platyrrhini] : a preliminary taxonomic review HERSHKOVITZ, Philip</nO>",Primates,Chordata,,,,,,,Callicebus torquatus lugens,,,torquatus,Estado de Amazonas,,,,,
,O,63907,Mammalia,FPR-COLOMBIA,66,,,Brasil,,,,0.133333333333333,-69.05,0.133333333333333,-69.05,Cebidae,,Callicebus,,2,lugens,Fundación Puerto Rastrojo - Colômbia,Animalia,Río Araçá afluente Río Tiquié,,,,,2006-01-12T00:00:00,,,"<nO>Titis, new world monkeys of the genus Callicebus [Cebidae, Platyrrhini] : a preliminary taxonomic review HERSHKOVITZ, Philip</nO>",Primates,Chordata,,,,,,,Callicebus torquatus lugens,,,torquatus,Estado de Amazonas,,,,,
,O,63898,Mammalia,FPR-COLOMBIA,66,,,Venezuela,Río Negro,,,2.5,-65.1833333333333,2.5,-65.1833333333333,Cebidae,,Callicebus,,8,lugens,Fundación Puerto Rastrojo - Colômbia,Animalia,Boca Mavaca,,,,,2006-01-12T00:00:00,,,"<nO>Titis, new world monkeys of the genus Callicebus [Cebidae, Platyrrhini] : a preliminary taxonomic review HERSHKOVITZ, Philip</nO>",Primates,Chordata,,,,,,,Callicebus torquatus lugens,,,torquatus,Territorio Federal Amazonas,,,,,
,O,5325,Mammalia,FPR-COLOMBIA,66,,,Colombia,Miraflores,,,2.76861111111111,-72.2686111111111,2.76861111111111,-72.2686111111111,Cebidae,,Callicebus,,1,lugens,Fundación Puerto Rastrojo - Colômbia,Animalia,Laguna El Espejo,,,,,2006-01-12T00:00:00,,,"<nO>Titis, new world monkeys of the genus Callicebus [Cebidae, Platyrrhini] : a preliminary taxonomic review HERSHKOVITZ, Philip</nO>",Primates,Chordata,,,,,,,Callicebus torquatus lugens,,,torquatus,Guaviare,,,,,
,O,5332,Mammalia,FPR-COLOMBIA,66,,,Colombia,Puerto Leguízamo,,,-0.15,-74.8166666666667,-0.15,-74.8166666666667,Cebidae,,Callicebus,,1,medemi,Fundación Puerto Rastrojo - Colômbia,Animalia,Río Caucayá afluente Río Putumayo,,,,,2006-01-12T00:00:00,,,"<nO>Titis, new world monkeys of the genus Callicebus [Cebidae, Platyrrhini] : a preliminary taxonomic review HERSHKOVITZ, Philip</nO>",Primates,Chordata,,,,,,,Callicebus torquatus medemi,,,torquatus,Putumayo,,,,,
,O,63912,Mammalia,FPR-COLOMBIA,66,,,Brasil,,,,-2.53333333333333,-66.0166666666667,-2.53333333333333,-66.0166666666667,Cebidae,,Callicebus,,1,regulus,Fundación Puerto Rastrojo - Colômbia,Animalia,Fonte Boa Río Solimões,,,,,2006-01-12T00:00:00,,,"<nO>Mammals of Amazonia. Volume I : General introduction and primates DA CRUZ LIMA, Eladio</nO>",Primates,Chordata,,,Ehrhardt,,,,Callicebus torquatus regulus,,H,torquatus,Estado de Amazonas,,,,,
,O,5313,Mammalia,FPR-COLOMBIA,66,,,Colombia,Leticia,,,-4.15,-69.95,-4.15,-69.95,Cebidae,,Callicebus,,1,torquatus,Fundación Puerto Rastrojo - Colômbia,Animalia,Leticia Río Amazonas,,,,,2006-01-12T00:00:00,,,<nO>Mammals from Colombia in USNM</nO>,Primates,Chordata,,,,,,,Callicebus torquatus torquatus,,,torquatus,Amazonas,,,,,
,O,5582,Mammalia,FPR-COLOMBIA,66,,,Colombia,La Chorrera,,,-1.42333333333333,-72.8544444444444,-1.42333333333333,-72.8544444444444,Callithrichidae,,Callimico,,1,,Fundación Puerto Rastrojo - Colômbia,Animalia,La Chorrera Río Igara Paraná afluente Río Putumayo,,,,,2006-01-12T00:00:00,,,"<nO>Hallazgo del género Callimico (Mammalia: Primates) en Colombia HERNANDEZ CAMACHO, Jorge I.;BARRIGA BONILLA, Ernesto</nO>",Primates,Chordata,,,Granados y Medem,,,,Callimico goeldii,,,goeldii,Amazonas,,,,,
,O,5148,Mammalia,FPR-COLOMBIA,66,,,Colombia,Mirití Paraná,,,-1.32333333333333,-70.805,-1.32333333333333,-70.805,Callithrichidae,,Callimico,,1,,Fundación Puerto Rastrojo - Colômbia,Animalia,Los Mirañas Río Caquetá,,,,,2006-01-12T00:00:00,,,"<nO>Mammals of the Neotropics EISENBERG, John F.</nO>",Primates,Chordata,,,,,,,Callimico goeldii,,,goeldii,Amazonas,,,,,
,O,5150,Mammalia,FPR-COLOMBIA,66,,,Colombia,Cartagena del Chairá,,,0.538333333333333,-74.375,0.538333333333333,-74.375,Callithrichidae,,Callimico,,1,,Fundación Puerto Rastrojo - Colômbia,Animalia,Cuba Río Caguán,,,,,2006-01-12T00:00:00,,,"<nO>Mammals of the Neotropics EISENBERG, John F.</nO>",Primates,Chordata,,,,,,,Callimico goeldii,,,goeldii,Caquetá,,,,,
,O,5151,Mammalia,FPR-COLOMBIA,66,,,Colombia,Solano,,,0.574444444444444,-72.7333333333333,0.574444444444444,-72.7333333333333,Callithrichidae,,Callimico,,1,,Fundación Puerto Rastrojo - Colômbia,Animalia,Parque Nacional Natural Chiribiquete,,,,,2006-01-12T00:00:00,,,"<nO>Mammals of the Neotropics EISENBERG, John F.</nO>",Primates,Chordata,,,,,,,Callimico goeldii,,,goeldii,Caquetá,,,,,
,O,5143,Mammalia,FPR-COLOMBIA,66,,,Colombia,Solano,,,0.133333333333333,-74.6833333333333,0.133333333333333,-74.6833333333333,Callithrichidae,,Callithrix,,1,,Fundación Puerto Rastrojo - Colômbia,Animalia,Tres Troncos Río Caquetá,,,,,2006-01-12T00:00:00,,,"<nO>Mammals of the Neotropics EISENBERG, John F.</nO>",Primates,Chordata,,,,,,,Callithrix pygmaea,,,pygmaea,Caquetá,,,,,
,O,5142,Mammalia,FPR-COLOMBIA,66,,,Colombia,Leticia,,,-3.76666666666667,-69.8833333333333,-3.76666666666667,-69.8833333333333,Callithrichidae,,Callithrix,,1,,Fundación Puerto Rastrojo - Colômbia,Animalia,Calderón Río Calderón,,,,,2006-01-12T00:00:00,,,"<nO>Mammals of the Neotropics EISENBERG, John F.</nO>",Primates,Chordata,,,,,,,Callithrix pygmaea,,,pygmaea,Amazonas,,,,,
,O,5601,Mammalia,FPR-COLOMBIA,66,,,Colombia,Leticia,,,-4.15,-69.95,-4.15,-69.95,Callithrichidae,,Callithrix,,1,,Fundación Puerto Rastrojo - Colômbia,Animalia,Leticia Río Amazonas,,,,,2006-01-12T00:00:00,,,<nO>Mammals from Colombia in MVZ Collections</nO>,Primates,Chordata,,,"Lehmann, V.",,,,Callithrix pygmaea,,H,pygmaea,Amazonas,,,,,
,O,63994,Mammalia,FPR-COLOMBIA,66,,,Brasil,,,,-4.26666666666667,-69.9333333333333,-4.26666666666667,-69.9333333333333,Callithrichidae,,Callithrix,,1,pygmaea,Fundación Puerto Rastrojo - Colômbia,Animalia,Tabatinga Río Solimões,,,,,2006-01-12T00:00:00,,,"<nO>Mammals of Amazonia. Volume I : General introduction and primates DA CRUZ LIMA, Eladio</nO>",Primates,Chordata,,,,,,,Callithrix pygmaea pygmaea,,,pygmaea,Estado de Amazonas,,,,,
,O,63956,Mammalia,FPR-COLOMBIA,66,,,Venezuela,Casiquiare,,,3.06666666666667,-63.1333333333333,3.06666666666667,-63.1333333333333,Cebidae,,Cebus,,1,,Fundación Puerto Rastrojo - Colômbia,Animalia,Maricapure Río Orinoco,,,,,2006-01-12T00:00:00,,,"<nO>Mammals of the Neotropics EISENBERG, John F.</nO>",Primates,Chordata,,,,,,,Cebus apella,,,apella,Territorio Federal Amazonas,,,,,
,O,5131,Mammalia,FPR-COLOMBIA,66,,,Colombia,Vista Hermosa,,,2.75,-73.9166666666667,2.75,-73.9166666666667,Cebidae,,Cebus,,1,,Fundación Puerto Rastrojo - Colômbia,Animalia,Serrania De La Macarena,,,,,2006-01-12T00:00:00,,,"<nO>Mammals of the Neotropics EISENBERG, John F.</nO>",Primates,Chordata,,,,,,,Cebus apella,,,apella,Meta,,,,,
,O,5133,Mammalia,FPR-COLOMBIA,66,,,Colombia,Solano,,,0.574444444444444,-72.7333333333333,0.574444444444444,-72.7333333333333,Cebidae,,Cebus,,1,,Fundación Puerto Rastrojo - Colômbia,Animalia,Parque Nacional Natural Chiribiquete,,,,,2006-01-12T00:00:00,,,"<nO>Mammals of the Neotropics EISENBERG, John F.</nO>",Primates,Chordata,,,,,,,Cebus albifrons,,,albifrons,Caquetá,,,,,
,O,63961,Mammalia,FPR-COLOMBIA,66,,,Venezuela,Casiquiare,,,2.65,-66.35,2.65,-66.35,Cebidae,,Cebus,,1,,Fundación Puerto Rastrojo - Colômbia,Animalia,Piedra Del Caribe Río Casiquiare,,,,,2006-01-12T00:00:00,,,"<nO>Mammals of the Neotropics EISENBERG, John F.</nO>",Primates,Chordata,,,,,,,Cebus albifrons,,,albifrons,Territorio Federal Amazonas,,,,,
,O,5982,Mammalia,FPR-COLOMBIA,66,,,Colombia,Mirití Paraná,,,-1,-70.5,-1,-70.5,Cebidae,,Cebus,,1,,Fundación Puerto Rastrojo - Colômbia,Animalia,Puerto Rastrojo Río Miritipaná,,,,,2006-01-12T00:00:00,,,"<nO>Observaciones sobre los primates del bajo río Mirití-Paraná, Amazonas, Colombia DEFLER, Thomas R.</nO>",Primates,Chordata,,,"Defler, Thomas",,,,Cebus albifrons,,,albifrons,Amazonas,,,,,
,O,5134,Mammalia,FPR-COLOMBIA,66,,,Colombia,Puerto Leguízamo,,,0.2,-74.85,0.2,-74.85,Cebidae,,Cebus,,1,,Fundación Puerto Rastrojo - Colômbia,Animalia,Puerto Boy Río Caquetá,,,,,2006-01-12T00:00:00,,,"<nO>Mammals of the Neotropics EISENBERG, John F.</nO>",Primates,Chordata,,,,,,,Cebus albifrons,,,albifrons,Putumayo,,,,,
,O,5980,Mammalia,FPR-COLOMBIA,66,,,Colombia,Mirití Paraná,,,-1,-70.5,-1,-70.5,Cebidae,,Cebus,,1,,Fundación Puerto Rastrojo - Colômbia,Animalia,Puerto Rastrojo Río Miritipaná,,,,,2006-01-12T00:00:00,,,"<nO>Observaciones sobre los primates del bajo río Mirití-Paraná, Amazonas, Colombia DEFLER, Thomas R.</nO>",Primates,Chordata,,,"Defler, Thomas",,,,Cebus albifrons,,,albifrons,Amazonas,,,,,
,O,5020,Mammalia,FPR-COLOMBIA,66,,,Colombia,Taraira,,,-1.09333333333333,-69.5,-1.09333333333333,-69.5,Cebidae,,Cebus,,1,,Fundación Puerto Rastrojo - Colômbia,Animalia,Estación Caparú Lago Taraira Río Apaporis,,,,,2006-01-12T00:00:00,,,"<nO>Apéndices DEFLER, Thomas R.;DEFLER BENNETT, Sara;ARJONA, Beatriz</nO>",Primates,Chordata,,,,,,,Cebus albifrons,,,albifrons,Vaupés,,,,,
,O,4782,Mammalia,FPR-COLOMBIA,66,,,Colombia,Puerto Nariño,,,-3.8,-70.3166666666667,-3.8,-70.3166666666667,Cebidae,,Cebus,,1,unicolor,Fundación Puerto Rastrojo - Colômbia,Animalia,San Martín de Amacayacú Río Amacayacú,,,,,2006-01-12T00:00:00,,,"<nO>Aspectos etnozoológicos relacionados con la actividad de la caza de los indígenas Ticuna, San Martín de Amacayacú [Amazonas] CAMPOS ROZO, Claudia</nO>",Primates,Chordata,,,,,,,Cebus albifrons unicolor,,,albifrons,Amazonas,,,,,
,O,5979,Mammalia,FPR-COLOMBIA,66,,,Colombia,Mirití Paraná,,,-1,-70.5,-1,-70.5,Cebidae,,Cebus,,1,,Fundación Puerto Rastrojo - Colômbia,Animalia,Puerto Rastrojo Río Miritipaná,,,,,2006-01-12T00:00:00,,,"<nO>Observaciones sobre los primates del bajo río Mirití-Paraná, Amazonas, Colombia DEFLER, Thomas R.</nO>",Primates,Chordata,,,"Defler, Thomas",,,,Cebus apella,,,apella,Amazonas,,,,,
,O,63955,Mammalia,FPR-COLOMBIA,66,,,Venezuela,Atabapo,,,3.15,-65.8333333333333,3.15,-65.8333333333333,Cebidae,,Cebus,,1,,Fundación Puerto Rastrojo - Colômbia,Animalia,Tamatama Río Orinoco,,,,,2006-01-12T00:00:00,,,"<nO>Mammals of the Neotropics EISENBERG, John F.</nO>",Primates,Chordata,,,,,,,Cebus apella,,,apella,Territorio Federal Amazonas,,,,,
,O,5130,Mammalia,FPR-COLOMBIA,66,,,Colombia,Cartagena del Chairá,,,0.538333333333333,-74.375,0.538333333333333,-74.375,Cebidae,,Cebus,,1,,Fundación Puerto Rastrojo - Colômbia,Animalia,Cuba Río Caguán,,,,,2006-01-12T00:00:00,,,"<nO>Mammals of the Neotropics EISENBERG, John F.</nO>",Primates,Chordata,,,,,,,Cebus apella,,,apella,Caquetá,,,,,
,O,5047,Mammalia,FPR-COLOMBIA,66,,,Colombia,Solano,,,0.1,-74.3666666666667,0.1,-74.3666666666667,Cebidae,,Cebus,,1,,Fundación Puerto Rastrojo - Colômbia,Animalia,Río Peneya afluente Río Caquetá,,,,,2006-01-12T00:00:00,,,"<nO>Consideraciones Acerca de la Ecología de Cebus albifrons en el territorio faunístico El Tuparro en Vichada Colombia DEFLER, Thomas R.</nO>",Primates,Chordata,,,,,,,Cebus apella,,,apella,Caquetá,,,,,
,O,5418,Mammalia,FPR-COLOMBIA,66,,,Colombia,Puerto Colombia,,,2.20166666666667,-68.17,2.20166666666667,-68.17,Cebidae,,Cebus,,1,,Fundación Puerto Rastrojo - Colômbia,Animalia,Caño Rico Serranía De Naquen,,,,,2006-01-12T00:00:00,,,"<nO>Amazon 1992. Final Report A Cambridge-RHBNC Expedition to Colombia KINGSTON, Tigga;BARLOW, Kate;NEWMAN, Jonathan;et al.</nO>",Primates,Chordata,,,,,,,Cebus apella,,,apella,Guainía,,,,,
,O,4993,Mammalia,FPR-COLOMBIA,66,,,Colombia,Mirití Paraná,,,-1,-70.5,-1,-70.5,Cebidae,,Cebus,,1,,Fundación Puerto Rastrojo - Colômbia,Animalia,Puerto Rastrojo Río Miritipaná,,,,,2006-01-12T00:00:00,,,"<nO>Observaciones sobre los primates del bajo río Mirití-Paraná, Amazonas, Colombia DEFLER, Thomas R.</nO>",Primates,Chordata,,,,,,,Cebus apella,,,apella,Amazonas,,,,,
,O,5019,Mammalia,FPR-COLOMBIA,66,,,Colombia,Taraira,,,-1.09333333333333,-69.5,-1.09333333333333,-69.5,Cebidae,,Cebus,,1,apella,Fundación Puerto Rastrojo - Colômbia,Animalia,Estación Caparú Lago Taraira Río Apaporis,,,,,2006-01-12T00:00:00,,,"<nO>Apéndices DEFLER, Thomas R.;DEFLER BENNETT, Sara;ARJONA, Beatriz</nO>",Primates,Chordata,,,,,,,Cebus apella apella,,,apella,Vaupés,,,,,
,O,63971,Mammalia,FPR-COLOMBIA,66,,,Venezuela,Río Negro,,,2.5,-65.1833333333333,2.5,-65.1833333333333,Cebidae,,Chiropotes,,1,,Fundación Puerto Rastrojo - Colômbia,Animalia,Mavaca Río Orinoco,,,,,2006-01-12T00:00:00,,,"<nO>Mammals of the Neotropics EISENBERG, John F.</nO>",Primates,Chordata,,,,,,,Chiropotes satanas,,,satanas,Territorio Federal Amazonas,,,,,
,O,63972,Mammalia,FPR-COLOMBIA,66,,,Venezuela,Atabapo,,,3.21666666666667,-65.9666666666667,3.21666666666667,-65.9666666666667,Cebidae,,Chiropotes,,1,,Fundación Puerto Rastrojo - Colômbia,Animalia,Acanaña Río Cunucunuma,,,,,2006-01-12T00:00:00,,,"<nO>Mammals of the Neotropics EISENBERG, John F.</nO>",Primates,Chordata,,,,,,,Chiropotes satanas,,,satanas,Territorio Federal Amazonas,,,,,
,O,63970,Mammalia,FPR-COLOMBIA,66,,,Venezuela,,,,1.72083333333333,-65.0333333333333,1.72083333333333,-65.0333333333333,Cebidae,,Chiropotes,,1,,Fundación Puerto Rastrojo - Colômbia,Animalia,Jabromabibeiteri,,,,,2006-01-12T00:00:00,,,"<nO>Mammals of the Neotropics EISENBERG, John F.</nO>",Primates,Chordata,,,,,,,Chiropotes satanas,,,satanas,Territorio Federal Amazonas,,,,,
,O,5967,Mammalia,FPR-COLOMBIA,66,,,Colombia,Solano,,,0.0666666666666667,-72.4333333333333,0.0666666666666667,-72.4333333333333,Cebidae,,Lagothrix,,1,,Fundación Puerto Rastrojo - Colômbia,Animalia,Puerto Abeja Río Mesay,,,,,2006-01-12T00:00:00,,,"<nO>Lista de mamíferos colectados en la zona del Chiribiquete MONTENEGRO DIAZ, Olga L.</nO>",Primates,Chordata,,,,,,,Lagothrix lagothricha,,,lagothricha,Caquetá,,,,,
,O,5420,Mammalia,FPR-COLOMBIA,66,,,Colombia,Puerto Colombia,,,2.16666666666667,-68.19,2.16666666666667,-68.19,Cebidae,,Lagothrix,,1,,Fundación Puerto Rastrojo - Colômbia,Animalia,Caño Ima Serranía De Naquen,,,,,2006-01-12T00:00:00,,,"<nO>Amazon 1992. Final Report A Cambridge-RHBNC Expedition to Colombia KINGSTON, Tigga;BARLOW, Kate;NEWMAN, Jonathan;et al.</nO>",Primates,Chordata,,,,,,,Lagothrix lagothricha,,,lagothricha,Guainía,,,,,
,O,5577,Mammalia,FPR-COLOMBIA,66,,,Colombia,La Chorrera,,,-2.11583333333333,-72.1666666666667,-2.11583333333333,-72.1666666666667,Cebidae,,Lagothrix,,1,,Fundación Puerto Rastrojo - Colômbia,Animalia,Lago Grande Río Igara Paraná afluente Río Putumayo,,,,,2006-01-12T00:00:00,,,"<nO>Informe de correrias por los ríos Putumayo, Caraparaná e Igaraparaná : Segundo semestre de 1991 ECHEVERRI, Juan A.;MONTENEGRO DIAZ, Olga L.;RIVAS PAVA, María del P.;MUÑOZ SOSA, Diego L.</nO>",Primates,Chordata,,,"Ductcha, E.",,,,Lagothrix lagothricha,,,lagothricha,Amazonas,,,,,
,O,4996,Mammalia,FPR-COLOMBIA,66,,,Colombia,Mirití Paraná,,,-1,-70.5,-1,-70.5,Cebidae,,Lagothrix,,1,,Fundación Puerto Rastrojo - Colômbia,Animalia,Puerto Rastrojo Río Miritipaná,,,,,2006-01-12T00:00:00,,,"<nO>Observaciones sobre los primates del bajo río Mirití-Paraná, Amazonas, Colombia DEFLER, Thomas R.</nO>",Primates,Chordata,,,,,,,Lagothrix lagothricha,,,lagothricha,Amazonas,,,,,
,O,4846,Mammalia,FPR-COLOMBIA,66,,,Colombia,Vista Hermosa,,,2.75,-73.9166666666667,2.75,-73.9166666666667,Cebidae,,Lagothrix,,1,,Fundación Puerto Rastrojo - Colômbia,Animalia,Serrania De La Macarena,,,,,2006-01-12T00:00:00,,,"<nO>Lista actualizada de los mamíferos de Colombia : Anotaciones sobre su Distribución CUERVO DIAZ, Alicia;HERNANDEZ CAMACHO, Jorge I.;CADENA G., Alberto</nO>",Primates,Chordata,,,,,,,Lagothrix lagothricha,,,lagothricha,Meta,,,,,
,O,63978,Mammalia,FPR-COLOMBIA,66,,,Venezuela,,,,3.16666666666667,-66,3.16666666666667,-66,Cebidae,,Lagothrix,,1,lagothricha,Fundación Puerto Rastrojo - Colômbia,Animalia,Río Orinoco,,,,,2006-01-12T00:00:00,,,"<nO>Mammals of Amazonia. Volume I : General introduction and primates DA CRUZ LIMA, Eladio</nO>",Primates,Chordata,,,,,,,Lagothrix lagothricha lagothricha,,,lagothricha,Territorio Federal Amazonas,,,,,
,O,63996,Mammalia,FPR-COLOMBIA,66,,,Brasil,,,,-3,-69,-3,-69,Callithrichidae,,Saguinus,,1,,Fundación Puerto Rastrojo - Colômbia,Animalia,Entre Río Solimõesy Río Iça,,,,,2006-01-12T00:00:00,,,"<nO>Mammal species of the world : A taxonomic and geographic reference WILSON, Don E.;REEDER, DeeAnn M.</nO>",Primates,Chordata,,,,,,,Saguinus fuscicollis,,,fuscicollis,Estado de Amazonas,,,,,
,O,5986,Mammalia,FPR-COLOMBIA,66,,,Colombia,Mirití Paraná,,,-1,-70.5,-1,-70.5,Callithrichidae,,Saguinus,,1,,Fundación Puerto Rastrojo - Colômbia,Animalia,Puerto Rastrojo Río Miritipaná,,,,,2006-01-12T00:00:00,,,"<nO>Observaciones sobre los primates del bajo río Mirití-Paraná, Amazonas, Colombia DEFLER, Thomas R.</nO>",Primates,Chordata,,,"Defler, Thomas",,,,Saguinus inustus,,,inustus,Amazonas,,,,,
,O,5468,Mammalia,FPR-COLOMBIA,66,,,Colombia,La Chorrera,,,-1.42333333333333,-72.8544444444444,-1.42333333333333,-72.8544444444444,Callithrichidae,,Saguinus,,1,,Fundación Puerto Rastrojo - Colômbia,Animalia,La Chorrera Río Igara Paraná afluente Río Putumayo,,,,,2006-01-12T00:00:00,,,"<nO>Informe de correrias por los ríos Putumayo, Caraparaná e Igaraparaná : Segundo semestre de 1991 ECHEVERRI, Juan A.;MONTENEGRO DIAZ, Olga L.;RIVAS PAVA, María del P.;MUÑOZ SOSA, Diego L.</nO>",Primates,Chordata,,,,,,,Saguinus inustus,,,inustus,Amazonas,,,,,
,O,5023,Mammalia,FPR-COLOMBIA,66,,,Colombia,Taraira,,,-1.09333333333333,-69.5,-1.09333333333333,-69.5,Callithrichidae,,Saguinus,,1,,Fundación Puerto Rastrojo - Colômbia,Animalia,Estación Caparú Lago Taraira Río Apaporis,,,,,2006-01-12T00:00:00,,,"<nO>Apéndices DEFLER, Thomas R.;DEFLER BENNETT, Sara;ARJONA, Beatriz</nO>",Primates,Chordata,,,,,,,Saguinus inustus,,,inustus,Vaupés,,,,,
,O,5987,Mammalia,FPR-COLOMBIA,66,,,Colombia,Mirití Paraná,,,-1,-70.5,-1,-70.5,Callithrichidae,,Saguinus,,1,,Fundación Puerto Rastrojo - Colômbia,Animalia,Puerto Rastrojo Río Miritipaná,,,,,2006-01-12T00:00:00,,,"<nO>Observaciones sobre los primates del bajo río Mirití-Paraná, Amazonas, Colombia DEFLER, Thomas R.</nO>",Primates,Chordata,,,"Defler, Thomas",,,,Saguinus inustus,,,inustus,Amazonas,,,,,
,O,4999,Mammalia,FPR-COLOMBIA,66,,,Colombia,Mirití Paraná,,,-1,-70.5,-1,-70.5,Callithrichidae,,Saguinus,,1,,Fundación Puerto Rastrojo - Colômbia,Animalia,Puerto Rastrojo Río Miritipaná,,,,,2006-01-12T00:00:00,,,"<nO>Observaciones sobre los primates del bajo río Mirití-Paraná, Amazonas, Colombia DEFLER, Thomas R.</nO>",Primates,Chordata,,,,,,,Saguinus inustus,,,inustus,Amazonas,,,,,
,O,4855,Mammalia,FPR-COLOMBIA,66,,,Colombia,El Retorno,,,2,-72,2,-72,Callithrichidae,,Saguinus,,1,,Fundación Puerto Rastrojo - Colômbia,Animalia,Guaviare,,,,,2006-01-12T00:00:00,,,"<nO>Lista actualizada de los mamíferos de Colombia : Anotaciones sobre su Distribución CUERVO DIAZ, Alicia;HERNANDEZ CAMACHO, Jorge I.;CADENA G., Alberto</nO>",Primates,Chordata,,,,,,,Saguinus inustus,,,inustus,Guaviare,,,,,
,O,4854,Mammalia,FPR-COLOMBIA,66,,,Colombia,Puerto Colombia,,,2.5,-69,2.5,-69,Callithrichidae,,Saguinus,,1,,Fundación Puerto Rastrojo - Colômbia,Animalia,Guainía,,,,,2006-01-12T00:00:00,,,"<nO>Lista actualizada de los mamíferos de Colombia : Anotaciones sobre su Distribución CUERVO DIAZ, Alicia;HERNANDEZ CAMACHO, Jorge I.;CADENA G., Alberto</nO>",Primates,Chordata,,,,,,,Saguinus inustus,,,inustus,Guainía,,,,,
,O,5603,Mammalia,FPR-COLOMBIA,66,,,Colombia,Leticia,,,-4.15,-69.95,-4.15,-69.95,Callithrichidae,,Saguinus,,1,,Fundación Puerto Rastrojo - Colômbia,Animalia,Leticia Río Amazonas,,,,,2006-01-12T00:00:00,,,<nO>Mammals from Colombia in MVZ Collections</nO>,Primates,Chordata,,,"Lehmann, V.",,,,Saguinus nigricollis,,H,nigricollis,Amazonas,,,,,
,O,5467,Mammalia,FPR-COLOMBIA,66,,,Colombia,La Chorrera,,,-1.42333333333333,-72.8544444444444,-1.42333333333333,-72.8544444444444,Cebidae,,Saimiri,,1,,Fundación Puerto Rastrojo - Colômbia,Animalia,La Chorrera Río Igara Paraná afluente Río Putumayo,,,,,2006-01-12T00:00:00,,,"<nO>Informe de correrias por los ríos Putumayo, Caraparaná e Igaraparaná : Segundo semestre de 1991 ECHEVERRI, Juan A.;MONTENEGRO DIAZ, Olga L.;RIVAS PAVA, María del P.;MUÑOZ SOSA, Diego L.</nO>",Primates,Chordata,,,,,,,Saimiri sciureus,,,sciureus,Amazonas,,,,,
,O,63986,Mammalia,FPR-COLOMBIA,66,,,Venezuela,Río Negro,,,2.3,-67.0166666666667,2.3,-67.0166666666667,Cebidae,,Saimiri,,1,,Fundación Puerto Rastrojo - Colômbia,Animalia,Monoteri Río Mavaca,,,,,2006-01-12T00:00:00,,,"<nO>Mammals of the Neotropics EISENBERG, John F.</nO>",Primates,Chordata,,,,,,,Saimiri sciureus,,,sciureus,Territorio Federal Amazonas,,,,,
,O,63980,Mammalia,FPR-COLOMBIA,66,,,Venezuela,Casiquiare,,,2.65,-66.35,2.65,-66.35,Cebidae,,Saimiri,,1,,Fundación Puerto Rastrojo - Colômbia,Animalia,Piedra Del Caribe Río Casiquiare,,,,,2006-01-12T00:00:00,,,"<nO>Mammals of the Neotropics EISENBERG, John F.</nO>",Primates,Chordata,,,,,,,Saimiri sciureus,,,sciureus,Territorio Federal Amazonas,,,,,
,O,5022,Mammalia,FPR-COLOMBIA,66,,,Colombia,Taraira,,,-1.09333333333333,-69.5,-1.09333333333333,-69.5,Cebidae,,Saimiri,,1,,Fundación Puerto Rastrojo - Colômbia,Animalia,Estación Caparú Lago Taraira Río Apaporis,,,,,2006-01-12T00:00:00,,,"<nO>Apéndices DEFLER, Thomas R.;DEFLER BENNETT, Sara;ARJONA, Beatriz</nO>",Primates,Chordata,,,,,,,Saimiri sciureus,,,sciureus,Vaupés,,,,,
,O,5315,Mammalia,FPR-COLOMBIA,66,,,Colombia,Leticia,,,-4.15,-69.95,-4.15,-69.95,Cebidae,,Saimiri,,1,,Fundación Puerto Rastrojo - Colômbia,Animalia,Leticia Río Amazonas,,,,,2006-01-12T00:00:00,,,<nO>Mammals from Colombia in USNM</nO>,Primates,Chordata,,,,,,,Saimiri sciureus,,,sciureus,Amazonas,,,,,
,O,63988,Mammalia,FPR-COLOMBIA,66,,,Venezuela,Casiquiare,,,2.03333333333333,-67,2.03333333333333,-67,Cebidae,,Saimiri,,1,cassiquiarensis,Fundación Puerto Rastrojo - Colômbia,Animalia,Río Casiquiare afluente Río Negro,,,,,2006-01-12T00:00:00,,,"<nO>Mammals of Amazonia. Volume I : General introduction and primates DA CRUZ LIMA, Eladio</nO>",Primates,Chordata,,,,,,,Saimiri sciureus cassiquiarensis,,,sciureus,Territorio Federal Amazonas,,,,,
,PreservedSpecimen,USNM 545878,Mammalia,US-ANIMALIA,556,South America,,Brazil,,30,,-7.52,-63.03,-7.52,-63.03,Atelidae,,Lagothrix,,1,,USNM,Animalia,"Humaita, Br. 230, Itaituba-Humaita, Km. 969, Transamazonica Hwy.",,,,,2019-11-22T12:10:00,10,,,Primates,Chordata,Skin; Skull,,,A 1693,,,Lagothrix lagotricha,,,lagotricha,Amazonas,,07 31 -- S,063 02 -- W,1974,
,PreservedSpecimen,USNM 545879,Mammalia,US-ANIMALIA,556,South America,,Brazil,,3,,-7.52,-63.03,-7.52,-63.03,Atelidae,,Lagothrix,,1,,USNM,Animalia,"Humaita, Br. 230, Itaituba-Humaita, Km. 969, Transamazonica Hwy.",,,,,2023-02-10T11:15:00,11,,,Primates,Chordata,Skull,,,A 1708,,,Lagothrix lagotricha,,,lagotricha,Amazonas,,07 31 -- S,063 02 -- W,1974,
,PreservedSpecimen,USNM 545882,Mammalia,US-ANIMALIA,556,South America,,Brazil,,15,,-9.17,-60.63,-9.17,-60.63,Atelidae,,Lagothrix,,1,,USNM,Animalia,Aripuana,,,,,2019-11-22T12:10:00,8,,,Primates,Chordata,Skin; Skull,,,HM 4,,,Lagothrix lagotricha,,,lagotricha,Mato Grosso,,09 10 -- S,060 38 -- W,1974,
,PreservedSpecimen,USNM 545884,Mammalia,US-ANIMALIA,556,South America,,Brazil,,11,,-9.17,-60.63,-9.17,-60.63,Atelidae,,Lagothrix,,1,,USNM,Animalia,Aripuana,,,,,2019-11-22T12:10:00,11,,,Primates,Chordata,Skull,,,HB 311,,,Lagothrix lagotricha,,,lagotricha,Mato Grosso,,09 10 -- S,060 38 -- W,1975,
,PreservedSpecimen,USNM 545889,Mammalia,US-ANIMALIA,556,South America,,Brazil,,1,,-9.17,-60.63,-9.17,-60.63,Atelidae,,Lagothrix,,1,,USNM,Animalia,Aripuana,,,,,2019-11-22T12:10:00,12,,,Primates,Chordata,Skull,,,HB 347,,,Lagothrix lagotricha,,,lagotricha,Mato Grosso,,09 10 -- S,060 38 -- W,1975,
,PreservedSpecimen,USNM 545890,Mammalia,US-ANIMALIA,556,South America,,Brazil,,10,,-5.67,-56.75,-5.67,-56.75,Atelidae,,Lagothrix,,1,,USNM,Animalia,"Itaituba, Transamazonica Hwy., Itaituba-Jacareacanga Km. 212",,,,,2023-02-10T11:15:00,11,,,Primates,Chordata,Skull,,,A 2479,,,Lagothrix lagotricha,,,lagotricha,Para,,05 40 -- S,056 45 -- W,1975,
,PreservedSpecimen,USNM 545905,Mammalia,US-ANIMALIA,556,South America,,Brazil,,16,,-5.67,-56.75,-5.67,-56.75,Callitrichidae,,Mico,,1,,USNM,Animalia,"Itaituba, Transamazonica Hwy., Itaituba-Jacareacanga, Km. 212",,,,,2019-11-22T12:11:00,11,,,Primates,Chordata,Skin; Skull,,,A 2526,,,Mico humeralifer,,,humeralifer,Para,,05 40 -- S,056 45 -- W,1975,
,PreservedSpecimen,USNM 545902,Mammalia,US-ANIMALIA,556,South America,,Brazil,,7,,-7.52,-63.03,-7.52,-63.03,Callitrichidae,,Mico,,1,,USNM,Animalia,"Humaita, Br. 230, Km 969",,,,,2019-11-22T12:10:00,11,,,Primates,Chordata,Skin; Skull,,,A 1721,,,Mico melanurus,,,melanurus,Amazonas,,07 31 -- S,063 02 -- W,1974,
,PreservedSpecimen,USNM 543358,Mammalia,US-ANIMALIA,556,South America,,Brazil,,27,,-4.42,-55.33,-4.42,-55.33,Atelidae,,Alouatta,,1,,USNM,Animalia,"Itaituba, Guariba, Km. 25, Transamazonica Hwy",,,,,2019-11-25T09:58:00,11,,,Primates,Chordata,Skin; Skull,,,A-64,,,Alouatta belzebul,,,belzebul,Para,,04 25 -- S,055 20 -- W,1971,
,PreservedSpecimen,USNM 546240,Mammalia,US-ANIMALIA,556,South America,,Brazil,,22,,-4.92,-55.6,-4.92,-55.6,Atelidae,,Alouatta,,1,,USNM,Animalia,"Itaituba, Br. 165, Santarem-Cuiaba, Km 446, Zona Sul, Rio Jamanxizinho",,,,,2019-11-22T13:18:00,4,,,Primates,Chordata,Skull,,,A 2766,,,Alouatta belzebul,,,belzebul,Para,,04 55 -- S,055 36 -- W,1976,
,PreservedSpecimen,USNM 546244,Mammalia,US-ANIMALIA,556,South America,,Brazil,,3,,-1.03,-57.15,-1.03,-57.15,Atelidae,,Alouatta,,1,,USNM,Animalia,"Oriximina, Cachoeira Porteira",,,,,2019-11-22T13:19:00,9,,,Primates,Chordata,Skull,,,A 2850,,,Alouatta macconnelli,,,macconnelli,Para,,01 02 -- S,057 09 -- W,1976,
,PreservedSpecimen,USNM 546245,Mammalia,US-ANIMALIA,556,South America,,Brazil,,11,,-1.03,-57.15,-1.03,-57.15,Atelidae,,Alouatta,,1,,USNM,Animalia,"Oriximina, Cachoeira Porteira",,,,,2019-11-22T13:19:00,9,,,Primates,Chordata,Skull,,,A 2906,,,Alouatta macconnelli,,,macconnelli,Para,,01 02 -- S,057 09 -- W,1976,
,PreservedSpecimen,USNM 546246,Mammalia,US-ANIMALIA,556,South America,,Brazil,,11,,-1.03,-57.15,-1.03,-57.15,Atelidae,,Alouatta,,1,,USNM,Animalia,"Oriximina, Cachoeira Porteira",,,,,2019-11-22T13:19:00,9,,,Primates,Chordata,Skull,,,A 2907,,,Alouatta macconnelli,,,macconnelli,Para,,01 02 -- S,057 09 -- W,1976,
,PreservedSpecimen,USNM 546247,Mammalia,US-ANIMALIA,556,South America,,Brazil,,26,,-1.03,-57.15,-1.03,-57.15,Atelidae,,Alouatta,,1,,USNM,Animalia,"Oriximina, Cachoeira Porteira",,,,,2019-11-22T13:19:00,11,,,Primates,Chordata,Skull,,,A 2991,,,Alouatta macconnelli,,,macconnelli,Para,,01 02 -- S,057 09 -- W,1976,
,PreservedSpecimen,USNM 372771,Mammalia,US-ANIMALIA,556,South America,,Venezuela,,13,,2.5,-65.22,2.5,-65.22,Aotidae,,Aotus,,1,,USNM,Animalia,"Boca Mavaca, 84 Km SSE Esmeralda",,,,138.0,2020-03-18T15:52:00,2,,,Primates,Chordata,Skin; Skull,,Smithsonian Venezuelan Project,06554,,,Aotus trivirgatus,,,trivirgatus,Amazonas,,02 30 -- N,065 13 -- W,1966,
,PreservedSpecimen,USNM 372816,Mammalia,US-ANIMALIA,556,South America,,Venezuela,,9,,2.5,-65.22,2.5,-65.22,Atelidae,,Ateles,,1,,USNM,Animalia,"Boca Mavaca, 84 Km SSE Esmeralda",,,,138.0,2020-03-18T15:53:00,2,,,Primates,Chordata,Partial Skull,,Smithsonian Venezuelan Project,06534,,,Ateles belzebuth,,,belzebuth,Amazonas,,02 30 -- N,065 13 -- W,1966,
,PreservedSpecimen,USNM 372819,Mammalia,US-ANIMALIA,556,South America,,Venezuela,,11,,2.5,-65.22,2.5,-65.22,Atelidae,,Ateles,,1,,USNM,Animalia,"Boca Mavaca, 84 Km SSE Esmeralda",,,,138.0,2020-03-18T15:53:00,2,,,Primates,Chordata,Partial Skull,,Smithsonian Venezuelan Project,06568,,,Ateles belzebuth,,,belzebuth,Amazonas,,02 30 -- N,065 13 -- W,1966,
,PreservedSpecimen,USNM 372820,Mammalia,US-ANIMALIA,556,South America,,Venezuela,,11,,2.5,-65.22,2.5,-65.22,Atelidae,,Ateles,,1,,USNM,Animalia,"Boca Mavaca, 84 Km SSE Esmeralda",,,,138.0,2020-03-18T15:53:00,2,,,Primates,Chordata,Partial Skull,,Smithsonian Venezuelan Project,06570,,,Ateles belzebuth,,,belzebuth,Amazonas,,02 30 -- N,065 13 -- W,1966,
,PreservedSpecimen,USNM 372821,Mammalia,US-ANIMALIA,556,South America,,Venezuela,,11,,2.5,-65.22,2.5,-65.22,Atelidae,,Ateles,,1,,USNM,Animalia,"Boca Mavaca, 84 Km SSE Esmeralda",,,,138.0,2020-03-18T15:53:00,2,,,Primates,Chordata,Partial Skull,,Smithsonian Venezuelan Project,06571,,,Ateles belzebuth,,,belzebuth,Amazonas,,02 30 -- N,065 13 -- W,1966,
,PreservedSpecimen,USNM 372822,Mammalia,US-ANIMALIA,556,South America,,Venezuela,,11,,2.5,-65.22,2.5,-65.22,Atelidae,,Ateles,,1,,USNM,Animalia,"Boca Mavaca, 84 Km SSE Esmeralda",,,,138.0,2020-03-18T15:53:00,2,,,Primates,Chordata,Partial Skull,,Smithsonian Venezuelan Project,06572,,,Ateles belzebuth,,,belzebuth,Amazonas,,02 30 -- N,065 13 -- W,1966,
,PreservedSpecimen,USNM 372824,Mammalia,US-ANIMALIA,556,South America,,Venezuela,,11,,2.5,-65.22,2.5,-65.22,Atelidae,,Ateles,,1,,USNM,Animalia,"Boca Mavaca, 84 Km SSE Esmeralda",,,,138.0,2020-03-18T15:53:00,2,,,Primates,Chordata,Skull,,Smithsonian Venezuelan Project,06575,,,Ateles belzebuth,,,belzebuth,Amazonas,,02 30 -- N,065 13 -- W,1966,
,PreservedSpecimen,USNM 372825,Mammalia,US-ANIMALIA,556,South America,,Venezuela,,11,,2.5,-65.22,2.5,-65.22,Atelidae,,Ateles,,1,,USNM,Animalia,"Boca Mavaca, 84 Km SSE Esmeralda",,,,138.0,2020-03-18T15:53:00,2,,,Primates,Chordata,Partial Skull,,Smithsonian Venezuelan Project,06578,,,Ateles belzebuth,,,belzebuth,Amazonas,,02 30 -- N,065 13 -- W,1966,
,PreservedSpecimen,USNM 406471,Mammalia,US-ANIMALIA,556,South America,,Venezuela,,23,,2.25,-65.28,2.25,-65.28,Atelidae,,Ateles,,1,,USNM,Animalia,"Rio Mavaca, 108 Km SSE Esmeralda",,,,140.0,2020-03-12T12:33:00,3,,,Primates,Chordata,Skin; Skull,,Smithsonian Venezuelan Project,17388,,,Ateles belzebuth,,,belzebuth,Amazonas,,0215--N,06517--W,1967,
,PreservedSpecimen,USNM 406473,Mammalia,US-ANIMALIA,556,South America,,Venezuela,,24,,2.25,-65.28,2.25,-65.28,Atelidae,,Ateles,,1,,USNM,Animalia,"Rio Mavaca, 108 Km SSE Esmeralda",,,,140.0,2020-03-12T12:33:00,3,,,Primates,Chordata,Skin; Skull,,Smithsonian Venezuelan Project,17401,,,Ateles belzebuth,,,belzebuth,Amazonas,,0215--N,06517--W,1967,
,PreservedSpecimen,USNM 406474,Mammalia,US-ANIMALIA,556,South America,,Venezuela,,6,,2.25,-65.28,2.25,-65.28,Atelidae,,Ateles,,1,,USNM,Animalia,"Rio Mavaca, 108 Km SSE Esmeralda",,,,140.0,2020-03-12T12:33:00,4,,,Primates,Chordata,Skin; Skull,,Smithsonian Venezuelan Project,17640,,,Ateles belzebuth,,,belzebuth,Amazonas,,0215--N,06517--W,1967,
,PreservedSpecimen,USNM 406475,Mammalia,US-ANIMALIA,556,South America,,Venezuela,,6,,2.25,-65.28,2.25,-65.28,Atelidae,,Ateles,,1,,USNM,Animalia,"Rio Mavaca, 108 Km SSE Esmeralda",,,,140.0,2020-03-12T12:33:00,4,,,Primates,Chordata,Skin; Skull,,Smithsonian Venezuelan Project,17641,,,Ateles belzebuth,,,belzebuth,Amazonas,,0215--N,06517--W,1967,
,PreservedSpecimen,USNM 406476,Mammalia,US-ANIMALIA,556,South America,,Venezuela,,16,,2.25,-65.28,2.25,-65.28,Atelidae,,Ateles,,1,,USNM,Animalia,"Rio Mavaca, 108 Km SSE Esmeralda",,,,140.0,2020-03-12T12:33:00,4,,,Primates,Chordata,Skull,,Smithsonian Venezuelan Project,18133,,,Ateles belzebuth,,,belzebuth,Amazonas,,0215--N,06517--W,1967,
,PreservedSpecimen,USNM 406478,Mammalia,US-ANIMALIA,556,South America,,Venezuela,,23,,2.25,-65.28,2.25,-65.28,Atelidae,,Ateles,,1,,USNM,Animalia,"Rio Mavaca, 108 Km SSE Esmeralda",,,,140.0,2020-03-12T12:33:00,3,,,Primates,Chordata,Skull,,Smithsonian Venezuelan Project,17387,,,Ateles belzebuth,,,belzebuth,Amazonas,,0215--N,06517--W,1967,
,PreservedSpecimen,USNM 406480,Mammalia,US-ANIMALIA,556,South America,,Venezuela,,31,,2.25,-65.28,2.25,-65.28,Atelidae,,Ateles,,1,,USNM,Animalia,"Rio Mavaca, 108 Km SSE Esmeralda",,,,140.0,2020-03-12T12:33:00,3,,,Primates,Chordata,Skull,,Smithsonian Venezuelan Project,17413,,,Ateles belzebuth,,,belzebuth,Amazonas,,0215--N,06517--W,1967,
,PreservedSpecimen,USNM 495220,Mammalia,US-ANIMALIA,556,South America,,Venezuela,,2,,2.25,-65.28,2.25,-65.28,Atelidae,,Ateles,,1,,USNM,Animalia,"Rio Mavaca, 108 Km SSE Esmeralda",,,,140.0,2020-01-06T11:15:00,4,,,Primates,Chordata,Fluid,,Smithsonian Venezuelan Project,17418,,,Ateles belzebuth,,,belzebuth,Amazonas,,0215--N,06517--W,1967,
,PreservedSpecimen,USNM 545851,Mammalia,US-ANIMALIA,556,South America,,Brazil,,20,,-9.17,-60.63,-9.17,-60.63,Atelidae,,Ateles,,1,,USNM,Animalia,Aripuana,,,,,2019-11-22T12:09:00,8,,,Primates,Chordata,Skull,,,HM 27,,,Ateles chamek,,,chamek,Mato Grosso,,09 10 -- S,060 38 -- W,1974,
,PreservedSpecimen,USNM 545853,Mammalia,US-ANIMALIA,556,South America,,Brazil,,26,,-9.17,-60.63,-9.17,-60.63,Atelidae,,Ateles,,1,,USNM,Animalia,Aripuana,,,,,2019-11-22T12:09:00,11,,,Primates,Chordata,Skull,,,HB 337,,,Ateles chamek,,,chamek,Mato Grosso,,09 10 -- S,060 38 -- W,1975,
,PreservedSpecimen,USNM 545855,Mammalia,US-ANIMALIA,556,South America,,Brazil,,21,,-5.67,-56.75,-5.67,-56.75,Atelidae,,Ateles,,1,,USNM,Animalia,"Itaituba, Br. 230, Transamazonica Hwy., Itaituba Jacareacanga Km. 212",,,,,2019-11-22T12:09:00,11,,,Primates,Chordata,Skull,,,A 2539,,,Ateles chamek,,,chamek,Para,,05 40 -- S,056 45 -- W,1975,
,PreservedSpecimen,USNM 546260,Mammalia,US-ANIMALIA,556,South America,,Brazil,,12,,-4.92,-55.6,-4.92,-55.6,Pitheciidae,,Chiropotes,,1,,USNM,Animalia,"Itaituba, Br. 165, Santarem-Cuiaba, Zona Sul",,,,,2019-11-22T13:19:00,4,,,Primates,Chordata,Skull,,,A 2718,,,Chiropotes albinasus,,,albinasus,Para,,04 55 -- S,055 36 -- W,1976,
,PreservedSpecimen,USNM 546262,Mammalia,US-ANIMALIA,556,South America,,Brazil,,5,,-4.92,-55.6,-4.92,-55.6,Pitheciidae,,Chiropotes,,1,,USNM,Animalia,"Itaituba, Br. 165, Santarem-Cuiaba Km 446, Zona Sul, Rio Jamaxizinho",,,,,2019-11-22T13:19:00,5,,,Primates,Chordata,Skull,,,A 2836,,,Chiropotes albinasus,,,albinasus,Para,,04 55 -- S,055 36 -- W,1976,
,PreservedSpecimen,USNM 372774,Mammalia,US-ANIMALIA,556,South America,,Venezuela,,9,,2.5,-65.22,2.5,-65.22,Pitheciidae,,Chiropotes,,1,,USNM,Animalia,"Boca Mavaca, 84 Km SSE Esmeralda",,,,138.0,2020-03-18T15:52:00,2,,,Primates,Chordata,Skull,,Smithsonian Venezuelan Project,06515,,,Chiropotes chiropotes,,,chiropotes,Amazonas,,02 30 -- N,065 13 -- W,1966,
,PreservedSpecimen,USNM 372777,Mammalia,US-ANIMALIA,556,South America,,Venezuela,,9,,2.5,-65.22,2.5,-65.22,Pitheciidae,,Chiropotes,,1,,USNM,Animalia,"Boca Mavaca, 84 Km SSE Esmeralda",,,,138.0,2020-03-18T15:52:00,2,,,Primates,Chordata,Skull,,Smithsonian Venezuelan Project,06520,,,Chiropotes chiropotes,,,chiropotes,Amazonas,,02 30 -- N,065 13 -- W,1966,
,PreservedSpecimen,USNM 372784,Mammalia,US-ANIMALIA,556,South America,,Venezuela,,11,,2.5,-65.22,2.5,-65.22,Pitheciidae,,Chiropotes,,1,,USNM,Animalia,"Boca Mavaca, 84 Km SSE Esmeralda",,,,135.0,2020-03-18T15:52:00,2,,,Primates,Chordata,Skull,,Smithsonian Venezuelan Project,06576,,,Chiropotes chiropotes,,,chiropotes,Amazonas,,02 30 -- N,065 13 -- W,1966,
,PreservedSpecimen,USNM 372787,Mammalia,US-ANIMALIA,556,South America,,Venezuela,,11,,2.5,-65.22,2.5,-65.22,Pitheciidae,,Chiropotes,,1,,USNM,Animalia,"Boca Mavaca, 84 Km SSE Esmeralda",,,,138.0,2020-03-18T15:52:00,2,,,Primates,Chordata,Skull,,Smithsonian Venezuelan Project,06582,,,Chiropotes chiropotes,,,chiropotes,Amazonas,,02 30 -- N,065 13 -- W,1966,
,PreservedSpecimen,USNM 372789,Mammalia,US-ANIMALIA,556,South America,,Venezuela,,17,,2.5,-65.22,2.5,-65.22,Pitheciidae,,Chiropotes,,1,,USNM,Animalia,"Boca Mavaca, 84 Km SSE Esmeralda",,,,138.0,2020-03-18T15:52:00,2,,,Primates,Chordata,Skull,,Smithsonian Venezuelan Project,06689,,,Chiropotes chiropotes,,,chiropotes,Amazonas,,02 30 -- N,065 13 -- W,1966,
,PreservedSpecimen,USNM 406431,Mammalia,US-ANIMALIA,556,South America,,Venezuela,,14,,2.25,-65.28,2.25,-65.28,Pitheciidae,,Chiropotes,,1,,USNM,Animalia,"Rio Mavaca, 108 Km SSE Esmeralda",,,,140.0,2020-03-12T12:33:00,4,,,Primates,Chordata,Skin; Skull,,Smithsonian Venezuelan Project,18129,,,Chiropotes chiropotes,,,chiropotes,Amazonas,,0215--N,06517--W,1967,
,PreservedSpecimen,USNM 406432,Mammalia,US-ANIMALIA,556,South America,,Venezuela,,14,,2.25,-65.28,2.25,-65.28,Pitheciidae,,Chiropotes,,1,,USNM,Animalia,"Rio Mavaca, 108 Km SSE Esmeralda",,,,140.0,2023-02-10T11:15:00,4,,,Primates,Chordata,Skin; Skull,,Smithsonian Venezuelan Project,18130,,,Chiropotes chiropotes,,,chiropotes,Amazonas,,0215--N,06517--W,1967,
,PreservedSpecimen,USNM 546264,Mammalia,US-ANIMALIA,556,South America,,Brazil,,18,,-1.03,-57.15,-1.03,-57.15,Pitheciidae,,Chiropotes,,1,,USNM,Animalia,"Oriximina, Cachoeira Porteira",,,,,2020-02-12T11:11:00,9,,,Primates,Chordata,Skin; Skull,,,A 2962,,,Chiropotes sagulatus,,,sagulatus,Para,,01 02 -- S,057 09 -- W,1976,
,PreservedSpecimen,USNM 546266,Mammalia,US-ANIMALIA,556,South America,,Brazil,,3,,-1.03,-57.15,-1.03,-57.15,Pitheciidae,,Pithecia,,1,,USNM,Animalia,"Oriximina, Cachoeira Porteira",,,,,2019-11-22T13:19:00,12,,,Primates,Chordata,Skin; Skull,,,A 3020,,,Pithecia pithecia,,,pithecia,Para,,01 02 -- S,057 09 -- W,1976,
,O,5465,Mammalia,FPR-COLOMBIA,66,,,Colombia,La Chorrera,,,-2.08333333333333,-72.1,-2.08333333333333,-72.1,Cebidae,,Alouatta,,1,,Fundación Puerto Rastrojo - Colômbia,Animalia,Bananaposo Río Igara Paraná,,,,,2006-01-12T00:00:00,,,"<nO>Informe de correrias por los ríos Putumayo, Caraparaná e Igaraparaná : Segundo semestre de 1991 ECHEVERRI, Juan A.;MONTENEGRO DIAZ, Olga L.;RIVAS PAVA, María del P.;MUÑOZ SOSA, Diego L.</nO>",Primates,Chordata,,,,,,,Alouatta seniculus,,,seniculus,Amazonas,,,,,
,O,5415,Mammalia,FPR-COLOMBIA,66,,,Colombia,Puerto Colombia,,,2.20166666666667,-68.17,2.20166666666667,-68.17,Cebidae,,Alouatta,,1,,Fundación Puerto Rastrojo - Colômbia,Animalia,Caño Rico Serranía De Naquen,,,,,2006-01-12T00:00:00,,,"<nO>Amazon 1992. Final Report A Cambridge-RHBNC Expedition to Colombia KINGSTON, Tigga;BARLOW, Kate;NEWMAN, Jonathan;et al.</nO>",Primates,Chordata,,,,,,,Alouatta seniculus,,,seniculus,Guainía,,,,,
,O,63853,Mammalia,FPR-COLOMBIA,66,,,Venezuela,Atabapo,,,3.15,-65.8333333333333,3.15,-65.8333333333333,Cebidae,,Alouatta,,1,,Fundación Puerto Rastrojo - Colômbia,Animalia,Tamatama Río Orinoco,,,,,2006-01-12T00:00:00,,,"<nO>Mammals of the Neotropics EISENBERG, John F.</nO>",Primates,Chordata,,,,,,,Alouatta seniculus,,,seniculus,Territorio Federal Amazonas,,,,,
,O,63852,Mammalia,FPR-COLOMBIA,66,,,Venezuela,Río Negro,,,2.3,-67.0166666666667,2.3,-67.0166666666667,Cebidae,,Alouatta,,1,,Fundación Puerto Rastrojo - Colômbia,Animalia,Monoteri Río Mavaca,,,,,2006-01-12T00:00:00,,,"<nO>Mammals of the Neotropics EISENBERG, John F.</nO>",Primates,Chordata,,,,,,,Alouatta seniculus,,,seniculus,Territorio Federal Amazonas,,,,,
,O,63865,Mammalia,FPR-COLOMBIA,66,,,Venezuela,Casiquiare,,,2.00194444444444,-67.1116666666667,2.00194444444444,-67.1116666666667,Cebidae,,Aotus,,1,,Fundación Puerto Rastrojo - Colômbia,Animalia,Desembocadura Río Casiquiare Río Negro,,,,,2006-01-12T00:00:00,,,"<nO>Mammals of Amazonia. Volume I : General introduction and primates DA CRUZ LIMA, Eladio</nO>",Primates,Chordata,,,,,,,Aotus trivirgatus,,,trivirgatus,Territorio Federal Amazonas,,,,,
,O,63868,Mammalia,FPR-COLOMBIA,66,,,Venezuela,Río Negro,,,1.1,-65.35,1.1,-65.35,Cebidae,,Aotus,,1,vosciferans,Fundación Puerto Rastrojo - Colômbia,Animalia,Cerro Avispa,,,,,2006-01-12T00:00:00,,,"<nO>Mammals of the Neotropics EISENBERG, John F.</nO>",Primates,Chordata,,,,,,,Aotus trivirgatus vosciferans,,,trivirgatus,Territorio Federal Amazonas,,,,,
,O,63870,Mammalia,FPR-COLOMBIA,66,,,Venezuela,,,,3.16666666666667,-66,3.16666666666667,-66,Cebidae,,Ateles,,1,,Fundación Puerto Rastrojo - Colômbia,Animalia,Río Orinoco,,,,,2006-01-12T00:00:00,,,"<nO>Mammals of Amazonia. Volume I : General introduction and primates DA CRUZ LIMA, Eladio</nO>",Primates,Chordata,,,,,,,Ateles belzebuth,,,belzebuth,Territorio Federal Amazonas,,,,,
,O,5121,Mammalia,FPR-COLOMBIA,66,,,Colombia,Cartagena del Chairá,,,0.538333333333333,-74.375,0.538333333333333,-74.375,Cebidae,,Ateles,,1,,Fundación Puerto Rastrojo - Colômbia,Animalia,Cuba Río Caguán,,,,,2006-01-12T00:00:00,,,"<nO>Mammals of the Neotropics EISENBERG, John F.</nO>",Primates,Chordata,,,,,,,Ateles belzebuth,,,belzebuth,Caquetá,,,,,
,O,63871,Mammalia,FPR-COLOMBIA,66,,,Venezuela,Río Negro,,,2.5,-65.1833333333333,2.5,-65.1833333333333,Cebidae,,Ateles,,1,,Fundación Puerto Rastrojo - Colômbia,Animalia,Mavaca Río Orinoco,,,,,2006-01-12T00:00:00,,,"<nO>Mammals of the Neotropics EISENBERG, John F.</nO>",Primates,Chordata,,,,,,,Ateles belzebuth,,,belzebuth,Territorio Federal Amazonas,,,,,
,O,63872,Mammalia,FPR-COLOMBIA,66,,,Venezuela,Atabapo,,,3.15,-65.8333333333333,3.15,-65.8333333333333,Cebidae,,Ateles,,1,,Fundación Puerto Rastrojo - Colômbia,Animalia,Tamatama Río Orinoco,,,,,2006-01-12T00:00:00,,,"<nO>Mammals of the Neotropics EISENBERG, John F.</nO>",Primates,Chordata,,,,,,,Ateles belzebuth,,,belzebuth,Territorio Federal Amazonas,,,,,
,S,INPA 3929,Mammalia,INPA-MAMIFEROS-TIPOS,97,,,Brasil,Novo Aripuanã,,,-4.4825,-59.5830555555556,-4.4825,-59.5830555555556,Cebidae,,Callicebus,,,,INPA,Animalia,"Comunidade Nova Olinda, margem esquerda rio Aripuanã, 41 km SW da cidade de Novo Aripuanã",,45m,,45m,2007-08-27T00:00:00,,,<nO>sexo desconhecido; SUBFAMILIA: Callicebinae; BACIA: Madeira; TRIBUTARIO: Aripuanã; PUBLICACAO: Neotropical Primates 10(Suppl.): 1-52</nO>,Primates,Chordata,,,M. G. M. van Roosmalen,143,,,Callicebus bernhardi,Marc. G. M. van Roosmalen,,bernhardi,Amazonas,HOLÓTIPO,,,,
,S,INPA 3931,Mammalia,INPA-MAMIFEROS-TIPOS,97,,,Brasil,,29,,-4.88111111111111,-59.9794444444444,-4.88111111111111,-59.9794444444444,Callitrichidae,,Callithrix,,,,INPA,Animalia,"margem direita do baixo rio Acarí, próximo à confluência com os rios Sucundurí e Canumã",,,,,2007-08-27T00:00:00,8,,<nO>SUBFAMILIA: Callitrichinae; BACIA: Madeira; TRIBUTARIO: Rio Acarí; PUBLICACAO: Neotropical Primates 8(1): 2-18</nO>,Primates,Chordata,,,M. G. M. van Roosmalen,140,,,Callithrix acariensis,Anthony B. Rylands,F,acariensis,Amazonas,HOLÓTIPO,,,1996,
,S,INPA 3931,Mammalia,INPA-MAMIFEROS-TIPOS,97,,,Brasil,,29,,-4.88111111111111,-59.9794444444444,-4.88111111111111,-59.9794444444444,Callitrichidae,,Callithrix,,,,INPA,Animalia,"margem direita do baixo rio Acarí, próximo à confluência com os rios Sucundurí e Canumã",,,,,2007-08-27T00:00:00,8,,<nO>SUBFAMILIA: Callitrichinae; BACIA: Madeira; TRIBUTARIO: Rio Acarí; PUBLICACAO: Neotropical Primates 8(1): 2-18</nO>,Primates,Chordata,,,M. G. M. van Roosmalen,140,,,Callithrix acariensis,Russell A. Mittermeier,F,acariensis,Amazonas,HOLÓTIPO,,,1996,
,S,INPA 3931,Mammalia,INPA-MAMIFEROS-TIPOS,97,,,Brasil,,29,,-4.88111111111111,-59.9794444444444,-4.88111111111111,-59.9794444444444,Callitrichidae,,Callithrix,,,,INPA,Animalia,"margem direita do baixo rio Acarí, próximo à confluência com os rios Sucundurí e Canumã",,,,,2007-08-27T00:00:00,8,,<nO>SUBFAMILIA: Callitrichinae; BACIA: Madeira; TRIBUTARIO: Rio Acarí; PUBLICACAO: Neotropical Primates 8(1): 2-18</nO>,Primates,Chordata,,,M. G. M. van Roosmalen,140,,,Callithrix acariensis,Marc. G. M. van Roosmalen,F,acariensis,Amazonas,HOLÓTIPO,,,1996,
,S,INPA 2511,Mammalia,INPA-MAMIFEROS-TIPOS,97,,,Brasil,,,,-4.15888888888889,-60.6947222222222,-4.15888888888889,-60.6947222222222,Callitrichidae,,Callithrix,,,,INPA,Animalia,"Seringal São Luis, margem direita do médio rio Madeira, próximo a cidade de Manicoré",,45m,,45m,2007-08-27T00:00:00,,,<nO>jovem; SUBFAMILIA: Callitrichinae; BACIA: Madeira; TRIBUTARIO: Madeira; PUBLICACAO: Neotropical Primates 8(1): 2-18</nO>,Primates,Chordata,,,M. G. M. van Roosmalen,22,,,Callithrix manicorensis,Russell A. Mittermeier,F,manicorensis,Amazonas,HOLÓTIPO,,,,
,PreservedSpecimen,1879,Mammalia,ZUEC-MAM,10,,,Brasil,Marechal Thaumaturgo,01,,-8.941111,-72.791667,-8.941111,-72.791667,,,,,Crânio,,UNICAMP,Animalia,Reserva Extrativista do Alto Juruá,,,,,2026-09-25T05:00:54,12,,Georreferenciado utilizando a ferramenta data cleaning/geoLoc ? CRIA/fonte municípios do IBGE,Primates,Chordata,Seca,,Adão José Cardoso,,,,Primates,,,,Acre,,8S56'28'',72W47'30'',1995,
,O,63990,Mammalia,FPR-COLOMBIA,66,,,Brasil,,,,-4.26666666666667,-69.9333333333333,-4.26666666666667,-69.9333333333333,Cebidae,,Pithecia,,1,,Fundación Puerto Rastrojo - Colômbia,Animalia,Tabatinga Río Solimões,,,,,2006-01-12T00:00:00,,,"<nO>Mammals of Amazonia. Volume I : General introduction and primates DA CRUZ LIMA, Eladio</nO>",Primates,Chordata,,,,,,,Pithecia monachus,,,monachus,Estado de Amazonas,,,,,
,O,63991,Mammalia,FPR-COLOMBIA,66,,,Brasil,,,,-4.26666666666667,-69.9333333333333,-4.26666666666667,-69.9333333333333,Cebidae,,Pithecia,,1,,Fundación Puerto Rastrojo - Colômbia,Animalia,Tabatinga Río Solimões,,,,,2006-01-12T00:00:00,,,"<nO>Mammal species of the world : A taxonomic and geographic reference WILSON, Don E.;REEDER, DeeAnn M.</nO>",Primates,Chordata,,,,,,,Pithecia monachus,,,monachus,Estado de Amazonas,,,,,
,O,5141,Mammalia,FPR-COLOMBIA,66,,,Colombia,Solano,,,0.2,-74.3,0.2,-74.3,Cebidae,,Pithecia,,1,,Fundación Puerto Rastrojo - Colômbia,Animalia,Quebrada Anucú afluente Río Caquetá,,,,,2006-01-12T00:00:00,,,"<nO>Mammals of the Neotropics EISENBERG, John F.</nO>",Primates,Chordata,,,,,,,Pithecia monachus,,,monachus,Caquetá,,,,,
,O,63989,Mammalia,FPR-COLOMBIA,66,,,Venezuela,Río Negro,,,3.08333333333333,-66,3.08333333333333,-66,Cebidae,,Pithecia,,1,chiropotes,Fundación Puerto Rastrojo - Colômbia,Animalia,Alto Río Orinoco,,,,,2006-01-12T00:00:00,,,"<nO>Mamiferos colecionados na regiao do Rio Negro [Amazonas, Brasil] DIAS DE AVILA PIRES, Fernando</nO>",Primates,Chordata,,,,,,,Pithecia satanas chiropotes,,M,satanas,Territorio Federal Amazonas,,,,,
,PreservedSpecimen,USNM 406438,Mammalia,US-ANIMALIA,556,South America,,Venezuela,,23,,2.25,-65.28,2.25,-65.28,Cebidae,,Cebus,,1,,USNM,Animalia,"Rio Mavaca, 108 Km SSE Esmeralda",,,,140.0,2023-11-30T17:27:00,3,,,Primates,Chordata,Skin; Skull,,Smithsonian Venezuelan Project,17391,,,Cebus albifrons,,,albifrons,Amazonas,,0215--N,06517--W,1967,
,PreservedSpecimen,USNM 406453,Mammalia,US-ANIMALIA,556,South America,,Venezuela,,23,,2.25,-65.28,2.25,-65.28,Cebidae,,Cebus,,1,,USNM,Animalia,"Rio Mavaca, 108 Km SSE Esmeralda",,,,140.0,2023-11-30T17:28:00,3,,,Primates,Chordata,Skin; Skull,,Smithsonian Venezuelan Project,17390,,,Cebus albifrons,,,albifrons,Amazonas,,0215--N,06517--W,1967,
,PreservedSpecimen,USNM 406628,Mammalia,US-ANIMALIA,556,South America,,Venezuela,,20,,3.17,-65.82,3.17,-65.82,Cebidae,,Cebus,,1,,USNM,Animalia,"Tamatama, Rio Orinoco",,,,135.0,2020-03-12T12:34:00,5,,,Primates,Chordata,Skull,,Smithsonian Venezuelan Project,19259,,,Cebus albifrons,,,albifrons,Amazonas,,03 10 -- N,065 49 -- W,1967,
,PreservedSpecimen,USNM 545856,Mammalia,US-ANIMALIA,556,South America,,Brazil,,15,,-9.17,-60.63,-9.17,-60.63,Cebidae,,Cebus,,1,,USNM,Animalia,Aripuana,,,,,2019-11-22T12:09:00,8,,,Primates,Chordata,Skin; Skull,,,HM 5,,,Cebus albifrons,,,albifrons,Mato Grosso,,09 10 -- S,060 38 -- W,1974,
,PreservedSpecimen,USNM 406425,Mammalia,US-ANIMALIA,556,South America,,Venezuela,,11,,2.25,-65.28,2.25,-65.28,Pitheciidae,,Cacajao,,1,,USNM,Animalia,"Rio Mavaca, 108 Km SSE Esmeralda",,,,140.0,2023-02-10T11:15:00,4,,,Primates,Chordata,Skin; Skull,,Smithsonian Venezuelan Project,17837,,,Cacajao melanocephalus,,,melanocephalus,Amazonas,,0215--N,06517--W,1967,
,PreservedSpecimen,USNM 406572,Mammalia,US-ANIMALIA,556,South America,,Venezuela,,1,,2.62,-66.32,2.62,-66.32,Pitheciidae,,Cacajao,,1,,USNM,Animalia,"Capibara, 106 Km SW Esmeralda, Brazo Casiquiare",,,,130.0,2023-02-10T11:15:00,6,,,Primates,Chordata,Skin; Skull,,Smithsonian Venezuelan Project,19418,,,Cacajao melanocephalus,,,melanocephalus,Amazonas,,02 37 -- N,066 19 -- W,1967,
,PreservedSpecimen,USNM 545873,Mammalia,US-ANIMALIA,556,South America,,Brazil,,20,,-9.17,-60.63,-9.17,-60.63,Pitheciidae,,Callicebus,,1,,USNM,Animalia,Aripuana,,,,,2019-11-22T12:10:00,8,,,Primates,Chordata,Skin; Skull,,,HM 29,,,Callicebus moloch,,,moloch,Mato Grosso,,09 10 -- S,060 38 -- W,1974,
,PreservedSpecimen,USNM 406414,Mammalia,US-ANIMALIA,556,South America,,Venezuela,,20,,2.38,-65.27,2.38,-65.27,Pitheciidae,,Callicebus,,1,,USNM,Animalia,"Boca Mavaca, 84 Km SSE Esmeralda, 15 Km Up Rio Mavaca",,,,138.0,2022-07-05T11:05:00,3,,,Primates,Chordata,Skull,,Smithsonian Venezuelan Project,17380,,,Callicebus torquatus,,,torquatus,Amazonas,,02 23 -- N,065 16 -- W,1967,
,PreservedSpecimen,USNM 406415,Mammalia,US-ANIMALIA,556,South America,,Venezuela,,24,,3.17,-65.82,3.17,-65.82,Pitheciidae,,Callicebus,,1,,USNM,Animalia,"Tamatama, Rio Orinoco",,,,135.0,2020-03-12T12:33:00,4,,,Primates,Chordata,Skin; Skull,,Smithsonian Venezuelan Project,18197,,,Callicebus torquatus,,,torquatus,Amazonas,,03 10 -- N,065 49 -- W,1967,
,PreservedSpecimen,USNM 406417,Mammalia,US-ANIMALIA,556,South America,,Venezuela,,,,3.17,-65.82,3.17,-65.82,Pitheciidae,,Callicebus,,1,,USNM,Animalia,"Tamatama, Rio Orinoco",,,,135.0,2022-07-05T11:05:00,4,,,Primates,Chordata,Skin; Skull,,Smithsonian Venezuelan Project,18435,,,Callicebus torquatus,,,torquatus,Amazonas,,03 10 -- N,065 49 -- W,1967,
,PreservedSpecimen,USNM 406441,Mammalia,US-ANIMALIA,556,South America,,Venezuela,,,,3.17,-65.82,3.17,-65.82,Pitheciidae,,Callicebus,,1,,USNM,Animalia,"Tamatama, Rio Orinoco",,,,135.0,2020-03-12T12:33:00,4,,,Primates,Chordata,Skull,,Smithsonian Venezuelan Project,18439,,,Callicebus torquatus,,,torquatus,Amazonas,,03 10 -- N,065 49 -- W,1967,
,PreservedSpecimen,USNM 406565,Mammalia,US-ANIMALIA,556,South America,,Venezuela,,4,,2.62,-66.32,2.62,-66.32,Pitheciidae,,Callicebus,,1,,USNM,Animalia,"Capibara, 106 Km SW Esmeralda, Brazo Casiquiare",,,,130.0,2022-07-05T11:04:00,6,,,Primates,Chordata,Skin; Skull,,Smithsonian Venezuelan Project,19493,,,Callicebus torquatus,,,torquatus,Amazonas,,02 37 -- N,066 19 -- W,1967,
,PreservedSpecimen,USNM 495197,Mammalia,US-ANIMALIA,556,South America,,Venezuela,,20,,2.38,-65.27,2.38,-65.27,Pitheciidae,,Callicebus,,1,,USNM,Animalia,"Boca Mavaca, 84 Km SSE Esmeralda, 15 Km Up Rio Mavaca",,,,138.0,2020-01-06T11:15:00,3,,,Primates,Chordata,Fluid,,Smithsonian Venezuelan Project,17396,,,Callicebus torquatus,,,torquatus,Amazonas,,02 23 -- N,065 16 -- W,1967,
,PreservedSpecimen,USNM 495200,Mammalia,US-ANIMALIA,556,South America,,Venezuela,,6,,2.62,-66.32,2.62,-66.32,Pitheciidae,,Callicebus,,1,,USNM,Animalia,"Capibara, 106 Km SW Esmeralda, Brazo Casiquiare",,,,130.0,2020-01-06T11:15:00,6,,,Primates,Chordata,Fluid,,Smithsonian Venezuelan Project,19542,,,Callicebus torquatus,,,torquatus,Amazonas,,02 37 -- N,066 19 -- W,1967,
HU-ZOO42115,PreservedSpecimen,42115,Mammalia,HU-ZOO,566,South America,,Colombia,,01,,-4.21528,-69.94056,-4.21528,-69.94056,Callitrichidae,,Cebuella,,1,,MCZ,Animalia,"Amazonia, Leticia (?)",,,,,2024-12-20T16:12:05,06,,<nO>sex: male</nO>,Primates,Chordata,skull (dry); skin (dry),,,,,,Cebuella pygmaea,"(Spix, 1823)",,pygmaea,,,,,1939,
HU-ZOO8851,PreservedSpecimen,8851,Mammalia,HU-ZOO,566,South America,,Peru,,,,-7.65041,-74.93234,-7.65041,-74.93234,Callitrichidae,,Cebuella,Charles Sarkady,1,,MCZ,Animalia,Ucayali River,,,,,2024-12-20T16:17:28,,,<nO>sex: unknown</nO>,Primates,Chordata,whole animal (ethanol),,Charles Sarkady,,,,Cebuella pygmaea,"(Spix, 1823)",,pygmaea,Ucayali,,,,,
HU-ZOO3976,PreservedSpecimen,3976,Mammalia,HU-ZOO,566,South America,,Brazil,,,,-3.15927,-60.00262,-3.15927,-60.00262,Cebidae,,Cebus,Newton Dexter,1,,MCZ,Animalia,Manaus,,,,,2024-12-20T16:17:26,,,<nO>sex: male</nO>,Primates,Chordata,skin (dry),,Newton Dexter,,,,Cebus,"Erxleben, 1777",,,Amazonas,,,,,
HU-ZOO41091,PreservedSpecimen,41091,Mammalia,HU-ZOO,566,South America,,Peru,,29,,-13.16888,-72.56659,-13.16888,-72.56659,Cebidae,,Cebus,,1,cuscinus,MCZ,Animalia,Urubamba River,,,,,2024-12-20T16:12:12,04,,<nO>ear from notch: 30mm; hind foot with claw: 125mm; sex: male; tail length: 495mm; total length: 918mm</nO>,Primates,Chordata,skull (dry),,"Oliver P. Pearson, G. P. Gardner, Jr.",15/657,,,Cebus albifrons cuscinus,,,albifrons,Cusco,,,,1940,
HU-ZOO31062,PreservedSpecimen,31062,Mammalia,HU-ZOO,566,South America,,Brazil,,,,-3.12401,-55.24744,-3.12401,-55.24744,Cebidae,,Cebus,,1,macrocephalus,MCZ,Animalia,"Rio Tapajos, Boim",,,,,2024-12-20T16:12:06,,,<nO>sex: female</nO>,Primates,Chordata,skull (dry); skin (dry),,Alfonso M. Olalla,6784,,,Cebus apella macrocephalus,,,apella,Para,,,,,
HU-ZOO31063,PreservedSpecimen,31063,Mammalia,HU-ZOO,566,South America,,Brazil,,25,,-3.08828,-55.1262,-3.08828,-55.1262,Cebidae,,Cebus,,1,macrocephalus,MCZ,Animalia,"Rio Tapajos, Tauary",,,,,2024-12-20T18:05:02,05,,<nO>sex: female</nO>,Primates,Chordata,skull (dry); skin (dry),,Alfonso M. Olalla,7136,,,Cebus apella macrocephalus,,,apella,Para,,,,1933,
HU-ZOO31065,PreservedSpecimen,31065,Mammalia,HU-ZOO,566,South America,,Brazil,,,,-3.12401,-55.24744,-3.12401,-55.24744,Cebidae,,Cebus,,1,macrocephalus,MCZ,Animalia,"Rio Tapajos, Boim",,,,,2024-12-20T16:12:06,,,<nO>sex: male</nO>,Primates,Chordata,skull (dry); skin (dry),,Alfonso M. Olalla,6836,,,Cebus apella macrocephalus,,,apella,Para,,,,,
HU-ZOO31067,PreservedSpecimen,31067,Mammalia,HU-ZOO,566,South America,,Brazil,,30,,-2.83333,-55.13333,-2.83333,-55.13333,Cebidae,,Cebus,,1,macrocephalus,MCZ,Animalia,"Rio Tapajos, Caxiricatuba",,,,,2024-12-20T16:12:13,07,,<nO>sex: male</nO>,Primates,Chordata,skull (dry); skin (dry),,Alfonso M. Olalla,6607,,,Cebus apella macrocephalus,,,apella,Para,,,,1932,
HU-ZOO31071,PreservedSpecimen,31071,Mammalia,HU-ZOO,566,South America,,Brazil,,,,-3.12401,-55.24744,-3.12401,-55.24744,Cebidae,,Cebus,,1,macrocephalus,MCZ,Animalia,"Rio Tapajos, Boim",,,,,2024-12-20T16:12:07,,,<nO>sex: male</nO>,Primates,Chordata,skull (dry); skin (dry),,Alfonso M. Olalla,6835,,,Cebus apella macrocephalus,,,apella,Para,,,,,
HU-ZOO31072,PreservedSpecimen,31072,Mammalia,HU-ZOO,566,South America,,Brazil,,01,,-2.83333,-55.13333,-2.83333,-55.13333,Cebidae,,Cebus,,1,macrocephalus,MCZ,Animalia,"Rio Tapajos, Caxiricatuba",,,,,2024-12-20T16:12:06,08,,<nO>sex: female</nO>,Primates,Chordata,skull (dry); skin (dry),,Alfonso M. Olalla,6608,,,Cebus apella macrocephalus,,,apella,Para,,,,1932,
HU-ZOO32173,PreservedSpecimen,32173,Mammalia,HU-ZOO,566,South America,,Brazil,,07,,-3.08828,-55.1262,-3.08828,-55.1262,Cebidae,,Cebus,,1,macrocephalus,MCZ,Animalia,"Rio Tapajos, Tauary",,,,,2024-12-20T18:04:18,03,,<nO>sex: male</nO>,Primates,Chordata,skull (dry); skin (dry),,Alfonso M. Olalla,110,,,Cebus apella macrocephalus,,,apella,Para,,,,1933,
HU-ZOO32174,PreservedSpecimen,32174,Mammalia,HU-ZOO,566,South America,,Brazil,,14,,-3.08828,-55.1262,-3.08828,-55.1262,Cebidae,,Cebus,,1,macrocephalus,MCZ,Animalia,"Rio Tapajos, Tauary",,,,,2024-12-20T18:04:18,04,,<nO>sex: male</nO>,Primates,Chordata,skull (dry),,Alfonso M. Olalla,125,,,Cebus apella macrocephalus,,,apella,Para,,,,1933,
HU-ZOO32176,PreservedSpecimen,32176,Mammalia,HU-ZOO,566,South America,,Brazil,,,,-3.08828,-55.1262,-3.08828,-55.1262,Cebidae,,Cebus,,1,macrocephalus,MCZ,Animalia,"Rio Tapajos, Tauary",,,,,2024-12-20T18:04:18,,,<nO>sex: male</nO>,Primates,Chordata,skull (dry),,Alfonso M. Olalla,65,,,Cebus apella macrocephalus,,,apella,Para,,,,,
HU-ZOO49637,PreservedSpecimen,49637,Mammalia,HU-ZOO,566,South America,,Peru,,25,,-13.31827,-73.26904,-13.31827,-73.26904,Cebidae,,Cebus,,1,macrocephalus,MCZ,Animalia,Urubamba River,,,,,2024-12-20T16:12:05,04,,<nO>sex: male</nO>,Primates,Chordata,skull (dry),,"Oliver P. Pearson, G. P. Gardner, Jr.",643,,,Cebus apella macrocephalus,,,apella,,,,,1940,
,PreservedSpecimen,USNM 546269,Mammalia,US-ANIMALIA,556,South America,,Brazil,,29,,-9.08,-68.68,-9.08,-68.68,Callitrichidae,,Saguinus,,1,,USNM,Animalia,"Sena Madureira, Br. 364, Sena Madureira-Manoel Urbano, Km 8",,,,,2019-11-22T13:19:00,6,,,Primates,Chordata,Skull,,,AC 51,,,Saguinus weddelli,,,weddelli,Acre,,09 05 -- S,068 41 -- W,1976,
,PreservedSpecimen,USNM 406455,Mammalia,US-ANIMALIA,556,South America,,Venezuela,,20,,2.5,-65.22,2.5,-65.22,Cebidae,,Saimiri,,1,,USNM,Animalia,"Boca Mavaca, 84 Km SSE Esmeralda",,,,138.0,2020-03-12T12:33:00,3,,,Primates,Chordata,Skin; Skull,,Smithsonian Venezuelan Project,17336,,,Saimiri sciureus,,,sciureus,Amazonas,,02 30 -- N,065 13 -- W,1967,
,PreservedSpecimen,USNM 406463,Mammalia,US-ANIMALIA,556,South America,,Venezuela,,13,,2.25,-65.28,2.25,-65.28,Cebidae,,Saimiri,,1,,USNM,Animalia,"Rio Mavaca, 108 Km SSE Esmeralda",,,,140.0,2020-03-12T12:33:00,4,,,Primates,Chordata,Skull,,Smithsonian Venezuelan Project,18026,,,Saimiri sciureus,,,sciureus,Amazonas,,0215--N,06517--W,1967,
,PreservedSpecimen,USNM 406467,Mammalia,US-ANIMALIA,556,South America,,Venezuela,,,,3.17,-65.82,3.17,-65.82,Cebidae,,Saimiri,,1,,USNM,Animalia,"Tamatama, Rio Orinoco",,,,135.0,2020-03-12T12:33:00,4,,,Primates,Chordata,Skin; Skull,,Smithsonian Venezuelan Project,18434,,,Saimiri sciureus,,,sciureus,Amazonas,,03 10 -- N,065 49 -- W,1967,
,PreservedSpecimen,USNM 406648,Mammalia,US-ANIMALIA,556,South America,,Venezuela,,18,,3.17,-65.82,3.17,-65.82,Cebidae,,Saimiri,,1,,USNM,Animalia,"Tamatama, Rio Orinoco",,,,135.0,2020-03-12T12:34:00,5,,,Primates,Chordata,Skin; Skull,,Smithsonian Venezuelan Project,19188,,,Saimiri sciureus,,,sciureus,Amazonas,,03 10 -- N,065 49 -- W,1967,
,PreservedSpecimen,USNM 495208,Mammalia,US-ANIMALIA,556,South America,,Venezuela,,13,,2.25,-65.28,2.25,-65.28,Cebidae,,Saimiri,,1,,USNM,Animalia,"Rio Mavaca, 108 Km SSE Esmeralda",,,,140.0,2020-01-06T11:15:00,4,,,Primates,Chordata,Fluid,,Smithsonian Venezuelan Project,18027,,,Saimiri sciureus,,,sciureus,Amazonas,,0215--N,06517--W,1967,
HU-ZOO57223,PreservedSpecimen,57223,Mammalia,HU-ZOO,566,South America,,Brazil,,,,-2.51708,-65.43105,-2.51708,-65.43105,Cebidae,,Lagothrix,,1,poeppigii,MCZ,Animalia,Upper Amazon,,,,,2024-12-20T16:18:07,,,<nO>sex: unknown</nO>,Primates,Chordata,whole animal (ethanol),,,,,,Lagothrix lagothricha poeppigii,,,lagothricha,,,,,,
,PreservedSpecimen,USNM 545894,Mammalia,US-ANIMALIA,556,South America,,Brazil,,7,,-9.17,-60.63,-9.17,-60.63,Cebidae,,Saimiri,,1,,USNM,Animalia,Aripuana,,,,,2019-11-22T12:10:00,6,,"<nO>Lynch Alfaro, et al. Biogeography of squirrel monkeys (genus Saimiri): south-central Amazon origin and rapid pan-Amazonian diversification of a lowland primate. Mol. Phylogenet. Evol. (2014).</nO>",Primates,Chordata,Skin; Skull,,,HB 209,,,Saimiri ustus,,,ustus,Mato Grosso,,09 10 -- S,060 38 -- W,1975,
,PreservedSpecimen,USNM 406626,Mammalia,US-ANIMALIA,556,South America,,Venezuela,,18,,3.17,-65.82,3.17,-65.82,Cebidae,,Sapajus,,1,,USNM,Animalia,"Tamatama, Rio Orinoco",,,,135.0,2020-03-12T12:34:00,5,,,Primates,Chordata,Skin; Skull,,Smithsonian Venezuelan Project,19190,,,Sapajus apella,,,apella,Amazonas,,03 10 -- N,065 49 -- W,1967,
,PreservedSpecimen,USNM 406627,Mammalia,US-ANIMALIA,556,South America,,Venezuela,,15,,2.62,-66.32,2.62,-66.32,Cebidae,,Sapajus,,1,,USNM,Animalia,"Capibara, 106 Km SW Esmeralda, Brazo Casiquiare",,,,130.0,2020-03-12T12:34:00,6,,,Primates,Chordata,Skin; Skull,,Smithsonian Venezuelan Project,19645,,,Sapajus apella,,,apella,Amazonas,,02 37 -- N,066 19 -- W,1967,
,PreservedSpecimen,USNM 518261,Mammalia,US-ANIMALIA,556,South America,,Brazil,,30,,-2.53,-66.02,-2.53,-66.02,Cebidae,,Sapajus,,1,,USNM,Animalia,"Fonte Boa, Vargea Fonte Boa",,,,,2023-02-10T11:15:00,7,,,Primates,Chordata,Skin; Skull,,,24318 (48),,,Sapajus apella,,,apella,Amazonas,,02 32 -- S,066 01 -- W,1948,
,PreservedSpecimen,USNM 518444,Mammalia,US-ANIMALIA,556,South America,,Brazil,,20,,-2.15,-56.07,-2.15,-56.07,Cebidae,,Sapajus,,1,,USNM,Animalia,"Juriti Novo, Seringal",,,,,2019-12-09T15:53:00,10,,,Primates,Chordata,Skin; Skull,,,24158,,,Sapajus apella,,,apella,Para,,02 09 -- S,056 04 -- W,1947,
,PreservedSpecimen,USNM 545858,Mammalia,US-ANIMALIA,556,South America,,Brazil,,17,,-7.52,-63.03,-7.52,-63.03,Cebidae,,Sapajus,,1,,USNM,Animalia,"Humaita, Br 230, Km 969, Itaituba-Humaita, Transamazonica Hwy.",,,,,2019-11-22T12:09:00,11,,,Primates,Chordata,Skin; Skull,,,A 1740,,,Sapajus apella,,,apella,Amazonas,,07 31 -- S,063 02 -- W,1974,
,PreservedSpecimen,USNM 545859,Mammalia,US-ANIMALIA,556,South America,,Brazil,,16,,-7.52,-63.03,-7.52,-63.03,Cebidae,,Sapajus,,1,,USNM,Animalia,"Humaita, Br 230, Km 969, Itaituba-Humaita, Transamazonica Hwy.",,,,,2019-11-22T12:09:00,11,,,Primates,Chordata,Skull,,,A 1741,,,Sapajus apella,,,apella,Amazonas,,07 31 -- S,063 02 -- W,1974,
,PreservedSpecimen,USNM 545870,Mammalia,US-ANIMALIA,556,South America,,Brazil,,21,,-5.67,-56.75,-5.67,-56.75,Cebidae,,Sapajus,,1,,USNM,Animalia,"Itaituba, Transamazonica Hwy., Itaituba-Jacareacanga, Km. 212",,,,,2019-11-22T12:10:00,11,,,Primates,Chordata,Skull,,,A 2538,,,Sapajus apella,,,apella,Para,,05 40 -- S,056 45 -- W,1975,
,PreservedSpecimen,USNM 545871,Mammalia,US-ANIMALIA,556,South America,,Brazil,,22,,-5.67,-56.75,-5.67,-56.75,Cebidae,,Sapajus,,1,,USNM,Animalia,"Itaituba, Transamazonica Hwy., Itaituba-Jacareacanga, Km. 212",,,,,2019-11-22T12:10:00,11,,,Primates,Chordata,Skull,,,A 2570,,,Sapajus apella,,,apella,Para,,05 40 -- S,056 45 -- W,1975,
,PreservedSpecimen,USNM 546254,Mammalia,US-ANIMALIA,556,South America,,Brazil,,18,,-4.92,-55.6,-4.92,-55.6,Cebidae,,Sapajus,,1,,USNM,Animalia,"Itaituba, Br. 165, Santarem-Cuiaba, Zona Sul",,,,,2019-11-22T13:19:00,4,,,Primates,Chordata,Skull,,,A 2741,,,Sapajus apella,,,apella,Para,,04 55 -- S,055 36 -- W,1976,
HU-ZOO37826,PreservedSpecimen,37826,Mammalia,HU-ZOO,566,South America,,Brazil,,01,,-4.06667,-55.63333,-4.06667,-55.63333,Callitrichidae,,Callithrix,,1,,MCZ,Animalia,"Rio Tapajos, Monte Christo",,,,,2024-12-20T16:12:04,01,,<nO>sex: male</nO>,Primates,Chordata,skull (dry); skin (dry),,Garbe,3601,,,Callithrix humeralifer,,,humeralifer,Para,,,,1920,
HU-ZOO30576,PreservedSpecimen,30576,Mammalia,HU-ZOO,566,South America,,Brazil,,20,,-3.08828,-55.1262,-3.08828,-55.1262,Callitrichidae,,Callithrix,,1,humeralifer,MCZ,Animalia,"Rio Tapajos, Tauary",,,,,2024-12-20T18:13:53,05,,<nO>sex: male</nO>,Primates,Chordata,skull (dry); skin (dry),,Alfonso M. Olalla,7127,,,Callithrix humeralifer humeralifer,,,humeralifer,Para,,,,1933,
HU-ZOO30577,PreservedSpecimen,30577,Mammalia,HU-ZOO,566,South America,,Brazil,,,,-3.08828,-55.1262,-3.08828,-55.1262,Callitrichidae,,Callithrix,,1,humeralifer,MCZ,Animalia,"Rio Tapajos, Tauary",,,,,2024-12-20T18:09:38,,,<nO>sex: female</nO>,Primates,Chordata,skull (dry); skin (dry),,Alfonso M. Olalla,7128,,,Callithrix humeralifer humeralifer,,,humeralifer,Para,,,,,
HU-ZOO30587,PreservedSpecimen,30587,Mammalia,HU-ZOO,566,South America,,Brazil,,,,-3.12401,-55.24744,-3.12401,-55.24744,Callitrichidae,,Callithrix,,1,humeralifer,MCZ,Animalia,"Rio Tapajos, Boim",,,,,2024-12-20T16:12:13,,,<nO>sex: female</nO>,Primates,Chordata,skull (dry); skin (dry),,Alfonso M. Olalla,6839,,,Callithrix humeralifer humeralifer,,,humeralifer,Para,,,,,
HU-ZOO30721,PreservedSpecimen,30721,Mammalia,HU-ZOO,566,South America,,Brazil,,20,,-3.12401,-55.24744,-3.12401,-55.24744,Cebidae,,Pithecia,,1,,MCZ,Animalia,"Rio Tapajos, Boim",,,,,2024-12-20T16:12:06,12,,<nO>sex: male</nO>,Primates,Chordata,skull (dry); skin (dry),,Alfonso M. Olalla,,,,Pithecia monachus,"(É. Geoffroy Saint-Hilaire, 1812)",,monachus,Para,,,,1932,
HU-ZOO3980,PreservedSpecimen,3980,Mammalia,HU-ZOO,566,South America,,Brazil,,,,-3.36841,-64.72054,-3.36841,-64.72054,Cebidae,,Pithecia,Thayer Expedition to Brazil,1,,MCZ,Animalia,"Tefé [Tefe, Teffe]",,,,,2024-12-20T16:17:26,,,<nO>sex: unknown</nO>,Primates,Chordata,skin (dry),,Thayer Expedition to Brazil,,,,Pithecia monachus,"(É. Geoffroy Saint-Hilaire, 1812)",,monachus,Amazonas,,,,,
HU-ZOOBOM-5058,PreservedSpecimen,BOM-5058,Mammalia,HU-ZOO,566,South America,,Peru,,01,,-8.52539,-73.84668,-8.52539,-73.84668,Cebidae,,Ateles,,1,,MCZ,Animalia,eastern Peru,,,,,2024-12-20T16:12:15,01,,<nO>sex: unknown</nO>,Primates,Chordata,skull (dry),,"Edward Gerrard, Jr.",,,,Ateles fusciceps,"Gray, 1866",,fusciceps,,,,,1810,
HU-ZOO30711,PreservedSpecimen,30711,Mammalia,HU-ZOO,566,South America,,Brazil,,,,-2.83333,-55.13333,-2.83333,-55.13333,Cebidae,,Ateles,,1,,MCZ,Animalia,"Rio Tapajos, Caxiricatuba",,,,,2024-12-20T16:12:05,,,<nO>sex: male</nO>,Primates,Chordata,skull (dry); skin (dry),,Alfonso M. Olalla,6620,,,Ateles paniscus,"(Linnaeus, 1758)",,paniscus,Para,,,,,
HU-ZOO30559,PreservedSpecimen,30559,Mammalia,HU-ZOO,566,South America,,Brazil,,,,-3.12401,-55.24744,-3.12401,-55.24744,Cebidae,,Callicebus,,1,hoffmansi,MCZ,Animalia,"Rio Tapajos, Boim",,,,,2024-12-20T16:12:13,,,<nO>sex: male</nO>,Primates,Chordata,skull (dry); skin (dry),,Alfonso M. Olalla,6817,,,Callicebus moloch hoffmansi,,,moloch,Para,,,,,
HU-ZOO39562,PreservedSpecimen,39562,Mammalia,HU-ZOO,566,South America,,Peru,,01,,-12.59231,-69.19668,-12.59231,-69.19668,Cebidae,,Callicebus,,1,brunneus,MCZ,Animalia,"Puerto Maldonado, altitude 600 [feet]",,,,,2024-12-20T16:12:12,01,,<nO>sex: male</nO>,Primates,Chordata,skull (dry); skin (dry),,"Oliver P. Pearson, G. P. Gardner, Jr.",42,,,Callicebus moloch brunneus,,,moloch,Madre de Dios,,,,1915,
HU-ZOO39563,PreservedSpecimen,39563,Mammalia,HU-ZOO,566,South America,,Peru,,01,,-12.59231,-69.19668,-12.59231,-69.19668,Cebidae,,Callicebus,,1,brunneus,MCZ,Animalia,"Puerto Maldonado, altitude 600 [feet]",,,,,2024-12-20T16:12:12,01,,<nO>sex: male</nO>,Primates,Chordata,skull (dry); skin (dry),,"Oliver P. Pearson, G. P. Gardner, Jr.",39,,,Callicebus moloch brunneus,,,moloch,Madre de Dios,,,,1915,
HU-ZOO20992,PreservedSpecimen,20992,Mammalia,HU-ZOO,566,South America,,Brazil,,01,,-3.07905,-59.99507,-3.07905,-59.99507,Cebidae,,Callicebus,,1,cupreus,MCZ,Animalia,Manaos,,,,,2024-12-20T16:12:05,01,,<nO>sex: unknown</nO>,Primates,Chordata,skull (dry); skin (dry),,Ralph E. Wheeler,,,,Callicebus moloch cupreus,,,moloch,,,,,1924,
HU-ZOO30563,PreservedSpecimen,30563,Mammalia,HU-ZOO,566,South America,,Brazil,,27,,-3.08828,-55.1262,-3.08828,-55.1262,Cebidae,,Callicebus,,1,remulus,MCZ,Animalia,"Rio Tapajos, Tauary",,,,,2024-12-20T18:13:52,12,,<nO>sex: female</nO>,Primates,Chordata,skull (dry); skin (dry),,Alfonso M. Olalla,7280,,,Callicebus moloch remulus,,,moloch,Para,,,,1933,
HU-ZOO30566,PreservedSpecimen,30566,Mammalia,HU-ZOO,566,South America,,Brazil,,03,,-2.83333,-55.13333,-2.83333,-55.13333,Cebidae,,Callicebus,,1,remulus,MCZ,Animalia,"Rio Tapajos, Caxiricatuba",,,,,2024-12-20T16:12:05,08,,<nO>sex: male</nO>,Primates,Chordata,skull (dry); skin (dry),,Alfonso M. Olalla,6612,,,Callicebus moloch remulus,,,moloch,Para,,,,1932,
HU-ZOO32381,PreservedSpecimen,32381,Mammalia,HU-ZOO,566,South America,,Brazil,,25,,-3.08828,-55.1262,-3.08828,-55.1262,Cebidae,,Callicebus,,1,remulus,MCZ,Animalia,"Rio Tapajos, Tauary",,,,,2024-12-20T18:07:03,02,,<nO>sex: female</nO>,Primates,Chordata,skull (dry); skin (dry),,Alfonso M. Olalla,107,,,Callicebus moloch remulus,,,moloch,Para,,,,1933,
HU-ZOO32382,PreservedSpecimen,32382,Mammalia,HU-ZOO,566,South America,,Brazil,,08,,-3.08828,-55.1262,-3.08828,-55.1262,Cebidae,,Callicebus,,1,remulus,MCZ,Animalia,"Rio Tapajos, Tauary",,,,,2024-12-20T18:18:43,02,,<nO>sex: female</nO>,Primates,Chordata,skull (dry); skin (dry),,Alfonso M. Olalla,79,,,Callicebus moloch remulus,,,moloch,Para,,,,1933,
HU-ZOO32162,PreservedSpecimen,32162,Mammalia,HU-ZOO,566,South America,,Brazil,,28,,-3.09216,-55.1216,-3.09216,-55.1216,Cebidae,,Alouatta,,1,,MCZ,Animalia,"Rio Tapajos, Tauray",,,,,2024-12-20T16:18:07,10,,<nO>sex: female</nO>,Primates,Chordata,skull (dry),,Alfonso M. Olalla,,,,Alouatta beelzebul,,,beelzebul,,,,,1932,
HU-ZOO30431,PreservedSpecimen,30431,Mammalia,HU-ZOO,566,South America,,Brazil,,15,,-3.08828,-55.1262,-3.08828,-55.1262,Cebidae,,Alouatta,,1,,MCZ,Animalia,"Rio Tapajos, Tauary",,,,,2024-12-20T18:15:43,10,,<nO>sex: male</nO>,Primates,Chordata,skull (dry),,Alfonso M. Olalla,6689,,,Alouatta belzebul,"(Linnaeus, 1766)",,belzebul,Para,,,,1932,
HU-ZOO30438,PreservedSpecimen,30438,Mammalia,HU-ZOO,566,South America,,Brazil,,,,-2.83333,-55.13333,-2.83333,-55.13333,Cebidae,,Alouatta,,1,,MCZ,Animalia,"Rio Tapajos, Caxiricatuba",,,,,2024-12-20T16:12:05,,,<nO>sex: female</nO>,Primates,Chordata,skull (dry),,Alfonso M. Olalla,6617,,,Alouatta belzebul,"(Linnaeus, 1766)",,belzebul,Para,,,,,
HU-ZOO30715,PreservedSpecimen,30715,Mammalia,HU-ZOO,566,South America,,Brazil,,30,,-3.08828,-55.1262,-3.08828,-55.1262,Cebidae,,Alouatta,,1,,MCZ,Animalia,"Rio Tapajos, Tauary",,,,,2024-12-20T18:13:46,08,,<nO>sex: male</nO>,Primates,Chordata,skull (dry); skin (dry),,Alfonso M. Olalla,6641,,,Alouatta belzebul,"(Linnaeus, 1766)",,belzebul,Para,,,,1932,
HU-ZOO31697,PreservedSpecimen,31697,Mammalia,HU-ZOO,566,South America,,Brazil,,02,,-3.08828,-55.1262,-3.08828,-55.1262,Cebidae,,Alouatta,,1,,MCZ,Animalia,"Rio Tapajos, Tauary",,,,,2025-08-28T11:29:24,03,,<nO>sex: female</nO>,Primates,Chordata,skull (dry); skin (dry),,Alfonso M. Olalla,6642,,,Alouatta belzebul,"(Linnaeus, 1766)",,belzebul,Para,,,,1905,
HU-ZOO31698,PreservedSpecimen,31698,Mammalia,HU-ZOO,566,South America,,Brazil,,02,,-3.08828,-55.1262,-3.08828,-55.1262,Cebidae,,Alouatta,,1,,MCZ,Animalia,"Rio Tapajos, Tauary",,,,,2025-08-28T11:29:24,03,,<nO>sex: female</nO>,Primates,Chordata,skull (dry); skin (dry),,Alfonso M. Olalla,6690,,,Alouatta belzebul,"(Linnaeus, 1766)",,belzebul,Para,,,,1905,
HU-ZOO39570,PreservedSpecimen,39570,Mammalia,HU-ZOO,566,South America,,Peru,,25,,-12.50081,-70.0696,-12.50081,-70.0696,Cebidae,,Alouatta,,1,,MCZ,Animalia,"La Pampa, road to Madre de Dios",,762,,762,2024-12-20T16:12:06,01,,<nO>sex: male</nO>,Primates,Chordata,skull (dry); skin (dry),,"Oliver P. Pearson, G. P. Gardner, Jr.",542,,,Alouatta seniculus,"(Linnaeus, 1766)",,seniculus,Madre de Dios,,,,1940,
HU-ZOO41089,PreservedSpecimen,41089,Mammalia,HU-ZOO,566,South America,,Peru,,01,,-13.31827,-73.26904,-13.31827,-73.26904,Cebidae,,Alouatta,,1,,MCZ,Animalia,Urubamba River,,,,,2024-12-20T16:12:12,01,,<nO>ear from notch: 40mm; hind foot with claw: 130mm; sex: female; tail length: 590mm; total length: 1150mm; weight: 4989.5g</nO>,Primates,Chordata,skull (dry),,"Oliver P. Pearson, G. P. Gardner, Jr.",651,,,Alouatta seniculus,"(Linnaeus, 1766)",,seniculus,,,,,1915,
HU-ZOO30435,PreservedSpecimen,30435,Mammalia,HU-ZOO,566,South America,,Brazil,,16,,-1.95397,-55.30848,-1.95397,-55.30848,Cebidae,,Alouatta,,1,macconelli,MCZ,Animalia,"Rio Amazonas, Boca do Igarape Piaba",,,,,2024-12-20T18:15:43,03,,<nO>sex: male</nO>,Primates,Chordata,skull (dry); skin (dry),,Alfonso M. Olalla,7042,,,Alouatta seniculus macconelli,,,seniculus,Para,,,,1933,
HU-ZOO30436,PreservedSpecimen,30436,Mammalia,HU-ZOO,566,South America,,Brazil,,,,-1.95397,-55.30848,-1.95397,-55.30848,Cebidae,,Alouatta,,1,macconelli,MCZ,Animalia,"Rio Amazonas, Boca do Igarape Piaba",,,,,2024-12-20T18:14:19,,,<nO>sex: female</nO>,Primates,Chordata,tissue (dry); hide (dry); skeleton (dry) sample,,Alfonso M. Olalla,7044,,,Alouatta seniculus macconelli,,,seniculus,Para,,,,,
HU-ZOO30437,PreservedSpecimen,30437,Mammalia,HU-ZOO,566,South America,,Brazil,,,,-1.95397,-55.30848,-1.95397,-55.30848,Cebidae,,Alouatta,,1,macconelli,MCZ,Animalia,"Rio Amazonas, Boca do Igarape Piaba",,,,,2024-12-20T18:13:52,,,<nO>sex: female</nO>,Primates,Chordata,tissue (dry); hide (dry); skeleton (dry) sample,,Alfonso M. Olalla,7043,,,Alouatta seniculus macconelli,,,seniculus,Para,,,,,
HU-ZOO31695,PreservedSpecimen,31695,Mammalia,HU-ZOO,566,South America,,Brazil,,03,,-1.95397,-55.30848,-1.95397,-55.30848,Cebidae,,Alouatta,,1,macconnelli,MCZ,Animalia,"Rio Amazonas, Boca do Igarape Piaba",,,,,2024-12-20T18:04:18,03,,<nO>sex: female</nO>,Primates,Chordata,tissue (dry); hide (dry); skeleton (dry) sample,,Alfonso M. Olalla,6921,,,Alouatta seniculus macconnelli,,,seniculus,Para,,,,1933,
HU-ZOO32160,PreservedSpecimen,32160,Mammalia,HU-ZOO,566,South America,,Brazil,,25,,-1.95397,-55.30848,-1.95397,-55.30848,Cebidae,,Alouatta,,1,macconnelli,MCZ,Animalia,"Rio Amazonas, Boca do Igarape Piaba",,,,,2024-12-20T18:04:18,03,,<nO>sex: female</nO>,Primates,Chordata,tissue (dry); hide (dry); skeleton (dry) sample,,Alfonso M. Olalla,7045,,,Alouatta seniculus macconnelli,,,seniculus,Para,,,,1933,
HU-ZOO39571,PreservedSpecimen,39571,Mammalia,HU-ZOO,566,South America,,Peru,,01,,-12.59432,-69.19926,-12.59432,-69.19926,Cebidae,,Aotus,,1,,MCZ,Animalia,"Puerto Maldonado, altitude 600 [feet]",,,,,2024-12-20T16:12:12,01,,<nO>sex: female</nO>,Primates,Chordata,skull (dry),,"Oliver P. Pearson, G. P. Gardner, Jr.",575,,,Aotus trivirgatus,,,trivirgatus,,,,,1915,
HU-ZOO30561,PreservedSpecimen,30561,Mammalia,HU-ZOO,566,South America,,Brazil,,16,,-2.83333,-55.13333,-2.83333,-55.13333,Cebidae,,Aotus,,1,infulatus,MCZ,Animalia,"Rio Tapajos, Caxiricatuba",,,,,2024-12-20T16:12:05,08,,<nO>sex: male</nO>,Primates,Chordata,skin (dry),,Alfonso M. Olalla,6615,,,Aotus trivirgatus infulatus,,,trivirgatus,Para,,,,1932,
HU-ZOO30562,PreservedSpecimen,30562,Mammalia,HU-ZOO,566,South America,,Brazil,,21,,-2.83333,-55.13333,-2.83333,-55.13333,Cebidae,,Aotus,,1,infulatus,MCZ,Animalia,"Rio Tapajos, Caxiricatuba",,,,,2024-12-20T16:12:13,08,,<nO>sex: female</nO>,Primates,Chordata,skull (dry); skin (dry),,Alfonso M. Olalla,6625,,,Aotus trivirgatus infulatus,,,trivirgatus,Para,,,,1932,
,PreservedSpecimen,1990,Mammalia,MCP-Mamiferos,300,Banco de Dados Mastozoologia (Original em 09.04.24) juliano_2024-4-9_15:57,90194,Brasil,Boa Vista,25,06,2.819364,-60.673776,2.819364,-60.673776,Atelidae,,Alouatta,Márcio Repenning,1,,PUCRS,Metazoa,BR 174,,,,,2026-08-17T15:14:56,09,07,,Primates,,,,,,,,Alouatta macconnelli,,,macconnelli,Roraima,,,,2014,1905
HU-ZOO39565,PreservedSpecimen,39565,Mammalia,HU-ZOO,566,South America,,Peru,,20,,-12.44891,-70.05914,-12.44891,-70.05914,Callitrichidae,,Saguinus,,1,,MCZ,Animalia,La Pampa,,762,,762,2024-12-20T16:12:06,01,,<nO>sex: female</nO>,Primates,Chordata,skull (dry); skin (dry),,"Oliver P. Pearson, G. P. Gardner, Jr.",536,,,Saguinus,"Hoffmannsegg, 1807",,,Madre de Dios,,,,1940,
HU-ZOO12458,PreservedSpecimen,12458,Mammalia,HU-ZOO,566,South America,,Peru,,06,,-12.37511,-70.69743,-12.37511,-70.69743,Cebidae,,Saimiri,,1,,MCZ,Animalia,Madre de Dios River,,,,,2024-12-20T16:12:06,06,,<nO>sex: unknown</nO>,Primates,Chordata,skull (dry); skin (dry),,William C. Farabee,,,,Saimiri sciureus,"(Linnaeus, 1758)",,sciureus,,,,,1907,
HU-ZOO3975,PreservedSpecimen,3975,Mammalia,HU-ZOO,566,South America,,Brazil,,,,-4.2328,-69.93502,-4.2328,-69.93502,Cebidae,,Saimiri,D. Bourget,1,,MCZ,Animalia,Tabatinga,,,,,2024-12-20T16:17:24,,,<nO>sex: male</nO>,Primates,Chordata,skin (dry),,D. Bourget,,,,Saimiri sciureus,"(Linnaeus, 1758)",,sciureus,Amazonas,,,,,
HU-ZOO3979,PreservedSpecimen,3979,Mammalia,HU-ZOO,566,South America,,Brazil,,,,-3.15927,-60.00262,-3.15927,-60.00262,Cebidae,,Saimiri,Newton Dexter,1,,MCZ,Animalia,Manaus,,,,,2024-12-20T16:17:26,,,<nO>sex: unknown</nO>,Primates,Chordata,skin (dry),,Newton Dexter,,,,Saimiri sciureus,"(Linnaeus, 1758)",,sciureus,Amazonas,,,,,
HU-ZOO57571,PreservedSpecimen,57571,Mammalia,HU-ZOO,566,South America,,Colombia,,01,,-4.15,-69.95,-4.15,-69.95,Cebidae,,Saimiri,,1,macrodon,MCZ,Animalia,within 50 kilometer radius of Leticia,,,,,2024-12-20T16:12:06,07,,<nO>sex: unknown</nO>,Primates,Chordata,skull (dry),,"Leslie E. Sponsel, Russell Alan Mittermeier",,,,Saimiri sciureus macrodon,,,sciureus,,,,,1972,
HU-ZOO57574,PreservedSpecimen,57574,Mammalia,HU-ZOO,566,South America,,Colombia,,01,,-4.15,-69.95,-4.15,-69.95,Cebidae,,Saimiri,,1,macrodon,MCZ,Animalia,within 50 km radius of Leticia,,,,,2024-12-20T16:12:06,07,,<nO>sex: unknown</nO>,Primates,Chordata,skeleton (dry),,"Leslie E. Sponsel, Russell Alan Mittermeier",,,,Saimiri sciureus macrodon,,,sciureus,,,,,1972,
HU-ZOO30569,PreservedSpecimen,30569,Mammalia,HU-ZOO,566,South America,,Brazil,,,,-1.95397,-55.30848,-1.95397,-55.30848,Cebidae,,Saimiri,,1,sciureus,MCZ,Animalia,"Rio Amazonas, Boca do Igarape Piaba",,,,,2024-12-20T18:13:52,,,<nO>sex: male</nO>,Primates,Chordata,skull (dry); skin (dry),,Alfonso M. Olalla,6920,,,Saimiri sciureus sciureus,,,sciureus,Para,,,,,
HU-ZOO30572,PreservedSpecimen,30572,Mammalia,HU-ZOO,566,South America,,Brazil,,13,,-1.95397,-55.30848,-1.95397,-55.30848,Cebidae,,Saimiri,,1,sciureus,MCZ,Animalia,"Rio Amazonas, Boca do Igarape Piaba",,,,,2024-12-20T18:13:53,03,,<nO>sex: male</nO>,Primates,Chordata,skull (dry); skin (dry),,Alfonso M. Olalla,7000,,,Saimiri sciureus sciureus,,,sciureus,Para,,,,1933,
,MachineObservation,0035938,Mammalia,FNJV,238,,,Brazil,Porto Velho,05,,-9.8275,-65.095556,-9.8275,-65.095556,Atelidae,,Ateles,,,,UNICAMP,Animalia,Fazenda Santa Carmen - MD,,140.0,,140.0,2025-04-16T10:14:30,11,,Habitat: Amazônia - Terra Firme; Tipo de vocalização: chamado,Primates,Chordata,,,Caio Brito,,,"<a href=""http://www2.ib.unicamp.br/fnjv/collection.php?fnjv=0035938"" class=""audio"" target=""fnjv"">Maiores informações e áudio</a>",Ateles chamek,,,chamek,Rondônia,,"9S 49' 39""","65W 05' 44""",2015,
,MachineObservation,0035941,Mammalia,FNJV,238,,,Brazil,Porto Velho,05,,-9.8275,-65.095556,-9.8275,-65.095556,Atelidae,,Ateles,,,,UNICAMP,Animalia,Fazenda Santa Carmen - MD,,140.0,,140.0,2025-04-16T10:14:30,11,,Habitat: Amazônia - Terra Firme; Tipo de vocalização: chamado,Primates,Chordata,,,Caio Brito,,,"<a href=""http://www2.ib.unicamp.br/fnjv/collection.php?fnjv=0035941"" class=""audio"" target=""fnjv"">Maiores informações e áudio</a>",Ateles chamek,,,chamek,Rondônia,,"9S 49' 39""","65W 05' 44""",2015,
,MachineObservation,0050506,Mammalia,FNJV,238,,459582,Brazil,Itaituba,,,-4.276502,-55.984032,-4.276502,-55.984032,Pithecidae,,Plecturocebus,,,,UNICAMP,Animalia,Parque Nacional da Amazonia,,,,,2025-04-16T10:14:33,,,,Primates,Chordata,,,Rodrigo Cambará,,,"<a href=""http://www2.ib.unicamp.br/fnjv/collection.php?fnjv=0050506"" class=""audio"" target=""fnjv"">Maiores informações e áudio</a>",Plecturocebus hoffmannsi,,,hoffmannsi,Pará,,,,,
,MachineObservation,0050509,Mammalia,FNJV,238,,,Brazil,Apiacás,06,,-9.026111,-58.615,-9.026111,-58.615,Pithecidae,,Chiropotes,,,,UNICAMP,Animalia,Parque Nacional do Juruena - Trilha obra,,,,,2025-04-16T10:14:33,11,,,Primates,Chordata,,,Gerson Buss,,,"<a href=""http://www2.ib.unicamp.br/fnjv/collection.php?fnjv=0050509"" class=""audio"" target=""fnjv"">Maiores informações e áudio</a>",Chiropotes albinasus,,,albinasus,Mato Grosso,,"9S 01' 34""","58W 36' 54""",2016,
,MachineObservation,0050510,Mammalia,FNJV,238,,255559,Brazil,Apiacás,07,,-9.544021,-57.4496,-9.544021,-57.4496,Pithecidae,,Chiropotes,,,,UNICAMP,Animalia,Parque Nacional do Juruena,,,,,2025-04-16T10:14:33,11,,,Primates,Chordata,,,Eduardo Marques Santos Júnior,,,"<a href=""http://www2.ib.unicamp.br/fnjv/collection.php?fnjv=0050510"" class=""audio"" target=""fnjv"">Maiores informações e áudio</a>",Chiropotes albinasus,,,albinasus,Mato Grosso,,,,2016,
,MachineObservation,0050469,Mammalia,FNJV,238,,,Brazil,Machadionho do Oeste,03,,-10.147014,-61.907197,-10.147014,-61.907197,Pithecidae,,Plecturocebus,,,,UNICAMP,Animalia,Reserva biológica do Jaru,,,,,2025-04-16T10:14:33,12,,,Primates,Chordata,,,Eduardo Marques Santos Júnior,,,"<a href=""http://www2.ib.unicamp.br/fnjv/collection.php?fnjv=0050469"" class=""audio"" target=""fnjv"">Maiores informações e áudio</a>",Plecturocebus bernhardi,,"Male, female and juvenile",bernhardi,Rondônia,,"10S 8' 49.25""","61W 54' 25.91""",2015,
,MachineObservation,0008104,Mammalia,FNJV,238,,36201,Brazil,Presidente Medicí,13,,-11.175687,-61.901845,-11.175687,-61.901845,Pitheciidae,,Callicebus,,1,,UNICAMP,Animalia,Not specified,,,,,2025-04-16T10:14:33,04,,Tipo de vocalização: Canto,Primates,Chordata,,,Jacques Vielliard,,,"<a href=""http://www2.ib.unicamp.br/fnjv/collection.php?fnjv=0008104"" class=""audio"" target=""fnjv"">Maiores informações e áudio</a>",Callicebus sp.,,,sp.,Rondônia,,,,1983,
,MachineObservation,0011410,Mammalia,FNJV,238,,77990,Brazil,Colider,13,,-10.818196,-55.451257,-10.818196,-55.451257,Pitheciidae,,Callicebus,,group,,UNICAMP,Animalia,Fazenda São José,,,,,2025-04-16T10:14:33,10,,Habitat: floresta; Tipo de vocalização: Canto,Primates,Chordata,,,Werner Carlos Augusto Bokermann,,,"<a href=""http://www2.ib.unicamp.br/fnjv/collection.php?fnjv=0011410"" class=""audio"" target=""fnjv"">Maiores informações e áudio</a>",Callicebus torquatus,,,torquatus,Mato Grosso,,,,1982,
,S,52,Mammalia,ZEE_MAM,213,,,Brasil,Cruzeiro do Sul,,,-7.64777777777778,-72.67,-7.64777777777778,-72.67,Cebidae,,Pithecia,,,,SEMA-Acre,Animalia,,,,,,2010-03-08T13:53:12,,,Artigo: Alguns mamíferos do Acre Ocidental - Carvalho C.T. 1957,Primates,,,,,,,,Pithecia monachus,,,monachus,Acre,,-7.64777777777778,-72.67,,
,S,400,Mammalia,ZEE_MAM,213,,,Brasil,Cruzeiro do Sul,,,-7.50611111111111,-73.7013888888889,-7.50611111111111,-73.7013888888889,Cebidae,,Aotus,,,,SEMA-Acre,Animalia,Parque Nacional da Serra do Divisor,,,,,2010-03-08T13:52:53,,,Livro: The status of conservation areas in the Brasilian Amazon - Rylands A.B. 1991,Primates,,,,,,,,Aotus nigriceps,,,nigriceps,Acre,,-7.50611111111111,-73.7013888888889,,
,S,406,Mammalia,ZEE_MAM,213,,,Brasil,Cruzeiro do Sul,,,-7.50611111111111,-73.7013888888889,-7.50611111111111,-73.7013888888889,Cebidae,,Alouatta,,,,SEMA-Acre,Animalia,Parque Nacional da Serra do Divisor,,,,,2010-03-08T13:52:53,,,Livro: The status of conservation areas in the Brasilian Amazon - Rylands A.B. 1991,Primates,,,,,,,,Alouatta seniculus,,,seniculus,Acre,,-7.50611111111111,-73.7013888888889,,
,S,422,Mammalia,ZEE_MAM,213,,,Brasil,Assis Brasil,,,-11.0333333333333,-70.25,-11.0333333333333,-70.25,Cebidae,,Alouatta,,,,SEMA-Acre,Animalia,ESEC do Rio Acre; Rio Acre,,,,,2010-03-08T13:52:53,,,Livro: The status of conservation areas in the Brasilian Amazon - Rylands A.B. 1991,Primates,,,,,,,,Alouatta seniculus,,,seniculus,Acre,,-11.0333333333333,-70.25,,
,S,3356,Mammalia,ZEE_MAM,213,,,Brasil,Rio Branco,,,-9.96666666666667,-67.8,-9.96666666666667,-67.8,Callitrichidae,,Saguinus,,,,SEMA-Acre,Animalia,Rio Branco; Rioa Acre,,,,,2010-03-08T13:52:45,,,Monografia: Levantamento de Animais Silvestres em Cativeiro na Cidade de Rio Branco - Acre. - Silva M.F.A 1985,Primates,,,,,,,,Saguinus imperator,,,imperator,Acre,,-9.96666666666667,-67.8,,
,S,1085,Mammalia,ZEE_MAM,213,,,Brasil,Assis Brasil,,,-11.0333333333333,-70.25,-11.0333333333333,-70.25,Callitrichidae,,Cebuella,,,,SEMA-Acre,Animalia,ESEC do Rio Acre; Rio Acre,,,,,2010-03-08T13:52:45,,,,Primates,,,,,,,,Cebuella pygmaea,,,pygmaea,Acre,,-11.0333333333333,-70.25,,
,S,59,Mammalia,ZEE_MAM,213,,,Brasil,Cruzeiro do Sul,,,-7.64777777777778,-72.67,-7.64777777777778,-72.67,Callitrichidae,,Saguinus,,,melanoleucus,SEMA-Acre,Animalia,,,,,,2010-03-08T13:52:45,,,Artigo: Alguns mamíferos do Acre Ocidental - Carvalho C.T. 1957,Primates,,,,,,,,Saguinus fuscicollis melanoleucus,,,fuscicollis,Acre,,-7.64777777777778,-72.67,,
,S,210,Mammalia,ZEE_MAM,213,,,Brasil,,,,-9.25,-68.725,-9.25,-68.725,Cebidae,,Cebus,,,,SEMA-Acre,Animalia,Rio Iaco; Rio Iaco,,,,,2010-03-08T13:53:04,,,Relatório: Caracterização da fauna da bacia do Rio Branco/ Acre - Alho C.J.R. 1990,Primates,,,,,,,,Cebus apella,,,apella,Acre,,-9.25,-68.725,,
,S,943,Mammalia,ZEE_MAM,213,,286119,Brasil,Feijó,,,-8.164558,-70.354095,-8.164558,-70.354095,Cebidae,,Cebus,,,,SEMA-Acre,Animalia,,,,,,2010-03-08T13:53:04,,,Monografia: Distribuição de primatas não-humanos no Estado do Acre e vizinhanças: um estudo preliminar - Fernandes M.C.A.G. 1990,Primates,,,,,,,,Cebus apella,,,apella,Acre,,0.0,0.0,,
,S,517,Mammalia,ZEE_MAM,213,,,Brasil,Cruzeiro do Sul,,,-7.45888888888889,-73.7744444444444,-7.45888888888889,-73.7744444444444,Cebidae,,Saimiri,,,macrodon,SEMA-Acre,Animalia,Parque Nacional da Serra do Divisor,,,,,2010-03-08T13:53:12,,,"Artigo : Riqueza de mamíferos de grande e médio porte do Parque Nacional da Serra do Divisor (Acre, Brasil) - Calouro A.M. 1999",Primates,,,,,,,,Saimiri sciureus macrodon,,,sciureus,Acre,,-7.45888888888889,-73.7744444444444,,
,S,8214,Mammalia,ZEE_MAM,213,,,Brasil,,,,-8.36666666666667,-72.8166666666667,-8.36666666666667,-72.8166666666667,Cebidae,,Saimiri,,,macrodon,SEMA-Acre,Animalia,,,,,,2010-03-08T13:53:12,,,Artigo: Primate community structure at twenty western Amazonian flooded and unflooded forests - Peres C.A. 1997,Primates,,,,,,,,Saimiri sciureus macrodon,,,sciureus,Acre,,-8.36666666666667,-72.8166666666667,,
,S,8346,Mammalia,ZEE_MAM,213,,75100,Brasil,Xapuri,,,-10.652065,-68.504925,-10.652065,-68.504925,Cebidae,,Saimiri,,,,SEMA-Acre,Animalia,Seringais Macuripe e Nova Vida,,,,,2010-03-08T13:53:12,,,"Artigo: Malária simiana no Estado do Acre, Brasil: Encontro de macacos zogue-zogue, Callicebus moloch cupreus, infetados com Plasmodium brasilianum - Ferreira Neto J.A.- Deane L.M. - Almeida F.B. 1972",Primates,,,,,,,,Saimiri boliviensis,,,boliviensis,Acre,,0.0,0.0,,
,S,8415,Mammalia,ZEE_MAM,213,,,Brasil,Rio Branco,,,-9.94166666666667,-67.8688888888889,-9.94166666666667,-67.8688888888889,Cebidae,,Saimiri,,,,SEMA-Acre,Animalia,Universidade Federal do Acre/Parque Zoobotânico; Rioa Acre,,,,,2010-03-08T13:53:12,,,Artigo: Do female tamarins use visual cues to detect fruit rewards more successfully than do males? - Dominy N.J.- Garber P.A.- Bicca-Marques J.C. - Lopes M.A.O. 2003,Primates,,,,,,,,Saimiri boliviensis,,,boliviensis,Acre,,-9.94166666666667,-67.8688888888889,,
,S,5265,Mammalia,ZEE_MAM,213,,,Brasil,,,,-10.0927777777778,-68.0,-10.0927777777778,-68.0,Cebidae,,Saimiri,,,,SEMA-Acre,Animalia,,,,,,2010-03-08T13:53:12,,,Dissertação: Caça de subsistência: sustentabilidade e padrões de uso entre seringueiros ribeirinhos e não-ribeirinhos do estado do Acre - Calouro A.M. 1995,Primates,,,,,,,,Saimiri boliviensis,,,boliviensis,Acre,,-10.0927777777778,-68.0,,
,S,8204,Mammalia,ZEE_MAM,213,,,Brasil,,,,-8.66666666666667,-72.7833333333333,-8.66666666666667,-72.7833333333333,Cebidae,,Saimiri,,,boliviensis,SEMA-Acre,Animalia,,,,,,2010-03-08T13:53:12,,,Artigo: Primate community structure at twenty western Amazonian flooded and unflooded forests - Peres C.A. 1997,Primates,,,,,,,,Saimiri boliviensis boliviensis,,,boliviensis,Acre,,-8.66666666666667,-72.7833333333333,,
,S,3931,Mammalia,ZEE_MAM,213,,,Brasil,Cruzeiro do Sul,,,-8.55833333333333,-72.8833333333333,-8.55833333333333,-72.8833333333333,Cebidae,,Saimiri,,,,SEMA-Acre,Animalia,Parque Nacional da Serra do Divisor,,,,,2010-03-08T13:53:12,,,"Artigo : Riqueza de mamíferos de grande e médio porte do Parque Nacional da Serra do Divisor (Acre, Brasil) - Calouro A.M. 1999",Primates,,,,,,,,Saimiri sciureus,,,sciureus,Acre,,-8.55833333333333,-72.8833333333333,,
,S,3933,Mammalia,ZEE_MAM,213,,,Brasil,Cruzeiro do Sul,,,-8.87527777777778,-72.7819444444444,-8.87527777777778,-72.7819444444444,Cebidae,,Saimiri,,,,SEMA-Acre,Animalia,Parque Nacional da Serra do Divisor,,,,,2010-03-08T13:53:12,,,"Artigo : Riqueza de mamíferos de grande e médio porte do Parque Nacional da Serra do Divisor (Acre, Brasil) - Calouro A.M. 1999",Primates,,,,,,,,Saimiri sciureus,,,sciureus,Acre,,-8.87527777777778,-72.7819444444444,,
,S,397,Mammalia,ZEE_MAM,213,,,Brasil,Cruzeiro do Sul,,,-7.50611111111111,-73.7013888888889,-7.50611111111111,-73.7013888888889,Cebidae,,Saimiri,,,,SEMA-Acre,Animalia,Parque Nacional da Serra do Divisor,,,,,2010-03-08T13:53:12,,,Livro: The status of conservation areas in the Brasilian Amazon - Rylands A.B. 1991,Primates,,,,,,,,Saimiri sciureus,,,sciureus,Acre,,-7.50611111111111,-73.7013888888889,,
,S,8124,Mammalia,ZEE_MAM,213,,,Brasil,,,,-7.45,-73.6,-7.45,-73.6,Cebidae,,Saimiri,,,,SEMA-Acre,Animalia,Parque Nacional da Serra do Divisor; Rio Juruá Mirim,,,,,2010-03-08T13:53:12,,,"Artigo: Observations of Callimico goeldii with Saguinus imperator in the Serra do Divisor National Park, Acre, Barzil - Lopes M.A.O.A. - Rehg J.A. 2003",Primates,,,,,,,,Saimiri sciureus,,,sciureus,Acre,,-7.45,-73.6,,
,S,4048,Mammalia,ZEE_MAM,213,,,Brasil,Rio Branco,,,-10.0666666666667,-67.6166666666667,-10.0666666666667,-67.6166666666667,Cebidae,,Saimiri,,,,SEMA-Acre,Animalia,Fazenda Experimental Catuaba; Rioa Acre,,,,,2010-03-08T13:53:12,,,Relatório: Estimativa das densidades das espécies de primatas da Fazenda Experimental Catuaba - Chaves W.A. 1999,Primates,,,,,,,,Saimiri boliviensis,,,boliviensis,Acre,,-10.0666666666667,-67.6166666666667,,
,S,5264,Mammalia,ZEE_MAM,213,,,Brasil,,,,-9.25,-68.725,-9.25,-68.725,Cebidae,,Saimiri,,,,SEMA-Acre,Animalia,,,,,,2010-03-08T13:53:12,,,Dissertação: Caça de subsistência: sustentabilidade e padrões de uso entre seringueiros ribeirinhos e não-ribeirinhos do estado do Acre - Calouro A.M. 1995,Primates,,,,,,,,Saimiri boliviensis,,,boliviensis,Acre,,-9.25,-68.725,,
,S,424,Mammalia,ZEE_MAM,213,,,Brasil,Assis Brasil,,,-11.0333333333333,-70.25,-11.0333333333333,-70.25,Cebidae,,Lagothrix,,,cana,SEMA-Acre,Animalia,ESEC do Rio Acre; Rio Acre,,,,,2010-03-08T13:53:11,,,Livro: The status of conservation areas in the Brasilian Amazon - Rylands A.B. 1991,Primates,,,,,,,,Lagothrix lagotricha cana,,,lagotricha,Acre,,-11.0333333333333,-70.25,,
,S,620,Mammalia,ZEE_MAM,213,,,Brasil,Rio Branco,,,-9.96666666666667,-67.8,-9.96666666666667,-67.8,Cebidae,,Saimiri,,,,SEMA-Acre,Animalia,Bairro 2º Distrito; Rio Acre,,,,,2010-03-08T13:53:12,,,Monografia: Levantamento preliminar de primatas cadastrados pelo IBAMA no município de Rio Branco - AC - Nóbrega M.F. 1997,Primates,,,,,,,,Saimiri boliviensis,,,boliviensis,Acre,,-9.96666666666667,-67.8,,
,S,624,Mammalia,ZEE_MAM,213,,,Brasil,Bujari,,,-9.33333333333333,-68.25,-9.33333333333333,-68.25,Cebidae,,Saimiri,,,,SEMA-Acre,Animalia,Floresta Estadual do Antimary; Rio Antimari,,,,,2010-03-08T13:53:12,,,Dissertação: Caça de subsistência: sustentabilidade e padrões de uso entre seringueiros ribeirinhos e não-ribeiinhos do estado do Acre - Calouro A.M. 1995,Primates,,,,,,,,Saimiri boliviensis,,,boliviensis,Acre,,-9.33333333333333,-68.25,,
,S,642,Mammalia,ZEE_MAM,213,,,Brasil,Rio Branco,,,-10.0927777777778,-68.0,-10.0927777777778,-68.0,Cebidae,,Saimiri,,,,SEMA-Acre,Animalia,Fazenda Boa União; Rio Acre,,,,,2010-03-08T13:53:12,,,Dissertação: Caça de subsistência: sustentabilidade e padrões de uso entre seringueiros ribeirinhos e não-ribeiinhos do estado do Acre - Calouro A.M. 1995,Primates,,,,,,,,Saimiri boliviensis,,,boliviensis,Acre,,-10.0927777777778,-68.0,,
,S,652,Mammalia,ZEE_MAM,213,,,Brasil,Rio Branco,,,-10.1333333333333,-67.5833333333333,-10.1333333333333,-67.5833333333333,Cebidae,,Saimiri,,,,SEMA-Acre,Animalia,Parque Ambiental Chico Mendes; Rioa Acre,,,,,2010-03-08T13:53:12,,,Relatório: Enriquecimento de capoeiras com espécies vegetais utilizadas por primatas - Silva M.C.R. 1998,Primates,,,,,,,,Saimiri boliviensis,,,boliviensis,Acre,,-10.1333333333333,-67.5833333333333,,
,S,7078,Mammalia,ZEE_MAM,213,,,Brasil,,,,-10.4569444444444,-68.8602777777778,-10.4569444444444,-68.8602777777778,Cebidae,,Saimiri,,,,SEMA-Acre,Animalia,Trilha Itapissuma,,,,,2010-03-08T13:53:12,,,Não publicado: A caça de Subsistência na Reserva Extrativista Chico Mendes/AC: caracterização- consumo e estratégias de caça. - Medeiros M.F.S.T. 1999,Primates,,,,,,,,Saimiri boliviensis,,,boliviensis,Acre,,-10.4569444444444,-68.8602777777778,,
,S,8143,Mammalia,ZEE_MAM,213,,,Brasil,Bujari,,,-9.53333333333333,-68.0333333333333,-9.53333333333333,-68.0333333333333,Cebidae,,Saimiri,,,,SEMA-Acre,Animalia,Floresta Estadual do Antimary; Rio Antimari,,,,,2010-03-08T13:53:12,,,"Artigo: Caracterização de habitats para monitoramento de primatas na Floresta Estadual de Antimary (Acre, Brasil) - Calouro A.M. - Pires J.S.R. 2004",Primates,,,,,,,,Saimiri boliviensis,,,boliviensis,Acre,,-9.53333333333333,-68.0333333333333,,
,S,1069,Mammalia,ZEE_MAM,213,,178429,Brasil,Rio Branco,,,-9.97512,-67.810478,-9.97512,-67.810478,Cebidae,,Saimiri,,,,SEMA-Acre,Animalia,Estrada Dias Martins- km 13- ramal lado direito (2 km); Rio Acre,,,,,2010-03-08T13:53:12,,,Monografia: Distribuição de primatas não-humanos no Estado do Acre e vizinhanças: um estudo preliminar - Fernandes M.C.A.G. 1990,Primates,,,,,,,,Saimiri boliviensis,,,boliviensis,Acre,,0.0,0.0,,
,S,1071,Mammalia,ZEE_MAM,213,,,Brasil,,,,-9.31666666666667,-71.9,-9.31666666666667,-71.9,Cebidae,,Saimiri,,,,SEMA-Acre,Animalia,Terra Indígena Kaxinawá; Alto Purus,,,,,2010-03-08T13:53:12,,,Monografia: Distribuição de primatas não-humanos no Estado do Acre e vizinhanças: um estudo preliminar - Fernandes M.C.A.G. 1990,Primates,,,,,,,,Saimiri boliviensis,,,boliviensis,Acre,,-9.31666666666667,-71.9,,
,S,1072,Mammalia,ZEE_MAM,213,,170168,Brasil,Tarauacá,,,-8.161779,-70.766041,-8.161779,-70.766041,Cebidae,,Saimiri,,,,SEMA-Acre,Animalia,Terra Indígena; Rio Gregório,,,,,2010-03-08T13:53:12,,,Monografia: Distribuição de primatas não-humanos no Estado do Acre e vizinhanças: um estudo preliminar - Fernandes M.C.A.G. 1990,Primates,,,,,,,,Saimiri boliviensis,,,boliviensis,Acre,,0.0,0.0,,
,S,1140,Mammalia,ZEE_MAM,213,,,Brasil,Feijó,,,-9.52305555555555,-71.6638888888889,-9.52305555555555,-71.6638888888889,Cebidae,,Saimiri,,,,SEMA-Acre,Animalia,Terra Indígena Kampa do Rio Envira; Rio Envira,,,,,2010-03-08T13:53:12,,,Relatório: Análise ambiental complementar sobre a terra indígena Kampa e isolados do Rio Envira - Ferreira L.A. 1996,Primates,,,,,,,,Saimiri boliviensis,,,boliviensis,Acre,,-9.52305555555555,-71.6638888888889,,
,S,3971,Mammalia,ZEE_MAM,213,,,Brasil,Cruzeiro do Sul,,,-7.43166666666667,-73.6611111111111,-7.43166666666667,-73.6611111111111,Cebidae,,Pithecia,,,,SEMA-Acre,Animalia,Parque Nacional da Serra do Divisor,,,,,2010-03-08T13:53:12,,,"Artigo : Riqueza de mamíferos de grande e médio porte do Parque Nacional da Serra do Divisor (Acre, Brasil) - Calouro A.M. 1999",Primates,,,,,,,,Pithecia monachus,,,monachus,Acre,,-7.43166666666667,-73.6611111111111,,
,S,3974,Mammalia,ZEE_MAM,213,,,Brasil,Cruzeiro do Sul,,,-8.87527777777778,-72.7819444444444,-8.87527777777778,-72.7819444444444,Cebidae,,Pithecia,,,,SEMA-Acre,Animalia,Parque Nacional da Serra do Divisor,,,,,2010-03-08T13:53:12,,,"Artigo : Riqueza de mamíferos de grande e médio porte do Parque Nacional da Serra do Divisor (Acre, Brasil) - Calouro A.M. 1999",Primates,,,,,,,,Pithecia monachus,,,monachus,Acre,,-8.87527777777778,-72.7819444444444,,
,S,8128,Mammalia,ZEE_MAM,213,,,Brasil,,,,-7.45,-73.6,-7.45,-73.6,Cebidae,,Pithecia,,,,SEMA-Acre,Animalia,Parque Nacional da Serra do Divisor; Rio Juruá Mirim,,,,,2010-03-08T13:53:12,,,"Artigo: Observations of Callimico goeldii with Saguinus imperator in the Serra do Divisor National Park, Acre, Barzil - Lopes M.A.O.A. - Rehg J.A. 2003",Primates,,,,,,,,Pithecia monachus,,,monachus,Acre,,-7.45,-73.6,,
,S,528,Mammalia,ZEE_MAM,213,,,Brasil,Cruzeiro do Sul,,,-7.45888888888889,-73.7744444444444,-7.45888888888889,-73.7744444444444,Cebidae,,Pithecia,,,monachus,SEMA-Acre,Animalia,Parque Nacional da Serra do Divisor,,,,,2010-03-08T13:53:12,,,"Artigo : Riqueza de mamíferos de grande e médio porte do Parque Nacional da Serra do Divisor (Acre, Brasil) - Calouro A.M. 1999",Primates,,,,,,,,Pithecia monachus monachus,,,monachus,Acre,,-7.45888888888889,-73.7744444444444,,
,S,1043,Mammalia,ZEE_MAM,213,,,Brasil,Rio Branco,,,-9.96666666666667,-67.8,-9.96666666666667,-67.8,Cebidae,,Saimiri,,,,SEMA-Acre,Animalia,Rio Branco; Rioa Acre,,,,,2010-03-08T13:53:12,,,Monografia: Distribuição de primatas não-humanos no Estado do Acre e vizinhanças: um estudo preliminar - Fernandes M.C.A.G. 1990,Primates,,,,,,,,Saimiri boliviensis,,,boliviensis,Acre,,-9.96666666666667,-67.8,,
,S,4050,Mammalia,ZEE_MAM,213,,,Brasil,Rio Branco,,,-10.0666666666667,-67.6166666666667,-10.0666666666667,-67.6166666666667,Cebidae,,Pithecia,,,,SEMA-Acre,Animalia,Fazenda Experimental Catuaba; Rioa Acre,,,,,2010-03-08T13:53:12,,,Relatório: Estimativa das densidades das espécies de primatas da Fazenda Experimental Catuaba - Chaves W.A. 1999,Primates,,,,,,,,Pithecia irrorata,,,irrorata,Acre,,-10.0666666666667,-67.6166666666667,,
,S,606,Mammalia,ZEE_MAM,213,,,Brasil,Rio Branco,,,-9.96666666666667,-67.8,-9.96666666666667,-67.8,Cebidae,,Pithecia,,,,SEMA-Acre,Animalia,Bairro 6 de Agosto; Rio Acre,,,,,2010-03-08T13:53:12,,,Monografia: Levantamento preliminar de primatas cadastrados pelo IBAMA no município de Rio Branco - AC - Nóbrega M.F. 1997,Primates,,,,,,,,Pithecia irrorata,,,irrorata,Acre,,-9.96666666666667,-67.8,,
,S,628,Mammalia,ZEE_MAM,213,,,Brasil,Bujari,,,-9.33333333333333,-68.25,-9.33333333333333,-68.25,Cebidae,,Pithecia,,,,SEMA-Acre,Animalia,Floresta Estadual do Antimary; Rio Antimari,,,,,2010-03-08T13:53:12,,,Dissertação: Caça de subsistência: sustentabilidade e padrões de uso entre seringueiros ribeirinhos e não-ribeiinhos do estado do Acre - Calouro A.M. 1995,Primates,,,,,,,,Pithecia irrorata,,,irrorata,Acre,,-9.33333333333333,-68.25,,
,S,6983,Mammalia,ZEE_MAM,213,,,Brasil,,,,-10.4258333333333,-68.8611111111111,-10.4258333333333,-68.8611111111111,Cebidae,,Pithecia,,,,SEMA-Acre,Animalia,Trilha Pincel,,,,,2010-03-08T13:53:12,,,Não publicado: A caça de Subsistência na Reserva Extrativista Chico Mendes/AC: caracterização- consumo e estratégias de caça. - Medeiros M.F.S.T. 1999,Primates,,,,,,,,Pithecia irrorata,,,irrorata,Acre,,-10.4258333333333,-68.8611111111111,,
,S,7012,Mammalia,ZEE_MAM,213,,,Brasil,,,,-10.3969444444444,-68.8611111111111,-10.3969444444444,-68.8611111111111,Cebidae,,Pithecia,,,,SEMA-Acre,Animalia,Trilha Venezuela,,,,,2010-03-08T13:53:12,,,Não publicado: A caça de Subsistência na Reserva Extrativista Chico Mendes/AC: caracterização- consumo e estratégias de caça. - Medeiros M.F.S.T. 1999,Primates,,,,,,,,Pithecia irrorata,,,irrorata,Acre,,-10.3969444444444,-68.8611111111111,,
,S,7041,Mammalia,ZEE_MAM,213,,,Brasil,,,,-10.5397222222222,-68.8563888888889,-10.5397222222222,-68.8563888888889,Cebidae,,Pithecia,,,,SEMA-Acre,Animalia,Trilha Bom Levar,,,,,2010-03-08T13:53:12,,,Não publicado: A caça de Subsistência na Reserva Extrativista Chico Mendes/AC: caracterização- consumo e estratégias de caça. - Medeiros M.F.S.T. 1999,Primates,,,,,,,,Pithecia irrorata,,,irrorata,Acre,,-10.5397222222222,-68.8563888888889,,
,S,7070,Mammalia,ZEE_MAM,213,,,Brasil,,,,-10.4569444444444,-68.8602777777778,-10.4569444444444,-68.8602777777778,Cebidae,,Pithecia,,,,SEMA-Acre,Animalia,Trilha Itapissuma,,,,,2010-03-08T13:53:12,,,Não publicado: A caça de Subsistência na Reserva Extrativista Chico Mendes/AC: caracterização- consumo e estratégias de caça. - Medeiros M.F.S.T. 1999,Primates,,,,,,,,Pithecia irrorata,,,irrorata,Acre,,-10.4569444444444,-68.8602777777778,,
,S,8127,Mammalia,ZEE_MAM,213,,,Brasil,,,,-7.45,-73.6,-7.45,-73.6,Cebidae,,Pithecia,,,,SEMA-Acre,Animalia,Parque Nacional da Serra do Divisor; Rio Juruá Mirim,,,,,2010-03-08T13:53:12,,,"Artigo: Observations of Callimico goeldii with Saguinus imperator in the Serra do Divisor National Park, Acre, Barzil - Lopes M.A.O.A. - Rehg J.A. 2003",Primates,,,,,,,,Pithecia irrorata,,,irrorata,Acre,,-7.45,-73.6,,
,S,8146,Mammalia,ZEE_MAM,213,,,Brasil,Bujari,,,-9.53333333333333,-68.0333333333333,-9.53333333333333,-68.0333333333333,Cebidae,,Pithecia,,,,SEMA-Acre,Animalia,Floresta Estadual do Antimary; Rio Antimari,,,,,2010-03-08T13:53:12,,,"Artigo: Caracterização de habitats para monitoramento de primatas na Floresta Estadual de Antimary (Acre, Brasil) - Calouro A.M. - Pires J.S.R. 2004",Primates,,,,,,,,Pithecia irrorata,,,irrorata,Acre,,-9.53333333333333,-68.0333333333333,,
,S,8333,Mammalia,ZEE_MAM,213,,178429,Brasil,Rio Branco,,,-9.97512,-67.810478,-9.97512,-67.810478,Cebidae,,Pithecia,,,,SEMA-Acre,Animalia,Rio Branco (Estrada de Xapuri); Rioa Acre,,,,,2010-03-08T13:53:12,,,"Artigo: Malária simiana no Estado do Acre, Brasil: Encontro de macacos zogue-zogue, Callicebus moloch cupreus, infetados com Plasmodium brasilianum - Ferreira Neto J.A.- Deane L.M. - Almeida F.B. 1972",Primates,,,,,,,,Pithecia irrorata,,,irrorata,Acre,,0.0,0.0,,
,S,8344,Mammalia,ZEE_MAM,213,,75100,Brasil,Xapuri,,,-10.652065,-68.504925,-10.652065,-68.504925,Cebidae,,Pithecia,,,,SEMA-Acre,Animalia,Seringais Macuripe e Nova Vida,,,,,2010-03-08T13:53:12,,,"Artigo: Malária simiana no Estado do Acre, Brasil: Encontro de macacos zogue-zogue, Callicebus moloch cupreus, infetados com Plasmodium brasilianum - Ferreira Neto J.A.- Deane L.M. - Almeida F.B. 1972",Primates,,,,,,,,Pithecia irrorata,,,irrorata,Acre,,0.0,0.0,,
,S,421,Mammalia,ZEE_MAM,213,,,Brasil,Assis Brasil,,,-11.0333333333333,-70.25,-11.0333333333333,-70.25,Cebidae,,Pithecia,,,irrorata,SEMA-Acre,Animalia,ESEC do Rio Acre; Rio Acre,,,,,2010-03-08T13:53:12,,,Livro: The status of conservation areas in the Brasilian Amazon - Rylands A.B. 1991,Primates,,,,,,,,Pithecia irrorata irrorata,,,irrorata,Acre,,-11.0333333333333,-70.25,,
,S,8207,Mammalia,ZEE_MAM,213,,,Brasil,,,,-8.66666666666667,-72.7833333333333,-8.66666666666667,-72.7833333333333,Cebidae,,Pithecia,,,vanzolinii,SEMA-Acre,Animalia,,,,,,2010-03-08T13:53:12,,,Artigo: Primate community structure at twenty western Amazonian flooded and unflooded forests - Peres C.A. 1997,Primates,,,,,,,,Pithecia irrorata vanzolinii,,,irrorata,Acre,,-8.66666666666667,-72.7833333333333,,
,S,1007,Mammalia,ZEE_MAM,213,,,Brasil,Xapuri,,,-10.65,-68.5166666666667,-10.65,-68.5166666666667,Cebidae,,Pithecia,,,,SEMA-Acre,Animalia,,,,,,2010-03-08T13:53:11,,,Monografia: Distribuição de primatas não-humanos no Estado do Acre e vizinhanças: um estudo preliminar - Fernandes M.C.A.G. 1990,Primates,,,,,,,,Pithecia irrorata,,,irrorata,Acre,,-10.65,-68.5166666666667,,
,S,1031,Mammalia,ZEE_MAM,213,,58663,Brasil,Plácido de Castro,,,-10.335677,-67.186032,-10.335677,-67.186032,Cebidae,,Pithecia,,,,SEMA-Acre,Animalia,Propriedade rural- AC-401- km 6- ramal lado esquerdo (1 km),,,,,2010-03-08T13:53:12,,,Monografia: Distribuição de primatas não-humanos no Estado do Acre e vizinhanças: um estudo preliminar - Fernandes M.C.A.G. 1990,Primates,,,,,,,,Pithecia irrorata,,,irrorata,Acre,,0.0,0.0,,
,S,1032,Mammalia,ZEE_MAM,213,,178429,Brasil,Rio Branco,,,-9.97512,-67.810478,-9.97512,-67.810478,Cebidae,,Pithecia,,,,SEMA-Acre,Animalia,Estrada Dias Martins- km 12- lado esquerdo; Rioa Acre,,,,,2010-03-08T13:53:12,,,Monografia: Distribuição de primatas não-humanos no Estado do Acre e vizinhanças: um estudo preliminar - Fernandes M.C.A.G. 1990,Primates,,,,,,,,Pithecia irrorata,,,irrorata,Acre,,0.0,0.0,,
,S,1033,Mammalia,ZEE_MAM,213,,178429,Brasil,Rio Branco,,,-9.97512,-67.810478,-9.97512,-67.810478,Cebidae,,Pithecia,,,,SEMA-Acre,Animalia,Estrada Dias Martins- km 13- lado direito (3 km); Rio Acre,,,,,2010-03-08T13:53:12,,,Monografia: Distribuição de primatas não-humanos no Estado do Acre e vizinhanças: um estudo preliminar - Fernandes M.C.A.G. 1990,Primates,,,,,,,,Pithecia irrorata,,,irrorata,Acre,,0.0,0.0,,
,S,1037,Mammalia,ZEE_MAM,213,,124133,Brasil,Cruzeiro do Sul,,,-7.631498,-72.67049,-7.631498,-72.67049,Cebidae,,Pithecia,,,,SEMA-Acre,Animalia,Seringal República; Rio Moa,,,,,2010-03-08T13:53:12,,,Monografia: Distribuição de primatas não-humanos no Estado do Acre e vizinhanças: um estudo preliminar - Fernandes M.C.A.G. 1990,Primates,,,,,,,,Pithecia irrorata,,,irrorata,Acre,,0.0,0.0,,
,S,1042,Mammalia,ZEE_MAM,213,,,Brasil,,,,-9.71666666666667,-67.55,-9.71666666666667,-67.55,Cebidae,,Pithecia,,,,SEMA-Acre,Animalia,Projeto Humaitá,,,,,2010-03-08T13:53:12,,,Monografia: Distribuição de primatas não-humanos no Estado do Acre e vizinhanças: um estudo preliminar - Fernandes M.C.A.G. 1990,Primates,,,,,,,,Pithecia irrorata,,,irrorata,Acre,,-9.71666666666667,-67.55,,
,S,215,Mammalia,ZEE_MAM,213,,,Brasil,,,,-9.25,-68.725,-9.25,-68.725,Cebidae,,Pithecia,,,,SEMA-Acre,Animalia,Rio Iaco; Rio Iaco,,,,,2010-03-08T13:53:12,,,Relatório: Caracterização da fauna da bacia do Rio Branco/ Acre - Alho C.J.R. 1990,Primates,,,,,,,,Pithecia irrorata,,,irrorata,Acre,,-9.25,-68.725,,
,S,1006,Mammalia,ZEE_MAM,213,,,Brasil,Rio Branco,,,-9.96666666666667,-67.8,-9.96666666666667,-67.8,Cebidae,,Pithecia,,,,SEMA-Acre,Animalia,Rio Branco; Rioa Acre,,,,,2010-03-08T13:53:11,,,Monografia: Distribuição de primatas não-humanos no Estado do Acre e vizinhanças: um estudo preliminar - Fernandes M.C.A.G. 1990,Primates,,,,,,,,Pithecia irrorata,,,irrorata,Acre,,-9.96666666666667,-67.8,,
,S,1010,Mammalia,ZEE_MAM,213,,178429,Brasil,Rio Branco,,,-9.97512,-67.810478,-9.97512,-67.810478,Cebidae,,Pithecia,,,,SEMA-Acre,Animalia,Localidade Barro Vermelho; Rioa Acre,,,,,2010-03-08T13:53:11,,,Monografia: Distribuição de primatas não-humanos no Estado do Acre e vizinhanças: um estudo preliminar - Fernandes M.C.A.G. 1990,Primates,,,,,,,,Pithecia irrorata,,,irrorata,Acre,,0.0,0.0,,
,S,1011,Mammalia,ZEE_MAM,213,,178429,Brasil,Rio Branco,,,-9.97512,-67.810478,-9.97512,-67.810478,Cebidae,,Pithecia,,,,SEMA-Acre,Animalia,Vila Bujari; Rioa Acre,,,,,2010-03-08T13:53:11,,,Monografia: Distribuição de primatas não-humanos no Estado do Acre e vizinhanças: um estudo preliminar - Fernandes M.C.A.G. 1990,Primates,,,,,,,,Pithecia irrorata,,,irrorata,Acre,,0.0,0.0,,
,S,172,Mammalia,ZEE_MAM,213,,,Brasil,Assis Brasil,,,-11.0333333333333,-70.25,-11.0333333333333,-70.25,Cebidae,,Lagothrix,,,cana,SEMA-Acre,Animalia,ESEC do Rio Acre; Rio Acre,,,,,2010-03-08T13:53:11,,,Artigo: Conservation areas protecting primates in Brasilian Amazonia - Rylands A.B. 1985,Primates,,,,,,,,Lagothrix lagotricha cana,,,lagotricha,Acre,,-11.0333333333333,-70.25,,
,S,499,Mammalia,ZEE_MAM,213,,,Brasil,Assis Brasil,,,-11.0333333333333,-70.25,-11.0333333333333,-70.25,Cebidae,,Lagothrix,,,cana,SEMA-Acre,Animalia,ESEC do Rio Acre; Rio Acre,,,,,2010-03-08T13:53:11,,,Livro: Livro vermelho dos mamíferos brasileiros ameaçados de extinção - Fonseca G.A.B.- Rylands A.B.- Costa C.M.R.- Machado R.B. - Leite Y.L.R. 1994,Primates,,,,,,,,Lagothrix lagotricha cana,,,lagotricha,Acre,,-11.0333333333333,-70.25,,
,S,501,Mammalia,ZEE_MAM,213,,,Brasil,Cruzeiro do Sul,,,-7.50611111111111,-73.7013888888889,-7.50611111111111,-73.7013888888889,Cebidae,,Lagothrix,,,poeppigii,SEMA-Acre,Animalia,Parque Nacional da Serra do Divisor,,,,,2010-03-08T13:53:11,,,Livro: Livro vermelho dos mamíferos brasileiros ameaçados de extinção - Fonseca G.A.B.- Rylands A.B.- Costa C.M.R.- Machado R.B. - Leite Y.L.R. 1994,Primates,,,,,,,,Lagothrix lagotricha poeppigii,,,lagotricha,Acre,,-7.50611111111111,-73.7013888888889,,
,S,564,Mammalia,ZEE_MAM,213,,,Brasil,Cruzeiro do Sul,,,-7.43166666666667,-73.6611111111111,-7.43166666666667,-73.6611111111111,Cebidae,,Lagothrix,,,poeppigii,SEMA-Acre,Animalia,Parque Nacional da Serra do Divisor; Igarapé Anil,,,,,2010-03-08T13:53:11,,,"Artigo : Riqueza de mamíferos de grande e médio porte do Parque Nacional da Serra do Divisor (Acre, Brasil) - Calouro A.M. 1999",Primates,,,,,,,,Lagothrix lagotricha poeppigii,,,lagotricha,Acre,,-7.43166666666667,-73.6611111111111,,
,S,565,Mammalia,ZEE_MAM,213,,,Brasil,Cruzeiro do Sul,,,-8.55833333333333,-72.8833333333333,-8.55833333333333,-72.8833333333333,Cebidae,,Lagothrix,,,poeppigii,SEMA-Acre,Animalia,Parque Nacional da Serra do Divisor; Igarapé Anil,,,,,2010-03-08T13:53:11,,,"Artigo : Riqueza de mamíferos de grande e médio porte do Parque Nacional da Serra do Divisor (Acre, Brasil) - Calouro A.M. 1999",Primates,,,,,,,,Lagothrix lagotricha poeppigii,,,lagotricha,Acre,,-8.55833333333333,-72.8833333333333,,
,S,8513,Mammalia,ZEE_MAM,213,,,Brasil,Mâncio Lima,,,-7.38333333333333,-73.2666666666667,-7.38333333333333,-73.2666666666667,Cebidae,,Lagothrix,,,poeppigii,SEMA-Acre,Animalia,Seringal São Salvador; Rio Moa,,,,,2010-03-08T13:53:11,,,Livro: A fauna silvestre e as práticas de caça - Fragoso J.M.V- Santos M.C.- Nascimento V.M.L 2002,Primates,,,,,,,,Lagothrix lagotricha poeppigii,,,lagotricha,Acre,,-7.38333333333333,-73.2666666666667,,
,S,1003,Mammalia,ZEE_MAM,213,,,Brasil,,,,-8.82916666666667,-72.775,-8.82916666666667,-72.775,Cebidae,,Pithecia,,,,SEMA-Acre,Animalia,Seringal Oriente,,,,,2010-03-08T13:53:11,,,Monografia: Distribuição de primatas não-humanos no Estado do Acre e vizinhanças: um estudo preliminar - Fernandes M.C.A.G. 1990,Primates,,,,,,,,Pithecia irrorata,,,irrorata,Acre,,-8.82916666666667,-72.775,,
,S,594,Mammalia,ZEE_MAM,213,,,Brasil,Rio Branco,,,-9.96666666666667,-67.8,-9.96666666666667,-67.8,Cebidae,,Lagothrix,,,,SEMA-Acre,Animalia,Bairro Taquari; Rioa Acre,,,,,2010-03-08T13:53:11,,,Monografia: Levantamento preliminar de primatas cadastrados pelo IBAMA no município de Rio Branco - AC - Nóbrega M.F. 1997,Primates,,,,,,,,Lagothrix lagotricha,,,lagotricha,Acre,,-9.96666666666667,-67.8,,
,S,8133,Mammalia,ZEE_MAM,213,,,Brasil,,,,-7.45,-73.6,-7.45,-73.6,Cebidae,,Lagothrix,,,,SEMA-Acre,Animalia,Parque Nacional da Serra do Divisor; Rio Juruá Mirim,,,,,2010-03-08T13:53:11,,,"Artigo: Observations of Callimico goeldii with Saguinus imperator in the Serra do Divisor National Park, Acre, Barzil - Lopes M.A.O.A. - Rehg J.A. 2003",Primates,,,,,,,,Lagothrix lagotricha,,,lagotricha,Acre,,-7.45,-73.6,,
,S,8367,Mammalia,ZEE_MAM,213,,124133,Brasil,Cruzeiro do Sul,,,-7.631498,-72.67049,-7.631498,-72.67049,Cebidae,,Lagothrix,,,,SEMA-Acre,Animalia,Seringal Aquidabã; Rio Moa,,,,,2010-03-08T13:53:11,,,"Artigo: Novos hospedeiros do Plasmodium brasilianum no Estado do Acre, Brasil: o uacari Cacajao rubicundus rubicundus, o guariba Alouatta seniculus seniculus e o macaco barrigudo Lagothrix lagothrix poeppigii - Ferreira Neto J.A. - Deane L.M. 1973",Primates,,,,,,,,Lagothrix lagotricha,,,lagotricha,Acre,,0.0,0.0,,
,S,8373,Mammalia,ZEE_MAM,213,,124133,Brasil,Cruzeiro do Sul,,,-7.631498,-72.67049,-7.631498,-72.67049,Cebidae,,Lagothrix,,,,SEMA-Acre,Animalia,Rio Juruá-Mirim; Rio Juruá-Mirim,,,,,2010-03-08T13:53:11,,,"Artigo: Novos hospedeiros do Plasmodium brasilianum no Estado do Acre, Brasil: o uacari Cacajao rubicundus rubicundus, o guariba Alouatta seniculus seniculus e o macaco barrigudo Lagothrix lagothrix poeppigii - Ferreira Neto J.A. - Deane L.M. 1973",Primates,,,,,,,,Lagothrix lagotricha,,,lagotricha,Acre,,0.0,0.0,,
,S,8374,Mammalia,ZEE_MAM,213,,124133,Brasil,Cruzeiro do Sul,,,-7.631498,-72.67049,-7.631498,-72.67049,Cebidae,,Lagothrix,,,,SEMA-Acre,Animalia,Alto Juruá; Alto Rio Juruá,,,,,2010-03-08T13:53:11,,,"Artigo: Novos hospedeiros do Plasmodium brasilianum no Estado do Acre, Brasil: o uacari Cacajao rubicundus rubicundus, o guariba Alouatta seniculus seniculus e o macaco barrigudo Lagothrix lagothrix poeppigii - Ferreira Neto J.A. - Deane L.M. 1973",Primates,,,,,,,,Lagothrix lagotricha,,,lagotricha,Acre,,0.0,0.0,,
,S,996,Mammalia,ZEE_MAM,213,,124133,Brasil,Cruzeiro do Sul,,,-7.631498,-72.67049,-7.631498,-72.67049,Cebidae,,Lagothrix,,,,SEMA-Acre,Animalia,Seringal República; Rio Moa,,,,,2010-03-08T13:53:11,,,Monografia: Distribuição de primatas não-humanos no Estado do Acre e vizinhanças: um estudo preliminar - Fernandes M.C.A.G. 1990,Primates,,,,,,,,Lagothrix lagotricha,,,lagotricha,Acre,,0.0,0.0,,
,S,8144,Mammalia,ZEE_MAM,213,,,Brasil,Bujari,,,-9.53333333333333,-68.0333333333333,-9.53333333333333,-68.0333333333333,Cebidae,,Cebus,,,,SEMA-Acre,Animalia,Floresta Estadual do Antimary; Rio Antimari,,,,,2010-03-08T13:53:04,,,"Artigo: Caracterização de habitats para monitoramento de primatas na Floresta Estadual de Antimary (Acre, Brasil) - Calouro A.M. - Pires J.S.R. 2004",Primates,,,,,,,,Cebus apella,,,apella,Acre,,-9.53333333333333,-68.0333333333333,,
,S,8219,Mammalia,ZEE_MAM,213,,,Brasil,,,,-8.36666666666667,-72.8166666666667,-8.36666666666667,-72.8166666666667,Cebidae,,Cebus,,,,SEMA-Acre,Animalia,,,,,,2010-03-08T13:53:04,,,Artigo: Primate community structure at twenty western Amazonian flooded and unflooded forests - Peres C.A. 1997,Primates,,,,,,,,Cebus apella,,,apella,Acre,,-8.36666666666667,-72.8166666666667,,
,S,8339,Mammalia,ZEE_MAM,213,,282365,Brasil,Sena Madureira,,,-9.065951,-68.657424,-9.065951,-68.657424,Cebidae,,Cebus,,,,SEMA-Acre,Animalia,Seringal Ouro,,,,,2010-03-08T13:53:04,,,"Artigo: Malária simiana no Estado do Acre, Brasil: Encontro de macacos zogue-zogue, Callicebus moloch cupreus, infetados com Plasmodium brasilianum - Ferreira Neto J.A.- Deane L.M. - Almeida F.B. 1972",Primates,,,,,,,,Cebus apella,,,apella,Acre,,0.0,0.0,,
,S,8345,Mammalia,ZEE_MAM,213,,75100,Brasil,Xapuri,,,-10.652065,-68.504925,-10.652065,-68.504925,Cebidae,,Cebus,,,,SEMA-Acre,Animalia,Seringais Macuripe e Nova Vida,,,,,2010-03-08T13:53:04,,,"Artigo: Malária simiana no Estado do Acre, Brasil: Encontro de macacos zogue-zogue, Callicebus moloch cupreus, infetados com Plasmodium brasilianum - Ferreira Neto J.A.- Deane L.M. - Almeida F.B. 1972",Primates,,,,,,,,Cebus apella,,,apella,Acre,,0.0,0.0,,
,S,8358,Mammalia,ZEE_MAM,213,,,Brasil,Cruzeiro do Sul,,,-7.64777777777778,-72.67,-7.64777777777778,-72.67,Cebidae,,Cebus,,,,SEMA-Acre,Animalia,,,,,,2010-03-08T13:53:04,,,"Artigo: Novos hospedeiros do Plasmodium brasilianum no Estado do Acre, Brasil: o uacari Cacajao rubicundus rubicundus, o guariba Alouatta seniculus seniculus e o macaco barrigudo Lagothrix lagothrix poeppigii - Ferreira Neto J.A. - Deane L.M. 1973",Primates,,,,,,,,Cebus apella,,,apella,Acre,,-7.64777777777778,-72.67,,
,S,8372,Mammalia,ZEE_MAM,213,,124133,Brasil,Cruzeiro do Sul,,,-7.631498,-72.67049,-7.631498,-72.67049,Cebidae,,Cebus,,,,SEMA-Acre,Animalia,Vila Japim; Rio Moa,,,,,2010-03-08T13:53:04,,,"Artigo: Novos hospedeiros do Plasmodium brasilianum no Estado do Acre, Brasil: o uacari Cacajao rubicundus rubicundus, o guariba Alouatta seniculus seniculus e o macaco barrigudo Lagothrix lagothrix poeppigii - Ferreira Neto J.A. - Deane L.M. 1973",Primates,,,,,,,,Cebus apella,,,apella,Acre,,0.0,0.0,,
,S,8515,Mammalia,ZEE_MAM,213,,,Brasil,Mâncio Lima,,,-7.38333333333333,-73.2666666666667,-7.38333333333333,-73.2666666666667,Cebidae,,Cebus,,,,SEMA-Acre,Animalia,Seringal São Salvador; Rio Moa,,,,,2010-03-08T13:53:04,,,Livro: A fauna silvestre e as práticas de caça - Fragoso J.M.V- Santos M.C.- Nascimento V.M.L 2002,Primates,,,,,,,,Cebus apella,,,apella,Acre,,-7.38333333333333,-73.2666666666667,,
,S,401,Mammalia,ZEE_MAM,213,,,Brasil,Cruzeiro do Sul,,,-7.50611111111111,-73.7013888888889,-7.50611111111111,-73.7013888888889,Cebidae,,Cebus,,,apella,SEMA-Acre,Animalia,Parque Nacional da Serra do Divisor,,,,,2010-03-08T13:53:04,,,Livro: The status of conservation areas in the Brasilian Amazon - Rylands A.B. 1991,Primates,,,,,,,,Cebus apella apella,,,apella,Acre,,-7.50611111111111,-73.7013888888889,,
,S,419,Mammalia,ZEE_MAM,213,,,Brasil,Assis Brasil,,,-11.0333333333333,-70.25,-11.0333333333333,-70.25,Cebidae,,Cebus,,,apella,SEMA-Acre,Animalia,ESEC do Rio Acre; Rio Acre,,,,,2010-03-08T13:53:04,,,Livro: The status of conservation areas in the Brasilian Amazon - Rylands A.B. 1991,Primates,,,,,,,,Cebus apella apella,,,apella,Acre,,-11.0333333333333,-70.25,,
,S,1135,Mammalia,ZEE_MAM,213,,,Brasil,Feijó,,,-9.52305555555555,-71.6638888888889,-9.52305555555555,-71.6638888888889,Cebidae,,Lagothrix,,,,SEMA-Acre,Animalia,Terra Indígena Kampa do Rio Envira; Rio Envira,,,,,2010-03-08T13:53:04,,,Relatório: Análise ambiental complementar sobre a terra indígena Kampa e isolados do Rio Envira - Ferreira L.A. 1996,Primates,,,,,,,,Lagothrix lagotricha,,,lagotricha,Acre,,-9.52305555555555,-71.6638888888889,,
,S,3930,Mammalia,ZEE_MAM,213,,,Brasil,Cruzeiro do Sul,,,-8.87527777777778,-72.7819444444444,-8.87527777777778,-72.7819444444444,Cebidae,,Cebus,,,,SEMA-Acre,Animalia,Parque Nacional da Serra do Divisor,,,,,2010-03-08T13:53:04,,,"Artigo : Riqueza de mamíferos de grande e médio porte do Parque Nacional da Serra do Divisor (Acre, Brasil) - Calouro A.M. 1999",Primates,,,,,,,,Cebus apella,,,apella,Acre,,-8.87527777777778,-72.7819444444444,,
,S,5268,Mammalia,ZEE_MAM,213,,,Brasil,,,,-9.25,-68.725,-9.25,-68.725,Cebidae,,Cebus,,,,SEMA-Acre,Animalia,,,,,,2010-03-08T13:53:04,,,Dissertação: Caça de subsistência: sustentabilidade e padrões de uso entre seringueiros ribeirinhos e não-ribeirinhos do estado do Acre - Calouro A.M. 1995,Primates,,,,,,,,Cebus apella,,,apella,Acre,,-9.25,-68.725,,
,S,5269,Mammalia,ZEE_MAM,213,,,Brasil,,,,-10.0927777777778,-68.0,-10.0927777777778,-68.0,Cebidae,,Cebus,,,,SEMA-Acre,Animalia,,,,,,2010-03-08T13:53:04,,,Dissertação: Caça de subsistência: sustentabilidade e padrões de uso entre seringueiros ribeirinhos e não-ribeirinhos do estado do Acre - Calouro A.M. 1995,Primates,,,,,,,,Cebus apella,,,apella,Acre,,-10.0927777777778,-68.0,,
,S,599,Mammalia,ZEE_MAM,213,,,Brasil,Rio Branco,,,-9.96666666666667,-67.8,-9.96666666666667,-67.8,Cebidae,,Cebus,,,,SEMA-Acre,Animalia,Bairro Taquari; Rioa Acre,,,,,2010-03-08T13:53:04,,,Monografia: Levantamento preliminar de primatas cadastrados pelo IBAMA no município de Rio Branco - AC - Nóbrega M.F. 1997,Primates,,,,,,,,Cebus apella,,,apella,Acre,,-9.96666666666667,-67.8,,
,S,608,Mammalia,ZEE_MAM,213,,,Brasil,Rio Branco,,,-9.96666666666667,-67.8,-9.96666666666667,-67.8,Cebidae,,Cebus,,,,SEMA-Acre,Animalia,Bairro Adalberto Sena; Rio Acre,,,,,2010-03-08T13:53:04,,,Monografia: Levantamento preliminar de primatas cadastrados pelo IBAMA no município de Rio Branco - AC - Nóbrega M.F. 1997,Primates,,,,,,,,Cebus apella,,,apella,Acre,,-9.96666666666667,-67.8,,
,S,609,Mammalia,ZEE_MAM,213,,,Brasil,Rio Branco,,,-9.96666666666667,-67.8,-9.96666666666667,-67.8,Cebidae,,Cebus,,,,SEMA-Acre,Animalia,Bairro Capoeira; Rioa Acre,,,,,2010-03-08T13:53:04,,,Monografia: Levantamento preliminar de primatas cadastrados pelo IBAMA no município de Rio Branco - AC - Nóbrega M.F. 1997,Primates,,,,,,,,Cebus apella,,,apella,Acre,,-9.96666666666667,-67.8,,
,S,610,Mammalia,ZEE_MAM,213,,,Brasil,Rio Branco,,,-9.96666666666667,-67.8,-9.96666666666667,-67.8,Cebidae,,Cebus,,,,SEMA-Acre,Animalia,Bairro da Base; Rioa Acre,,,,,2010-03-08T13:53:04,,,Monografia: Levantamento preliminar de primatas cadastrados pelo IBAMA no município de Rio Branco - AC - Nóbrega M.F. 1997,Primates,,,,,,,,Cebus apella,,,apella,Acre,,-9.96666666666667,-67.8,,
,S,626,Mammalia,ZEE_MAM,213,,,Brasil,Bujari,,,-9.33333333333333,-68.25,-9.33333333333333,-68.25,Cebidae,,Cebus,,,,SEMA-Acre,Animalia,Floresta Estadual do Antimary; Rio Antimari,,,,,2010-03-08T13:53:04,,,Dissertação: Caça de subsistência: sustentabilidade e padrões de uso entre seringueiros ribeirinhos e não-ribeiinhos do estado do Acre - Calouro A.M. 1995,Primates,,,,,,,,Cebus apella,,,apella,Acre,,-9.33333333333333,-68.25,,
,S,644,Mammalia,ZEE_MAM,213,,,Brasil,Rio Branco,,,-10.0927777777778,-68.0,-10.0927777777778,-68.0,Cebidae,,Cebus,,,,SEMA-Acre,Animalia,Fazenda Boa União; Rio Acre,,,,,2010-03-08T13:53:04,,,Dissertação: Caça de subsistência: sustentabilidade e padrões de uso entre seringueiros ribeirinhos e não-ribeiinhos do estado do Acre - Calouro A.M. 1995,Primates,,,,,,,,Cebus apella,,,apella,Acre,,-10.0927777777778,-68.0,,
,S,7019,Mammalia,ZEE_MAM,213,,,Brasil,,,,-10.3969444444444,-68.8611111111111,-10.3969444444444,-68.8611111111111,Cebidae,,Cebus,,,,SEMA-Acre,Animalia,Trilha Venezuela,,,,,2010-03-08T13:53:04,,,Não publicado: A caça de Subsistência na Reserva Extrativista Chico Mendes/AC: caracterização- consumo e estratégias de caça. - Medeiros M.F.S.T. 1999,Primates,,,,,,,,Cebus apella,,,apella,Acre,,-10.3969444444444,-68.8611111111111,,
,S,8125,Mammalia,ZEE_MAM,213,,,Brasil,,,,-7.45,-73.6,-7.45,-73.6,Cebidae,,Cebus,,,,SEMA-Acre,Animalia,Parque Nacional da Serra do Divisor; Rio Juruá Mirim,,,,,2010-03-08T13:53:04,,,"Artigo: Observations of Callimico goeldii with Saguinus imperator in the Serra do Divisor National Park, Acre, Barzil - Lopes M.A.O.A. - Rehg J.A. 2003",Primates,,,,,,,,Cebus apella,,,apella,Acre,,-7.45,-73.6,,
,S,34,Mammalia,ZEE_MAM,213,,,Brasil,,,,-9.41277777777778,-72.7047222222222,-9.41277777777778,-72.7047222222222,Cebidae,,Cebus,,,unicolor,SEMA-Acre,Animalia,Margem direita do Rio Juruá - Ponto 3; Rio Juruá,,,,,2010-03-08T13:53:04,,,Artigo: Notes on the primates of the Juruá River- western Brasilian Amazonia - Peres C.A. 1993,Primates,,,,,,,,Cebus albifrons unicolor,,,albifrons,Acre,,-9.41277777777778,-72.7047222222222,,
,S,402,Mammalia,ZEE_MAM,213,,,Brasil,Cruzeiro do Sul,,,-7.50611111111111,-73.7013888888889,-7.50611111111111,-73.7013888888889,Cebidae,,Cebus,,,unicolor,SEMA-Acre,Animalia,Parque Nacional da Serra do Divisor,,,,,2010-03-08T13:53:04,,,Livro: The status of conservation areas in the Brasilian Amazon - Rylands A.B. 1991,Primates,,,,,,,,Cebus albifrons unicolor,,,albifrons,Acre,,-7.50611111111111,-73.7013888888889,,
,S,515,Mammalia,ZEE_MAM,213,,,Brasil,Cruzeiro do Sul,,,-8.55833333333333,-72.8833333333333,-8.55833333333333,-72.8833333333333,Cebidae,,Cebus,,,unicolor,SEMA-Acre,Animalia,Parque Nacional da Serra do Divisor,,,,,2010-03-08T13:53:04,,,"Artigo : Riqueza de mamíferos de grande e médio porte do Parque Nacional da Serra do Divisor (Acre, Brasil) - Calouro A.M. 1999",Primates,,,,,,,,Cebus albifrons unicolor,,,albifrons,Acre,,-8.55833333333333,-72.8833333333333,,
,S,8220,Mammalia,ZEE_MAM,213,,,Brasil,,,,-8.36666666666667,-72.8166666666667,-8.36666666666667,-72.8166666666667,Cebidae,,Cebus,,,unicolor,SEMA-Acre,Animalia,,,,,,2010-03-08T13:53:04,,,Artigo: Primate community structure at twenty western Amazonian flooded and unflooded forests - Peres C.A. 1997,Primates,,,,,,,,Cebus albifrons unicolor,,,albifrons,Acre,,-8.36666666666667,-72.8166666666667,,
,S,1139,Mammalia,ZEE_MAM,213,,,Brasil,Feijó,,,-9.52305555555555,-71.6638888888889,-9.52305555555555,-71.6638888888889,Cebidae,,Cebus,,,,SEMA-Acre,Animalia,Terra Indígena Kampa do Rio Envira; Rio Envira,,,,,2010-03-08T13:53:04,,,Relatório: Análise ambiental complementar sobre a terra indígena Kampa e isolados do Rio Envira - Ferreira L.A. 1996,Primates,,,,,,,,Cebus apella,,,apella,Acre,,-9.52305555555555,-71.6638888888889,,
,S,1147,Mammalia,ZEE_MAM,213,,,Brasil,Rio Branco,,,-10.0927777777778,-68.0,-10.0927777777778,-68.0,Cebidae,,Cebus,,,,SEMA-Acre,Animalia,Fazenda Boa União; Rio Acre,,,,,2010-03-08T13:53:04,,,Dissertação: A caça de subsistência de extrativistas na Amazônia: sustentabilidade- biodiversidade e extinção de espécies - Martins E. 1993,Primates,,,,,,,,Cebus apella,,,apella,Acre,,-10.0927777777778,-68.0,,
,S,1156,Mammalia,ZEE_MAM,213,,,Brasil,Sena Madureira,,,-9.25,-68.725,-9.25,-68.725,Cebidae,,Cebus,,,,SEMA-Acre,Animalia,Rio Iaco; Rio Iaco,,,,,2010-03-08T13:53:04,,,Dissertação: A caça de subsistência de extrativistas na Amazônia: sustentabilidade- biodiversidade e extinção de espécies - Martins E. 1993,Primates,,,,,,,,Cebus apella,,,apella,Acre,,-9.25,-68.725,,
,S,3924,Mammalia,ZEE_MAM,213,,,Brasil,Cruzeiro do Sul,,,-7.44333333333333,-73.6744444444444,-7.44333333333333,-73.6744444444444,Cebidae,,Cebus,,,,SEMA-Acre,Animalia,Parque Nacional da Serra do Divisor,,,,,2010-03-08T13:53:04,,,"Artigo : Riqueza de mamíferos de grande e médio porte do Parque Nacional da Serra do Divisor (Acre, Brasil) - Calouro A.M. 1999",Primates,,,,,,,,Cebus apella,,,apella,Acre,,-7.44333333333333,-73.6744444444444,,
,S,603,Mammalia,ZEE_MAM,213,,,Brasil,Rio Branco,,,-9.96666666666667,-67.8,-9.96666666666667,-67.8,Cebidae,,Cebus,,,,SEMA-Acre,Animalia,Bairro Capoeira; Rioa Acre,,,,,2010-03-08T13:53:04,,,Monografia: Levantamento preliminar de primatas cadastrados pelo IBAMA no município de Rio Branco - AC - Nóbrega M.F. 1997,Primates,,,,,,,,Cebus albifrons,,,albifrons,Acre,,-9.96666666666667,-67.8,,
,S,604,Mammalia,ZEE_MAM,213,,,Brasil,Rio Branco,,,-9.96666666666667,-67.8,-9.96666666666667,-67.8,Cebidae,,Cebus,,,,SEMA-Acre,Animalia,Bairro Taquari; Rioa Acre,,,,,2010-03-08T13:53:04,,,Monografia: Levantamento preliminar de primatas cadastrados pelo IBAMA no município de Rio Branco - AC - Nóbrega M.F. 1997,Primates,,,,,,,,Cebus albifrons,,,albifrons,Acre,,-9.96666666666667,-67.8,,
,S,643,Mammalia,ZEE_MAM,213,,,Brasil,Rio Branco,,,-10.0927777777778,-68.0,-10.0927777777778,-68.0,Cebidae,,Cebus,,,,SEMA-Acre,Animalia,Fazenda Boa União; Rio Acre,,,,,2010-03-08T13:53:04,,,Dissertação: Caça de subsistência: sustentabilidade e padrões de uso entre seringueiros ribeirinhos e não-ribeiinhos do estado do Acre - Calouro A.M. 1995,Primates,,,,,,,,Cebus albifrons,,,albifrons,Acre,,-10.0927777777778,-68.0,,
,S,6984,Mammalia,ZEE_MAM,213,,,Brasil,,,,-10.4258333333333,-68.8611111111111,-10.4258333333333,-68.8611111111111,Cebidae,,Cebus,,,,SEMA-Acre,Animalia,Trilha Pincel,,,,,2010-03-08T13:53:04,,,Não publicado: A caça de Subsistência na Reserva Extrativista Chico Mendes/AC: caracterização- consumo e estratégias de caça. - Medeiros M.F.S.T. 1999,Primates,,,,,,,,Cebus albifrons,,,albifrons,Acre,,-10.4258333333333,-68.8611111111111,,
,S,7042,Mammalia,ZEE_MAM,213,,,Brasil,,,,-10.5397222222222,-68.8563888888889,-10.5397222222222,-68.8563888888889,Cebidae,,Cebus,,,,SEMA-Acre,Animalia,Trilha Bom Levar,,,,,2010-03-08T13:53:04,,,Não publicado: A caça de Subsistência na Reserva Extrativista Chico Mendes/AC: caracterização- consumo e estratégias de caça. - Medeiros M.F.S.T. 1999,Primates,,,,,,,,Cebus albifrons,,,albifrons,Acre,,-10.5397222222222,-68.8563888888889,,
,S,7071,Mammalia,ZEE_MAM,213,,,Brasil,,,,-10.4569444444444,-68.8602777777778,-10.4569444444444,-68.8602777777778,Cebidae,,Cebus,,,,SEMA-Acre,Animalia,Trilha Itapissuma,,,,,2010-03-08T13:53:04,,,Não publicado: A caça de Subsistência na Reserva Extrativista Chico Mendes/AC: caracterização- consumo e estratégias de caça. - Medeiros M.F.S.T. 1999,Primates,,,,,,,,Cebus albifrons,,,albifrons,Acre,,-10.4569444444444,-68.8602777777778,,
,S,8126,Mammalia,ZEE_MAM,213,,,Brasil,,,,-7.45,-73.6,-7.45,-73.6,Cebidae,,Cebus,,,,SEMA-Acre,Animalia,Parque Nacional da Serra do Divisor; Rio Juruá Mirim,,,,,2010-03-08T13:53:04,,,"Artigo: Observations of Callimico goeldii with Saguinus imperator in the Serra do Divisor National Park, Acre, Barzil - Lopes M.A.O.A. - Rehg J.A. 2003",Primates,,,,,,,,Cebus albifrons,,,albifrons,Acre,,-7.45,-73.6,,
,S,3921,Mammalia,ZEE_MAM,213,,,Brasil,Cruzeiro do Sul,,,-8.40527777777778,-72.8577777777778,-8.40527777777778,-72.8577777777778,Cebidae,,Cebus,,,,SEMA-Acre,Animalia,Parque Nacional da Serra do Divisor,,,,,2010-03-08T13:53:04,,,"Artigo : Riqueza de mamíferos de grande e médio porte do Parque Nacional da Serra do Divisor (Acre, Brasil) - Calouro A.M. 1999",Primates,,,,,,,,Cebus albifrons,,,albifrons,Acre,,-8.40527777777778,-72.8577777777778,,
,S,8366,Mammalia,ZEE_MAM,213,,124133,Brasil,Cruzeiro do Sul,,,-7.631498,-72.67049,-7.631498,-72.67049,Cebidae,,Cebus,,,,SEMA-Acre,Animalia,Seringal Aquidabã; Rio Moa,,,,,2010-03-08T13:53:04,,,"Artigo: Novos hospedeiros do Plasmodium brasilianum no Estado do Acre, Brasil: o uacari Cacajao rubicundus rubicundus, o guariba Alouatta seniculus seniculus e o macaco barrigudo Lagothrix lagothrix poeppigii - Ferreira Neto J.A. - Deane L.M. 1973",Primates,,,,,,,,Cebus albifrons,,,albifrons,Acre,,0.0,0.0,,
,S,978,Mammalia,ZEE_MAM,213,,124133,Brasil,Cruzeiro do Sul,,,-7.631498,-72.67049,-7.631498,-72.67049,Cebidae,,Cebus,,,,SEMA-Acre,Animalia,Seringal República; Rio Moa,,,,,2010-03-08T13:53:04,,,Monografia: Distribuição de primatas não-humanos no Estado do Acre e vizinhanças: um estudo preliminar - Fernandes M.C.A.G. 1990,Primates,,,,,,,,Cebus,,,,Acre,,0.0,0.0,,
,S,982,Mammalia,ZEE_MAM,213,,178429,Brasil,Rio Branco,,,-9.97512,-67.810478,-9.97512,-67.810478,Cebidae,,Cebus,,,,SEMA-Acre,Animalia,Localidade Quixadá; Rioa Acre,,,,,2010-03-08T13:53:04,,,Monografia: Distribuição de primatas não-humanos no Estado do Acre e vizinhanças: um estudo preliminar - Fernandes M.C.A.G. 1990,Primates,,,,,,,,Cebus,,,,Acre,,0.0,0.0,,
,S,1155,Mammalia,ZEE_MAM,213,,,Brasil,Sena Madureira,,,-9.25,-68.725,-9.25,-68.725,Cebidae,,Cebus,,,,SEMA-Acre,Animalia,Rio Iaco; Rio Iaco,,,,,2010-03-08T13:53:04,,,Dissertação: A caça de subsistência de extrativistas na Amazônia: sustentabilidade- biodiversidade e extinção de espécies - Martins E. 1993,Primates,,,,,,,,Cebus albifrons,,,albifrons,Acre,,-9.25,-68.725,,
,S,213,Mammalia,ZEE_MAM,213,,,Brasil,,,,-9.25,-68.725,-9.25,-68.725,Cebidae,,Cebus,,,,SEMA-Acre,Animalia,Rio Iaco; Rio Iaco,,,,,2010-03-08T13:53:04,,,Relatório: Caracterização da fauna da bacia do Rio Branco/ Acre - Alho C.J.R. 1990,Primates,,,,,,,,Cebus albifrons,,,albifrons,Acre,,-9.25,-68.725,,
,S,3922,Mammalia,ZEE_MAM,213,,,Brasil,Cruzeiro do Sul,,,-8.28083333333333,-73.2536111111111,-8.28083333333333,-73.2536111111111,Cebidae,,Cebus,,,,SEMA-Acre,Animalia,Parque Nacional da Serra do Divisor,,,,,2010-03-08T13:53:04,,,"Artigo : Riqueza de mamíferos de grande e médio porte do Parque Nacional da Serra do Divisor (Acre, Brasil) - Calouro A.M. 1999",Primates,,,,,,,,Cebus albifrons,,,albifrons,Acre,,-8.28083333333333,-73.2536111111111,,
,S,3923,Mammalia,ZEE_MAM,213,,,Brasil,Cruzeiro do Sul,,,-8.28083333333333,-73.2536111111111,-8.28083333333333,-73.2536111111111,Cebidae,,Cebus,,,,SEMA-Acre,Animalia,Parque Nacional da Serra do Divisor,,,,,2010-03-08T13:53:04,,,"Artigo : Riqueza de mamíferos de grande e médio porte do Parque Nacional da Serra do Divisor (Acre, Brasil) - Calouro A.M. 1999",Primates,,,,,,,,Cebus albifrons,,,albifrons,Acre,,-8.28083333333333,-73.2536111111111,,
,S,967,Mammalia,ZEE_MAM,213,,58663,Brasil,Plácido de Castro,,,-10.335677,-67.186032,-10.335677,-67.186032,Cebidae,,Cebus,,,,SEMA-Acre,Animalia,Propriedade rural- AC-401- km 6- ramal lado esquerdo (1 km),,,,,2010-03-08T13:53:04,,,Monografia: Distribuição de primatas não-humanos no Estado do Acre e vizinhanças: um estudo preliminar - Fernandes M.C.A.G. 1990,Primates,,,,,,,,Cebus,,,,Acre,,0.0,0.0,,
,S,968,Mammalia,ZEE_MAM,213,,178429,Brasil,Rio Branco,,,-9.97512,-67.810478,-9.97512,-67.810478,Cebidae,,Cebus,,,,SEMA-Acre,Animalia,Estrada Dias Martins- km 12- lado esquerdo; Rioa Acre,,,,,2010-03-08T13:53:04,,,Monografia: Distribuição de primatas não-humanos no Estado do Acre e vizinhanças: um estudo preliminar - Fernandes M.C.A.G. 1990,Primates,,,,,,,,Cebus,,,,Acre,,0.0,0.0,,
,S,969,Mammalia,ZEE_MAM,213,,178429,Brasil,Rio Branco,,,-9.97512,-67.810478,-9.97512,-67.810478,Cebidae,,Cebus,,,,SEMA-Acre,Animalia,Estrada Dias Martins- km 13- ramal lado direito (2 km); Rio Acre,,,,,2010-03-08T13:53:04,,,Monografia: Distribuição de primatas não-humanos no Estado do Acre e vizinhanças: um estudo preliminar - Fernandes M.C.A.G. 1990,Primates,,,,,,,,Cebus,,,,Acre,,0.0,0.0,,
,S,971,Mammalia,ZEE_MAM,213,,,Brasil,,,,-9.31666666666667,-71.9,-9.31666666666667,-71.9,Cebidae,,Cebus,,,,SEMA-Acre,Animalia,Terra Indígena Kaxinawá; Alto Purus,,,,,2010-03-08T13:53:04,,,Monografia: Distribuição de primatas não-humanos no Estado do Acre e vizinhanças: um estudo preliminar - Fernandes M.C.A.G. 1990,Primates,,,,,,,,Cebus,,,,Acre,,-9.31666666666667,-71.9,,
,S,972,Mammalia,ZEE_MAM,213,,170168,Brasil,Tarauacá,,,-8.161779,-70.766041,-8.161779,-70.766041,Cebidae,,Cebus,,,,SEMA-Acre,Animalia,Terra Indígena; Rio Gregório,,,,,2010-03-08T13:53:04,,,Monografia: Distribuição de primatas não-humanos no Estado do Acre e vizinhanças: um estudo preliminar - Fernandes M.C.A.G. 1990,Primates,,,,,,,,Cebus,,,,Acre,,0.0,0.0,,
,S,941,Mammalia,ZEE_MAM,213,,,Brasil,Cruzeiro do Sul,,,-7.64777777777778,-72.67,-7.64777777777778,-72.67,Cebidae,,Cebus,,,,SEMA-Acre,Animalia,,,,,,2010-03-08T13:53:04,,,Monografia: Distribuição de primatas não-humanos no Estado do Acre e vizinhanças: um estudo preliminar - Fernandes M.C.A.G. 1990,Primates,,,,,,,,Cebus,,,,Acre,,-7.64777777777778,-72.67,,
,S,942,Mammalia,ZEE_MAM,213,,75100,Brasil,Xapuri,,,-10.652065,-68.504925,-10.652065,-68.504925,Cebidae,,Cebus,,,,SEMA-Acre,Animalia,Seringal Cachoeira,,,,,2010-03-08T13:53:04,,,Monografia: Distribuição de primatas não-humanos no Estado do Acre e vizinhanças: um estudo preliminar - Fernandes M.C.A.G. 1990,Primates,,,,,,,,Cebus,,,,Acre,,0.0,0.0,,
,S,47,Mammalia,ZEE_MAM,213,,230921,Brasil,Manoel Urbano,,,-8.839282,-69.260203,-8.839282,-69.260203,Cebidae,,Callicebus,,,acreanus,SEMA-Acre,Animalia,Manoel Urbano,,,,,2010-03-08T13:53:04,,,Artigo: Titis- new world monkeys of the genus Callicebus (Cebidae- Platyrrhini): a preliminary taxonomic review - Hershokovitz P. 1990,Primates,,,,,,,,Callicebus cupreus acreanus,,,cupreus,Acre,,0.0,0.0,,
,S,13,Mammalia,ZEE_MAM,213,,,Brasil,Rio Branco,,,-9.94166666666667,-67.8688888888889,-9.94166666666667,-67.8688888888889,Cebidae,,Callicebus,,,cupreus,SEMA-Acre,Animalia,Universidade Federal do Acre/Parque Zoobotânico; Rio Acre,,,,,2010-03-08T13:53:04,,,Artigo: Ecology and social relations of the black-chinned emperor tamarin - Calegaro-Marques C. - Bicca-Marques J.C. 1994,Primates,,,,,,,,Callicebus cupreus cupreus,,,cupreus,Acre,,-9.94166666666667,-67.8688888888889,,
,S,342,Mammalia,ZEE_MAM,213,,,Brasil,Rio Branco,,,-9.94166666666667,-67.8688888888889,-9.94166666666667,-67.8688888888889,Cebidae,,Callicebus,,,cupreus,SEMA-Acre,Animalia,Universidade Federal do Acre/Parque Zoobotânico; Rioa Acre,,,,,2010-03-08T13:53:04,,,Artigo: On the capture of titi monkeys (Callicebus cupreus) using the peruvian method - Silveira G.- Bicca-Marques J.C - Nunes C.A. 1998,Primates,,,,,,,,Callicebus cupreus cupreus,,,cupreus,Acre,,-9.94166666666667,-67.8688888888889,,
,S,345,Mammalia,ZEE_MAM,213,,,Brasil,Rio Branco,,,-9.94166666666667,-67.8688888888889,-9.94166666666667,-67.8688888888889,Cebidae,,Callicebus,,,cupreus,SEMA-Acre,Animalia,Universidade Federal do Acre/Parque Zoobotânico; Rioa Acre,,,,,2010-03-08T13:53:04,,,Artigo: Preliminary observations on handedness in wild tamarins (Saguinus spp.) and titi monkeys (Callicebus cupreus) - Bicca-Marques J.C.- Nunes C.A. - Schacht K. 1998,Primates,,,,,,,,Callicebus cupreus cupreus,,,cupreus,Acre,,-9.94166666666667,-67.8688888888889,,
,S,398,Mammalia,ZEE_MAM,213,,,Brasil,Cruzeiro do Sul,,,-7.50611111111111,-73.7013888888889,-7.50611111111111,-73.7013888888889,Cebidae,,Callicebus,,,cupreus,SEMA-Acre,Animalia,Parque Nacional da Serra do Divisor,,,,,2010-03-08T13:53:04,,,Livro: The status of conservation areas in the Brasilian Amazon - Rylands A.B. 1991,Primates,,,,,,,,Callicebus cupreus cupreus,,,cupreus,Acre,,-7.50611111111111,-73.7013888888889,,
,S,527,Mammalia,ZEE_MAM,213,,,Brasil,Cruzeiro do Sul,,,-7.44333333333333,-73.6744444444444,-7.44333333333333,-73.6744444444444,Cebidae,,Callicebus,,,cupreus,SEMA-Acre,Animalia,Parque Nacional da Serra do Divisor,,,,,2010-03-08T13:53:04,,,"Artigo : Riqueza de mamíferos de grande e médio porte do Parque Nacional da Serra do Divisor (Acre, Brasil) - Calouro A.M. 1999",Primates,,,,,,,,Callicebus cupreus cupreus,,,cupreus,Acre,,-7.44333333333333,-73.6744444444444,,
,S,910,Mammalia,ZEE_MAM,213,,58663,Brasil,Plácido de Castro,,,-10.335677,-67.186032,-10.335677,-67.186032,Cebidae,,Callicebus,,,,SEMA-Acre,Animalia,Propriedade rural- AC-401- km 6- ramal lado esquerdo (1km),,,,,2010-03-08T13:53:04,,,Monografia: Distribuição de primatas não-humanos no Estado do Acre e vizinhanças: um estudo preliminar - Fernandes M.C.A.G. 1990,Primates,,,,,,,,Callicebus cupreus,,,cupreus,Acre,,0.0,0.0,,
,S,915,Mammalia,ZEE_MAM,213,,,Brasil,,,,-9.31666666666667,-71.9,-9.31666666666667,-71.9,Cebidae,,Callicebus,,,,SEMA-Acre,Animalia,Terra Indígena Kaxinawá; Alto Purus,,,,,2010-03-08T13:53:04,,,Monografia: Distribuição de primatas não-humanos no Estado do Acre e vizinhanças: um estudo preliminar - Fernandes M.C.A.G. 1990,Primates,,,,,,,,Callicebus cupreus,,,cupreus,Acre,,-9.31666666666667,-71.9,,
,S,916,Mammalia,ZEE_MAM,213,,170168,Brasil,Tarauacá,,,-8.161779,-70.766041,-8.161779,-70.766041,Cebidae,,Callicebus,,,,SEMA-Acre,Animalia,Terra Indígena; Rio Gregório,,,,,2010-03-08T13:53:04,,,Monografia: Distribuição de primatas não-humanos no Estado do Acre e vizinhanças: um estudo preliminar - Fernandes M.C.A.G. 1990,Primates,,,,,,,,Callicebus cupreus,,,cupreus,Acre,,0.0,0.0,,
,S,922,Mammalia,ZEE_MAM,213,,124133,Brasil,Cruzeiro do Sul,,,-7.631498,-72.67049,-7.631498,-72.67049,Cebidae,,Callicebus,,,,SEMA-Acre,Animalia,Seringal República; Rio Moa,,,,,2010-03-08T13:53:04,,,Monografia: Distribuição de primatas não-humanos no Estado do Acre e vizinhanças: um estudo preliminar - Fernandes M.C.A.G. 1990,Primates,,,,,,,,Callicebus cupreus,,,cupreus,Acre,,0.0,0.0,,
,S,840,Mammalia,ZEE_MAM,213,,,Brasil,Sena Madureira,,,-10.0,-69.75,-10.0,-69.75,Cebidae,,Callicebus,,,,SEMA-Acre,Animalia,FLONA Macauã; Rio Macauã- afluente do Rio Iaco componente da bacia do Rio Purus,,,,,2010-03-08T13:53:04,,,Relatório: Contribuição ao programa de manejo de uso múltiplo da Floresta Nacional do Macauã - CTA- IBAMA - ITTO 1998,Primates,,,,,,,,Callicebus cupreus,,,cupreus,Acre,,-10.0,-69.75,,
,S,8545,Mammalia,ZEE_MAM,213,,,Brasil,Mâncio Lima,,,-7.38333333333333,-73.2666666666667,-7.38333333333333,-73.2666666666667,Cebidae,,Callicebus,,,,SEMA-Acre,Animalia,Seringal São Salvador; Rio Moa,,,,,2010-03-08T13:53:04,,,Livro: A fauna silvestre e as práticas de caça - Fragoso J.M.V- Santos M.C.- Nascimento V.M.L 2002,Primates,,,,,,,,Callicebus cupreus,,,cupreus,Acre,,-7.38333333333333,-73.2666666666667,,
,S,5262,Mammalia,ZEE_MAM,213,,,Brasil,,,,-9.25,-68.725,-9.25,-68.725,Cebidae,,Callicebus,,,,SEMA-Acre,Animalia,,,,,,2010-03-08T13:53:04,,,Dissertação: Caça de subsistência: sustentabilidade e padrões de uso entre seringueiros ribeirinhos e não-ribeirinhos do estado do Acre - Calouro A.M. 1995,Primates,,,,,,,,Callicebus cupreus,,,cupreus,Acre,,-9.25,-68.725,,
,S,623,Mammalia,ZEE_MAM,213,,,Brasil,Bujari,,,-9.33333333333333,-68.25,-9.33333333333333,-68.25,Cebidae,,Callicebus,,,,SEMA-Acre,Animalia,Floresta Estadual do Antimary; Rio Antimari,,,,,2010-03-08T13:53:04,,,Dissertação: Caça de subsistência: sustentabilidade e padrões de uso entre seringueiros ribeirinhos e não-ribeiinhos do estado do Acre - Calouro A.M. 1995,Primates,,,,,,,,Callicebus cupreus,,,cupreus,Acre,,-9.33333333333333,-68.25,,
,S,7067,Mammalia,ZEE_MAM,213,,,Brasil,,,,-10.4569444444444,-68.8602777777778,-10.4569444444444,-68.8602777777778,Cebidae,,Callicebus,,,,SEMA-Acre,Animalia,Trilha Itapissuma,,,,,2010-03-08T13:53:04,,,Não publicado: A caça de Subsistência na Reserva Extrativista Chico Mendes/AC: caracterização- consumo e estratégias de caça. - Medeiros M.F.S.T. 1999,Primates,,,,,,,,Callicebus cupreus,,,cupreus,Acre,,-10.4569444444444,-68.8602777777778,,
,S,8147,Mammalia,ZEE_MAM,213,,,Brasil,Bujari,,,-9.53333333333333,-68.0333333333333,-9.53333333333333,-68.0333333333333,Cebidae,,Callicebus,,,,SEMA-Acre,Animalia,Floresta Estadual do Antimary; Rio Antimari,,,,,2010-03-08T13:53:04,,,"Artigo: Caracterização de habitats para monitoramento de primatas na Floresta Estadual de Antimary (Acre, Brasil) - Calouro A.M. - Pires J.S.R. 2004",Primates,,,,,,,,Callicebus cupreus,,,cupreus,Acre,,-9.53333333333333,-68.0333333333333,,
,S,8330,Mammalia,ZEE_MAM,213,,178429,Brasil,Rio Branco,,,-9.97512,-67.810478,-9.97512,-67.810478,Cebidae,,Callicebus,,,,SEMA-Acre,Animalia,Rio Branco (Estrada de Porto Acre); Rioa Acre,,,,,2010-03-08T13:53:04,,,"Artigo: Malária simiana no Estado do Acre, Brasil: Encontro de macacos zogue-zogue, Callicebus moloch cupreus, infetados com Plasmodium brasilianum - Ferreira Neto J.A.- Deane L.M. - Almeida F.B. 1972",Primates,,,,,,,,Callicebus cupreus,,,cupreus,Acre,,0.0,0.0,,
,S,8336,Mammalia,ZEE_MAM,213,,282365,Brasil,Sena Madureira,,,-9.065951,-68.657424,-9.065951,-68.657424,Cebidae,,Callicebus,,,,SEMA-Acre,Animalia,Seringal Ouro,,,,,2010-03-08T13:53:04,,,"Artigo: Malária simiana no Estado do Acre, Brasil: Encontro de macacos zogue-zogue, Callicebus moloch cupreus, infetados com Plasmodium brasilianum - Ferreira Neto J.A.- Deane L.M. - Almeida F.B. 1972",Primates,,,,,,,,Callicebus cupreus,,,cupreus,Acre,,0.0,0.0,,
,S,8342,Mammalia,ZEE_MAM,213,,75100,Brasil,Xapuri,,,-10.652065,-68.504925,-10.652065,-68.504925,Cebidae,,Callicebus,,,,SEMA-Acre,Animalia,Seringais Macuripe e Nova Vida,,,,,2010-03-08T13:53:04,,,"Artigo: Malária simiana no Estado do Acre, Brasil: Encontro de macacos zogue-zogue, Callicebus moloch cupreus, infetados com Plasmodium brasilianum - Ferreira Neto J.A.- Deane L.M. - Almeida F.B. 1972",Primates,,,,,,,,Callicebus cupreus,,,cupreus,Acre,,0.0,0.0,,
,S,49,Mammalia,ZEE_MAM,213,,,Brasil,Rio Branco,,,-9.96666666666667,-67.8,-9.96666666666667,-67.8,Cebidae,,Callicebus,,,,SEMA-Acre,Animalia,Rio Branco; Rio Acre,,,,,2010-03-08T13:53:04,,,Artigo: Titis- new world monkeys of the genus Callicebus (Cebidae- Platyrrhini): a preliminary taxonomic review - Hershokovitz P. 1990,Primates,,,,,,,,Callicebus caligatus,,,caligatus,Acre,,-9.96666666666667,-67.8,,
,S,1141,Mammalia,ZEE_MAM,213,,,Brasil,Feijó,,,-9.52305555555555,-71.6638888888889,-9.52305555555555,-71.6638888888889,Cebidae,,Callicebus,,,,SEMA-Acre,Animalia,Terra Indígena Kampa do Rio Envira; Rio Envira,,,,,2010-03-08T13:53:04,,,Relatório: Análise ambiental complementar sobre a terra indígena Kampa e isolados do Rio Envira - Ferreira L.A. 1996,Primates,,,,,,,,Callicebus cupreus,,,cupreus,Acre,,-9.52305555555555,-71.6638888888889,,
,S,1153,Mammalia,ZEE_MAM,213,,,Brasil,Sena Madureira,,,-9.25,-68.725,-9.25,-68.725,Cebidae,,Callicebus,,,,SEMA-Acre,Animalia,Rio Iaco; Rio Iaco,,,,,2010-03-08T13:53:04,,,Dissertação: A caça de subsistência de extrativistas na Amazônia: sustentabilidade- biodiversidade e extinção de espécies - Martins E. 1993,Primates,,,,,,,,Callicebus cupreus,,,cupreus,Acre,,-9.25,-68.725,,
,S,3965,Mammalia,ZEE_MAM,213,,,Brasil,Cruzeiro do Sul,,,-7.45638888888889,-73.6380555555556,-7.45638888888889,-73.6380555555556,Cebidae,,Callicebus,,,,SEMA-Acre,Animalia,Parque Nacional da Serra do Divisor,,,,,2010-03-08T13:53:04,,,"Artigo : Riqueza de mamíferos de grande e médio porte do Parque Nacional da Serra do Divisor (Acre, Brasil) - Calouro A.M. 1999",Primates,,,,,,,,Callicebus cupreus,,,cupreus,Acre,,-7.45638888888889,-73.6380555555556,,
,S,3966,Mammalia,ZEE_MAM,213,,,Brasil,Cruzeiro do Sul,,,-7.43166666666667,-73.6611111111111,-7.43166666666667,-73.6611111111111,Cebidae,,Callicebus,,,,SEMA-Acre,Animalia,Parque Nacional da Serra do Divisor,,,,,2010-03-08T13:53:04,,,"Artigo : Riqueza de mamíferos de grande e médio porte do Parque Nacional da Serra do Divisor (Acre, Brasil) - Calouro A.M. 1999",Primates,,,,,,,,Callicebus cupreus,,,cupreus,Acre,,-7.43166666666667,-73.6611111111111,,
,S,3967,Mammalia,ZEE_MAM,213,,,Brasil,Cruzeiro do Sul,,,-7.44666666666667,-73.6780555555556,-7.44666666666667,-73.6780555555556,Cebidae,,Callicebus,,,,SEMA-Acre,Animalia,Parque Nacional da Serra do Divisor,,,,,2010-03-08T13:53:04,,,"Artigo : Riqueza de mamíferos de grande e médio porte do Parque Nacional da Serra do Divisor (Acre, Brasil) - Calouro A.M. 1999",Primates,,,,,,,,Callicebus cupreus,,,cupreus,Acre,,-7.44666666666667,-73.6780555555556,,
,S,3970,Mammalia,ZEE_MAM,213,,,Brasil,Cruzeiro do Sul,,,-8.28083333333333,-73.2508333333333,-8.28083333333333,-73.2508333333333,Cebidae,,Callicebus,,,,SEMA-Acre,Animalia,Parque Nacional da Serra do Divisor,,,,,2010-03-08T13:53:04,,,"Artigo : Riqueza de mamíferos de grande e médio porte do Parque Nacional da Serra do Divisor (Acre, Brasil) - Calouro A.M. 1999",Primates,,,,,,,,Callicebus cupreus,,,cupreus,Acre,,-8.28083333333333,-73.2508333333333,,
,S,4049,Mammalia,ZEE_MAM,213,,,Brasil,Rio Branco,,,-10.0666666666667,-67.6166666666667,-10.0666666666667,-67.6166666666667,Cebidae,,Callicebus,,,,SEMA-Acre,Animalia,Fazenda Experimental Catuaba; Rioa Acre,,,,,2010-03-08T13:53:04,,,Relatório: Estimativa das densidades das espécies de primatas da Fazenda Experimental Catuaba - Chaves W.A. 1999,Primates,,,,,,,,Callicebus cupreus,,,cupreus,Acre,,-10.0666666666667,-67.6166666666667,,
,S,526,Mammalia,ZEE_MAM,213,,,Brasil,Cruzeiro do Sul,,,-7.45888888888889,-73.7744444444444,-7.45888888888889,-73.7744444444444,Cebidae,,Cacajao,,,rubicundus,SEMA-Acre,Animalia,Parque Nacional da Serra do Divisor; Igarapé Anil,,,,,2010-03-08T13:53:04,,,"Artigo : Riqueza de mamíferos de grande e médio porte do Parque Nacional da Serra do Divisor (Acre, Brasil) - Calouro A.M. 1999",Primates,,,,,,,,Cacajao calvus rubicundus,,,calvus,Acre,,-7.45888888888889,-73.7744444444444,,
,S,8218,Mammalia,ZEE_MAM,213,,,Brasil,,,,-8.36666666666667,-72.8166666666667,-8.36666666666667,-72.8166666666667,Cebidae,,Cacajao,,,rubicundus,SEMA-Acre,Animalia,,,,,,2010-03-08T13:53:04,,,Artigo: Primate community structure at twenty western Amazonian flooded and unflooded forests - Peres C.A. 1997,Primates,,,,,,,,Cacajao calvus rubicundus,,,calvus,Acre,,-8.36666666666667,-72.8166666666667,,
,S,8362,Mammalia,ZEE_MAM,213,,,Brasil,Cruzeiro do Sul,,,-7.44861111111111,-73.6613888888889,-7.44861111111111,-73.6613888888889,Cebidae,,Cacajao,,,rubicundus,SEMA-Acre,Animalia,Parque Nacional da Serra do Divisor; Rio Azul,,,,,2010-03-08T13:53:04,,,"Artigo: Novos hospedeiros do Plasmodium brasilianum no Estado do Acre, Brasil: o uacari Cacajao rubicundus rubicundus, o guariba Alouatta seniculus seniculus e o macaco barrigudo Lagothrix lagothrix poeppigii - Ferreira Neto J.A. - Deane L.M. 1973",Primates,,,,,,,,Cacajao calvus rubicundus,,,calvus,Acre,,-7.44861111111111,-73.6613888888889,,
,S,8542,Mammalia,ZEE_MAM,213,,,Brasil,Mâncio Lima,,,-7.38333333333333,-73.2666666666667,-7.38333333333333,-73.2666666666667,Cebidae,,Cacajao,,,rubicundus,SEMA-Acre,Animalia,Seringal São Salvador; Rio Moa,,,,,2010-03-08T13:53:04,,,Livro: A fauna silvestre e as práticas de caça - Fragoso J.M.V- Santos M.C.- Nascimento V.M.L 2002,Primates,,,,,,,,Cacajao calvus rubicundus,,,calvus,Acre,,-7.38333333333333,-73.2666666666667,,
,S,932,Mammalia,ZEE_MAM,213,,124133,Brasil,Cruzeiro do Sul,,,-7.631498,-72.67049,-7.631498,-72.67049,Cebidae,,Cacajao,,,rubicundus,SEMA-Acre,Animalia,Seringal República; Rio Moa,,,,,2010-03-08T13:53:04,,,Monografia: Distribuição de primatas não-humanos no Estado do Acre e vizinhanças: um estudo preliminar - Fernandes M.C.A.G. 1990,Primates,,,,,,,,Cacajao calvus rubicundus,,,calvus,Acre,,0.0,0.0,,
,S,883,Mammalia,ZEE_MAM,213,,282365,Brasil,Sena Madureira,,,-9.065951,-68.657424,-9.065951,-68.657424,Cebidae,,Ateles,,,,SEMA-Acre,Animalia,Seringal Belo Arruda; Rio Caeté,,,,,2010-03-08T13:53:04,,,Monografia: Distribuição de primatas não-humanos no Estado do Acre e vizinhanças: um estudo preliminar - Fernandes M.C.A.G. 1990,Primates,,,,,,,,Ateles chamek,,,chamek,Acre,,0.0,0.0,,
,S,392,Mammalia,ZEE_MAM,213,,,Brasil,Cruzeiro do Sul,,,-7.50611111111111,-73.7013888888889,-7.50611111111111,-73.7013888888889,Cebidae,,Cacajao,,,rubicundus,SEMA-Acre,Animalia,Parque Nacional da Serra do Divisor,,,,,2010-03-08T13:53:04,,,Livro: The status of conservation areas in the Brasilian Amazon - Rylands A.B. 1991,Primates,,,,,,,,Cacajao calvus rubicundus,,,calvus,Acre,,-7.50611111111111,-73.7013888888889,,
,S,496,Mammalia,ZEE_MAM,213,,,Brasil,Cruzeiro do Sul,,,-7.50611111111111,-73.7013888888889,-7.50611111111111,-73.7013888888889,Cebidae,,Ateles,,,,SEMA-Acre,Animalia,Parque Nacional da Serra do Divisor,,,,,2010-03-08T13:53:04,,,Livro: Livro vermelho dos mamíferos brasileiros ameaçados de extinção - Fonseca G.A.B.- Rylands A.B.- Costa C.M.R.- Machado R.B. - Leite Y.L.R. 1994,Primates,,,,,,,,Ateles chamek,,,chamek,Acre,,-7.50611111111111,-73.7013888888889,,
,S,497,Mammalia,ZEE_MAM,213,,,Brasil,Assis Brasil,,,-11.0333333333333,-70.25,-11.0333333333333,-70.25,Cebidae,,Ateles,,,,SEMA-Acre,Animalia,ESEC do Rio Acre; Rio Acre,,,,,2010-03-08T13:53:04,,,Livro: Livro vermelho dos mamíferos brasileiros ameaçados de extinção - Fonseca G.A.B.- Rylands A.B.- Costa C.M.R.- Machado R.B. - Leite Y.L.R. 1994,Primates,,,,,,,,Ateles chamek,,,chamek,Acre,,-11.0333333333333,-70.25,,
,S,601,Mammalia,ZEE_MAM,213,,,Brasil,Rio Branco,,,-9.96666666666667,-67.8,-9.96666666666667,-67.8,Cebidae,,Ateles,,,,SEMA-Acre,Animalia,Bairro Procon; Rioa Acre,,,,,2010-03-08T13:53:04,,,Monografia: Levantamento preliminar de primatas cadastrados pelo IBAMA no município de Rio Branco - AC - Nóbrega M.F. 1997,Primates,,,,,,,,Ateles chamek,,,chamek,Acre,,-9.96666666666667,-67.8,,
,S,870,Mammalia,ZEE_MAM,213,,,Brasil,Assis Brasil,,,-11.0333333333333,-70.25,-11.0333333333333,-70.25,Cebidae,,Ateles,,,,SEMA-Acre,Animalia,ESEC do Rio Acre; Rio Acre,,,,,2010-03-08T13:53:04,,,Monografia: Distribuição de primatas não-humanos no Estado do Acre e vizinhanças: um estudo preliminar - Fernandes M.C.A.G. 1990,Primates,,,,,,,,Ateles chamek,,,chamek,Acre,,-11.0333333333333,-70.25,,
,S,866,Mammalia,ZEE_MAM,213,,178429,Brasil,Rio Branco,,,-9.97512,-67.810478,-9.97512,-67.810478,Cebidae,,Aotus,,,,SEMA-Acre,Animalia,Localidade Quixadá; Rioa Acre,,,,,2010-03-08T13:52:53,,,Monografia: Distribuição de primatas não-humanos no Estado do Acre e vizinhanças: um estudo preliminar - Fernandes M.C.A.G. 1990,Primates,,,,,,,,Aotus nigriceps,,,nigriceps,Acre,,0.0,0.0,,
,S,1142,Mammalia,ZEE_MAM,213,,,Brasil,Feijó,,,-9.52305555555555,-71.6638888888889,-9.52305555555555,-71.6638888888889,Cebidae,,Ateles,,,,SEMA-Acre,Animalia,Terra Indígena Kampa do Rio Envira; Rio Envira,,,,,2010-03-08T13:52:53,,,Relatório: Análise ambiental complementar sobre a terra indígena Kampa e isolados do Rio Envira - Ferreira L.A. 1996,Primates,,,,,,,,Ateles chamek,,,chamek,Acre,,-9.52305555555555,-71.6638888888889,,
,S,1158,Mammalia,ZEE_MAM,213,,,Brasil,Sena Madureira,,,-9.25,-68.725,-9.25,-68.725,Cebidae,,Ateles,,,,SEMA-Acre,Animalia,Rio Iaco; Rio Iaco,,,,,2010-03-08T13:52:53,,,Dissertação: A caça de subsistência de extrativistas na Amazônia: sustentabilidade- biodiversidade e extinção de espécies - Martins E. 1993,Primates,,,,,,,,Ateles chamek,,,chamek,Acre,,-9.25,-68.725,,
,S,171,Mammalia,ZEE_MAM,213,,,Brasil,Assis Brasil,,,-11.0333333333333,-70.25,-11.0333333333333,-70.25,Cebidae,,Ateles,,,,SEMA-Acre,Animalia,ESEC do Rio Acre; Rio Acre,,,,,2010-03-08T13:53:04,,,Artigo: Conservation areas protecting primates in Brasilian Amazonia - Rylands A.B. 1985,Primates,,,,,,,,Ateles chamek,,,chamek,Acre,,-11.0333333333333,-70.25,,
,S,269,Mammalia,ZEE_MAM,213,,,Brasil,Assis Brasil,,,-11.0333333333333,-70.25,-11.0333333333333,-70.25,Cebidae,,Ateles,,,,SEMA-Acre,Animalia,ESEC do Rio Acre; Rio Acre,,,,,2010-03-08T13:53:04,,,Artigo: Parks- reserves and primate conservation in Brasilian Amazonia - Rylands A. - Mittermeier R.A. 1982,Primates,,,,,,,,Ateles chamek,,,chamek,Acre,,-11.0333333333333,-70.25,,
,S,405,Mammalia,ZEE_MAM,213,,,Brasil,Cruzeiro do Sul,,,-7.50611111111111,-73.7013888888889,-7.50611111111111,-73.7013888888889,Cebidae,,Ateles,,,,SEMA-Acre,Animalia,Parque Nacional da Serra do Divisor,,,,,2010-03-08T13:53:04,,,Livro: The status of conservation areas in the Brasilian Amazon - Rylands A.B. 1991,Primates,,,,,,,,Ateles chamek,,,chamek,Acre,,-7.50611111111111,-73.7013888888889,,
,S,8414,Mammalia,ZEE_MAM,213,,,Brasil,Rio Branco,,,-9.94166666666667,-67.8688888888889,-9.94166666666667,-67.8688888888889,Cebidae,,Aotus,,,,SEMA-Acre,Animalia,Universidade Federal do Acre/Parque Zoobotânico; Rioa Acre,,,,,2010-03-08T13:52:53,,,Artigo: Do female tamarins use visual cues to detect fruit rewards more successfully than do males? - Dominy N.J.- Garber P.A.- Bicca-Marques J.C. - Lopes M.A.O. 2003,Primates,,,,,,,,Aotus nigriceps,,,nigriceps,Acre,,-9.94166666666667,-67.8688888888889,,
,S,8514,Mammalia,ZEE_MAM,213,,,Brasil,Mâncio Lima,,,-7.38333333333333,-73.2666666666667,-7.38333333333333,-73.2666666666667,Cebidae,,Aotus,,,,SEMA-Acre,Animalia,Seringal São Salvador; Rio Moa,,,,,2010-03-08T13:52:53,,,Livro: A fauna silvestre e as práticas de caça - Fragoso J.M.V- Santos M.C.- Nascimento V.M.L 2002,Primates,,,,,,,,Aotus nigriceps,,,nigriceps,Acre,,-7.38333333333333,-73.2666666666667,,
,S,852,Mammalia,ZEE_MAM,213,,178429,Brasil,Rio Branco,,,-9.97512,-67.810478,-9.97512,-67.810478,Cebidae,,Aotus,,,,SEMA-Acre,Animalia,Estrada Dias Martins- km 12- lado esquerdo; Rioa Acre,,,,,2010-03-08T13:52:53,,,Monografia: Distribuição de primatas não-humanos no Estado do Acre e vizinhanças: um estudo preliminar - Fernandes M.C.A.G. 1990,Primates,,,,,,,,Aotus nigriceps,,,nigriceps,Acre,,0.0,0.0,,
,S,853,Mammalia,ZEE_MAM,213,,178429,Brasil,Rio Branco,,,-9.97512,-67.810478,-9.97512,-67.810478,Cebidae,,Aotus,,,,SEMA-Acre,Animalia,Estrada Dias Martins- km 13- ramal lado direito (2 km); Rio Acre,,,,,2010-03-08T13:52:53,,,Monografia: Distribuição de primatas não-humanos no Estado do Acre e vizinhanças: um estudo preliminar - Fernandes M.C.A.G. 1990,Primates,,,,,,,,Aotus nigriceps,,,nigriceps,Acre,,0.0,0.0,,
,S,856,Mammalia,ZEE_MAM,213,,,Brasil,,,,-9.31666666666667,-71.9,-9.31666666666667,-71.9,Cebidae,,Aotus,,,,SEMA-Acre,Animalia,Terra Indígena Kaxinawá; Alto Purus,,,,,2010-03-08T13:52:53,,,Monografia: Distribuição de primatas não-humanos no Estado do Acre e vizinhanças: um estudo preliminar - Fernandes M.C.A.G. 1990,Primates,,,,,,,,Aotus nigriceps,,,nigriceps,Acre,,-9.31666666666667,-71.9,,
,S,7075,Mammalia,ZEE_MAM,213,,,Brasil,,,,-10.4569444444444,-68.8602777777778,-10.4569444444444,-68.8602777777778,Cebidae,,Aotus,,,,SEMA-Acre,Animalia,Trilha Itapissuma,,,,,2010-03-08T13:52:53,,,Não publicado: A caça de Subsistência na Reserva Extrativista Chico Mendes/AC: caracterização- consumo e estratégias de caça. - Medeiros M.F.S.T. 1999,Primates,,,,,,,,Aotus nigriceps,,,nigriceps,Acre,,-10.4569444444444,-68.8602777777778,,
,S,8215,Mammalia,ZEE_MAM,213,,,Brasil,,,,-8.36666666666667,-72.8166666666667,-8.36666666666667,-72.8166666666667,Cebidae,,Aotus,,,,SEMA-Acre,Animalia,,,,,,2010-03-08T13:52:53,,,Artigo: Primate community structure at twenty western Amazonian flooded and unflooded forests - Peres C.A. 1997,Primates,,,,,,,,Aotus nigriceps,,,nigriceps,Acre,,-8.36666666666667,-72.8166666666667,,
,S,8335,Mammalia,ZEE_MAM,213,,282365,Brasil,Sena Madureira,,,-9.065951,-68.657424,-9.065951,-68.657424,Cebidae,,Aotus,,,,SEMA-Acre,Animalia,Seringal Ouro,,,,,2010-03-08T13:52:53,,,"Artigo: Malária simiana no Estado do Acre, Brasil: Encontro de macacos zogue-zogue, Callicebus moloch cupreus, infetados com Plasmodium brasilianum - Ferreira Neto J.A.- Deane L.M. - Almeida F.B. 1972",Primates,,,,,,,,Aotus nigriceps,,,nigriceps,Acre,,0.0,0.0,,
,S,8341,Mammalia,ZEE_MAM,213,,75100,Brasil,Xapuri,,,-10.652065,-68.504925,-10.652065,-68.504925,Cebidae,,Aotus,,,,SEMA-Acre,Animalia,Seringais Macuripe e Nova Vida,,,,,2010-03-08T13:52:53,,,"Artigo: Malária simiana no Estado do Acre, Brasil: Encontro de macacos zogue-zogue, Callicebus moloch cupreus, infetados com Plasmodium brasilianum - Ferreira Neto J.A.- Deane L.M. - Almeida F.B. 1972",Primates,,,,,,,,Aotus nigriceps,,,nigriceps,Acre,,0.0,0.0,,
,S,3354,Mammalia,ZEE_MAM,213,,,Brasil,Rio Branco,,,-9.96666666666667,-67.8,-9.96666666666667,-67.8,Cebidae,,Aotus,,,,SEMA-Acre,Animalia,Rio Branco; Rioa Acre,,,,,2010-03-08T13:52:53,,,Monografia: Levantamento de Animais Silvestres em Cativeiro na Cidade de Rio Branco - Acre. - Silva M.F.A 1985,Primates,,,,,,,,Aotus nigriceps,,,nigriceps,Acre,,-9.96666666666667,-67.8,,
,S,3961,Mammalia,ZEE_MAM,213,,,Brasil,Cruzeiro do Sul,,,-7.55666666666667,-73.2766666666667,-7.55666666666667,-73.2766666666667,Cebidae,,Aotus,,,,SEMA-Acre,Animalia,Parque Nacional da Serra do Divisor,,,,,2010-03-08T13:52:53,,,"Artigo : Riqueza de mamíferos de grande e médio porte do Parque Nacional da Serra do Divisor (Acre, Brasil) - Calouro A.M. 1999",Primates,,,,,,,,Aotus nigriceps,,,nigriceps,Acre,,-7.55666666666667,-73.2766666666667,,
,S,3962,Mammalia,ZEE_MAM,213,,,Brasil,Cruzeiro do Sul,,,-8.55833333333333,-72.8833333333333,-8.55833333333333,-72.8833333333333,Cebidae,,Aotus,,,,SEMA-Acre,Animalia,Parque Nacional da Serra do Divisor,,,,,2010-03-08T13:52:53,,,"Artigo : Riqueza de mamíferos de grande e médio porte do Parque Nacional da Serra do Divisor (Acre, Brasil) - Calouro A.M. 1999",Primates,,,,,,,,Aotus nigriceps,,,nigriceps,Acre,,-8.55833333333333,-72.8833333333333,,
,S,3964,Mammalia,ZEE_MAM,213,,,Brasil,Cruzeiro do Sul,,,-8.87527777777778,-72.7819444444444,-8.87527777777778,-72.7819444444444,Cebidae,,Aotus,,,,SEMA-Acre,Animalia,Parque Nacional da Serra do Divisor,,,,,2010-03-08T13:52:53,,,"Artigo : Riqueza de mamíferos de grande e médio porte do Parque Nacional da Serra do Divisor (Acre, Brasil) - Calouro A.M. 1999",Primates,,,,,,,,Aotus nigriceps,,,nigriceps,Acre,,-8.87527777777778,-72.7819444444444,,
,S,622,Mammalia,ZEE_MAM,213,,,Brasil,Bujari,,,-9.33333333333333,-68.25,-9.33333333333333,-68.25,Cebidae,,Aotus,,,,SEMA-Acre,Animalia,Floresta Estadual do Antimary; Rio Antimari,,,,,2010-03-08T13:52:53,,,Dissertação: Caça de subsistência: sustentabilidade e padrões de uso entre seringueiros ribeirinhos e não-ribeiinhos do estado do Acre - Calouro A.M. 1995,Primates,,,,,,,,Aotus nigriceps,,,nigriceps,Acre,,-9.33333333333333,-68.25,,
,S,6988,Mammalia,ZEE_MAM,213,,,Brasil,,,,-10.4258333333333,-68.8611111111111,-10.4258333333333,-68.8611111111111,Cebidae,,Aotus,,,,SEMA-Acre,Animalia,Trilha Pincel,,,,,2010-03-08T13:52:53,,,Não publicado: A caça de Subsistência na Reserva Extrativista Chico Mendes/AC: caracterização- consumo e estratégias de caça. - Medeiros M.F.S.T. 1999,Primates,,,,,,,,Aotus nigriceps,,,nigriceps,Acre,,-10.4258333333333,-68.8611111111111,,
,S,7017,Mammalia,ZEE_MAM,213,,,Brasil,,,,-10.3969444444444,-68.8611111111111,-10.3969444444444,-68.8611111111111,Cebidae,,Aotus,,,,SEMA-Acre,Animalia,Trilha Venezuela,,,,,2010-03-08T13:52:53,,,Não publicado: A caça de Subsistência na Reserva Extrativista Chico Mendes/AC: caracterização- consumo e estratégias de caça. - Medeiros M.F.S.T. 1999,Primates,,,,,,,,Aotus nigriceps,,,nigriceps,Acre,,-10.3969444444444,-68.8611111111111,,
,S,7046,Mammalia,ZEE_MAM,213,,,Brasil,,,,-10.5397222222222,-68.8563888888889,-10.5397222222222,-68.8563888888889,Cebidae,,Aotus,,,,SEMA-Acre,Animalia,Trilha Bom Levar,,,,,2010-03-08T13:52:53,,,Não publicado: A caça de Subsistência na Reserva Extrativista Chico Mendes/AC: caracterização- consumo e estratégias de caça. - Medeiros M.F.S.T. 1999,Primates,,,,,,,,Aotus nigriceps,,,nigriceps,Acre,,-10.5397222222222,-68.8563888888889,,
,S,824,Mammalia,ZEE_MAM,213,,178429,Brasil,Rio Branco,,,-9.97512,-67.810478,-9.97512,-67.810478,Cebidae,,Alouatta,,,,SEMA-Acre,Animalia,Localidade Quixadá ; Rioa Acre,,,,,2010-03-08T13:52:53,,,Monografia: Distribuição de primatas não-humanos no Estado do Acre e vizinhanças: um estudo preliminar - Fernandes M.C.A.G. 1990,Primates,,,,,,,,Alouatta seniculus,,,seniculus,Acre,,0.0,0.0,,
,S,8337,Mammalia,ZEE_MAM,213,,282365,Brasil,Sena Madureira,,,-9.065951,-68.657424,-9.065951,-68.657424,Cebidae,,Alouatta,,,,SEMA-Acre,Animalia,Seringal Ouro,,,,,2010-03-08T13:52:53,,,"Artigo: Malária simiana no Estado do Acre, Brasil: Encontro de macacos zogue-zogue, Callicebus moloch cupreus, infetados com Plasmodium brasilianum - Ferreira Neto J.A.- Deane L.M. - Almeida F.B. 1972",Primates,,,,,,,,Alouatta seniculus,,,seniculus,Acre,,0.0,0.0,,
,S,522,Mammalia,ZEE_MAM,213,,,Brasil,Cruzeiro do Sul,,,-7.44333333333333,-73.6744444444444,-7.44333333333333,-73.6744444444444,Cebidae,,Alouatta,,,jurua,SEMA-Acre,Animalia,Parque Nacional da Serra do Divisor,,,,,2010-03-08T13:52:53,,,"Artigo : Riqueza de mamíferos de grande e médio porte do Parque Nacional da Serra do Divisor (Acre, Brasil) - Calouro A.M. 1999",Primates,,,,,,,,Alouatta seniculus jurua,,,seniculus,Acre,,-7.44333333333333,-73.6744444444444,,
,S,8221,Mammalia,ZEE_MAM,213,,,Brasil,,,,-8.36666666666667,-72.8166666666667,-8.36666666666667,-72.8166666666667,Cebidae,,Alouatta,,,jurua,SEMA-Acre,Animalia,,,,,,2010-03-08T13:52:53,,,Artigo: Primate community structure at twenty western Amazonian flooded and unflooded forests - Peres C.A. 1997,Primates,,,,,,,,Alouatta seniculus jurua,,,seniculus,Acre,,-8.36666666666667,-72.8166666666667,,
,S,17,Mammalia,ZEE_MAM,213,,,Brasil,Rio Branco,,,-9.94166666666667,-67.8688888888889,-9.94166666666667,-67.8688888888889,Cebidae,,Aotus,,,,SEMA-Acre,Animalia,Universidade Federal do Acre/Parque Zoobotânico; Rio Acre,,,,,2010-03-08T13:52:53,,,Relatório: Percepção- cognição e aprendizagem associados ao forrageamento por primatas neotropicais noturnos e diurnos - Bicca-Marques J.C. 1997,Primates,,,,,,,,Aotus nigriceps,,,nigriceps,Acre,,-9.94166666666667,-67.8688888888889,,
,S,212,Mammalia,ZEE_MAM,213,,,Brasil,,,,-9.25,-68.725,-9.25,-68.725,Cebidae,,Aotus,,,,SEMA-Acre,Animalia,Rio Iaco; Rio Iaco,,,,,2010-03-08T13:52:53,,,Relatório: Caracterização da fauna da bacia do Rio Branco/ Acre - Alho C.J.R. 1990,Primates,,,,,,,,Aotus nigriceps,,,nigriceps,Acre,,-9.25,-68.725,,
,S,224,Mammalia,ZEE_MAM,213,,178429,Brasil,Rio Branco,,,-9.97512,-67.810478,-9.97512,-67.810478,Cebidae,,Aotus,,,,SEMA-Acre,Animalia,,,,,,2010-03-08T13:52:53,,,Relatório: Caracterização da fauna da bacia do Rio Branco/ Acre - Alho C.J.R. 1990,Primates,,,,,,,,Aotus nigriceps,,,nigriceps,Acre,,0.0,0.0,,
,S,29,Mammalia,ZEE_MAM,213,,,Brasil,,,,-9.42,-72.735,-9.42,-72.735,Cebidae,,Aotus,,,,SEMA-Acre,Animalia,Margem direita do Rio Juruá - Ponto 1; Rio Juruá,,,,,2010-03-08T13:52:53,,,Artigo: Notes on the primates of the Juruá River- western Brasilian Amazonia - Peres C.A. 1993,Primates,,,,,,,,Aotus nigriceps,,,nigriceps,Acre,,-9.42,-72.735,,
,S,30,Mammalia,ZEE_MAM,213,,,Brasil,,,,-9.41333333333333,-72.725,-9.41333333333333,-72.725,Cebidae,,Aotus,,,,SEMA-Acre,Animalia,Margem esquerda do Rio Juruá - Ponto 2; Rio Juruá,,,,,2010-03-08T13:52:53,,,Artigo: Notes on the primates of the Juruá River- western Brasilian Amazonia - Peres C.A. 1993,Primates,,,,,,,,Aotus nigriceps,,,nigriceps,Acre,,-9.41333333333333,-72.725,,
,S,808,Mammalia,ZEE_MAM,213,,58663,Brasil,Plácido de Castro,,,-10.335677,-67.186032,-10.335677,-67.186032,Cebidae,,Alouatta,,,,SEMA-Acre,Animalia,Propriedade rural- AC-401- km 6- ramal lado esquerdo (1 km),,,,,2010-03-08T13:52:53,,,Monografia: Distribuição de primatas não-humanos no Estado do Acre e vizinhanças: um estudo preliminar - Fernandes M.C.A.G. 1990,Primates,,,,,,,,Alouatta seniculus,,,seniculus,Acre,,0.0,0.0,,
,S,809,Mammalia,ZEE_MAM,213,,178429,Brasil,Rio Branco,,,-9.97512,-67.810478,-9.97512,-67.810478,Cebidae,,Alouatta,,,,SEMA-Acre,Animalia,Estrada Dias Martins- km 13- ramal lado direito (2 km); Rio Acre,,,,,2010-03-08T13:52:53,,,Monografia: Distribuição de primatas não-humanos no Estado do Acre e vizinhanças: um estudo preliminar - Fernandes M.C.A.G. 1990,Primates,,,,,,,,Alouatta seniculus,,,seniculus,Acre,,0.0,0.0,,
,S,8130,Mammalia,ZEE_MAM,213,,,Brasil,,,,-7.45,-73.6,-7.45,-73.6,Cebidae,,Alouatta,,,,SEMA-Acre,Animalia,Parque Nacional da Serra do Divisor; Rio Juruá Mirim,,,,,2010-03-08T13:52:53,,,"Artigo: Observations of Callimico goeldii with Saguinus imperator in the Serra do Divisor National Park, Acre, Barzil - Lopes M.A.O.A. - Rehg J.A. 2003",Primates,,,,,,,,Alouatta seniculus,,,seniculus,Acre,,-7.45,-73.6,,
,S,820,Mammalia,ZEE_MAM,213,,124133,Brasil,Cruzeiro do Sul,,,-7.631498,-72.67049,-7.631498,-72.67049,Cebidae,,Alouatta,,,,SEMA-Acre,Animalia,Seringal República; Rio Moa,,,,,2010-03-08T13:52:53,,,Monografia: Distribuição de primatas não-humanos no Estado do Acre e vizinhanças: um estudo preliminar - Fernandes M.C.A.G. 1990,Primates,,,,,,,,Alouatta seniculus,,,seniculus,Acre,,0.0,0.0,,
,S,7956,Mammalia,ZEE_MAM,213,,,Brasil,,,,-10.5213888888889,-68.8391666666667,-10.5213888888889,-68.8391666666667,Cebidae,,Alouatta,,,,SEMA-Acre,Animalia,Fortaleza,,,,,2010-03-08T13:52:53,,,Não publicado: A caça de Subsistência na Reserva Extrativista Chico Mendes/AC: caracterização- consumo e estratégias de caça. - Medeiros M.F.S.T. 1999,Primates,,,,,,,,Alouatta seniculus,,,seniculus,Acre,,-10.5213888888889,-68.8391666666667,,
,S,7788,Mammalia,ZEE_MAM,213,,,Brasil,,,,-10.4569444444444,-68.8602777777778,-10.4569444444444,-68.8602777777778,Cebidae,,Alouatta,,,,SEMA-Acre,Animalia,Itapissuma,,,,,2010-03-08T13:52:53,,,Não publicado: A caça de Subsistência na Reserva Extrativista Chico Mendes/AC: caracterização- consumo e estratégias de caça. - Medeiros M.F.S.T. 1999,Primates,,,,,,,,Alouatta seniculus,,,seniculus,Acre,,-10.4569444444444,-68.8602777777778,,
,S,7802,Mammalia,ZEE_MAM,213,,,Brasil,,,,-10.5713888888889,-68.8627777777778,-10.5713888888889,-68.8627777777778,Cebidae,,Alouatta,,,,SEMA-Acre,Animalia,Mamoal,,,,,2010-03-08T13:52:53,,,Não publicado: A caça de Subsistência na Reserva Extrativista Chico Mendes/AC: caracterização- consumo e estratégias de caça. - Medeiros M.F.S.T. 1999,Primates,,,,,,,,Alouatta seniculus,,,seniculus,Acre,,-10.5713888888889,-68.8627777777778,,
,S,7806,Mammalia,ZEE_MAM,213,,,Brasil,,,,-10.4258333333333,-68.8611111111111,-10.4258333333333,-68.8611111111111,Cebidae,,Alouatta,,,,SEMA-Acre,Animalia,Pincel,,,,,2010-03-08T13:52:53,,,Não publicado: A caça de Subsistência na Reserva Extrativista Chico Mendes/AC: caracterização- consumo e estratégias de caça. - Medeiros M.F.S.T. 1999,Primates,,,,,,,,Alouatta seniculus,,,seniculus,Acre,,-10.4258333333333,-68.8611111111111,,
,S,7835,Mammalia,ZEE_MAM,213,,,Brasil,,,,-10.5672222222222,-68.2825,-10.5672222222222,-68.2825,Cebidae,,Alouatta,,,,SEMA-Acre,Animalia,Uruqueu I,,,,,2010-03-08T13:52:53,,,Não publicado: A caça de Subsistência na Reserva Extrativista Chico Mendes/AC: caracterização- consumo e estratégias de caça. - Medeiros M.F.S.T. 1999,Primates,,,,,,,,Alouatta seniculus,,,seniculus,Acre,,-10.5672222222222,-68.2825,,
,S,785,Mammalia,ZEE_MAM,213,,230921,Brasil,Manoel Urbano,,,-8.839282,-69.260203,-8.839282,-69.260203,Cebidae,,Alouatta,,,,SEMA-Acre,Animalia,Manoel Urbano,,,,,2010-03-08T13:52:53,,,Monografia: Distribuição de primatas não-humanos no Estado do Acre e vizinhanças: um estudo preliminar - Fernandes M.C.A.G. 1990,Primates,,,,,,,,Alouatta seniculus,,,seniculus,Acre,,0.0,0.0,,
,S,789,Mammalia,ZEE_MAM,213,,,Brasil,,,,-8.82916666666667,-72.775,-8.82916666666667,-72.775,Cebidae,,Alouatta,,,,SEMA-Acre,Animalia,Seringal Oriente,,,,,2010-03-08T13:52:53,,,Monografia: Distribuição de primatas não-humanos no Estado do Acre e vizinhanças: um estudo preliminar - Fernandes M.C.A.G. 1990,Primates,,,,,,,,Alouatta seniculus,,,seniculus,Acre,,-8.82916666666667,-72.775,,
,S,7899,Mammalia,ZEE_MAM,213,,,Brasil,,,,-10.6494444444444,-68.7113888888889,-10.6494444444444,-68.7113888888889,Cebidae,,Alouatta,,,,SEMA-Acre,Animalia,São Vicente,,,,,2010-03-08T13:52:53,,,Não publicado: A caça de Subsistência na Reserva Extrativista Chico Mendes/AC: caracterização- consumo e estratégias de caça. - Medeiros M.F.S.T. 1999,Primates,,,,,,,,Alouatta seniculus,,,seniculus,Acre,,-10.6494444444444,-68.7113888888889,,
,S,7673,Mammalia,ZEE_MAM,213,,,Brasil,,,,-10.5330555555556,-69.0208333333333,-10.5330555555556,-69.0208333333333,Cebidae,,Alouatta,,,,SEMA-Acre,Animalia,Cachoeirinha,,,,,2010-03-08T13:52:53,,,Não publicado: A caça de Subsistência na Reserva Extrativista Chico Mendes/AC: caracterização- consumo e estratégias de caça. - Medeiros M.F.S.T. 1999,Primates,,,,,,,,Alouatta seniculus,,,seniculus,Acre,,-10.5330555555556,-69.0208333333333,,
,S,7724,Mammalia,ZEE_MAM,213,,,Brasil,,,,-10.5569444444444,-69.0588888888889,-10.5569444444444,-69.0588888888889,Cebidae,,Alouatta,,,,SEMA-Acre,Animalia,Salgado,,,,,2010-03-08T13:52:53,,,Não publicado: A caça de Subsistência na Reserva Extrativista Chico Mendes/AC: caracterização- consumo e estratégias de caça. - Medeiros M.F.S.T. 1999,Primates,,,,,,,,Alouatta seniculus,,,seniculus,Acre,,-10.5569444444444,-69.0588888888889,,
,S,7743,Mammalia,ZEE_MAM,213,,,Brasil,,,,-10.5277777777778,-69.0277777777778,-10.5277777777778,-69.0277777777778,Cebidae,,Alouatta,,,,SEMA-Acre,Animalia,Limoeiro,,,,,2010-03-08T13:52:53,,,Não publicado: A caça de Subsistência na Reserva Extrativista Chico Mendes/AC: caracterização- consumo e estratégias de caça. - Medeiros M.F.S.T. 1999,Primates,,,,,,,,Alouatta seniculus,,,seniculus,Acre,,-10.5277777777778,-69.0277777777778,,
,S,7755,Mammalia,ZEE_MAM,213,,,Brasil,,,,-10.5455555555556,-68.8769444444444,-10.5455555555556,-68.8769444444444,Cebidae,,Alouatta,,,,SEMA-Acre,Animalia,Vai Quem Quer,,,,,2010-03-08T13:52:53,,,Não publicado: A caça de Subsistência na Reserva Extrativista Chico Mendes/AC: caracterização- consumo e estratégias de caça. - Medeiros M.F.S.T. 1999,Primates,,,,,,,,Alouatta seniculus,,,seniculus,Acre,,-10.5455555555556,-68.8769444444444,,
,S,645,Mammalia,ZEE_MAM,213,,,Brasil,Rio Branco,,,-10.0927777777778,-68.0,-10.0927777777778,-68.0,Cebidae,,Alouatta,,,,SEMA-Acre,Animalia,Fazenda Boa União; Rio Acre,,,,,2010-03-08T13:52:53,,,Dissertação: Caça de subsistência: sustentabilidade e padrões de uso entre seringueiros ribeirinhos e não-ribeiinhos do estado do Acre - Calouro A.M. 1995,Primates,,,,,,,,Alouatta seniculus,,,seniculus,Acre,,-10.0927777777778,-68.0,,
,S,6992,Mammalia,ZEE_MAM,213,,,Brasil,,,,-10.4258333333333,-68.8611111111111,-10.4258333333333,-68.8611111111111,Cebidae,,Alouatta,,,,SEMA-Acre,Animalia,Trilha Pincel,,,,,2010-03-08T13:52:53,,,Não publicado: A caça de Subsistência na Reserva Extrativista Chico Mendes/AC: caracterização- consumo e estratégias de caça. - Medeiros M.F.S.T. 1999,Primates,,,,,,,,Alouatta seniculus,,,seniculus,Acre,,-10.4258333333333,-68.8611111111111,,
,S,7050,Mammalia,ZEE_MAM,213,,,Brasil,,,,-10.5397222222222,-68.8563888888889,-10.5397222222222,-68.8563888888889,Cebidae,,Alouatta,,,,SEMA-Acre,Animalia,Trilha Bom Levar,,,,,2010-03-08T13:52:53,,,Não publicado: A caça de Subsistência na Reserva Extrativista Chico Mendes/AC: caracterização- consumo e estratégias de caça. - Medeiros M.F.S.T. 1999,Primates,,,,,,,,Alouatta seniculus,,,seniculus,Acre,,-10.5397222222222,-68.8563888888889,,
,S,7079,Mammalia,ZEE_MAM,213,,,Brasil,,,,-10.4569444444444,-68.8602777777778,-10.4569444444444,-68.8602777777778,Cebidae,,Alouatta,,,,SEMA-Acre,Animalia,Trilha Itapissuma,,,,,2010-03-08T13:52:53,,,Não publicado: A caça de Subsistência na Reserva Extrativista Chico Mendes/AC: caracterização- consumo e estratégias de caça. - Medeiros M.F.S.T. 1999,Primates,,,,,,,,Alouatta seniculus,,,seniculus,Acre,,-10.4569444444444,-68.8602777777778,,
,S,7427,Mammalia,ZEE_MAM,213,,,Brasil,Porto Dias,,,-10.0294444444444,-66.8391666666667,-10.0294444444444,-66.8391666666667,Cebidae,,Alouatta,,,,SEMA-Acre,Animalia,Palestina,,,,,2010-03-08T13:52:53,,,Não publicado: A caça de Subsistência na Reserva Extrativista de Porto Dias/AC: caracterização- consumo e estratégias de caça. - Medeiros M.F.S.T. 1999,Primates,,,,,,,,Alouatta seniculus,,,seniculus,Acre,,-10.0294444444444,-66.8391666666667,,
,S,7439,Mammalia,ZEE_MAM,213,,,Brasil,Porto Dias,,,-9.97666666666667,-66.8022222222222,-9.97666666666667,-66.8022222222222,Cebidae,,Alouatta,,,,SEMA-Acre,Animalia,Bom Jardim,,,,,2010-03-08T13:52:53,,,Não publicado: A caça de Subsistência na Reserva Extrativista de Porto Dias/AC: caracterização- consumo e estratégias de caça. - Medeiros M.F.S.T. 1999,Primates,,,,,,,,Alouatta seniculus,,,seniculus,Acre,,-9.97666666666667,-66.8022222222222,,
,S,357,Mammalia,ZEE_MAM,213,,,Brasil,,,,-8.82916666666667,-72.775,-8.82916666666667,-72.775,Cebidae,,Alouatta,,,,SEMA-Acre,Animalia,Seringal Oriente; Rio Juruá- perto da Vila Taumaturgo,,,,,2010-03-08T13:52:53,,,Artigo: Estudo comparativo das espécies do gênero Alouatta Lacèpéde- 1799 (Platyrrhini- Cebidae) e sua distribuição geográfica na América do Sul - Hirsch A.- Landau E.C- Tedeschi A.C.M. - Menegheti J.O. 1991,Primates,,,,,,,,Alouatta seniculus,,,seniculus,Acre,,-8.82916666666667,-72.775,,
,S,358,Mammalia,ZEE_MAM,213,,,Brasil,Plácido de Castro,,,-10.2861111111111,-67.1444444444444,-10.2861111111111,-67.1444444444444,Cebidae,,Alouatta,,,,SEMA-Acre,Animalia,Plácido de Castro,,,,,2010-03-08T13:52:53,,,Artigo: Estudo comparativo das espécies do gênero Alouatta Lacèpéde- 1799 (Platyrrhini- Cebidae) e sua distribuição geográfica na América do Sul - Hirsch A.- Landau E.C- Tedeschi A.C.M. - Menegheti J.O. 1991,Primates,,,,,,,,Alouatta seniculus,,,seniculus,Acre,,-10.2861111111111,-67.1444444444444,,
,S,359,Mammalia,ZEE_MAM,213,,282365,Brasil,Sena Madureira,,,-9.065951,-68.657424,-9.065951,-68.657424,Cebidae,,Alouatta,,,,SEMA-Acre,Animalia,Sena Madureira,,,,,2010-03-08T13:52:53,,,Artigo: Estudo comparativo das espécies do gênero Alouatta Lacèpéde- 1799 (Platyrrhini- Cebidae) e sua distribuição geográfica na América do Sul - Hirsch A.- Landau E.C- Tedeschi A.C.M. - Menegheti J.O. 1991,Primates,,,,,,,,Alouatta seniculus,,,seniculus,Acre,,0.0,0.0,,
,S,360,Mammalia,ZEE_MAM,213,,,Brasil,Xapuri,,,-10.6666666666667,-68.4833333333333,-10.6666666666667,-68.4833333333333,Cebidae,,Alouatta,,,,SEMA-Acre,Animalia,,,,,,2010-03-08T13:52:53,,,Artigo: Estudo comparativo das espécies do gênero Alouatta Lacèpéde- 1799 (Platyrrhini- Cebidae) e sua distribuição geográfica na América do Sul - Hirsch A.- Landau E.C- Tedeschi A.C.M. - Menegheti J.O. 1991,Primates,,,,,,,,Alouatta seniculus,,,seniculus,Acre,,-10.6666666666667,-68.4833333333333,,
,S,3956,Mammalia,ZEE_MAM,213,,,Brasil,Cruzeiro do Sul,,,-7.55666666666667,-73.2766666666667,-7.55666666666667,-73.2766666666667,Cebidae,,Alouatta,,,,SEMA-Acre,Animalia,Parque Nacional da Serra do Divisor,,,,,2010-03-08T13:52:53,,,"Artigo : Riqueza de mamíferos de grande e médio porte do Parque Nacional da Serra do Divisor (Acre, Brasil) - Calouro A.M. 1999",Primates,,,,,,,,Alouatta seniculus,,,seniculus,Acre,,-7.55666666666667,-73.2766666666667,,
,S,3958,Mammalia,ZEE_MAM,213,,,Brasil,Cruzeiro do Sul,,,-8.28083333333333,-73.2536111111111,-8.28083333333333,-73.2536111111111,Cebidae,,Alouatta,,,,SEMA-Acre,Animalia,Parque Nacional da Serra do Divisor,,,,,2010-03-08T13:52:53,,,"Artigo : Riqueza de mamíferos de grande e médio porte do Parque Nacional da Serra do Divisor (Acre, Brasil) - Calouro A.M. 1999",Primates,,,,,,,,Alouatta seniculus,,,seniculus,Acre,,-8.28083333333333,-73.2536111111111,,
,S,56,Mammalia,ZEE_MAM,213,,,Brasil,,,,-8.82916666666667,-72.775,-8.82916666666667,-72.775,Callitrichidae,,Saguinus,,,,SEMA-Acre,Animalia,Seringal Oriente; Margem esquerda,,,,,2010-03-08T13:52:53,,,Artigo: Alguns mamíferos do Acre Ocidental - Carvalho C.T. 1957,Primates,,,,,,,,Saguinus mystax,,,mystax,Acre,,-8.82916666666667,-72.775,,
,S,28,Mammalia,ZEE_MAM,213,,,Brasil,,,,-9.41277777777778,-72.72,-9.41277777777778,-72.72,Callitrichidae,,Saguinus,,,mystax,SEMA-Acre,Animalia,Margem esquerda do Rio Juruá - Ponto 2; Rio Juruá,,,,,2010-03-08T13:52:53,,,Artigo: Notes on the primates of the Juruá River- western Brasilian Amazonia - Peres C.A. 1993,Primates,,,,,,,,Saguinus mystax mystax,,,mystax,Acre,,-9.41277777777778,-72.72,,
,S,395,Mammalia,ZEE_MAM,213,,,Brasil,Cruzeiro do Sul,,,-7.50611111111111,-73.7013888888889,-7.50611111111111,-73.7013888888889,Callitrichidae,,Saguinus,,,mystax,SEMA-Acre,Animalia,Parque Nacional da Serra do Divisor,,,,,2010-03-08T13:52:53,,,Livro: The status of conservation areas in the Brasilian Amazon - Rylands A.B. 1991,Primates,,,,,,,,Saguinus mystax mystax,,,mystax,Acre,,-7.50611111111111,-73.7013888888889,,
,S,464,Mammalia,ZEE_MAM,213,,,Brasil,Cruzeiro do Sul,,,-7.50611111111111,-73.7013888888889,-7.50611111111111,-73.7013888888889,Callitrichidae,,Saguinus,,,mystax,SEMA-Acre,Animalia,Parque Nacional da Serra do Divisor,,,,,2010-03-08T13:52:53,,,Capítulo de livro: Systematics- geographic distribuition- andsome notes on the conservation status of the Callitrichidae - Rylands A.B.- Coimbra-Filho A.F. - Mittermeier R.A. 1993,Primates,,,,,,,,Saguinus mystax mystax,,,mystax,Acre,,-7.50611111111111,-73.7013888888889,,
,S,521,Mammalia,ZEE_MAM,213,,,Brasil,Cruzeiro do Sul,,,-7.50611111111111,-73.7013888888889,-7.50611111111111,-73.7013888888889,Callitrichidae,,Saguinus,,,mystax,SEMA-Acre,Animalia,Parque Nacional da Serra do Divisor,,,,,2010-03-08T13:52:53,,,"Artigo : Riqueza de mamíferos de grande e médio porte do Parque Nacional da Serra do Divisor (Acre, Brasil) - Calouro A.M. 1999",Primates,,,,,,,,Saguinus mystax mystax,,,mystax,Acre,,-7.50611111111111,-73.7013888888889,,
,S,1120,Mammalia,ZEE_MAM,213,,,Brasil,Feijó,,,-9.35666666666667,-71.0166666666667,-9.35666666666667,-71.0166666666667,Cebidae,,Alouatta,,,,SEMA-Acre,Animalia,Terra Indígena Jaminauá/Envira; Margem direita do Rio Envira- perto da foz do Rio Jaminauá e margem direita do Rio Jaminauá,,,,,2010-03-08T13:52:53,,,Relatório: Identificação e delimitação da Terra Indígena Kulina do Igarapé do Anjo que passou a se denominar Terra Indígena Jaminauá/Envira - Diógenes M.B. 1996,Primates,,,,,,,,Alouatta seniculus,,,seniculus,Acre,,-9.35666666666667,-71.0166666666667,,
,S,1143,Mammalia,ZEE_MAM,213,,,Brasil,Feijó,,,-9.52305555555555,-71.6638888888889,-9.52305555555555,-71.6638888888889,Cebidae,,Alouatta,,,,SEMA-Acre,Animalia,Terra Indígena Kampa do Rio Envira; Rio Envira,,,,,2010-03-08T13:52:53,,,Relatório: Análise ambiental complementar sobre a terra indígena Kampa e isolados do Rio Envira - Ferreira L.A. 1996,Primates,,,,,,,,Alouatta seniculus,,,seniculus,Acre,,-9.52305555555555,-71.6638888888889,,
,S,1148,Mammalia,ZEE_MAM,213,,,Brasil,Rio Branco,,,-10.0927777777778,-68.0,-10.0927777777778,-68.0,Cebidae,,Alouatta,,,,SEMA-Acre,Animalia,Fazenda Boa União; Rio Acre,,,,,2010-03-08T13:52:53,,,Dissertação: A caça de subsistência de extrativistas na Amazônia: sustentabilidade- biodiversidade e extinção de espécies - Martins E. 1993,Primates,,,,,,,,Alouatta seniculus,,,seniculus,Acre,,-10.0927777777778,-68.0,,
,S,1157,Mammalia,ZEE_MAM,213,,,Brasil,Sena Madureira,,,-9.25,-68.725,-9.25,-68.725,Cebidae,,Alouatta,,,,SEMA-Acre,Animalia,Rio Iaco; Rio Iaco,,,,,2010-03-08T13:52:53,,,Dissertação: A caça de subsistência de extrativistas na Amazônia: sustentabilidade- biodiversidade e extinção de espécies - Martins E. 1993,Primates,,,,,,,,Alouatta seniculus,,,seniculus,Acre,,-9.25,-68.725,,
,S,3944,Mammalia,ZEE_MAM,213,,,Brasil,Cruzeiro do Sul,,,-7.44333333333333,-73.6744444444444,-7.44333333333333,-73.6744444444444,Callitrichidae,,Saguinus,,,,SEMA-Acre,Animalia,Parque Nacional da Serra do Divisor,,,,,2010-03-08T13:52:53,,,"Artigo : Riqueza de mamíferos de grande e médio porte do Parque Nacional da Serra do Divisor (Acre, Brasil) - Calouro A.M. 1999",Primates,,,,,,,,Saguinus mystax,,,mystax,Acre,,-7.44333333333333,-73.6744444444444,,
,S,3946,Mammalia,ZEE_MAM,213,,,Brasil,Cruzeiro do Sul,,,-7.45888888888889,-73.7744444444444,-7.45888888888889,-73.7744444444444,Callitrichidae,,Saguinus,,,,SEMA-Acre,Animalia,Parque Nacional da Serra do Divisor,,,,,2010-03-08T13:52:53,,,"Artigo : Riqueza de mamíferos de grande e médio porte do Parque Nacional da Serra do Divisor (Acre, Brasil) - Calouro A.M. 1999",Primates,,,,,,,,Saguinus mystax,,,mystax,Acre,,-7.45888888888889,-73.7744444444444,,
,S,3949,Mammalia,ZEE_MAM,213,,,Brasil,Cruzeiro do Sul,,,-7.44666666666667,-73.6780555555556,-7.44666666666667,-73.6780555555556,Callitrichidae,,Saguinus,,,,SEMA-Acre,Animalia,Parque Nacional da Serra do Divisor,,,,,2010-03-08T13:52:53,,,"Artigo : Riqueza de mamíferos de grande e médio porte do Parque Nacional da Serra do Divisor (Acre, Brasil) - Calouro A.M. 1999",Primates,,,,,,,,Saguinus mystax,,,mystax,Acre,,-7.44666666666667,-73.6780555555556,,
,S,3950,Mammalia,ZEE_MAM,213,,,Brasil,Cruzeiro do Sul,,,-8.86027777777778,-72.8722222222222,-8.86027777777778,-72.8722222222222,Callitrichidae,,Saguinus,,,,SEMA-Acre,Animalia,Parque Nacional da Serra do Divisor,,,,,2010-03-08T13:52:53,,,"Artigo : Riqueza de mamíferos de grande e médio porte do Parque Nacional da Serra do Divisor (Acre, Brasil) - Calouro A.M. 1999",Primates,,,,,,,,Saguinus mystax,,,mystax,Acre,,-8.86027777777778,-72.8722222222222,,
,S,3951,Mammalia,ZEE_MAM,213,,,Brasil,Cruzeiro do Sul,,,-8.55833333333333,-72.8833333333333,-8.55833333333333,-72.8833333333333,Callitrichidae,,Saguinus,,,,SEMA-Acre,Animalia,Parque Nacional da Serra do Divisor,,,,,2010-03-08T13:52:53,,,"Artigo : Riqueza de mamíferos de grande e médio porte do Parque Nacional da Serra do Divisor (Acre, Brasil) - Calouro A.M. 1999",Primates,,,,,,,,Saguinus mystax,,,mystax,Acre,,-8.55833333333333,-72.8833333333333,,
,S,3952,Mammalia,ZEE_MAM,213,,,Brasil,Cruzeiro do Sul,,,-8.40527777777778,-72.8577777777778,-8.40527777777778,-72.8577777777778,Callitrichidae,,Saguinus,,,,SEMA-Acre,Animalia,Parque Nacional da Serra do Divisor,,,,,2010-03-08T13:52:53,,,"Artigo : Riqueza de mamíferos de grande e médio porte do Parque Nacional da Serra do Divisor (Acre, Brasil) - Calouro A.M. 1999",Primates,,,,,,,,Saguinus mystax,,,mystax,Acre,,-8.40527777777778,-72.8577777777778,,
,S,3953,Mammalia,ZEE_MAM,213,,,Brasil,Cruzeiro do Sul,,,-8.28083333333333,-73.2536111111111,-8.28083333333333,-73.2536111111111,Callitrichidae,,Saguinus,,,,SEMA-Acre,Animalia,Parque Nacional da Serra do Divisor,,,,,2010-03-08T13:52:53,,,"Artigo : Riqueza de mamíferos de grande e médio porte do Parque Nacional da Serra do Divisor (Acre, Brasil) - Calouro A.M. 1999",Primates,,,,,,,,Saguinus mystax,,,mystax,Acre,,-8.28083333333333,-73.2536111111111,,
,S,3954,Mammalia,ZEE_MAM,213,,,Brasil,Cruzeiro do Sul,,,-8.87527777777778,-72.7819444444444,-8.87527777777778,-72.7819444444444,Callitrichidae,,Saguinus,,,,SEMA-Acre,Animalia,Parque Nacional da Serra do Divisor,,,,,2010-03-08T13:52:53,,,"Artigo : Riqueza de mamíferos de grande e médio porte do Parque Nacional da Serra do Divisor (Acre, Brasil) - Calouro A.M. 1999",Primates,,,,,,,,Saguinus mystax,,,mystax,Acre,,-8.87527777777778,-72.7819444444444,,
,S,520,Mammalia,ZEE_MAM,213,,,Brasil,Cruzeiro do Sul,,,-8.86027777777778,-72.8722222222222,-8.86027777777778,-72.8722222222222,Callitrichidae,,Saguinus,,,subgrisescens,SEMA-Acre,Animalia,Parque Nacional da Serra do Divisor; Foz do Rio Branco,,,,,2010-03-08T13:52:53,,,"Artigo : Riqueza de mamíferos de grande e médio porte do Parque Nacional da Serra do Divisor (Acre, Brasil) - Calouro A.M. 1999",Primates,,,,,,,,Saguinus imperator subgrisescens,,,imperator,Acre,,-8.86027777777778,-72.8722222222222,,
,S,566,Mammalia,ZEE_MAM,213,,,Brasil,Cruzeiro do Sul,,,-8.28083333333333,-73.2536111111111,-8.28083333333333,-73.2536111111111,Callitrichidae,,Saguinus,,,subgrisescens,SEMA-Acre,Animalia,Parque Nacional da Serra do Divisor; Foz do Rio Branco,,,,,2010-03-08T13:52:53,,,"Artigo : Riqueza de mamíferos de grande e médio porte do Parque Nacional da Serra do Divisor (Acre, Brasil) - Calouro A.M. 1999",Primates,,,,,,,,Saguinus imperator subgrisescens,,,imperator,Acre,,-8.28083333333333,-73.2536111111111,,
,S,57,Mammalia,ZEE_MAM,213,,,Brasil,Marechal Thaumaturgo,,,-8.78388888888889,-72.8383333333333,-8.78388888888889,-72.8383333333333,Callitrichidae,,Saguinus,,,subgrisescens,SEMA-Acre,Animalia,Pedra Preta; Margem direita,,,,,2010-03-08T13:52:53,,,Artigo: Alguns mamíferos do Acre Ocidental - Carvalho C.T. 1957,Primates,,,,,,,,Saguinus imperator subgrisescens,,,imperator,Acre,,-8.78388888888889,-72.8383333333333,,
,S,58,Mammalia,ZEE_MAM,213,,,Brasil,,,,-8.8225,-72.7636111111111,-8.8225,-72.7636111111111,Callitrichidae,,Saguinus,,,subgrisescens,SEMA-Acre,Animalia,Seringal Oriente; Margem direita,,,,,2010-03-08T13:52:53,,,Artigo: Alguns mamíferos do Acre Ocidental - Carvalho C.T. 1957,Primates,,,,,,,,Saguinus imperator subgrisescens,,,imperator,Acre,,-8.8225,-72.7636111111111,,
,S,266,Mammalia,ZEE_MAM,213,,,Brasil,Assis Brasil,,,-11.0333333333333,-70.25,-11.0333333333333,-70.25,Callitrichidae,,Saguinus,,,,SEMA-Acre,Animalia,ESEC do Rio Acre; Rio Acre,,,,,2010-03-08T13:52:53,,,Artigo: Parks- reserves and primate conservation in Brasilian Amazonia - Rylands A. - Mittermeier R.A. 1982,Primates,,,,,,,,Saguinus labiatus,,,labiatus,Acre,,-11.0333333333333,-70.25,,
,S,4051,Mammalia,ZEE_MAM,213,,,Brasil,Rio Branco,,,-10.0666666666667,-67.6166666666667,-10.0666666666667,-67.6166666666667,Callitrichidae,,Saguinus,,,,SEMA-Acre,Animalia,Fazenda Experimental Catuaba; Rioa Acre,,,,,2010-03-08T13:52:53,,,Relatório: Estimativa das densidades das espécies de primatas da Fazenda Experimental Catuaba - Chaves W.A. 1999,Primates,,,,,,,,Saguinus labiatus,,,labiatus,Acre,,-10.0666666666667,-67.6166666666667,,
,S,651,Mammalia,ZEE_MAM,213,,,Brasil,Rio Branco,,,-10.1333333333333,-67.5833333333333,-10.1333333333333,-67.5833333333333,Callitrichidae,,Saguinus,,,,SEMA-Acre,Animalia,Parque Ambiental Chico Mendes; Rioa Acre,,,,,2010-03-08T13:52:53,,,Relatório: Enriquecimento de capoeiras com espécies vegetais utilizadas por primatas - Silva M.C.R. 1998,Primates,,,,,,,,Saguinus labiatus,,,labiatus,Acre,,-10.1333333333333,-67.5833333333333,,
,S,8331,Mammalia,ZEE_MAM,213,,178429,Brasil,Rio Branco,,,-9.97512,-67.810478,-9.97512,-67.810478,Callitrichidae,,Saguinus,,,,SEMA-Acre,Animalia,Rio Branco (Estrada de Xapuri); Rioa Acre,,,,,2010-03-08T13:52:53,,,"Artigo: Malária simiana no Estado do Acre, Brasil: Encontro de macacos zogue-zogue, Callicebus moloch cupreus, infetados com Plasmodium brasilianum - Ferreira Neto J.A.- Deane L.M. - Almeida F.B. 1972",Primates,,,,,,,,Saguinus labiatus,,,labiatus,Acre,,0.0,0.0,,
,S,444,Mammalia,ZEE_MAM,213,,,Brasil,,,,-10.1833333333333,-67.55,-10.1833333333333,-67.55,Callitrichidae,,Saguinus,,,labiatus,SEMA-Acre,Animalia,Iquiri; Rio Iquiri,,,,,2010-03-08T13:52:53,,,Livro: Livig New World monkeys (Platyrrhini) with an introduction to primates - Hershokovitz P. 1977,Primates,,,,,,,,Saguinus labiatus labiatus,,,labiatus,Acre,,-10.1833333333333,-67.55,,
,S,445,Mammalia,ZEE_MAM,213,,,Brasil,,,,-9.96666666666667,-67.8,-9.96666666666667,-67.8,Callitrichidae,,Saguinus,,,labiatus,SEMA-Acre,Animalia,Rio Branco,,,,,2010-03-08T13:52:53,,,Livro: Livig New World monkeys (Platyrrhini) with an introduction to primates - Hershokovitz P. 1977,Primates,,,,,,,,Saguinus labiatus labiatus,,,labiatus,Acre,,-9.96666666666667,-67.8,,
,S,484,Mammalia,ZEE_MAM,213,,,Brasil,Bujari,,,-9.33333333333333,-68.25,-9.33333333333333,-68.25,Callitrichidae,,Saguinus,,,imperator,SEMA-Acre,Animalia,Floresta Estadual do Antimary; Rio Antimari,,,,,2010-03-08T13:52:53,,,Livro: Livro vermelho dos mamíferos brasileiros ameaçados de extinção - Fonseca G.A.B.- Rylands A.B.- Costa C.M.R.- Machado R.B. - Leite Y.L.R. 1994,Primates,,,,,,,,Saguinus imperator imperator,,,imperator,Acre,,-9.33333333333333,-68.25,,
,S,485,Mammalia,ZEE_MAM,213,,,Brasil,Assis Brasil,,,-11.0333333333333,-70.25,-11.0333333333333,-70.25,Callitrichidae,,Saguinus,,,imperator,SEMA-Acre,Animalia,ESEC do Rio Acre; Rio Acre,,,,,2010-03-08T13:52:53,,,Livro: Livro vermelho dos mamíferos brasileiros ameaçados de extinção - Fonseca G.A.B.- Rylands A.B.- Costa C.M.R.- Machado R.B. - Leite Y.L.R. 1994,Primates,,,,,,,,Saguinus imperator imperator,,,imperator,Acre,,-11.0333333333333,-70.25,,
,S,611,Mammalia,ZEE_MAM,213,,,Brasil,Rio Branco,,,-9.96666666666667,-67.8,-9.96666666666667,-67.8,Callitrichidae,,Saguinus,,,imperator,SEMA-Acre,Animalia,Bairro Sobral; Rioa Acre,,,,,2010-03-08T13:52:53,,,Monografia: Levantamento preliminar de primatas cadastrados pelo IBAMA no município de Rio Branco - AC - Nóbrega M.F. 1997,Primates,,,,,,,,Saguinus imperator imperator,,,imperator,Acre,,-9.96666666666667,-67.8,,
,S,8,Mammalia,ZEE_MAM,213,,,Brasil,Rio Branco,,,-9.94166666666667,-67.8688888888889,-9.94166666666667,-67.8688888888889,Callitrichidae,,Saguinus,,,imperator,SEMA-Acre,Animalia,Universidade Federal do Acre/Parque Zoobotânico; Rio Acre,,,,,2010-03-08T13:52:53,,,Artigo: On the occorrence of parasites in free-ranging Callitrichids - Santos F.G.A.- Bicca-Marques J.C.- Calegaro-Marques C.- Farias E.M.P - Azevedo M.A.O 1995,Primates,,,,,,,,Saguinus imperator imperator,,,imperator,Acre,,-9.94166666666667,-67.8688888888889,,
,S,8411,Mammalia,ZEE_MAM,213,,,Brasil,Rio Branco,,,-9.94166666666667,-67.8688888888889,-9.94166666666667,-67.8688888888889,Callitrichidae,,Saguinus,,,imperator,SEMA-Acre,Animalia,Universidade Federal do Acre/Parque Zoobotânico; Rioa Acre,,,,,2010-03-08T13:52:53,,,Artigo: Do female tamarins use visual cues to detect fruit rewards more successfully than do males? - Dominy N.J.- Garber P.A.- Bicca-Marques J.C. - Lopes M.A.O. 2003,Primates,,,,,,,,Saguinus imperator imperator,,,imperator,Acre,,-9.94166666666667,-67.8688888888889,,
,S,22,Mammalia,ZEE_MAM,213,,,Brasil,Porto Walter,,,-9.41333333333333,-72.725,-9.41333333333333,-72.725,Callitrichidae,,Saguinus,,,subgrisescens,SEMA-Acre,Animalia,Margem esquerda do Rio Juruá - Pontos 2; Rio Juruá,,,,,2010-03-08T13:52:53,,,Artigo: Notes on the primates of the Juruá River- western Brasilian Amazonia - Peres C.A. 1993,Primates,,,,,,,,Saguinus imperator subgrisescens,,,imperator,Acre,,-9.41333333333333,-72.725,,
,S,411,Mammalia,ZEE_MAM,213,,,Brasil,Assis Brasil,,,-11.0333333333333,-70.25,-11.0333333333333,-70.25,Callitrichidae,,Saguinus,,,imperator,SEMA-Acre,Animalia,ESEC do Rio Acre; Rio Acre,,,,,2010-03-08T13:52:53,,,Livro: The status of conservation areas in the Brasilian Amazon - Rylands A.B. 1991,Primates,,,,,,,,Saguinus imperator imperator,,,imperator,Acre,,-11.0333333333333,-70.25,,
,S,42,Mammalia,ZEE_MAM,213,,,Brasil,Assis Brasil,,,-11.0166666666667,-68.7333333333333,-11.0166666666667,-68.7333333333333,Callitrichidae,,Saguinus,,,imperator,SEMA-Acre,Animalia,Fronteira com Cobija (Bolívia); Rio Acre- margem esquerda,,,,,2010-03-08T13:52:53,,,Artigo: Races of the emperator tamarin- Saguinus imperator Goeldi (Callitrichidae- Primates) - Hershokovitz P. 1979,Primates,,,,,,,,Saguinus imperator imperator,,,imperator,Acre,,-11.0166666666667,-68.7333333333333,,
,S,446,Mammalia,ZEE_MAM,213,,,Brasil,,,,-8.82916666666667,-72.775,-8.82916666666667,-72.775,Callitrichidae,,Saguinus,,,imperator,SEMA-Acre,Animalia,Seringal Oriente; Acima do Rio Juruá,,,,,2010-03-08T13:52:53,,,Livro: Livig New World monkeys (Platyrrhini) with an introduction to primates - Hershokovitz P. 1977,Primates,,,,,,,,Saguinus imperator imperator,,,imperator,Acre,,-8.82916666666667,-72.775,,
,S,447,Mammalia,ZEE_MAM,213,,,Brasil,Manoel Urbano,,,-8.88333333333333,-69.3,-8.88333333333333,-69.3,Callitrichidae,,Saguinus,,,imperator,SEMA-Acre,Animalia,Manoel Urbano; Rio Purus,,,,,2010-03-08T13:52:53,,,Livro: Livig New World monkeys (Platyrrhini) with an introduction to primates - Hershokovitz P. 1977,Primates,,,,,,,,Saguinus imperator imperator,,,imperator,Acre,,-8.88333333333333,-69.3,,
,S,472,Mammalia,ZEE_MAM,213,,,Brasil,Assis Brasil,,,-11.0333333333333,-70.25,-11.0333333333333,-70.25,Callitrichidae,,Saguinus,,,imperator,SEMA-Acre,Animalia,ESEC do Rio Acre; Rio Acre,,,,,2010-03-08T13:52:53,,,Capítulo de livro: Systematics- geographic distribuition- andsome notes on the conservation status of the Callitrichidae - Rylands A.B.- Coimbra-Filho A.F. - Mittermeier R.A. 1993,Primates,,,,,,,,Saguinus imperator imperator,,,imperator,Acre,,-11.0333333333333,-70.25,,
,S,479,Mammalia,ZEE_MAM,213,,282365,Brasil,Sena Madureira,,,-9.065951,-68.657424,-9.065951,-68.657424,Callitrichidae,,Saguinus,,,imperator,SEMA-Acre,Animalia,São Domingos,,,,,2010-03-08T13:52:53,,,Livro: Livro vermelho dos mamíferos brasileiros ameaçados de extinção - Fonseca G.A.B.- Rylands A.B.- Costa C.M.R.- Machado R.B. - Leite Y.L.R. 1994,Primates,,,,,,,,Saguinus imperator imperator,,,imperator,Acre,,0.0,0.0,,
,S,480,Mammalia,ZEE_MAM,213,,,Brasil,,,,-10.0,-69.75,-10.0,-69.75,Callitrichidae,,Saguinus,,,imperator,SEMA-Acre,Animalia,FLONA Macauã; Rio Macauã- afluente do Rio Iaco componente da bacia do Rio Purus,,,,,2010-03-08T13:52:53,,,Livro: Livro vermelho dos mamíferos brasileiros ameaçados de extinção - Fonseca G.A.B.- Rylands A.B.- Costa C.M.R.- Machado R.B. - Leite Y.L.R. 1994,Primates,,,,,,,,Saguinus imperator imperator,,,imperator,Acre,,-10.0,-69.75,,
,S,8149,Mammalia,ZEE_MAM,213,,,Brasil,Bujari,,,-9.53333333333333,-68.0333333333333,-9.53333333333333,-68.0333333333333,Callitrichidae,,Saguinus,,,,SEMA-Acre,Animalia,Floresta Estadual do Antimary; Rio Antimari,,,,,2010-03-08T13:52:45,,,"Artigo: Caracterização de habitats para monitoramento de primatas na Floresta Estadual de Antimary (Acre, Brasil) - Calouro A.M. - Pires J.S.R. 2004",Primates,,,,,,,,Saguinus imperator,,,imperator,Acre,,-9.53333333333333,-68.0333333333333,,
,S,8328,Mammalia,ZEE_MAM,213,,178429,Brasil,Rio Branco,,,-9.97512,-67.810478,-9.97512,-67.810478,Callitrichidae,,Saguinus,,,,SEMA-Acre,Animalia,Rio Branco (Estrada de Porto Acre); Rioa Acre,,,,,2010-03-08T13:52:45,,,"Artigo: Malária simiana no Estado do Acre, Brasil: Encontro de macacos zogue-zogue, Callicebus moloch cupreus, infetados com Plasmodium brasilianum - Ferreira Neto J.A.- Deane L.M. - Almeida F.B. 1972",Primates,,,,,,,,Saguinus imperator,,,imperator,Acre,,0.0,0.0,,
,S,11,Mammalia,ZEE_MAM,213,,,Brasil,Rio Branco,,,-9.94166666666667,-67.8688888888889,-9.94166666666667,-67.8688888888889,Callitrichidae,,Saguinus,,,imperator,SEMA-Acre,Animalia,Universidade Federal do Acre/Parque Zoobotânico; Rio Acre,,,,,2010-03-08T13:52:45,,,Artigo: Ecology and social relations of the black-chinned emperor tamarin - Calegaro-Marques C. - Bicca-Marques J.C. 1994,Primates,,,,,,,,Saguinus imperator imperator,,,imperator,Acre,,-9.94166666666667,-67.8688888888889,,
,S,337,Mammalia,ZEE_MAM,213,,,Brasil,Rio Branco,,,-9.94166666666667,-67.8688888888889,-9.94166666666667,-67.8688888888889,Callitrichidae,,Saguinus,,,imperator,SEMA-Acre,Animalia,Universidade Federal do Acre/Parque Zoobotânico; Rioa Acre,,,,,2010-03-08T13:52:45,,,Artigo: Reaction of wild emperor tamarins to the presence of a snake - Nunes C.A.- Bicca-Marques J.C.- Schacht K. - Araripe A.C.A. 1998,Primates,,,,,,,,Saguinus imperator imperator,,,imperator,Acre,,-9.94166666666667,-67.8688888888889,,
,S,9,Mammalia,ZEE_MAM,213,,,Brasil,Rio Branco,,,-9.94166666666667,-67.8688888888889,-9.94166666666667,-67.8688888888889,Callitrichidae,,Saguinus,,,weddelii,SEMA-Acre,Animalia,Universidade Federal do Acre/Parque Zoobotânico; Rio Acre,,,,,2010-03-08T13:52:45,,,Artigo: On the occorrence of parasites in free-ranging Callitrichids - Santos F.G.A.- Bicca-Marques J.C.- Calegaro-Marques C.- Farias E.M.P - Azevedo M.A.O 1995,Primates,,,,,,,,Saguinus fuscicollis weddelii,,,fuscicollis,Acre,,-9.94166666666667,-67.8688888888889,,
,S,361,Mammalia,ZEE_MAM,213,,,Brasil,Rio Branco,,,-9.94166666666667,-67.8688888888889,-9.94166666666667,-67.8688888888889,Callitrichidae,,Saguinus,,,imperator,SEMA-Acre,Animalia,Universidade Federal do Acre/Parque Zoobotânico; Rioa Acre,,,,,2010-03-08T13:52:45,,,Artigo: Medidas morfométricas de Saguinus imperator imperator e Saguinus fuscicollis weddelli (Callitrichidae- Primates) em ambiente natural - Bicca-Marques J.C.- Calegaro-Marques C.- Farias E.M.P.- Azevedo M.A.O - Santos F.G.A. 1997,Primates,,,,,,,,Saguinus imperator imperator,,,imperator,Acre,,-9.94166666666667,-67.8688888888889,,
,S,40,Mammalia,ZEE_MAM,213,,,Brasil,Manoel Urbano,,,-8.88333333333333,-69.3,-8.88333333333333,-69.3,Callitrichidae,,Saguinus,,,imperator,SEMA-Acre,Animalia,Manoel Urbano; Rio Purus,,,,,2010-03-08T13:52:45,,,Artigo: Races of the emperator tamarin- Saguinus imperator Goeldi (Callitrichidae- Primates) - Hershokovitz P. 1979,Primates,,,,,,,,Saguinus imperator imperator,,,imperator,Acre,,-8.88333333333333,-69.3,,
,S,438,Mammalia,ZEE_MAM,213,,,Brasil,,,,-10.65,-68.5,-10.65,-68.5,Callitrichidae,,Saguinus,,,weddelii,SEMA-Acre,Animalia,Rio Xapuri; Rio Xapuri- acima do Rio Purus,,,,,2010-03-08T13:52:45,,,Livro: Livig New World monkeys (Platyrrhini) with an introduction to primates - Hershokovitz P. 1977,Primates,,,,,,,,Saguinus fuscicollis weddelii,,,fuscicollis,Acre,,-10.65,-68.5,,
,S,439,Mammalia,ZEE_MAM,213,,,Brasil,,,,-10.1833333333333,-67.55,-10.1833333333333,-67.55,Callitrichidae,,Saguinus,,,weddelii,SEMA-Acre,Animalia,Iquiri; Rio Iquiri,,,,,2010-03-08T13:52:45,,,Livro: Livig New World monkeys (Platyrrhini) with an introduction to primates - Hershokovitz P. 1977,Primates,,,,,,,,Saguinus fuscicollis weddelii,,,fuscicollis,Acre,,-10.1833333333333,-67.55,,
,S,8379,Mammalia,ZEE_MAM,213,,,Brasil,Rio Branco,,,-9.94166666666667,-67.8688888888889,-9.94166666666667,-67.8688888888889,Callitrichidae,,Saguinus,,,weddelii,SEMA-Acre,Animalia,Universidade Federal do Acre/Parque Zoobotânico; Rioa Acre,,,,,2010-03-08T13:52:45,,,Resumo: Regras individuais de forrageio em Saguinus imperator imperator e Saguinus fuscicollis weddelli - Nunes A.M. - Bicca-Marques J.C. 2005,Primates,,,,,,,,Saguinus fuscicollis weddelii,,,fuscicollis,Acre,,-9.94166666666667,-67.8688888888889,,
,S,436,Mammalia,ZEE_MAM,213,,,Brasil,,,,-8.82916666666667,-72.775,-8.82916666666667,-72.775,Callitrichidae,,Saguinus,,,melanoleucus,SEMA-Acre,Animalia,Seringal Oriente,,,,,2010-03-08T13:52:45,,,Livro: Livig New World monkeys (Platyrrhini) with an introduction to primates - Hershokovitz P. 1977,Primates,,,,,,,,Saguinus fuscicollis melanoleucus,,,fuscicollis,Acre,,-8.82916666666667,-72.775,,
,S,442,Mammalia,ZEE_MAM,213,,,Brasil,,,,-7.61666666666667,-72.6,-7.61666666666667,-72.6,Callitrichidae,,Saguinus,,,melanoleucus,SEMA-Acre,Animalia,,,,,,2010-03-08T13:52:45,,,Livro: Livig New World monkeys (Platyrrhini) with an introduction to primates - Hershokovitz P. 1977,Primates,,,,,,,,Saguinus fuscicollis melanoleucus,,,fuscicollis,Acre,,-7.61666666666667,-72.6,,
,S,575,Mammalia,ZEE_MAM,213,,,Brasil,Cruzeiro do Sul,,,-7.43166666666667,-73.6611111111111,-7.43166666666667,-73.6611111111111,Callitrichidae,,Saguinus,,,melanoleucus,SEMA-Acre,Animalia,Parque Nacional da Serra do Divisor; Foz do Rio Juruá Mirim,,,,,2010-03-08T13:52:45,,,"Artigo : Riqueza de mamíferos de grande e médio porte do Parque Nacional da Serra do Divisor (Acre, Brasil) - Calouro A.M. 1999",Primates,,,,,,,,Saguinus fuscicollis melanoleucus,,,fuscicollis,Acre,,-7.43166666666667,-73.6611111111111,,
,S,60,Mammalia,ZEE_MAM,213,,,Brasil,,,,-8.78388888888889,-72.8383333333333,-8.78388888888889,-72.8383333333333,Callitrichidae,,Saguinus,,,melanoleucus,SEMA-Acre,Animalia,Pedra Preta- abaixo da Vila Taumaturgo; Alto Rio Juruá- margem direita,,,,,2010-03-08T13:52:45,,,Artigo: Alguns mamíferos do Acre Ocidental - Carvalho C.T. 1957,Primates,,,,,,,,Saguinus fuscicollis melanoleucus,,,fuscicollis,Acre,,-8.78388888888889,-72.8383333333333,,
,S,8006,Mammalia,ZEE_MAM,213,,,Brasil,Marechal Thaumaturgo,,,-8.8,-72.8166666666667,-8.8,-72.8166666666667,Callitrichidae,,Saguinus,,,melanoleucus,SEMA-Acre,Animalia,Pedra Preta- 15 km ao norte de Vila Taumaturgo; Acima do Rio Juruá,,,,,2010-03-08T13:52:45,,,Artigo: Nova subespécie de saguim da Amazônia - Carvalho C.T. 1957,Primates,,,,,,,,Saguinus fuscicollis melanoleucus,,,fuscicollis,Acre,,-8.8,-72.8166666666667,,
,S,8201,Mammalia,ZEE_MAM,213,,,Brasil,,,,-8.66666666666667,-72.7833333333333,-8.66666666666667,-72.7833333333333,Callitrichidae,,Saguinus,,,melanoleucus,SEMA-Acre,Animalia,,,,,,2010-03-08T13:52:45,,,Artigo: Primate community structure at twenty western Amazonian flooded and unflooded forests - Peres C.A. 1997,Primates,,,,,,,,Saguinus fuscicollis melanoleucus,,,fuscicollis,Acre,,-8.66666666666667,-72.7833333333333,,
,S,12,Mammalia,ZEE_MAM,213,,,Brasil,Rio Branco,,,-9.94166666666667,-67.8688888888889,-9.94166666666667,-67.8688888888889,Callitrichidae,,Saguinus,,,weddelii,SEMA-Acre,Animalia,Universidade Federal do Acre/Parque Zoobotânico; Rio Acre,,,,,2010-03-08T13:52:45,,,Artigo: Ecology and social relations of the black-chinned emperor tamarin - Calegaro-Marques C. - Bicca-Marques J.C. 1994,Primates,,,,,,,,Saguinus fuscicollis weddelii,,,fuscicollis,Acre,,-9.94166666666667,-67.8688888888889,,
,S,16,Mammalia,ZEE_MAM,213,,,Brasil,Rio Branco,,,-9.94166666666667,-67.8688888888889,-9.94166666666667,-67.8688888888889,Callitrichidae,,Saguinus,,,weddelii,SEMA-Acre,Animalia,Universidade Federal do Acre/Parque Zoobotânico; Rio Acre,,,,,2010-03-08T13:52:45,,,Relatório: Percepção- cognição e aprendizagem associados ao forrageamento por primatas neotropicais noturnos e diurnos - Bicca-Marques J.C. 1997,Primates,,,,,,,,Saguinus fuscicollis weddelii,,,fuscicollis,Acre,,-9.94166666666667,-67.8688888888889,,
,S,167,Mammalia,ZEE_MAM,213,,,Brasil,Assis Brasil,,,-11.0333333333333,-70.25,-11.0333333333333,-70.25,Callitrichidae,,Saguinus,,,weddelii,SEMA-Acre,Animalia,ESEC do Rio Acre; Rio Acre,,,,,2010-03-08T13:52:45,,,Artigo: Conservation areas protecting primates in Brasilian Amazonia - Rylands A.B. 1985,Primates,,,,,,,,Saguinus fuscicollis weddelii,,,fuscicollis,Acre,,-11.0333333333333,-70.25,,
,S,338,Mammalia,ZEE_MAM,213,,,Brasil,Rio Branco,,,-9.94166666666667,-67.8688888888889,-9.94166666666667,-67.8688888888889,Callitrichidae,,Saguinus,,,weddelii,SEMA-Acre,Animalia,Universidade Federal do Acre/Parque Zoobotânico; Rioa Acre,,,,,2010-03-08T13:52:45,,,Artigo: Reaction of wild emperor tamarins to the presence of a snake - Nunes C.A.- Bicca-Marques J.C.- Schacht K. - Araripe A.C.A. 1998,Primates,,,,,,,,Saguinus fuscicollis weddelii,,,fuscicollis,Acre,,-9.94166666666667,-67.8688888888889,,
,S,341,Mammalia,ZEE_MAM,213,,,Brasil,Rio Branco,,,-9.94166666666667,-67.8688888888889,-9.94166666666667,-67.8688888888889,Callitrichidae,,Saguinus,,,weddelii,SEMA-Acre,Animalia,Universidade Federal do Acre/Parque Zoobotânico; Rioa Acre,,,,,2010-03-08T13:52:45,,,Artigo: On the capture of titi monkeys (Callicebus cupreus) using the peruvian method - Silveira G.- Bicca-Marques J.C - Nunes C.A. 1998,Primates,,,,,,,,Saguinus fuscicollis weddelii,,,fuscicollis,Acre,,-9.94166666666667,-67.8688888888889,,
,S,344,Mammalia,ZEE_MAM,213,,,Brasil,Rio Branco,,,-9.94166666666667,-67.8688888888889,-9.94166666666667,-67.8688888888889,Callitrichidae,,Saguinus,,,weddelii,SEMA-Acre,Animalia,Universidade Federal do Acre/Parque Zoobotânico; Rioa Acre,,,,,2010-03-08T13:52:45,,,Artigo: Preliminary observations on handedness in wild tamarins (Saguinus spp.) and titi monkeys (Callicebus cupreus) - Bicca-Marques J.C.- Nunes C.A. - Schacht K. 1998,Primates,,,,,,,,Saguinus fuscicollis weddelii,,,fuscicollis,Acre,,-9.94166666666667,-67.8688888888889,,
,S,462,Mammalia,ZEE_MAM,213,,,Brasil,,,,-7.64777777777778,-72.67,-7.64777777777778,-72.67,Callitrichidae,,Saguinus,,,acrensis,SEMA-Acre,Animalia,,,,,,2010-03-08T13:52:45,,,Capítulo de livro: Systematics- geographic distribuition- andsome notes on the conservation status of the Callitrichidae - Rylands A.B.- Coimbra-Filho A.F. - Mittermeier R.A. 1993,Primates,,,,,,,,Saguinus fuscicollis acrensis,,,fuscicollis,Acre,,-7.64777777777778,-72.67,,
,S,23,Mammalia,ZEE_MAM,213,,,Brasil,,,,-9.41277777777778,-72.72,-9.41277777777778,-72.72,Callitrichidae,,Saguinus,,,fuscicollis,SEMA-Acre,Animalia,Margem esquerda do Rio Juruá - Ponto 4; Rio Juruá,,,,,2010-03-08T13:52:45,,,Artigo: Notes on the primates of the Juruá River- western Brasilian Amazonia - Peres C.A. 1993,Primates,,,,,,,,Saguinus fuscicollis fuscicollis,,,fuscicollis,Acre,,-9.41277777777778,-72.72,,
,S,35,Mammalia,ZEE_MAM,213,,,Brasil,,,,-8.36666666666667,-72.8166666666667,-8.36666666666667,-72.8166666666667,Callitrichidae,,Saguinus,,,fuscicollis,SEMA-Acre,Animalia,Seringal Sobral; Margem esquerda do Rio Juruá,,,,,2010-03-08T13:52:45,,,Artigo: Riverine barriers and gene flow in Amazonian saddle-black tamarins - Peres C.A.- Patton J.L. - Silva M.N.F. 1996,Primates,,,,,,,,Saguinus fuscicollis fuscicollis,,,fuscicollis,Acre,,-8.36666666666667,-72.8166666666667,,
,S,36,Mammalia,ZEE_MAM,213,,,Brasil,,,,-8.56666666666667,-72.8,-8.56666666666667,-72.8,Callitrichidae,,Saguinus,,,fuscicollis,SEMA-Acre,Animalia,Ocidente contrário; Margem esquerda do Rio Juruá,,,,,2010-03-08T13:52:45,,,Artigo: Riverine barriers and gene flow in Amazonian saddle-black tamarins - Peres C.A.- Patton J.L. - Silva M.N.F. 1996,Primates,,,,,,,,Saguinus fuscicollis fuscicollis,,,fuscicollis,Acre,,-8.56666666666667,-72.8,,
,S,519,Mammalia,ZEE_MAM,213,,,Brasil,Cruzeiro do Sul,,,-7.50611111111111,-73.7013888888889,-7.50611111111111,-73.7013888888889,Callitrichidae,,Saguinus,,,fuscicollis,SEMA-Acre,Animalia,Parque Nacional da Serra do Divisor,,,,,2010-03-08T13:52:45,,,"Artigo : Riqueza de mamíferos de grande e médio porte do Parque Nacional da Serra do Divisor (Acre, Brasil) - Calouro A.M. 1999",Primates,,,,,,,,Saguinus fuscicollis fuscicollis,,,fuscicollis,Acre,,-7.50611111111111,-73.7013888888889,,
,S,8212,Mammalia,ZEE_MAM,213,,,Brasil,,,,-8.36666666666667,-72.8166666666667,-8.36666666666667,-72.8166666666667,Callitrichidae,,Saguinus,,,fuscicollis,SEMA-Acre,Animalia,,,,,,2010-03-08T13:52:45,,,Artigo: Primate community structure at twenty western Amazonian flooded and unflooded forests - Peres C.A. 1997,Primates,,,,,,,,Saguinus fuscicollis fuscicollis,,,fuscicollis,Acre,,-8.36666666666667,-72.8166666666667,,
,S,24,Mammalia,ZEE_MAM,213,,,Brasil,Marechal Thaumaturgo,,,-9.41277777777778,-72.7213888888889,-9.41277777777778,-72.7213888888889,Callitrichidae,,Saguinus,,,melanoleucus,SEMA-Acre,Animalia,Margem direita do Rio Juruá - Ponto 3; Alto Juruá e acima do Rio Tarauacá,,,,,2010-03-08T13:52:45,,,Artigo: Notes on the primates of the Juruá River- western Brasilian Amazonia - Peres C.A. 1993,Primates,,,,,,,,Saguinus fuscicollis melanoleucus,,,fuscicollis,Acre,,-9.41277777777778,-72.7213888888889,,
,S,39,Mammalia,ZEE_MAM,213,,,Brasil,,,,-8.56666666666667,-72.8,-8.56666666666667,-72.8,Callitrichidae,,Saguinus,,,melanoleucus,SEMA-Acre,Animalia,Rio Juruá; Margem direita do Rio Juruá- Rio Tarauacá,,,,,2010-03-08T13:52:45,,,Artigo: Riverine barriers and gene flow in Amazonian saddle-black tamarins - Peres C.A.- Patton J.L. - Silva M.N.F. 1996,Primates,,,,,,,,Saguinus fuscicollis melanoleucus,,,fuscicollis,Acre,,-8.56666666666667,-72.8,,
,S,3942,Mammalia,ZEE_MAM,213,,,Brasil,Cruzeiro do Sul,,,-8.28083333333333,-73.2536111111111,-8.28083333333333,-73.2536111111111,Callitrichidae,,Saguinus,,,,SEMA-Acre,Animalia,Parque Nacional da Serra do Divisor,,,,,2010-03-08T13:52:45,,,"Artigo : Riqueza de mamíferos de grande e médio porte do Parque Nacional da Serra do Divisor (Acre, Brasil) - Calouro A.M. 1999",Primates,,,,,,,,Saguinus fuscicollis,,,fuscicollis,Acre,,-8.28083333333333,-73.2536111111111,,
,S,799,Mammalia,ZEE_MAM,213,,,Brasil,Sena Madureira,,,-10.0,-69.75,-10.0,-69.75,Callitrichidae,,Saguinus,,,,SEMA-Acre,Animalia,FLONA Macauã; Rio Macauã- afluente do Rio Iaco componente da bacia do Rio Purus,,,,,2010-03-08T13:52:45,,,Relatório: Contribuição ao programa de manejo de uso múltiplo da Floresta Nacional do Macauã - CTA- IBAMA - ITTO 1998,Primates,,,,,,,,Saguinus fuscicollis,,,fuscicollis,Acre,,-10.0,-69.75,,
,S,394,Mammalia,ZEE_MAM,213,,,Brasil,Cruzeiro do Sul,,,-7.50611111111111,-73.7013888888889,-7.50611111111111,-73.7013888888889,Callitrichidae,,Saguinus,,,,SEMA-Acre,Animalia,Parque Nacional da Serra do Divisor,,,,,2010-03-08T13:52:45,,,Livro: The status of conservation areas in the Brasilian Amazon - Rylands A.B. 1991,Primates,,,,,,,,Saguinus fuscicollis,,,fuscicollis,Acre,,-7.50611111111111,-73.7013888888889,,
,S,1096,Mammalia,ZEE_MAM,213,,124133,Brasil,Cruzeiro do Sul,,,-7.631498,-72.67049,-7.631498,-72.67049,Callitrichidae,,Saguinus,,,acrensis,SEMA-Acre,Animalia,Lagoinha- BR-364; Igarapé do Croa,,,,,2010-03-08T13:52:45,,,Relatório: Estudo da distribuição geográfica de espécies de mamíferos como subsídio para o zoneamento agroecológico do Estado do Acre - IMAC 1992,Primates,,,,,,,,Saguinus fuscicollis acrensis,,,fuscicollis,Acre,,0.0,0.0,,
,S,776,Mammalia,ZEE_MAM,213,,124133,Brasil,Cruzeiro do Sul,,,-7.631498,-72.67049,-7.631498,-72.67049,Callitrichidae,,Saguinus,,,,SEMA-Acre,Animalia,Seringal República; Rio Moa,,,,,2010-03-08T13:52:45,,,Monografia: Distribuição de primatas não-humanos no Estado do Acre e vizinhanças: um estudo preliminar - Fernandes M.C.A.G. 1990,Primates,,,,,,,,Saguinus,,,,Acre,,0.0,0.0,,
,S,780,Mammalia,ZEE_MAM,213,,178429,Brasil,Rio Branco,,,-9.97512,-67.810478,-9.97512,-67.810478,Callitrichidae,,Saguinus,,,,SEMA-Acre,Animalia,Rio Branco- Chácara da FUNAI; Rioa Acre,,,,,2010-03-08T13:52:45,,,Monografia: Distribuição de primatas não-humanos no Estado do Acre e vizinhanças: um estudo preliminar - Fernandes M.C.A.G. 1990,Primates,,,,,,,,Saguinus,,,,Acre,,0.0,0.0,,
,S,264,Mammalia,ZEE_MAM,213,,,Brasil,Assis Brasil,,,-11.0333333333333,-70.25,-11.0333333333333,-70.25,Callitrichidae,,Saguinus,,,,SEMA-Acre,Animalia,ESEC do Rio Acre; Rio Acre,,,,,2010-03-08T13:52:45,,,Artigo: Parks- reserves and primate conservation in Brasilian Amazonia - Rylands A. - Mittermeier R.A. 1982,Primates,,,,,,,,Saguinus fuscicollis,,,fuscicollis,Acre,,-11.0333333333333,-70.25,,
,S,3934,Mammalia,ZEE_MAM,213,,,Brasil,Cruzeiro do Sul,,,-7.44333333333333,-73.6744444444444,-7.44333333333333,-73.6744444444444,Callitrichidae,,Saguinus,,,,SEMA-Acre,Animalia,Parque Nacional da Serra do Divisor,,,,,2010-03-08T13:52:45,,,"Artigo : Riqueza de mamíferos de grande e médio porte do Parque Nacional da Serra do Divisor (Acre, Brasil) - Calouro A.M. 1999",Primates,,,,,,,,Saguinus fuscicollis,,,fuscicollis,Acre,,-7.44333333333333,-73.6744444444444,,
,S,3936,Mammalia,ZEE_MAM,213,,,Brasil,Cruzeiro do Sul,,,-7.45638888888889,-73.6380555555556,-7.45638888888889,-73.6380555555556,Callitrichidae,,Saguinus,,,,SEMA-Acre,Animalia,Parque Nacional da Serra do Divisor,,,,,2010-03-08T13:52:45,,,"Artigo : Riqueza de mamíferos de grande e médio porte do Parque Nacional da Serra do Divisor (Acre, Brasil) - Calouro A.M. 1999",Primates,,,,,,,,Saguinus fuscicollis,,,fuscicollis,Acre,,-7.45638888888889,-73.6380555555556,,
,S,3939,Mammalia,ZEE_MAM,213,,,Brasil,Cruzeiro do Sul,,,-8.86027777777778,-72.8722222222222,-8.86027777777778,-72.8722222222222,Callitrichidae,,Saguinus,,,,SEMA-Acre,Animalia,Parque Nacional da Serra do Divisor,,,,,2010-03-08T13:52:45,,,"Artigo : Riqueza de mamíferos de grande e médio porte do Parque Nacional da Serra do Divisor (Acre, Brasil) - Calouro A.M. 1999",Primates,,,,,,,,Saguinus fuscicollis,,,fuscicollis,Acre,,-8.86027777777778,-72.8722222222222,,
,S,3940,Mammalia,ZEE_MAM,213,,,Brasil,Cruzeiro do Sul,,,-8.55833333333333,-72.8833333333333,-8.55833333333333,-72.8833333333333,Callitrichidae,,Saguinus,,,,SEMA-Acre,Animalia,Parque Nacional da Serra do Divisor,,,,,2010-03-08T13:52:45,,,"Artigo : Riqueza de mamíferos de grande e médio porte do Parque Nacional da Serra do Divisor (Acre, Brasil) - Calouro A.M. 1999",Primates,,,,,,,,Saguinus fuscicollis,,,fuscicollis,Acre,,-8.55833333333333,-72.8833333333333,,
,S,3941,Mammalia,ZEE_MAM,213,,,Brasil,Cruzeiro do Sul,,,-8.40527777777778,-72.8577777777778,-8.40527777777778,-72.8577777777778,Callitrichidae,,Saguinus,,,,SEMA-Acre,Animalia,Parque Nacional da Serra do Divisor,,,,,2010-03-08T13:52:45,,,"Artigo : Riqueza de mamíferos de grande e médio porte do Parque Nacional da Serra do Divisor (Acre, Brasil) - Calouro A.M. 1999",Primates,,,,,,,,Saguinus fuscicollis,,,fuscicollis,Acre,,-8.40527777777778,-72.8577777777778,,
,S,764,Mammalia,ZEE_MAM,213,,58663,Brasil,Plácido de Castro,,,-10.335677,-67.186032,-10.335677,-67.186032,Callitrichidae,,Saguinus,,,,SEMA-Acre,Animalia,Propriedade rural- AC-401- km 6- ramal lado esquerdo (1 km),,,,,2010-03-08T13:52:45,,,Monografia: Distribuição de primatas não-humanos no Estado do Acre e vizinhanças: um estudo preliminar - Fernandes M.C.A.G. 1990,Primates,,,,,,,,Saguinus,,,,Acre,,0.0,0.0,,
,S,766,Mammalia,ZEE_MAM,213,,178429,Brasil,Rio Branco,,,-9.97512,-67.810478,-9.97512,-67.810478,Callitrichidae,,Saguinus,,,,SEMA-Acre,Animalia,Estrada Dias Martins- km 13- ramal lado direito (2 km); Rio Acre,,,,,2010-03-08T13:52:45,,,Monografia: Distribuição de primatas não-humanos no Estado do Acre e vizinhanças: um estudo preliminar - Fernandes M.C.A.G. 1990,Primates,,,,,,,,Saguinus,,,,Acre,,0.0,0.0,,
,S,767,Mammalia,ZEE_MAM,213,,,Brasil,,,,-9.31666666666667,-71.9,-9.31666666666667,-71.9,Callitrichidae,,Saguinus,,,,SEMA-Acre,Animalia,Terra Indígena Kaxinawá; Alto Purus,,,,,2010-03-08T13:52:45,,,Monografia: Distribuição de primatas não-humanos no Estado do Acre e vizinhanças: um estudo preliminar - Fernandes M.C.A.G. 1990,Primates,,,,,,,,Saguinus,,,,Acre,,-9.31666666666667,-71.9,,
,S,739,Mammalia,ZEE_MAM,213,,,Brasil,Manoel Urbano,,,-8.88333333333333,-69.3,-8.88333333333333,-69.3,Callitrichidae,,Saguinus,,,,SEMA-Acre,Animalia,Manoel Urbano; Alto Rio Purus,,,,,2010-03-08T13:52:45,,,Monografia: Distribuição de primatas não-humanos no Estado do Acre e vizinhanças: um estudo preliminar - Fernandes M.C.A.G. 1990,Primates,,,,,,,,Saguinus,,,,Acre,,-8.88333333333333,-69.3,,
,S,742,Mammalia,ZEE_MAM,213,,,Brasil,,,,-8.82916666666667,-72.775,-8.82916666666667,-72.775,Callitrichidae,,Saguinus,,,,SEMA-Acre,Animalia,Seringal Oriente; Alto Rio Juruá,,,,,2010-03-08T13:52:45,,,Monografia: Distribuição de primatas não-humanos no Estado do Acre e vizinhanças: um estudo preliminar - Fernandes M.C.A.G. 1990,Primates,,,,,,,,Saguinus,,,,Acre,,-8.82916666666667,-72.775,,
,S,8326,Mammalia,ZEE_MAM,213,,178429,Brasil,Rio Branco,,,-9.97512,-67.810478,-9.97512,-67.810478,Callitrichidae,,Cebuella,,,,SEMA-Acre,Animalia,Rio Branco (Estrada de Porto Acre); Rioa Acre,,,,,2010-03-08T13:52:45,,,"Artigo: Malária simiana no Estado do Acre, Brasil: Encontro de macacos zogue-zogue, Callicebus moloch cupreus, infetados com Plasmodium brasilianum - Ferreira Neto J.A.- Deane L.M. - Almeida F.B. 1972",Primates,,,,,,,,Cebuella pygmaea,,,pygmaea,Acre,,0.0,0.0,,
,S,8413,Mammalia,ZEE_MAM,213,,,Brasil,Rio Branco,,,-9.94166666666667,-67.8688888888889,-9.94166666666667,-67.8688888888889,Callitrichidae,,Cebuella,,,,SEMA-Acre,Animalia,Universidade Federal do Acre/Parque Zoobotânico; Rioa Acre,,,,,2010-03-08T13:52:45,,,Artigo: Do female tamarins use visual cues to detect fruit rewards more successfully than do males? - Dominy N.J.- Garber P.A.- Bicca-Marques J.C. - Lopes M.A.O. 2003,Primates,,,,,,,,Cebuella pygmaea,,,pygmaea,Acre,,-9.94166666666667,-67.8688888888889,,
,S,336,Mammalia,ZEE_MAM,213,,,Brasil,,,,-10.2666666666667,-69.1527777777778,-10.2666666666667,-69.1527777777778,Callitrichidae,,Cebuella,,,niveiventris,SEMA-Acre,Animalia,Rio Abunã; Rio Abunã,,,,,2010-03-08T13:52:45,,,Artigo: An eastern extension of the geographical range of the pygmy marmoset- Cebuella pygmaea - Von Roosmalen M.G.M 1997,Primates,,,,,,,,Cebuella pygmaea niveiventris,,,pygmaea,Acre,,-10.2666666666667,-69.1527777777778,,
,S,7011,Mammalia,ZEE_MAM,213,,,Brasil,,,,-10.3969444444444,-68.8611111111111,-10.3969444444444,-68.8611111111111,Callitrichidae,,Saguinus,,,,SEMA-Acre,Animalia,Trilha Venezuela,,,,,2010-03-08T13:52:45,,,Não publicado: A caça de Subsistência na Reserva Extrativista Chico Mendes/AC: caracterização- consumo e estratégias de caça. - Medeiros M.F.S.T. 1999,Primates,,,,,,,,Saguinus,,,,Acre,,-10.3969444444444,-68.8611111111111,,
,S,728,Mammalia,ZEE_MAM,213,,178429,Brasil,Rio Branco,,,-9.97512,-67.810478,-9.97512,-67.810478,Callitrichidae,,Saguinus,,,,SEMA-Acre,Animalia,Vila Calafate; Rioa Acre,,,,,2010-03-08T13:52:45,,,Monografia: Distribuição de primatas não-humanos no Estado do Acre e vizinhanças: um estudo preliminar - Fernandes M.C.A.G. 1990,Primates,,,,,,,,Saguinus,,,,Acre,,0.0,0.0,,
,S,711,Mammalia,ZEE_MAM,213,,178429,Brasil,Rio Branco,,,-9.97512,-67.810478,-9.97512,-67.810478,Callitrichidae,,Cebuella,,,,SEMA-Acre,Animalia,Estrada Dias Martins- km 12- lado esquerdo; Rioa Acre,,,,,2010-03-08T13:52:45,,,Monografia: Distribuição de primatas não-humanos no Estado do Acre e vizinhanças: um estudo preliminar - Fernandes M.C.A.G. 1990,Primates,,,,,,,,Cebuella pygmaea,,,pygmaea,Acre,,0.0,0.0,,
,S,713,Mammalia,ZEE_MAM,213,,,Brasil,,,,-9.31666666666667,-71.9,-9.31666666666667,-71.9,Callitrichidae,,Cebuella,,,,SEMA-Acre,Animalia,Terra Indígena Kaxinawá; Alto Purus,,,,,2010-03-08T13:52:45,,,Monografia: Distribuição de primatas não-humanos no Estado do Acre e vizinhanças: um estudo preliminar - Fernandes M.C.A.G. 1990,Primates,,,,,,,,Cebuella pygmaea,,,pygmaea,Acre,,-9.31666666666667,-71.9,,
,S,714,Mammalia,ZEE_MAM,213,,170168,Brasil,Tarauacá,,,-8.161779,-70.766041,-8.161779,-70.766041,Callitrichidae,,Cebuella,,,,SEMA-Acre,Animalia,Terra Indígena; Rio Gregório,,,,,2010-03-08T13:52:45,,,Monografia: Distribuição de primatas não-humanos no Estado do Acre e vizinhanças: um estudo preliminar - Fernandes M.C.A.G. 1990,Primates,,,,,,,,Cebuella pygmaea,,,pygmaea,Acre,,0.0,0.0,,
,S,719,Mammalia,ZEE_MAM,213,,124133,Brasil,Cruzeiro do Sul,,,-7.631498,-72.67049,-7.631498,-72.67049,Callitrichidae,,Cebuella,,,,SEMA-Acre,Animalia,Seringal República; Rio Moa,,,,,2010-03-08T13:52:45,,,Monografia: Distribuição de primatas não-humanos no Estado do Acre e vizinhanças: um estudo preliminar - Fernandes M.C.A.G. 1990,Primates,,,,,,,,Cebuella pygmaea,,,pygmaea,Acre,,0.0,0.0,,
,S,616,Mammalia,ZEE_MAM,213,,,Brasil,Rio Branco,,,-9.96666666666667,-67.8,-9.96666666666667,-67.8,Callitrichidae,,Cebuella,,,,SEMA-Acre,Animalia,Conjunto Guiomar Santos; Rioa Acre,,,,,2010-03-08T13:52:45,,,Monografia: Levantamento preliminar de primatas cadastrados pelo IBAMA no município de Rio Branco - AC - Nóbrega M.F. 1997,Primates,,,,,,,,Cebuella pygmaea,,,pygmaea,Acre,,-9.96666666666667,-67.8,,
,S,617,Mammalia,ZEE_MAM,213,,,Brasil,Rio Branco,,,-9.96666666666667,-67.8,-9.96666666666667,-67.8,Callitrichidae,,Cebuella,,,,SEMA-Acre,Animalia,Bairro Ivete Vargas; Rioa Acre,,,,,2010-03-08T13:52:45,,,Monografia: Levantamento preliminar de primatas cadastrados pelo IBAMA no município de Rio Branco - AC - Nóbrega M.F. 1997,Primates,,,,,,,,Cebuella pygmaea,,,pygmaea,Acre,,-9.96666666666667,-67.8,,
,S,618,Mammalia,ZEE_MAM,213,,,Brasil,Rio Branco,,,-9.96666666666667,-67.8,-9.96666666666667,-67.8,Callitrichidae,,Cebuella,,,,SEMA-Acre,Animalia,Bairro Abraão Alab; Rio Acre,,,,,2010-03-08T13:52:45,,,Monografia: Levantamento preliminar de primatas cadastrados pelo IBAMA no município de Rio Branco - AC - Nóbrega M.F. 1997,Primates,,,,,,,,Cebuella pygmaea,,,pygmaea,Acre,,-9.96666666666667,-67.8,,
,S,655,Mammalia,ZEE_MAM,213,,,Brasil,Rio Branco,,,-10.1333333333333,-67.5833333333333,-10.1333333333333,-67.5833333333333,Callitrichidae,,Cebuella,,,,SEMA-Acre,Animalia,Parque Ambiental Chico Mendes; Rioa Acre,,,,,2010-03-08T13:52:45,,,Relatório: Enriquecimento de capoeiras com espécies vegetais utilizadas por primatas - Silva M.C.R. 1998,Primates,,,,,,,,Cebuella pygmaea,,,pygmaea,Acre,,-10.1333333333333,-67.5833333333333,,
,S,18,Mammalia,ZEE_MAM,213,,,Brasil,Rio Branco,,,-9.94166666666667,-67.8688888888889,-9.94166666666667,-67.8688888888889,Callitrichidae,,Cebuella,,,,SEMA-Acre,Animalia,Universidade Federal do Acre/Parque Zoobotânico; Rio Acre,,,,,2010-03-08T13:52:45,,,Relatório: Percepção- cognição e aprendizagem associados ao forrageamento por primatas neotropicais noturnos e diurnos - Bicca-Marques J.C. 1997,Primates,,,,,,,,Cebuella pygmaea,,,pygmaea,Acre,,-9.94166666666667,-67.8688888888889,,
,S,220,Mammalia,ZEE_MAM,213,,,Brasil,,,,-9.25,-68.725,-9.25,-68.725,Callitrichidae,,Cebuella,,,,SEMA-Acre,Animalia,Rio Iaco; Rio Iaco,,,,,2010-03-08T13:52:45,,,Relatório: Caracterização da fauna da bacia do Rio Branco/ Acre - Alho C.J.R. 1990,Primates,,,,,,,,Cebuella pygmaea,,,pygmaea,Acre,,-9.25,-68.725,,
,S,27,Mammalia,ZEE_MAM,213,,,Brasil,,,,-9.41277777777778,-72.7047222222222,-9.41277777777778,-72.7047222222222,Callitrichidae,,Cebuella,,,,SEMA-Acre,Animalia,Margem direita do Rio Juruá - Ponto 3; Rio Juruá,,,,,2010-03-08T13:52:45,,,Artigo: Notes on the primates of the Juruá River- western Brasilian Amazonia - Peres C.A. 1993,Primates,,,,,,,,Cebuella pygmaea,,,pygmaea,Acre,,-9.41277777777778,-72.7047222222222,,
,S,3,Mammalia,ZEE_MAM,213,,,Brasil,Rio Branco,,,-9.94166666666667,-67.8688888888889,-9.94166666666667,-67.8688888888889,Callitrichidae,,Cebuella,,,,SEMA-Acre,Animalia,Universidade Federal do Acre/Parque Zoobotânico; Rio Acre,,,,,2010-03-08T13:52:45,,,Artigo: Updating the known distribution of the pygmaea marmoset (Cebuella pygmaea) in the state of Acre- Brazil - Bicca-Marques J.C. - Calegaro-Marques C. 1995,Primates,,,,,,,,Cebuella pygmaea,,,pygmaea,Acre,,-9.94166666666667,-67.8688888888889,,
,S,4,Mammalia,ZEE_MAM,213,,,Brasil,,,,-9.925,-68.4611111111111,-9.925,-68.4611111111111,Callitrichidae,,Cebuella,,,,SEMA-Acre,Animalia,AC-90,,,,,2010-03-08T13:52:45,,,Artigo: Updating the known distribution of the pygmaea marmoset (Cebuella pygmaea) in the state of Acre- Brazil - Bicca-Marques J.C. - Calegaro-Marques C. 1995,Primates,,,,,,,,Cebuella pygmaea,,,pygmaea,Acre,,-9.925,-68.4611111111111,,
,S,413,Mammalia,ZEE_MAM,213,,,Brasil,Assis Brasil,,,-11.0333333333333,-70.25,-11.0333333333333,-70.25,Callitrichidae,,Cebuella,,,,SEMA-Acre,Animalia,ESEC do Rio Acre; Rio Acre,,,,,2010-03-08T13:52:45,,,Livro: The status of conservation areas in the Brasilian Amazon - Rylands A.B. 1991,Primates,,,,,,,,Cebuella pygmaea,,,pygmaea,Acre,,-11.0333333333333,-70.25,,
,S,455,Mammalia,ZEE_MAM,213,,,Brasil,Assis Brasil,,,-11.0333333333333,-70.25,-11.0333333333333,-70.25,Callitrichidae,,Cebuella,,,,SEMA-Acre,Animalia,ESEC do Rio Acre; Rio Acre,,,,,2010-03-08T13:52:45,,,Capítulo de livro: Systematics- geographic distribuition- andsome notes on the conservation status of the Callitrichidae - Rylands A.B.- Coimbra-Filho A.F. - Mittermeier R.A. 1993,Primates,,,,,,,,Cebuella pygmaea,,,pygmaea,Acre,,-11.0333333333333,-70.25,,
,S,6,Mammalia,ZEE_MAM,213,,,Brasil,Rio Branco,,,-10.2027777777778,-67.9111111111111,-10.2027777777778,-67.9111111111111,Callitrichidae,,Cebuella,,,,SEMA-Acre,Animalia,,,,,,2010-03-08T13:52:45,,,Artigo: Updating the known distribution of the pygmaea marmoset (Cebuella pygmaea) in the state of Acre- Brazil - Bicca-Marques J.C. - Calegaro-Marques C. 1995,Primates,,,,,,,,Cebuella pygmaea,,,pygmaea,Acre,,-10.2027777777778,-67.9111111111111,,
,S,8139,Mammalia,ZEE_MAM,213,,,Brasil,,,,-7.45,-73.6,-7.45,-73.6,Callitrichidae,,Callimico,,,,SEMA-Acre,Animalia,Parque Nacional da Serra do Divisor; Rio Juruá Mirim,,,,,2010-03-08T13:52:45,,,"Artigo: Observations of Callimico goeldii with Saguinus imperator in the Serra do Divisor National Park, Acre, Barzil - Lopes M.A.O.A. - Rehg J.A. 2003",Primates,,,,,,,,Callimico goeldii,,,goeldii,Acre,,-7.45,-73.6,,
,S,8203,Mammalia,ZEE_MAM,213,,,Brasil,,,,-8.66666666666667,-72.7833333333333,-8.66666666666667,-72.7833333333333,Callitrichidae,,Callimico,,,,SEMA-Acre,Animalia,,,,,,2010-03-08T13:52:45,,,Artigo: Primate community structure at twenty western Amazonian flooded and unflooded forests - Peres C.A. 1997,Primates,,,,,,,,Callimico goeldii,,,goeldii,Acre,,-8.66666666666667,-72.7833333333333,,
,S,1,Mammalia,ZEE_MAM,213,,,Brasil,Bujari,,,-9.33333333333333,-68.25,-9.33333333333333,-68.25,Callitrichidae,,Cebuella,,,,SEMA-Acre,Animalia,Floresta Estadual do Antimary; Rio Antimari,,,,,2010-03-08T13:52:45,,,Artigo: Updating the known distribution of the pygmaea marmoset (Cebuella pygmaea) in the state of Acre- Brazil - Bicca-Marques J.C. - Calegaro-Marques C. 1995,Primates,,,,,,,,Cebuella pygmaea,,,pygmaea,Acre,,-9.33333333333333,-68.25,,
,S,10,Mammalia,ZEE_MAM,213,,,Brasil,Rio Branco,,,-9.94166666666667,-67.8688888888889,-9.94166666666667,-67.8688888888889,Callitrichidae,,Cebuella,,,,SEMA-Acre,Animalia,Universidade Federal do Acre/Parque Zoobotânico; Rio Acre,,,,,2010-03-08T13:52:45,,,Artigo: On the occorrence of parasites in free-ranging Callitrichids - Santos F.G.A.- Bicca-Marques J.C.- Calegaro-Marques C.- Farias E.M.P - Azevedo M.A.O 1995,Primates,,,,,,,,Cebuella pygmaea,,,pygmaea,Acre,,-9.94166666666667,-67.8688888888889,,
,S,660,Mammalia,ZEE_MAM,213,,,Brasil,,,,-8.82916666666667,-72.775,-8.82916666666667,-72.775,Callitrichidae,,Callimico,,,,SEMA-Acre,Animalia,Seringal Oriente; Rio Juruá,,,,,2010-03-08T13:52:45,,,Monografia: Distribuição de primatas não-humanos no Estado do Acre e vizinhanças: um estudo preliminar - Fernandes M.C.A.G. 1990,Primates,,,,,,,,Callimico goeldii,,,goeldii,Acre,,-8.82916666666667,-72.775,,
,S,663,Mammalia,ZEE_MAM,213,,,Brasil,,,,-10.1833333333333,-67.5916666666667,-10.1833333333333,-67.5916666666667,Callitrichidae,,Callimico,,,,SEMA-Acre,Animalia,Rio Iquiri; Rio Iquiri,,,,,2010-03-08T13:52:45,,,Monografia: Distribuição de primatas não-humanos no Estado do Acre e vizinhanças: um estudo preliminar - Fernandes M.C.A.G. 1990,Primates,,,,,,,,Callimico goeldii,,,goeldii,Acre,,-10.1833333333333,-67.5916666666667,,
,S,665,Mammalia,ZEE_MAM,213,,,Brasil,,,,-9.05,-68.5925,-9.05,-68.5925,Callitrichidae,,Callimico,,,,SEMA-Acre,Animalia,Rio Iaco; Rio Iaco,,,,,2010-03-08T13:52:45,,,Monografia: Distribuição de primatas não-humanos no Estado do Acre e vizinhanças: um estudo preliminar - Fernandes M.C.A.G. 1990,Primates,,,,,,,,Callimico goeldii,,,goeldii,Acre,,-9.05,-68.5925,,
,S,666,Mammalia,ZEE_MAM,213,,,Brasil,,,,-8.8,-72.7666666666667,-8.8,-72.7666666666667,Callitrichidae,,Callimico,,,,SEMA-Acre,Animalia,Seringal Oriente- alto Juruá; Alto Juruá,,,,,2010-03-08T13:52:45,,,Monografia: Distribuição de primatas não-humanos no Estado do Acre e vizinhanças: um estudo preliminar - Fernandes M.C.A.G. 1990,Primates,,,,,,,,Callimico goeldii,,,goeldii,Acre,,-8.8,-72.7666666666667,,
,S,452,Mammalia,ZEE_MAM,213,,,Brasil,,,,-8.82916666666667,-72.775,-8.82916666666667,-72.775,Callitrichidae,,Callimico,,,,SEMA-Acre,Animalia,Seringal Oriente; Acima do Rio Juruá,,,,,2010-03-08T13:52:45,,,Livro: Livig New World monkeys (Platyrrhini) with an introduction to primates - Hershokovitz P. 1977,Primates,,,,,,,,Callimico goeldii,,,goeldii,Acre,,-8.82916666666667,-72.775,,
,S,489,Mammalia,ZEE_MAM,213,,,Brasil,Assis Brasil,,,-11.0333333333333,-70.25,-11.0333333333333,-70.25,Callitrichidae,,Callimico,,,,SEMA-Acre,Animalia,ESEC do Rio Acre; Rio Acre,,,,,2010-03-08T13:52:45,,,Livro: Livro vermelho dos mamíferos brasileiros ameaçados de extinção - Fonseca G.A.B.- Rylands A.B.- Costa C.M.R.- Machado R.B. - Leite Y.L.R. 1994,Primates,,,,,,,,Callimico goeldii,,,goeldii,Acre,,-11.0333333333333,-70.25,,
,S,491,Mammalia,ZEE_MAM,213,,75100,Brasil,Xapuri,,,-10.652065,-68.504925,-10.652065,-68.504925,Callitrichidae,,Callimico,,,,SEMA-Acre,Animalia,RESEX Chico Mendes,,,,,2010-03-08T13:52:45,,,Livro: Livro vermelho dos mamíferos brasileiros ameaçados de extinção - Fonseca G.A.B.- Rylands A.B.- Costa C.M.R.- Machado R.B. - Leite Y.L.R. 1994,Primates,,,,,,,,Callimico goeldii,,,goeldii,Acre,,0.0,0.0,,
,S,657,Mammalia,ZEE_MAM,213,,75100,Brasil,Xapuri,,,-10.652065,-68.504925,-10.652065,-68.504925,Callitrichidae,,Callimico,,,,SEMA-Acre,Animalia,,,,,,2010-03-08T13:52:45,,,Monografia: Distribuição de primatas não-humanos no Estado do Acre e vizinhanças: um estudo preliminar - Fernandes M.C.A.G. 1990,Primates,,,,,,,,Callimico goeldii,,,goeldii,Acre,,0.0,0.0,,
,S,658,Mammalia,ZEE_MAM,213,,,Brasil,,,,-9.25,-68.725,-9.25,-68.725,Callitrichidae,,Callimico,,,,SEMA-Acre,Animalia,Rio Iaco; Rio Iaco,,,,,2010-03-08T13:52:45,,,Monografia: Distribuição de primatas não-humanos no Estado do Acre e vizinhanças: um estudo preliminar - Fernandes M.C.A.G. 1990,Primates,,,,,,,,Callimico goeldii,,,goeldii,Acre,,-9.25,-68.725,,
,S,267,Mammalia,ZEE_MAM,213,,,Brasil,Assis Brasil,,,-11.0333333333333,-70.25,-11.0333333333333,-70.25,Callitrichidae,,Callimico,,,,SEMA-Acre,Animalia,ESEC do Rio Acre; Rio Acre,,,,,2010-03-08T13:52:45,,,Artigo: Parks- reserves and primate conservation in Brasilian Amazonia - Rylands A. - Mittermeier R.A. 1982,Primates,,,,,,,,Callimico goeldii,,,goeldii,Acre,,-11.0333333333333,-70.25,,
,S,396,Mammalia,ZEE_MAM,213,,,Brasil,Cruzeiro do Sul,,,-7.50611111111111,-73.7013888888889,-7.50611111111111,-73.7013888888889,Callitrichidae,,Callimico,,,,SEMA-Acre,Animalia,Parque Nacional da Serra do Divisor,,,,,2010-03-08T13:52:45,,,Livro: The status of conservation areas in the Brasilian Amazon - Rylands A.B. 1991,Primates,,,,,,,,Callimico goeldii,,,goeldii,Acre,,-7.50611111111111,-73.7013888888889,,
,S,414,Mammalia,ZEE_MAM,213,,,Brasil,Assis Brasil,,,-11.0333333333333,-70.25,-11.0333333333333,-70.25,Callitrichidae,,Callimico,,,,SEMA-Acre,Animalia,ESEC do Rio Acre; Rio Acre,,,,,2010-03-08T13:52:45,,,Livro: The status of conservation areas in the Brasilian Amazon - Rylands A.B. 1991,Primates,,,,,,,,Callimico goeldii,,,goeldii,Acre,,-11.0333333333333,-70.25,,
,S,450,Mammalia,ZEE_MAM,213,,,Brasil,,,,-9.05,-68.5925,-9.05,-68.5925,Callitrichidae,,Callimico,,,,SEMA-Acre,Animalia,Rio Iaco; Rio Iaco,,,,,2010-03-08T13:52:45,,,Livro: Livig New World monkeys (Platyrrhini) with an introduction to primates - Hershokovitz P. 1977,Primates,,,,,,,,Callimico goeldii,,,goeldii,Acre,,-9.05,-68.5925,,
,PreservedSpecimen,MVZ:Mamm:193662,Mammalia,MVZ-MAMMAL,168,,500,Brazil,,11,23,-8.6,-72.85,-8.6,-72.85,Callitrichidae,,Saguinus,James L. Patton,,,MVZ,Animalia,"Flora [=Fazenda Santa Fé], left bank Rio Juruá",,,,,2025-10-06T23:56:00.015537,02,03,Former nature_of_id: field.,Primates,Chordata,tissue (ethanol 95%),,Collector(s): Maria Nazareth F. da Silva,Maria Nazareth F. da Silva 1026,,,Saguinus fuscicollis,,male,fuscicollis,Acre,,,,1992,2001
,PreservedSpecimen,MVZ:Mamm:193687,Mammalia,MVZ-MAMMAL,168,,500,Brazil,,11,23,-8.5666667,-72.8,-8.5666667,-72.8,Callitrichidae,,Cebuella,James L. Patton,,,MVZ,Animalia,"Ocidente, right bank Rio Juruá",,,,,2025-10-10T05:54:00.014461,02,03,Former nature_of_id: field.,Primates,Chordata,tissue (ethanol 95%),,Collector(s): Maria Nazareth F. da Silva,Maria Nazareth F. da Silva 1019,,,Cebuella pygmaea,,male,pygmaea,Acre,,,,1992,2001
,PreservedSpecimen,MVZ:Mamm:193660,Mammalia,MVZ-MAMMAL,168,,500,Brazil,,11,23,-8.5666667,-72.8,-8.5666667,-72.8,Callitrichidae,,Saguinus,James L. Patton,,,MVZ,Animalia,"Ocidente, right bank Rio Juruá",,,,,2025-10-10T05:54:00.014461,02,03,Former nature_of_id: field.,Primates,Chordata,tissue (ethanol 95%),,Collector(s): Maria Nazareth F. da Silva,Maria Nazareth F. da Silva 1024,,,Saguinus fuscicollis,,female,fuscicollis,Acre,,,,1992,2001
,PreservedSpecimen,MVZ:Mamm:193680,Mammalia,MVZ-MAMMAL,168,,500,Brazil,,08,23,-6.5833333,-68.9,-6.5833333,-68.9,Cebidae,,Lagothrix,James L. Patton,,,MVZ,Animalia,"Altamira, right bank Rio Juruá",,,,,2025-10-08T22:10:00.014920,11,03,Former nature_of_id: field.,Primates,Chordata,tissue (ethanol 95%),,Collector(s): James L. Patton,James L. Patton 15942,,,Lagothrix lagotricha,,male,lagotricha,Amazonas,,,,1991,2001
,PreservedSpecimen,MVZ:Mamm:193681,Mammalia,MVZ-MAMMAL,168,,500,Brazil,,08,23,-6.5833333,-68.9,-6.5833333,-68.9,Cebidae,,Lagothrix,James L. Patton,,,MVZ,Animalia,"Altamira, right bank Rio Juruá",,,,,2025-10-08T22:10:00.014920,11,03,Former nature_of_id: field.,Primates,Chordata,tissue (ethanol 95%),,Collector(s): James L. Patton,James L. Patton 15943,,,Lagothrix lagotricha,,female,lagotricha,Amazonas,,,,1991,2001
,PreservedSpecimen,MVZ:Mamm:193650,Mammalia,MVZ-MAMMAL,168,,500,Brazil,,01,23,-8.6666667,-72.7833333,-8.6666667,-72.7833333,Callitrichidae,,Saguinus,James L. Patton,,,MVZ,Animalia,"Seringal Triunfo, Lago Toaré, left bank Rio Juruá",,,,,2025-10-10T04:48:00.014460,03,03,Former nature_of_id: field.,Primates,Chordata,tissue (ethanol 95%),,Collector(s): Maria Nazareth F. da Silva,Maria Nazareth F. da Silva 49,,,Saguinus fuscicollis,,female,fuscicollis,Acre,,,,1992,2001
,PreservedSpecimen,MVZ:Mamm:193665,Mammalia,MVZ-MAMMAL,168,,500,Brazil,,11,23,-8.5666667,-72.8,-8.5666667,-72.8,Callitrichidae,,Saguinus,James L. Patton,,,MVZ,Animalia,"Ocidente, right bank Rio Juruá",,,,,2025-10-10T05:54:00.014461,02,03,Former nature_of_id: field.,Primates,Chordata,tissue (ethanol 95%),,Collector(s): Maria Nazareth F. da Silva,Maria Nazareth F. da Silva 1036,,,Saguinus fuscicollis,,female,fuscicollis,Acre,,,,1992,2001
,PreservedSpecimen,MVZ:Mamm:193653,Mammalia,MVZ-MAMMAL,168,,500,Brazil,,15,23,-8.3666667,-72.8166667,-8.3666667,-72.8166667,Callitrichidae,,Saguinus,James L. Patton,,,MVZ,Animalia,"Sobral, left bank Rio Juruá",,,,,2025-10-10T15:56:00.017309,03,03,Former nature_of_id: field.,Primates,Chordata,tissue (ethanol 95%),,Collector(s): Maria Nazareth F. da Silva,Maria Nazareth F. da Silva 52,,,Saguinus fuscicollis,,female,fuscicollis,Acre,,,,1992,2001
,PreservedSpecimen,MVZ:Mamm:193671,Mammalia,MVZ-MAMMAL,168,,500,Brazil,,17,23,-8.6,-72.85,-8.6,-72.85,Cebidae,,Aotus,James L. Patton,,,MVZ,Animalia,"Flora [=Fazenda Santa Fé], left bank Rio Juruá",,,,,2025-10-11T13:06:00.073713,02,03,Former nature_of_id: field.,Primates,Chordata,tissue (ethanol 95%),,Collector(s): Maria Nazareth F. da Silva,Maria Nazareth F. da Silva 1107,,,Aotus trivirgatus,,female,trivirgatus,Acre,,,,1992,2001
,PreservedSpecimen,MVZ:Mamm:193667,Mammalia,MVZ-MAMMAL,168,,500,Brazil,,14,23,-8.3666667,-72.8166667,-8.3666667,-72.8166667,Callitrichidae,,Saguinus,James L. Patton,,,MVZ,Animalia,"Sobral, left bank Rio Juruá",,,,,2025-10-11T05:58:00.013186,03,03,Former nature_of_id: field.,Primates,Chordata,tissue (ethanol 95%),,Collector(s): Maria Nazareth F. da Silva,Maria Nazareth F. da Silva 1532,,,Saguinus mystax,,male,mystax,Acre,,,,1992,2001
,PreservedSpecimen,MVZ:Mamm:196087,Mammalia,MVZ-MAMMAL,168,,500,Brazil,,27,14,-6.7666666667,-70.8666666667,-6.7666666667,-70.8666666667,Cebidae,,Aotus,Carla Cicero,,,MVZ,Animalia,"São José, right bank Rio Juruá",,,,,2025-10-09T15:44:00.012726,09,10,Aotus cf. sciureus; Former nature_of_id: legacy.,Primates,Chordata,tissue (frozen),,Collector(s): Maria Nazareth F. da Silva,Maria Nazareth F. da Silva 16,,,Aotus sciureus cf.,,female,sciureus,Amazonas,,,,1991,2008
,PreservedSpecimen,MVZ:Mamm:246683,Mammalia,MVZ-MAMMAL,168,,1000,Peru,,03,31,-5.25,-73.1666666667,-5.25,-73.1666666667,Cebidae,,Pithecia,David Fleck,,,MVZ,Animalia,"Rio Galvez, Nuevo San Juan, Province Requena, District Yaquerana",,,,,2026-08-14T11:43:35.840097,07,12,Coordinates from AMNH curator Rob Voss who collected at the site. Coordinates match similar records at AMNH.,Primates,Chordata,"skin, study; skull",,Collector(s): David Fleck,David Fleck DWF 304,,,Pithecia monachus,,unknown,monachus,Loreto,,,,1996,1996
,PreservedSpecimen,MVZ:Mamm:246671,Mammalia,MVZ-MAMMAL,168,,1000,Peru,,29,31,-5.25,-73.1666666667,-5.25,-73.1666666667,Cebidae,,Pithecia,David Fleck,,,MVZ,Animalia,"Rio Galvez, Nuevo San Juan, Province Requena, District Yaquerana",,,,,2026-08-14T14:02:59.841277,05,12,Coordinates from AMNH curator Rob Voss who collected at the site. Coordinates match similar records at AMNH.,Primates,Chordata,"skin, study; skull",,Collector(s): David Fleck,David Fleck DWF 228,,,Pithecia monachus,,female,monachus,Loreto,,,,1996,1996
,PreservedSpecimen,MVZ:Mamm:246689,Mammalia,MVZ-MAMMAL,168,,1000,Peru,,29,29,-5.25,-73.1666666667,-5.25,-73.1666666667,Cebidae,,Saimiri,David Fleck,,,MVZ,Animalia,"Rio Galvez, Nuevo San Juan, Province Requena, District Yaquerana",,,,,2026-07-31T14:55:35.565567,04,04,Coordinates from AMNH curator Rob Voss who collected at the site. Coordinates match similar records at AMNH.,Primates,Chordata,"skin, study; skull",,Collector(s): David Fleck,David Fleck DWF 171,,,Saimiri sciureus,,female,sciureus,Loreto,,,,1996,1996
,PreservedSpecimen,MVZ:Mamm:246686,Mammalia,MVZ-MAMMAL,168,,1000,Peru,,10,31,-5.25,-73.1666666667,-5.25,-73.1666666667,Cebidae,,Pithecia,David Fleck,,,MVZ,Animalia,"Rio Galvez, Nuevo San Juan, Province Requena, District Yaquerana",,,,,2026-08-17T10:22:13.464040,07,12,Coordinates from AMNH curator Rob Voss who collected at the site. Coordinates match similar records at AMNH.,Primates,Chordata,"skin, study; skull",,Collector(s): David Fleck,David Fleck DWF 314,,,Pithecia monachus,,female,monachus,Loreto,,,,1996,1996
,PreservedSpecimen,MVZ:Mamm:193685,Mammalia,MVZ-MAMMAL,168,,500,Brazil,,04,23,-6.8333333,-70.0833333,-6.8333333,-70.0833333,Cebidae,,Saimiri,James L. Patton,,,MVZ,Animalia,"Penedo, right bank Rio Juruá",,,,,2025-10-09T05:24:00.015574,09,03,Former nature_of_id: field.,Primates,Chordata,DNA (frozen); tissue (ethanol 95%; frozen),,Collector(s): Maria Nazareth F. da Silva,Maria Nazareth F. da Silva 14,,,Saimiri sciureus ssp.,,female,sciureus,Amazonas,"voucher of Saimiri sciureus ssp. page 2375 in <a href=""http://arctos.database.museum/publication/10008103"">Baker et al. 2017</a>",,,1991,2001
,PreservedSpecimen,MVZ:Mamm:193672,Mammalia,MVZ-MAMMAL,168,,500,Brazil,,28,23,-6.75,-70.85,-6.75,-70.85,Cebidae,,Aotus,James L. Patton,,,MVZ,Animalia,"Seringal Condor, left bank Rio Juruá",,,,,2025-10-09T06:32:00.012964,09,03,Former nature_of_id: field.,Primates,Chordata,tissue (ethanol 95%),,Collector(s): Maria Nazareth F. da Silva,Maria Nazareth F. da Silva 18,,,Aotus trivirgatus,,male,trivirgatus,Amazonas,,,,1991,2001
,PreservedSpecimen,MVZ:Mamm:193659,Mammalia,MVZ-MAMMAL,168,,500,Brazil,,10,23,-8.5666667,-72.8,-8.5666667,-72.8,Callitrichidae,,Saguinus,James L. Patton,,,MVZ,Animalia,"Ocidente, right bank Rio Juruá",,,,,2025-10-08T10:44:00.012774,02,03,Former nature_of_id: field.,Primates,Chordata,tissue (ethanol 95%),,Collector(s): Maria Nazareth F. da Silva,Maria Nazareth F. da Silva 1011,,,Saguinus imperator,,female,imperator,Acre,,,,1992,2001
,PreservedSpecimen,MVZ:Mamm:196088,Mammalia,MVZ-MAMMAL,168,,500,Brazil,,23,23,-6.7666666667,-70.8666666667,-6.7666666667,-70.8666666667,Cebidae,,Saimiri,James L. Patton,,,MVZ,Animalia,"São José, right bank Rio Juruá",,,,,2025-10-09T23:34:00.012275,09,03,Former nature_of_id: field.,Primates,Chordata,DNA (frozen); tissue (frozen),,Collector(s): Maria Nazareth F. da Silva,Maria Nazareth F. da Silva 15,,,Saimiri boliviensis,,male,boliviensis,Amazonas,"voucher of <a href=""http://arctos.database.museum/name/Saimiri boliviensis"">Saimiri boliviensis</a> page 2375 in <a href=""http://arctos.database.museum/publication/10008103"">Baker et al. 2017</a>",,,1991,2001
,PreservedSpecimen,MVZ:Mamm:136566,Mammalia,MVZ-MAMMAL,168,,411,Peru,,07,27,-10.1333333333,-71.2166666667,-10.1333333333,-71.2166666667,Cebidae,,Alouatta,Museum of Vertebrate Zoology,,,MVZ,Animalia,"Balta, Rio Curanja",,300,,300,2025-10-06T18:36:57.190047,07,01,Checked by J.L. Patton. Former nature_of_id: legacy.,Primates,Chordata,karyotype; skin; skull,,Collector(s): James L. Patton,James L. Patton 1360,,,Alouatta seniculus ssp.,,female,seniculus,Ucayali,,,,1968,1999
,PreservedSpecimen,MVZ:Mamm:193674,Mammalia,MVZ-MAMMAL,168,,500,Brazil,,03,23,-6.4666667,-68.7666667,-6.4666667,-68.7666667,Cebidae,,Callicebus,James L. Patton,,,MVZ,Animalia,"Barro Vermelho, left bank Rio Juruá",,,,,2025-10-07T08:32:00.013431,11,03,Former nature_of_id: field.,Primates,Chordata,tissue (ethanol 95%),,Collector(s): James L. Patton,James L. Patton 15920,,,Callicebus moloch ssp.,,male,moloch,Amazonas,,,,1991,2001
,S,MM000737,Mammalia,UFMG-BDT,414,América do Sul,339799,Brasil,Porto Velho,,,-8.762344,-63.90435,-8.762344,-63.90435,Aotidae,,Aotus,,,,UFMG,Animalia,Margem esquerda do Rio Madeira,,,,,2017-03-30T08:55:31,12,,,Primates,Craniata,Carcaça,M001546,José Eustáquio do Santos Júnior,JEN008,,,Aotus nigriceps,,s/ID,nigriceps,Rondônia,,,,2011,
,S,MM000743,Mammalia,UFMG-BDT,414,América do Sul,339799,Brasil,Porto Velho,,,-8.762344,-63.90435,-8.762344,-63.90435,Aotidae,,Aotus,,,,UFMG,Animalia,Margem direita do Rio Madeira,,,,,2017-03-30T08:55:31,12,,,Primates,Craniata,Pele/Pelo,M001552,José Eustáquio do Santos Júnior,JEN055,,,Aotus nigriceps,,s/ID,nigriceps,Rondônia,,,,2011,
,S,MM000199,Mammalia,UFMG-BDT,414,América do Sul,339799,Brasil,Porto Velho,01,,-8.762344,-63.90435,-8.762344,-63.90435,Aotidae,,Aotus,,,,UFMG,Animalia,Área de influência da UHE Santo Antônio do Rio Madeira,,,,,2017-03-30T08:55:31,12,,,Primates,Craniata,Músculo,M001795,José Eustáquio do Santos Júnior,MD 118,UFMG-MAM-3946,,Aotus sp.,,,sp.,Rondônia,,,,2011,
,S,MM000732,Mammalia,UFMG-BDT,414,América do Sul,339799,Brasil,Porto Velho,19,,-8.762344,-63.90435,-8.762344,-63.90435,Atelidae,,Alouatta,,,,UFMG,Animalia,,,,,,2017-03-30T08:55:31,01,,,Primates,Craniata,Sangue,M001541,José Eustáquio do Santos Júnior,JEN002,,,Alouatta guariba,,Fêmea,guariba,Rondônia,,,,2012,
,S,MM000741,Mammalia,UFMG-BDT,414,América do Sul,339799,Brasil,Porto Velho,26,,-8.762344,-63.90435,-8.762344,-63.90435,Cebidae,,Cebuella,,,,UFMG,Animalia,,,,,,2017-03-30T08:55:31,12,,Indivíduo 1 - Grupo B,Primates,Craniata,Carcaça,M001550,José Eustáquio do Santos Júnior,JEN050,,,Cebuella pygmaea,,s/ID,pygmaea,Rondônia,,,,2011,
,S,MM000742,Mammalia,UFMG-BDT,414,América do Sul,339799,Brasil,Porto Velho,26,,-8.762344,-63.90435,-8.762344,-63.90435,Cebidae,,Cebuella,,,,UFMG,Animalia,,,,,,2017-03-30T08:55:31,12,,Indivíduo 2 - Grupo B,Primates,Craniata,Carcaça,M001551,José Eustáquio do Santos Júnior,JEN051,,,Cebuella pygmaea,,s/ID,pygmaea,Rondônia,,,,2011,
,S,MM000735,Mammalia,UFMG-BDT,414,América do Sul,339799,Brasil,Porto Velho,13,,-8.762344,-63.90435,-8.762344,-63.90435,Cebidae,,Mico,,,,UFMG,Animalia,Margem direita do Rio Madeira,,,,,2017-03-30T08:55:31,12,,,Primates,Craniata,Sangue,M001544,José Eustáquio do Santos Júnior,JEN006,,,Mico rondoni,,Macho (alfa),rondoni,Rondônia,,,,2011,
,S,MM000738,Mammalia,UFMG-BDT,414,América do Sul,339799,Brasil,Porto Velho,12,,-8.762344,-63.90435,-8.762344,-63.90435,Pitheciidae,,Callicebus,,,,UFMG,Animalia,Margem esquerda do Rio Madeira,,,,,2017-03-30T08:55:31,10,,,Primates,Craniata,Sangue,M001547,José Eustáquio do Santos Júnior,JEN046,,,Callicebus dubius,,s/ID,dubius,Rondônia,,,,2011,
,S,MM000828,Mammalia,UFMG-BDT,414,América do Sul,339799,Brasil,Porto Velho,09,,-8.762344,-63.90435,-8.762344,-63.90435,Pitheciidae,,Callicebus,,,,UFMG,Animalia,Área de influência da UHE Santo Antônio do Rio Madeira,,,,,2017-03-30T08:55:31,12,,,Primates,Craniata,Músculo,M001790,José Eustáquio do Santos Júnior,ME97,UFMG-MAM-3951,,Callicebus dubius,,,dubius,Rondônia,,,,2011,
,PreservedSpecimen,MVZ:Mamm:196089,Mammalia,MVZ-MAMMAL,168,,500,Brazil,,28,23,-6.7666666667,-70.8666666667,-6.7666666667,-70.8666666667,Cebidae,,Saimiri,James L. Patton,,,MVZ,Animalia,"São José, right bank Rio Juruá",,,,,2025-10-11T05:06:00.012547,09,03,Former nature_of_id: field.,Primates,Chordata,tissue (frozen),,Collector(s): Maria Nazareth F. da Silva,Maria Nazareth F. da Silva 17,,,Saimiri,,female,,Amazonas,"voucher of <a href=""http://arctos.database.museum/name/Saimiri"">Saimiri</a> page 2375 in <a href=""http://arctos.database.museum/publication/10008103"">Baker et al. 2017</a>",,,1991,2001
,PreservedSpecimen,MVZ:Mamm:136565,Mammalia,MVZ-MAMMAL,168,,411,Peru,,22,27,-10.1333333333,-71.2166666667,-10.1333333333,-71.2166666667,Cebidae,,Callicebus,Museum of Vertebrate Zoology,,cupreus,MVZ,Animalia,"Balta, Rio Curanja",,300,,300,2025-10-07T06:00:00.015424,06,01,Checked by J.L. Patton. Former nature_of_id: legacy.,Primates,Chordata,"skin, study; skull",,Collector(s): James L. Patton,James L. Patton 1212,,,Callicebus cupreus cupreus,,male,cupreus,Ucayali,,,,1968,1999
,PreservedSpecimen,MVZ:Mamm:193676,Mammalia,MVZ-MAMMAL,168,,500,Brazil,,24,23,-8.6666667,-72.7833333,-8.6666667,-72.7833333,Cebidae,,Cebus,James L. Patton,,,MVZ,Animalia,"opposite Igarapé Porongaba, left bank Rio Juruá",,,,,2025-10-06T17:46:00.013157,02,03,Former nature_of_id: field.,Primates,Chordata,tissue (ethanol 95%),,Collector(s): Maria Nazareth F. da Silva,Maria Nazareth F. da Silva 1274,,,Cebus albifrons,,unknown,albifrons,Acre,"voucher of <a href=""http://arctos.database.museum/name/Cebus albifrons"">Cebus albifrons</a> in <a href=""http://arctos.database.museum/publication/10008818"">Storer et al. 2019</a>",,,1992,2001
,PreservedSpecimen,MVZ:Mamm:166819,Mammalia,MVZ-MAMMAL,168,,1461,Peru,,05,27,-12.849127,-71.387626,-12.849127,-71.387626,Cebidae,,Aotus,Museum of Vertebrate Zoology,,,MVZ,Animalia,"Hacienda Erika, Rio Alto Madre de Dios opposite Salvacion",,350,,350,2025-10-10T07:54:00.014385,05,01,Former nature_of_id: legacy.,Primates,Chordata,"skeleton; skin, study; skull",,Collector(s): James L. Patton,James L. Patton 10976,,,Aotus nigriceps,,male,nigriceps,Madre de Dios,,,,1984,1999
,PreservedSpecimen,MVZ:Mamm:193652,Mammalia,MVZ-MAMMAL,168,,500,Brazil,,01,23,-8.6,-72.85,-8.6,-72.85,Callitrichidae,,Saguinus,James L. Patton,,,MVZ,Animalia,"Flora [=Fazenda Santa Fé], left bank Rio Juruá",,,,,2025-10-07T04:22:00.013366,03,03,Former nature_of_id: field.,Primates,Chordata,tissue (ethanol 95%),,Collector(s): Maria Nazareth F. da Silva,Maria Nazareth F. da Silva 51,,,Saguinus fuscicollis,,female,fuscicollis,Acre,,,,1992,2001
,PreservedSpecimen,MVZ:Mamm:193658,Mammalia,MVZ-MAMMAL,168,,500,Brazil,,08,23,-8.5666667,-72.8,-8.5666667,-72.8,Callitrichidae,,Saguinus,James L. Patton,,,MVZ,Animalia,"Ocidente, right bank Rio Juruá",,,,,2025-10-11T12:00:00.013589,02,03,Former nature_of_id: field.,Primates,Chordata,tissue (ethanol 95%),,Collector(s): Maria Nazareth F. da Silva,Maria Nazareth F. da Silva 993,,,Saguinus imperator,,female,imperator,Acre,,,,1992,2001
,PreservedSpecimen,MVZ:Mamm:193679,Mammalia,MVZ-MAMMAL,168,,500,Brazil,,08,23,-6.5833333,-68.9,-6.5833333,-68.9,Cebidae,,Lagothrix,James L. Patton,,,MVZ,Animalia,"Altamira, right bank Rio Juruá",,,,,2025-10-08T22:10:00.014920,11,03,Former nature_of_id: field.,Primates,Chordata,tissue (ethanol 95%),,Collector(s): James L. Patton,James L. Patton 15941,,,Lagothrix lagotricha,,male,lagotricha,Amazonas,,,,1991,2001
,PreservedSpecimen,MVZ:Mamm:193647,Mammalia,MVZ-MAMMAL,168,,500,Brazil,,26,23,-8.6,-72.85,-8.6,-72.85,Callitrichidae,,Saguinus,James L. Patton,,,MVZ,Animalia,"Flora [=Fazenda Santa Fé], left bank Rio Juruá",,,,,2025-10-09T05:20:00.013199,02,03,Former nature_of_id: field.,Primates,Chordata,tissue (ethanol 95%),,Collector(s): Maria Nazareth F. da Silva,Maria Nazareth F. da Silva 45,,,Saguinus fuscicollis,,male,fuscicollis,Acre,,,,1992,2001
,PreservedSpecimen,MVZ:Mamm:124108,Mammalia,MVZ-MAMMAL,168,,,Colombia,,20,27,-4.15,-69.95,-4.15,-69.95,Callitrichidae,,Saguinus,Museum of Vertebrate Zoology,,,MVZ,Animalia,Leticia,,,,,2025-10-10T04:00:00.013065,08,01,Former nature_of_id: legacy.,Primates,Chordata,"skin, study; skull",,Collector(s): F. C. Lehmann,F. C. Lehmann 489-M,,,Saguinus nigricollis,,female,nigricollis,Amazonas,,,,1958,1999
,PreservedSpecimen,MVZ:Mamm:246663,Mammalia,MVZ-MAMMAL,168,,1000,Peru,,18,31,-5.25,-73.1666666667,-5.25,-73.1666666667,Cebidae,,Pithecia,David Fleck,,,MVZ,Animalia,"Rio Galvez, Nuevo San Juan, Province Requena, District Yaquerana",,,,,2026-08-11T23:29:25.943774,10,12,Coordinates from AMNH curator Rob Voss who collected at the site. Coordinates match similar records at AMNH.,Primates,Chordata,"skin, study; skull",,Collector(s): David Fleck,Robert S. Voss DWF 133,,,Pithecia monachus,,male,monachus,Loreto,,,,1995,1996
,PreservedSpecimen,MVZ:Mamm:246666,Mammalia,MVZ-MAMMAL,168,,1000,Peru,,30,31,-5.25,-73.1666666667,-5.25,-73.1666666667,Cebidae,,Pithecia,David Fleck,,,MVZ,Animalia,"Rio Galvez, Nuevo San Juan, Province Requena, District Yaquerana",,,,,2026-08-11T23:34:11.342502,04,12,Coordinates from AMNH curator Rob Voss who collected at the site. Coordinates match similar records at AMNH.,Primates,Chordata,"skin, study; skull",,Collector(s): David Fleck,David Fleck DWF 172,,,Pithecia monachus,,male,monachus,Loreto,,,,1996,1996
,PreservedSpecimen,MVZ:Mamm:246669,Mammalia,MVZ-MAMMAL,168,,1000,Peru,,20,31,-5.25,-73.1666666667,-5.25,-73.1666666667,Cebidae,,Pithecia,David Fleck,,,MVZ,Animalia,"Rio Galvez, Nuevo San Juan, Province Requena, District Yaquerana",,,,,2026-08-11T23:41:20.256504,05,12,Coordinates from AMNH curator Rob Voss who collected at the site. Coordinates match similar records at AMNH.,Primates,Chordata,"skin, study; skull",,Collector(s): David Fleck,David Fleck DWF 210,,,Pithecia monachus,,male,monachus,Loreto,,,,1996,1996
,PreservedSpecimen,MVZ:Mamm:246670,Mammalia,MVZ-MAMMAL,168,,1000,Peru,,26,31,-5.25,-73.1666666667,-5.25,-73.1666666667,Cebidae,,Pithecia,David Fleck,,,MVZ,Animalia,"Rio Galvez, Nuevo San Juan, Province Requena, District Yaquerana",,,,,2026-08-11T23:43:01.334337,05,12,Coordinates from AMNH curator Rob Voss who collected at the site. Coordinates match similar records at AMNH.,Primates,Chordata,"skin, study; skull",,Collector(s): David Fleck,David Fleck DWF 216,,,Pithecia monachus,,male,monachus,Loreto,,,,1996,1996
,PreservedSpecimen,MVZ:Mamm:246673,Mammalia,MVZ-MAMMAL,168,,1000,Peru,,04,31,-5.25,-73.1666666667,-5.25,-73.1666666667,Cebidae,,Pithecia,David Fleck,,,MVZ,Animalia,"Rio Galvez, Nuevo San Juan, Province Requena, District Yaquerana",,,,,2026-08-11T23:51:23.073902,06,12,Coordinates from AMNH curator Rob Voss who collected at the site. Coordinates match similar records at AMNH.,Primates,Chordata,"skin, study; skull",,Collector(s): David Fleck,David Fleck DWF 239,,,Pithecia monachus,,female,monachus,Loreto,,,,1996,1996
,PreservedSpecimen,MVZ:Mamm:246676,Mammalia,MVZ-MAMMAL,168,,1000,Peru,,09,31,-5.25,-73.1666666667,-5.25,-73.1666666667,Cebidae,,Pithecia,David Fleck,,,MVZ,Animalia,"Rio Galvez, Nuevo San Juan, Province Requena, District Yaquerana",,,,,2026-08-11T23:55:16.940954,06,12,Coordinates from AMNH curator Rob Voss who collected at the site. Coordinates match similar records at AMNH.,Primates,Chordata,"skin, study; skull",,Collector(s): David Fleck,David Fleck DWF 248,,,Pithecia monachus,,female,monachus,Loreto,,,,1996,1996
,PreservedSpecimen,MVZ:Mamm:246680,Mammalia,MVZ-MAMMAL,168,,1000,Peru,,16,31,-5.25,-73.1666666667,-5.25,-73.1666666667,Cebidae,,Pithecia,David Fleck,,,MVZ,Animalia,"Rio Galvez, Nuevo San Juan, Province Requena, District Yaquerana",,,,,2026-08-12T00:00:55.997704,06,12,Coordinates from AMNH curator Rob Voss who collected at the site. Coordinates match similar records at AMNH.,Primates,Chordata,skull,,Collector(s): David Fleck,David Fleck DWF 264,,,Pithecia monachus,,male,monachus,Loreto,,,,1996,1996
,PreservedSpecimen,MVZ:Mamm:246682,Mammalia,MVZ-MAMMAL,168,,1000,Peru,,01,31,-5.25,-73.1666666667,-5.25,-73.1666666667,Cebidae,,Pithecia,David Fleck,,,MVZ,Animalia,"Rio Galvez, Nuevo San Juan, Province Requena, District Yaquerana",,,,,2026-08-12T00:03:54.194561,07,12,Coordinates from AMNH curator Rob Voss who collected at the site. Coordinates match similar records at AMNH.,Primates,Chordata,skull,,Collector(s): David Fleck,David Fleck DWF 298,,,Pithecia monachus,,male,monachus,Loreto,,,,1996,1996
,PreservedSpecimen,MVZ:Mamm:246685,Mammalia,MVZ-MAMMAL,168,,1000,Peru,,10,31,-5.25,-73.1666666667,-5.25,-73.1666666667,Cebidae,,Pithecia,David Fleck,,,MVZ,Animalia,"Rio Galvez, Nuevo San Juan, Province Requena, District Yaquerana",,,,,2026-08-12T00:07:45.693955,07,12,Coordinates from AMNH curator Rob Voss who collected at the site. Coordinates match similar records at AMNH.,Primates,Chordata,"skin, study; skull",,Collector(s): David Fleck,David Fleck DWF 313,,,Pithecia monachus,,unknown,monachus,Loreto,,,,1996,1996
,PreservedSpecimen,MVZ:Mamm:246693,Mammalia,MVZ-MAMMAL,168,,1000,Peru,,26,26,-5.25,-73.1666666667,-5.25,-73.1666666667,Cebidae,,Saimiri,David Fleck,,,MVZ,Animalia,"Rio Galvez, Nuevo San Juan, Province Requena, District Yaquerana",,,,,2026-08-12T00:25:57.604032,05,05,Coordinates from AMNH curator Rob Voss who collected at the site. Coordinates match similar records at AMNH.,Primates,Chordata,"skin, study; skull",,Collector(s): David Fleck,David Fleck DWF 222,,,Saimiri sciureus,,female,sciureus,Loreto,,,,1996,1996
,PreservedSpecimen,MVZ:Mamm:246697,Mammalia,MVZ-MAMMAL,168,,1000,Peru,,29,29,-5.25,-73.1666666667,-5.25,-73.1666666667,Cebidae,,Saimiri,David Fleck,,,MVZ,Animalia,"Rio Galvez, Nuevo San Juan, Province Requena, District Yaquerana",,,,,2026-08-12T00:32:36.308286,05,05,Coordinates from AMNH curator Rob Voss who collected at the site. Coordinates match similar records at AMNH.,Primates,Chordata,"skin, study; skull",,Collector(s): David Fleck,David Fleck DWF 230,,,Saimiri sciureus,,male,sciureus,Loreto,,,,1996,1996
,PreservedSpecimen,MVZ:Mamm:193678,Mammalia,MVZ-MAMMAL,168,,500,Brazil,,08,23,-6.5833333,-68.9,-6.5833333,-68.9,Cebidae,,Lagothrix,James L. Patton,,,MVZ,Animalia,"Altamira, right bank Rio Juruá",,,,,2025-10-08T22:10:00.014920,11,03,Former nature_of_id: field.,Primates,Chordata,tissue (ethanol 95%),,Collector(s): James L. Patton,James L. Patton 15940,,,Lagothrix lagotricha,,male,lagotricha,Amazonas,,,,1991,2001
NHM-ZOO-1968x103,PreservedSpecimen,1968.103,Mammalia,NHM-LONDON-ZOO,463,SOUTH_AMERICA,,Brasil,Oriximiná,28,,-1.7833,-55.8,-1.7833,-55.8,Atelidae,,Alouatta,,1,,NHMUK,Animalia,"[Para,] Oriximina.",,,,,2021-07-27T11:30:22,5,,,Primates,Chordata,,,,,,,Alouatta belzebul,"(Linnaeus, 1766)",Male,belzebul,Pará,,,,1933,
NHM-ZOO-1979x43,PreservedSpecimen,1979.43,Mammalia,NHM-LONDON-ZOO,463,SOUTH_AMERICA,,Brasil,Jacareacanga,25,,-8,-57,-8,-57,Atelidae,,Ateles,,1,marginatus,NHMUK,Animalia,"R. Bank tributary of R. Tapajos, Altocuruv River, Para, c. 8%S. 57%W.",,,,,2021-02-03T05:40:38,7,,,Primates,Chordata,,,['E Cordeiro da Silva'],,,,Ateles belzebuth marginatus,"(É.Geoffroy, 1809)",Indeterminate,belzebuth,Pará,,,,1957,
NHM-ZOO-1927x3x6x1,PreservedSpecimen,1927.3.6.1,Mammalia,NHM-LONDON-ZOO,463,SOUTH_AMERICA,,Brasil,Maraã,3,,-2,-66,-2,-66,Atelidae,,Ateles,,1,,NHMUK,Animalia,"Upper Amazonas, Furu Mannana [Manhana]",,,,,2022-10-24T13:54:00,10,,,Primates,Chordata,,,['Herr W Ehrhardt'],,,,Ateles paniscus,"(Linnaeus, 1758)",Male,paniscus,Amazonas,,,,1926,
NHM-ZOO-1928x4x27x2,PreservedSpecimen,1928.4.27.2,Mammalia,NHM-LONDON-ZOO,463,SOUTH_AMERICA,,Brasil,Maraã,7,,-2,-66,-2,-66,Atelidae,,Ateles,,1,,NHMUK,Animalia,"Upper Amazonas, Furu Mannana [Manhana]",,,,,2021-07-27T11:38:11,9,,,Primates,Chordata,,,['K Lako'],,,,Ateles paniscus,"(Linnaeus, 1758)",Female,paniscus,Amazonas,,,,1927,
NHM-ZOO-1914x3x3x3,PreservedSpecimen,1914.3.3.3,Mammalia,NHM-LONDON-ZOO,463,SOUTH_AMERICA,,Peru,Tambopata,,,-12.3333,-68.75,-12.3333,-68.75,Pitheciidae,,Plecturocebus,,1,,NHMUK,Animalia,"North East Peru, [near Bolivian boundary]",,,,,2021-07-27T11:41:34,,,,Primates,Chordata,,,"['Toppin, H.S. (Captain)']",,,,Plecturocebus moloch,"(Hoffmannsegg, 1807)",Female,moloch,Madre de Dios,Holotype,,,,
NHM-ZOO-1976x542,PreservedSpecimen,1976.542,Mammalia,NHM-LONDON-ZOO,463,SOUTH_AMERICA,,Colômbia,Puerto Alegria,,,-1,-74,-1,-74,Pitheciidae,,Plecturocebus,,1,,NHMUK,Animalia,"San Jose del Encanto, L. bank of R. Caraparana",,,,100.0,2021-07-27T11:38:15,,,,Primates,Chordata,,,['Hereward Hill'],,,,Plecturocebus moloch,"(Hoffmannsegg, 1807)",Male,moloch,Amazonas,,,,1975,
NHM-ZOO-1914x3x1x1,PreservedSpecimen,1914.3.1.1,Mammalia,NHM-LONDON-ZOO,463,SOUTH_AMERICA,,Peru,Maynas,,,-2.6667,-70.5,-2.6667,-70.5,Pitheciidae,,Cheracebus,,1,,NHMUK,Animalia,Yahuas Territory,,,,152.4,2021-12-08T09:27:47,,,,Primates,Chordata,,,['J J. Mounsey'],,,,Cheracebus torquatus,"(Hoffmannsegg, 1807)",Male,torquatus,Loreto,Paratype,,,,
NHM-ZOO-1914x3x1x2,PreservedSpecimen,1914.3.1.2,Mammalia,NHM-LONDON-ZOO,463,SOUTH_AMERICA,,Peru,Maynas,9,,-2.6667,-70.5,-2.6667,-70.5,Pitheciidae,,Cheracebus,,1,lucifer,NHMUK,Animalia,"Yahuas Territory, Pebas",,,,152.4,2021-12-08T09:27:47,8,,,Primates,Chordata,,,['J J. Mounsey'],,,,Cheracebus torquatus lucifer,"Thomas, 1914",Male,torquatus,Loreto,Holotype,,,1913,
NHM-ZOO-1914x3x3x2,PreservedSpecimen,1914.3.3.2,Mammalia,NHM-LONDON-ZOO,463,SOUTH_AMERICA,,Peru,Tambopata,,,-12.3333,-68.75,-12.3333,-68.75,Cebidae,,Sapajus,,1,,NHMUK,Animalia,North East Peru,,,,,2021-07-27T11:41:33,,,,Primates,Chordata,,,['H S. Toppin'],,,,Sapajus apella,"(Linnaeus, 1758)",Male,apella,Madre de Dios,,,,,
NHM-ZOO-1976x538,PreservedSpecimen,1976.538,Mammalia,NHM-LONDON-ZOO,463,SOUTH_AMERICA,,Colômbia,Puerto Alegria,,,-1,-74,-1,-74,Cebidae,,Sapajus,,1,,NHMUK,Animalia,"San Jose del Encanto, L. bank of R. Caraparana",,,,,2021-07-27T11:38:15,,,,Primates,Chordata,,,['Hereward Hill'],,,,Sapajus apella,"(Linnaeus, 1758)",Female,apella,Amazonas,,,,1975,
NHM-ZOO-1979x40,PreservedSpecimen,1979.40,Mammalia,NHM-LONDON-ZOO,463,SOUTH_AMERICA,,Brasil,Jacareacanga,23,,-8,-57,-8,-57,Pitheciidae,,Chiropotes,,1,,NHMUK,Animalia,"R. Bank tributary of R. Tapajos, Altocuruv River, Para, c. 8%S. 57%W.",,,,150.0,2021-02-02T23:51:57,7,,,Primates,Chordata,,,['Helmut Sick'],,,,Chiropotes albinasus,"(I.Geoffroy Saint-Hilaire & Deville, 1848)",Male,albinasus,Pará,,,,1957,
NHM-ZOO-1976x539,PreservedSpecimen,1976.539,Mammalia,NHM-LONDON-ZOO,463,SOUTH_AMERICA,,Colômbia,Puerto Alegria,,,-1,-74,-1,-74,Pitheciidae,,Pithecia,,1,,NHMUK,Animalia,"San Jose del Encanto, L. bank of R. Caraparana",,,,100.0,2021-07-27T11:38:15,,,,Primates,Chordata,,,['Hereward Hill'],,,,Pithecia pithecia,"(Linnaeus, 1766)",Indeterminate,pithecia,Amazonas,,,,1975,
NHM-ZOO-1934x6x12x2,PreservedSpecimen,1934.6.12.2,Mammalia,NHM-LONDON-ZOO,463,SOUTH_AMERICA,,Brasil,Tapauá,,,-5.7167,-63.9,-5.7167,-63.9,Callitrichidae,,Leontocebus,,1,weddelli,NHMUK,Animalia,"E. of R. Purus, Lago do Mapixi",,,,,2021-07-27T11:38:14,6,,,Primates,Chordata,,,['K Lako'],,,,Leontocebus fuscicollis weddelli,"(Deville, 1849)",Male,fuscicollis,Amazonas,,,,1931,
NHM-ZOO-1925x7x1x2,PreservedSpecimen,1925.7.1.2,Mammalia,NHM-LONDON-ZOO,463,SOUTH_AMERICA,,Peru,Maynas,,,-2.1667,-74,-2.1667,-74,Callitrichidae,,Leontocebus,,1,,NHMUK,Animalia,"Alto [R.] Amazonas, Tarapoto",,,,,2021-07-27T11:38:18,,,,Primates,Chordata,,,['A Cabrera'],,,,Leontocebus graellsi,"(Jiménez de la Espada, 1870)",Male,graellsi,Loreto,Syntype,,,,
NHM-ZOO-1914x3x3x4,PreservedSpecimen,1914.3.3.4,Mammalia,NHM-LONDON-ZOO,463,SOUTH_AMERICA,,Peru,Tambopata,,,-12.3333,-68.75,-12.3333,-68.75,Cebidae,,Saimiri,,1,,NHMUK,Animalia,North East Peru,,,,,2021-07-27T11:41:33,,,,Primates,Chordata,,,,,,,Saimiri sciureus,"(Linnaeus, 1758)",Indeterminate,sciureus,Madre de Dios,,,,,
