barcode,basisofrecord,catalognumber,class,collectioncode,collectionid,continentocean,coordinateprecision,country,county,daycollected,dayidentified,decimalLatitude,decimalLongitude,decimallatitude,decimallongitude,family,fieldnumber,genus,identifiedby,individualcount,infraspecificepithet,institutioncode,kingdom,locality,maximumdepthinmeters,maximumelevationinmeters,minimumdepthinmeters,minimumelevationinmeters,modified,monthcollected,monthidentified,occurrenceremarks,order,phylum,preparationtype,previouscatalognumber,recordedby,recordnumber,relatedcatalogitem,relationshiptype,scientificname,scientificnameauthorship,sex,specificepithet,stateprovince,typestatus,verbatimlatitude,verbatimlongitude,yearcollected,yearidentified,nome_specieslink,species_aceito_gbif,status,chave,ja_temos_via_gbif
,PreservedSpecimen,USNM 545880,Mammalia,US-ANIMALIA,556,South America,,Brazil,,5.0,,-7.52,-63.03,-7.52,-63.03,Atelidae,,Lagothrix,,1,,USNM,Animalia,"Humaita, Br. 230, Itaituba-Humaita, Km. 969, Transamazonica Hwy.",,,,,2023-02-10T11:15:00,11.0,,,Primates,Chordata,Skull,,,A 1716,,,Lagothrix lagotricha,,,lagotricha,Amazonas,,07 31 -- S,063 02 -- W,1974.0,,Lagothrix lagotricha,Lagothrix lagothricha,ACCEPTED,lagothrix lagothricha|-7.52|-63.03,True
,PreservedSpecimen,USNM 545881,Mammalia,US-ANIMALIA,556,South America,,Brazil,,4.0,,-7.52,-63.03,-7.52,-63.03,Atelidae,,Lagothrix,,1,,USNM,Animalia,"Humaita, Br. 230, Itaituba-Humaita, Km. 969, Transamazonica Hwy.",,,,,2023-02-10T11:15:00,12.0,,,Primates,Chordata,Skull,,,A 1783,,,Lagothrix lagotricha,,,lagotricha,Amazonas,,07 31 -- S,063 02 -- W,1974.0,,Lagothrix lagotricha,Lagothrix lagothricha,ACCEPTED,lagothrix lagothricha|-7.52|-63.03,True
,PreservedSpecimen,USNM 546268,Mammalia,US-ANIMALIA,556,South America,,Brazil,,26.0,,-9.08,-68.68,-9.08,-68.68,Callitrichidae,,Saguinus,,1,,USNM,Animalia,"Sena Madureira, Br. 364, Sena Madureira-Manoel Urbano, Km 8",,,,,2019-11-22T13:19:00,6.0,,,Primates,Chordata,Skin; Skull,,,AC 46-A,,,Saguinus weddelli,,,weddelli,Acre,,09 05 -- S,068 41 -- W,1976.0,,Saguinus weddelli,Leontocebus weddelli,SYNONYM,leontocebus weddelli|-9.08|-68.68,True
,PreservedSpecimen,USNM 406457,Mammalia,US-ANIMALIA,556,South America,,Venezuela,,21.0,,2.25,-65.28,2.25,-65.28,Cebidae,,Saimiri,,1,,USNM,Animalia,"Rio Mavaca, 108 Km SSE Esmeralda",,,,140.0,2020-03-12T12:33:00,3.0,,,Primates,Chordata,Skin; Skull,,Smithsonian Venezuelan Project,17386,,,Saimiri sciureus,,,sciureus,Amazonas,,0215--N,06517--W,1967.0,,Saimiri sciureus,Saimiri sciureus,ACCEPTED,saimiri sciureus|2.25|-65.28,True
,PreservedSpecimen,USNM 406458,Mammalia,US-ANIMALIA,556,South America,,Venezuela,,5.0,,2.25,-65.28,2.25,-65.28,Cebidae,,Saimiri,,1,,USNM,Animalia,"Rio Mavaca, 108 Km SSE Esmeralda",,,,140.0,2020-03-12T12:33:00,4.0,,,Primates,Chordata,Skin; Skull,,Smithsonian Venezuelan Project,17559,,,Saimiri sciureus,,,sciureus,Amazonas,,0215--N,06517--W,1967.0,,Saimiri sciureus,Saimiri sciureus,ACCEPTED,saimiri sciureus|2.25|-65.28,True
,PreservedSpecimen,USNM 406459,Mammalia,US-ANIMALIA,556,South America,,Venezuela,,5.0,,2.25,-65.28,2.25,-65.28,Cebidae,,Saimiri,,1,,USNM,Animalia,"Rio Mavaca, 108 Km SSE Esmeralda",,,,140.0,2020-03-12T12:33:00,4.0,,,Primates,Chordata,Skin; Skull,,Smithsonian Venezuelan Project,17560,,,Saimiri sciureus,,,sciureus,Amazonas,,0215--N,06517--W,1967.0,,Saimiri sciureus,Saimiri sciureus,ACCEPTED,saimiri sciureus|2.25|-65.28,True
,PreservedSpecimen,USNM 406461,Mammalia,US-ANIMALIA,556,South America,,Venezuela,,13.0,,2.25,-65.28,2.25,-65.28,Cebidae,,Saimiri,,1,,USNM,Animalia,"Rio Mavaca, 108 Km SSE Esmeralda",,,,140.0,2020-03-12T12:33:00,4.0,,,Primates,Chordata,Skull,,Smithsonian Venezuelan Project,18024,,,Saimiri sciureus,,,sciureus,Amazonas,,0215--N,06517--W,1967.0,,Saimiri sciureus,Saimiri sciureus,ACCEPTED,saimiri sciureus|2.25|-65.28,True
,PreservedSpecimen,USNM 406464,Mammalia,US-ANIMALIA,556,South America,,Venezuela,,,,3.17,-65.82,3.17,-65.82,Cebidae,,Saimiri,,1,,USNM,Animalia,"Tamatama, Rio Orinoco",,,,135.0,2020-03-12T12:33:00,4.0,,,Primates,Chordata,Skin; Skull,,Smithsonian Venezuelan Project,18431,,,Saimiri sciureus,,,sciureus,Amazonas,,03 10 -- N,065 49 -- W,1967.0,,Saimiri sciureus,Saimiri sciureus,ACCEPTED,saimiri sciureus|3.17|-65.82,True
,PreservedSpecimen,USNM 406468,Mammalia,US-ANIMALIA,556,South America,,Venezuela,,,,3.17,-65.82,3.17,-65.82,Cebidae,,Saimiri,,1,,USNM,Animalia,"Tamatama, Rio Orinoco",,,,135.0,2020-03-12T12:33:00,4.0,,,Primates,Chordata,Skin,,Smithsonian Venezuelan Project,18442,,,Saimiri sciureus,,,sciureus,Amazonas,,03 10 -- N,065 49 -- W,1967.0,,Saimiri sciureus,Saimiri sciureus,ACCEPTED,saimiri sciureus|3.17|-65.82,True
,PreservedSpecimen,USNM 406643,Mammalia,US-ANIMALIA,556,South America,,Venezuela,,11.0,,3.17,-65.82,3.17,-65.82,Cebidae,,Saimiri,,1,,USNM,Animalia,"Tamatama, Rio Orinoco",,,,135.0,2020-03-12T12:34:00,5.0,,"<nO>Lynch Alfaro, et al. Biogeography of squirrel monkeys (genus Saimiri): south-central Amazon origin and rapid pan-Amazonian diversification of a lowland primate. Mol. Phylogenet. Evol. (2014).</nO>",Primates,Chordata,Skin; Skull,,Smithsonian Venezuelan Project,19003,,,Saimiri sciureus,,,sciureus,Amazonas,,03 10 -- N,065 49 -- W,1967.0,,Saimiri sciureus,Saimiri sciureus,ACCEPTED,saimiri sciureus|3.17|-65.82,True
,PreservedSpecimen,USNM 406644,Mammalia,US-ANIMALIA,556,South America,,Venezuela,,,,3.17,-65.82,3.17,-65.82,Cebidae,,Saimiri,,1,,USNM,Animalia,"Tamatama, Rio Orinoco",,,,135.0,2020-03-12T12:34:00,5.0,,"<nO>Lynch Alfaro, et al. Biogeography of squirrel monkeys (genus Saimiri): south-central Amazon origin and rapid pan-Amazonian diversification of a lowland primate. Mol. Phylogenet. Evol. (2014).</nO>",Primates,Chordata,Skin; Skull,,Smithsonian Venezuelan Project,19061,,,Saimiri sciureus,,,sciureus,Amazonas,,03 10 -- N,065 49 -- W,1967.0,,Saimiri sciureus,Saimiri sciureus,ACCEPTED,saimiri sciureus|3.17|-65.82,True
,PreservedSpecimen,USNM 406646,Mammalia,US-ANIMALIA,556,South America,,Venezuela,,,,3.17,-65.82,3.17,-65.82,Cebidae,,Saimiri,,1,,USNM,Animalia,"Tamatama, Rio Orinoco",,,,135.0,2020-03-12T12:34:00,5.0,,,Primates,Chordata,Skin; Skull,,Smithsonian Venezuelan Project,19063,,,Saimiri sciureus,,,sciureus,Amazonas,,03 10 -- N,065 49 -- W,1967.0,,Saimiri sciureus,Saimiri sciureus,ACCEPTED,saimiri sciureus|3.17|-65.82,True
,PreservedSpecimen,USNM 406647,Mammalia,US-ANIMALIA,556,South America,,Venezuela,,,,3.17,-65.82,3.17,-65.82,Cebidae,,Saimiri,,1,,USNM,Animalia,"Tamatama, Rio Orinoco",,,,135.0,2020-03-12T12:34:00,5.0,,,Primates,Chordata,Skin; Skull,,Smithsonian Venezuelan Project,19064,,,Saimiri sciureus,,,sciureus,Amazonas,,03 10 -- N,065 49 -- W,1967.0,,Saimiri sciureus,Saimiri sciureus,ACCEPTED,saimiri sciureus|3.17|-65.82,True
,PreservedSpecimen,USNM 406650,Mammalia,US-ANIMALIA,556,South America,,Venezuela,,6.0,,2.62,-66.32,2.62,-66.32,Cebidae,,Saimiri,,1,,USNM,Animalia,"Capibara, 106 Km SW Esmeralda, Brazo Casiquiare",,,,130.0,2020-03-12T12:34:00,6.0,,,Primates,Chordata,Skin; Skull,,Smithsonian Venezuelan Project,19536,,,Saimiri sciureus,,,sciureus,Amazonas,,02 37 -- N,066 19 -- W,1967.0,,Saimiri sciureus,Saimiri sciureus,ACCEPTED,saimiri sciureus|2.62|-66.32,True
,PreservedSpecimen,USNM 495209,Mammalia,US-ANIMALIA,556,South America,,Venezuela,,18.0,,3.17,-65.82,3.17,-65.82,Cebidae,,Saimiri,,1,,USNM,Animalia,"Tamatama, Rio Orinoco",,,,135.0,2020-01-06T11:15:00,5.0,,,Primates,Chordata,Fluid,,Smithsonian Venezuelan Project,19173,,,Saimiri sciureus,,,sciureus,Amazonas,,03 10 -- N,065 49 -- W,1967.0,,Saimiri sciureus,Saimiri sciureus,ACCEPTED,saimiri sciureus|3.17|-65.82,True
,S,INPA 3929,Mammalia,INPA-MAMIFEROS-TIPOS,97,,,Brasil,Novo Aripuanã,,,-4.4825,-59.5830555555556,-4.4825,-59.5830555555556,Cebidae,,Callicebus,,,,INPA,Animalia,"Comunidade Nova Olinda, margem esquerda rio Aripuanã, 41 km SW da cidade de Novo Aripuanã",,45m,,45m,2007-08-27T00:00:00,,,<nO>sexo desconhecido; SUBFAMILIA: Callicebinae; BACIA: Madeira; TRIBUTARIO: Aripuanã; PUBLICACAO: Neotropical Primates 10(Suppl.): 1-52</nO>,Primates,Chordata,,,M. G. M. van Roosmalen,143,,,Callicebus bernhardi,Thomas van Roosmalen,,bernhardi,Amazonas,HOLÓTIPO,,,,,Callicebus bernhardi,Plecturocebus bernhardi,SYNONYM,plecturocebus bernhardi|-4.48|-59.58,False
,S,INPA 3929,Mammalia,INPA-MAMIFEROS-TIPOS,97,,,Brasil,Novo Aripuanã,,,-4.4825,-59.5830555555556,-4.4825,-59.5830555555556,Cebidae,,Callicebus,,,,INPA,Animalia,"Comunidade Nova Olinda, margem esquerda rio Aripuanã, 41 km SW da cidade de Novo Aripuanã",,45m,,45m,2007-08-27T00:00:00,,,<nO>sexo desconhecido; SUBFAMILIA: Callicebinae; BACIA: Madeira; TRIBUTARIO: Aripuanã; PUBLICACAO: Neotropical Primates 10(Suppl.): 1-52</nO>,Primates,Chordata,,,M. G. M. van Roosmalen,143,,,Callicebus bernhardi,Russell A. Mittermeier,,bernhardi,Amazonas,HOLÓTIPO,,,,,Callicebus bernhardi,Plecturocebus bernhardi,SYNONYM,plecturocebus bernhardi|-4.48|-59.58,False
,S,INPA 3931,Mammalia,INPA-MAMIFEROS-TIPOS,97,,,Brasil,,29.0,,-4.88111111111111,-59.9794444444444,-4.88111111111111,-59.9794444444444,Callitrichidae,,Callithrix,,,,INPA,Animalia,"margem direita do baixo rio Acarí, próximo à confluência com os rios Sucundurí e Canumã",,,,,2007-08-27T00:00:00,8.0,,<nO>SUBFAMILIA: Callitrichinae; BACIA: Madeira; TRIBUTARIO: Rio Acarí; PUBLICACAO: Neotropical Primates 8(1): 2-18</nO>,Primates,Chordata,,,M. G. M. van Roosmalen,140,,,Callithrix acariensis,Thomas van Roosmalen,F,acariensis,Amazonas,HOLÓTIPO,,,1996.0,,Callithrix acariensis,Mico acariensis,SYNONYM,mico acariensis|-4.88|-59.98,False
,S,INPA 2511,Mammalia,INPA-MAMIFEROS-TIPOS,97,,,Brasil,,,,-4.15888888888889,-60.6947222222222,-4.15888888888889,-60.6947222222222,Callitrichidae,,Callithrix,,,,INPA,Animalia,"Seringal São Luis, margem direita do médio rio Madeira, próximo a cidade de Manicoré",,45m,,45m,2007-08-27T00:00:00,,,<nO>jovem; SUBFAMILIA: Callitrichinae; BACIA: Madeira; TRIBUTARIO: Madeira; PUBLICACAO: Neotropical Primates 8(1): 2-18</nO>,Primates,Chordata,,,M. G. M. van Roosmalen,22,,,Callithrix manicorensis,Anthony B. Rylands,F,manicorensis,Amazonas,HOLÓTIPO,,,,,Callithrix manicorensis,Mico marcai,SYNONYM,mico marcai|-4.16|-60.69,False
,S,INPA 2511,Mammalia,INPA-MAMIFEROS-TIPOS,97,,,Brasil,,,,-4.15888888888889,-60.6947222222222,-4.15888888888889,-60.6947222222222,Callitrichidae,,Callithrix,,,,INPA,Animalia,"Seringal São Luis, margem direita do médio rio Madeira, próximo a cidade de Manicoré",,45m,,45m,2007-08-27T00:00:00,,,<nO>jovem; SUBFAMILIA: Callitrichinae; BACIA: Madeira; TRIBUTARIO: Madeira; PUBLICACAO: Neotropical Primates 8(1): 2-18</nO>,Primates,Chordata,,,M. G. M. van Roosmalen,22,,,Callithrix manicorensis,Thomas van Roosmalen,F,manicorensis,Amazonas,HOLÓTIPO,,,,,Callithrix manicorensis,Mico marcai,SYNONYM,mico marcai|-4.16|-60.69,False
,S,INPA 2511,Mammalia,INPA-MAMIFEROS-TIPOS,97,,,Brasil,,,,-4.15888888888889,-60.6947222222222,-4.15888888888889,-60.6947222222222,Callitrichidae,,Callithrix,,,,INPA,Animalia,"Seringal São Luis, margem direita do médio rio Madeira, próximo a cidade de Manicoré",,45m,,45m,2007-08-27T00:00:00,,,<nO>jovem; SUBFAMILIA: Callitrichinae; BACIA: Madeira; TRIBUTARIO: Madeira; PUBLICACAO: Neotropical Primates 8(1): 2-18</nO>,Primates,Chordata,,,M. G. M. van Roosmalen,22,,,Callithrix manicorensis,Marc. G. M. van Roosmalen,F,manicorensis,Amazonas,HOLÓTIPO,,,,,Callithrix manicorensis,Mico marcai,SYNONYM,mico marcai|-4.16|-60.69,False
,MachineObservation,0035939,Mammalia,FNJV,238,,,Brazil,Porto Velho,5.0,,-9.8275,-65.095556,-9.8275,-65.095556,Atelidae,,Ateles,,,,UNICAMP,Animalia,Fazenda Santa Carmen - MD,,140.0,,140.0,2025-04-16T10:14:30,11.0,,Habitat: Amazônia - Terra Firme; Tipo de vocalização: chamado,Primates,Chordata,,,Caio Brito,,,"<a href=""http://www2.ib.unicamp.br/fnjv/collection.php?fnjv=0035939"" class=""audio"" target=""fnjv"">Maiores informações e áudio</a>",Ateles chamek,,,chamek,Rondônia,,"9S 49' 39""","65W 05' 44""",2015.0,,Ateles chamek,Ateles chamek,ACCEPTED,ateles chamek|-9.83|-65.1,True
,MachineObservation,0035940,Mammalia,FNJV,238,,,Brazil,Porto Velho,5.0,,-9.8275,-65.095556,-9.8275,-65.095556,Atelidae,,Ateles,,,,UNICAMP,Animalia,Fazenda Santa Carmen - MD,,140.0,,140.0,2025-04-16T10:14:30,11.0,,Habitat: Amazônia - Terra Firme; Tipo de vocalização: chamado,Primates,Chordata,,,Caio Brito,,,"<a href=""http://www2.ib.unicamp.br/fnjv/collection.php?fnjv=0035940"" class=""audio"" target=""fnjv"">Maiores informações e áudio</a>",Ateles chamek,,,chamek,Rondônia,,"9S 49' 39""","65W 05' 44""",2015.0,,Ateles chamek,Ateles chamek,ACCEPTED,ateles chamek|-9.83|-65.1,True
,MachineObservation,0016066,Mammalia,FNJV,238,,368749.0,Brazil,São Gabriel da Cachoeira,21.0,,-0.130649,-67.089635,-0.130649,-67.089635,Atelidae,,Lagothrix,,,,UNICAMP,Animalia,Not specified,,,,,2025-04-16T10:14:30,12.0,,,Primates,Chordata,,,Jeremy Minns,,,"<a href=""http://www2.ib.unicamp.br/fnjv/collection.php?fnjv=0016066"" class=""audio"" target=""fnjv"">Maiores informações e áudio</a>",Lagothrix lugens,,,lugens,Amazonas,,,,1998.0,,Lagothrix lugens,Lagothrix lagothricha,SYNONYM,lagothrix lagothricha|-0.13|-67.09,False
,MachineObservation,0007939,Mammalia,FNJV,238,,138257.0,Brazil,Manaus,26.0,,-3.102328,-60.02544,-3.102328,-60.02544,Callitrichidae,,Saguinus,,1,,UNICAMP,Animalia,Hotel Tropical,,,,,2025-04-16T10:14:31,8.0,,Habitat: floresta; Tipo de vocalização: Canto,Primates,Chordata,,,Jacques Vielliard,,,"<a href=""http://www2.ib.unicamp.br/fnjv/collection.php?fnjv=0007939"" class=""audio"" target=""fnjv"">Maiores informações e áudio</a>",Saguinus bicolor,,,bicolor,Amazonas,,,,1981.0,,Saguinus bicolor,Saguinus bicolor,ACCEPTED,saguinus bicolor|-3.1|-60.03,True
,MachineObservation,0044318,Mammalia,FNJV,238,,138257.0,Brazil,Manaus,26.0,,-3.102328,-60.02544,-3.102328,-60.02544,Callitrichidae,,Saguinus,,2,,UNICAMP,Animalia,Hotel Tropical,,,,,2025-04-16T10:14:31,8.0,,Habitat: Mata ciliar; Tipo de vocalização: Canto e Mobbing,Primates,Chordata,,,Jacques Vielliard,,,"<a href=""http://www2.ib.unicamp.br/fnjv/collection.php?fnjv=0044318"" class=""audio"" target=""fnjv"">Maiores informações e áudio</a>",Saguinus bicolor,,,bicolor,Amazonas,,,,1981.0,,Saguinus bicolor,Saguinus bicolor,ACCEPTED,saguinus bicolor|-3.1|-60.03,True
,MachineObservation,0044319,Mammalia,FNJV,238,,138257.0,Brazil,Manaus,26.0,,-3.102328,-60.02544,-3.102328,-60.02544,Callitrichidae,,Saguinus,,,,UNICAMP,Animalia,Hotel Tropical,,,,,2025-04-16T10:14:31,8.0,,,Primates,Chordata,,,Jacques Vielliard,,,"<a href=""http://www2.ib.unicamp.br/fnjv/collection.php?fnjv=0044319"" class=""audio"" target=""fnjv"">Maiores informações e áudio</a>",Saguinus bicolor,,,bicolor,Amazonas,,,,1981.0,,Saguinus bicolor,Saguinus bicolor,ACCEPTED,saguinus bicolor|-3.1|-60.03,True
,MachineObservation,0044338,Mammalia,FNJV,238,,124133.0,Brazil,Cruzeiro do Sul,19.0,,-7.631498,-72.67049,-7.631498,-72.67049,Callitrichidae,,Saguinus,,4,,UNICAMP,Animalia,Humaitá do Moá,,,,,2025-04-16T10:14:31,4.0,,,Primates,Chordata,,,Jacques Vielliard,,,"<a href=""http://www2.ib.unicamp.br/fnjv/collection.php?fnjv=0044338"" class=""audio"" target=""fnjv"">Maiores informações e áudio</a>",Saguinus mystax,,,mystax,Acre,,,,1981.0,,Saguinus mystax,Saguinus mystax,ACCEPTED,saguinus mystax|-7.63|-72.67,False
,MachineObservation,0050468,Mammalia,FNJV,238,,,Brazil,Machadionho do Oeste,4.0,,-10.147347,-61.907325,-10.147347,-61.907325,Pithecidae,,Plecturocebus,,,,UNICAMP,Animalia,Reserva biológica do Jaru,,,,,2025-04-16T10:14:33,11.0,,,Primates,Chordata,,,Eduardo Marques Santos Júnior,,,"<a href=""http://www2.ib.unicamp.br/fnjv/collection.php?fnjv=0050468"" class=""audio"" target=""fnjv"">Maiores informações e áudio</a>",Plecturocebus bernhardi,,,bernhardi,Rondônia,,"10S 8' 50.45""","61W 54' 26.37""",2016.0,,Plecturocebus bernhardi,Plecturocebus bernhardi,ACCEPTED,plecturocebus bernhardi|-10.15|-61.91,True
,MachineObservation,0044277,Mammalia,FNJV,238,,124133.0,Brazil,Cruzeiro do Sul,16.0,,-7.631498,-72.67049,-7.631498,-72.67049,Pitheciidae,,Callicebus,,,,UNICAMP,Animalia,Humaitá do Moá,,,,,2025-04-16T10:14:33,4.0,,Habitat: Floresta;,Primates,Chordata,,,Jacques Vielliard,,,"<a href=""http://www2.ib.unicamp.br/fnjv/collection.php?fnjv=0044277"" class=""audio"" target=""fnjv"">Maiores informações e áudio</a>",Callicebus torquatus,,,torquatus,Acre,,,,1981.0,,Callicebus torquatus,Cheracebus torquatus,SYNONYM,cheracebus torquatus|-7.63|-72.67,False
,O,63952,Mammalia,FPR-COLOMBIA,66,,,Brasil,,,,-3.15,-67.9666666666667,-3.15,-67.9666666666667,Cebidae,,Callicebus,,3,,Fundación Puerto Rastrojo - Colômbia,Animalia,Paraná do Jacaré,,,,,2006-01-12T00:00:00,,,"<nO>Titis, new world monkeys of the genus Callicebus [Cebidae, Platyrrhini] : a preliminary taxonomic review HERSHKOVITZ, Philip</nO>",Primates,Chordata,,,,,,,Callicebus caligatus,,,caligatus,Estado de Amazonas,,,,,,Callicebus caligatus,Plecturocebus caligatus,SYNONYM,plecturocebus caligatus|-3.15|-67.97,False
,O,63884,Mammalia,FPR-COLOMBIA,66,,,Brasil,,,,-2.86944444444444,-69.6844444444445,-2.86944444444444,-69.6844444444445,Cebidae,,Callicebus,,1,,Fundación Puerto Rastrojo - Colômbia,Animalia,Río Iça cerca al límite Perú- Brasil,,,,,2006-01-12T00:00:00,,,"<nO>Mammal species of the world : A taxonomic and geographic reference WILSON, Don E.;REEDER, DeeAnn M.</nO>",Primates,Chordata,,,,,,,Callicebus cinerascens,,,cinerascens,Estado de Amazonas,,,,,,Callicebus cinerascens,Plecturocebus cinerascens,SYNONYM,plecturocebus cinerascens|-2.87|-69.68,False
,O,63886,Mammalia,FPR-COLOMBIA,66,,,Brasil,,,,-2.9,-68.6247222222222,-2.9,-68.6247222222222,Cebidae,,Callicebus,,1,,Fundación Puerto Rastrojo - Colômbia,Animalia,Río Içá afluente Río Solimões,,,,,2006-01-12T00:00:00,,,"<nO>Titis, new world monkeys of the genus Callicebus [Cebidae, Platyrrhini] : a preliminary taxonomic review HERSHKOVITZ, Philip</nO>",Primates,Chordata,,,,,,,Callicebus cinerascens,,,cinerascens,Estado de Amazonas,,,,,,Callicebus cinerascens,Plecturocebus cinerascens,SYNONYM,plecturocebus cinerascens|-2.9|-68.62,False
,O,4839,Mammalia,FPR-COLOMBIA,66,,,Colombia,La Pedrera,,,-1.73111111111111,-70.4066666666667,-1.73111111111111,-70.4066666666667,Cebidae,,Callicebus,,1,,Fundación Puerto Rastrojo - Colômbia,Animalia,Al sur del Río Caquetá,,,,,2006-01-12T00:00:00,,,"<nO>Lista actualizada de los mamíferos de Colombia : Anotaciones sobre su Distribución CUERVO DIAZ, Alicia;HERNANDEZ CAMACHO, Jorge I.;CADENA G., Alberto</nO>",Primates,Chordata,,,,,,,Callicebus moloch,,,moloch,Amazonas,,,,,,Callicebus moloch,Plecturocebus moloch,SYNONYM,plecturocebus moloch|-1.73|-70.41,False
,O,63882,Mammalia,FPR-COLOMBIA,66,,,Brasil,,,,-2.96666666666667,-68.8833333333333,-2.96666666666667,-68.8833333333333,Cebidae,,Callicebus,,1,,Fundación Puerto Rastrojo - Colômbia,Animalia,São João Río Jamarí,,,,,2006-01-12T00:00:00,,,"<nO>Titis, new world monkeys of the genus Callicebus [Cebidae, Platyrrhini] : a preliminary taxonomic review HERSHKOVITZ, Philip</nO>",Primates,Chordata,,,,,,,Callicebus moloch,,,moloch,Estado de Amazonas,,,,,,Callicebus moloch,Plecturocebus moloch,SYNONYM,plecturocebus moloch|-2.97|-68.88,False
,O,4992,Mammalia,FPR-COLOMBIA,66,,,Colombia,Mirití Paraná,,,-1.0,-70.5,-1.0,-70.5,Cebidae,,Callicebus,,1,,Fundación Puerto Rastrojo - Colômbia,Animalia,Puerto Rastrojo Río Miritipaná,,,,,2006-01-12T00:00:00,,,"<nO>Observaciones sobre los primates del bajo río Mirití-Paraná, Amazonas, Colombia DEFLER, Thomas R.</nO>",Primates,Chordata,,,,,,,Callicebus torquatus,,,torquatus,Amazonas,,,,,,Callicebus torquatus,Cheracebus torquatus,SYNONYM,cheracebus torquatus|-1.0|-70.5,False
,O,63921,Mammalia,FPR-COLOMBIA,66,,,Brasil,,,,-3.46666666666667,-69.3166666666667,-3.46666666666667,-69.3166666666667,Cebidae,,Callicebus,,1,lucifer,Fundación Puerto Rastrojo - Colômbia,Animalia,Santa Rita Do Weil Río Solimões,,,,,2006-01-12T00:00:00,,,"<nO>Titis, new world monkeys of the genus Callicebus [Cebidae, Platyrrhini] : a preliminary taxonomic review HERSHKOVITZ, Philip</nO>",Primates,Chordata,,,,,,,Callicebus torquatus lucifer,,,torquatus,Estado de Amazonas,,,,,,Callicebus torquatus lucifer,Cheracebus lucifer,SYNONYM,cheracebus lucifer|-3.47|-69.32,False
,O,63926,Mammalia,FPR-COLOMBIA,66,,,Brasil,,,,-2.73833333333333,-68.0905555555556,-2.73833333333333,-68.0905555555556,Cebidae,,Callicebus,,1,lucifer,Fundación Puerto Rastrojo - Colômbia,Animalia,Río Tonantins afluente Río Amazonas,,,,,2006-01-12T00:00:00,,,"<nO>Titis, new world monkeys of the genus Callicebus [Cebidae, Platyrrhini] : a preliminary taxonomic review HERSHKOVITZ, Philip</nO>",Primates,Chordata,,,Ehrhardt,,,,Callicebus torquatus lucifer,,,torquatus,Estado de Amazonas,,,,,,Callicebus torquatus lucifer,Cheracebus lucifer,SYNONYM,cheracebus lucifer|-2.74|-68.09,False
,O,63928,Mammalia,FPR-COLOMBIA,66,,,Brasil,,,,-2.9,-68.6247222222222,-2.9,-68.6247222222222,Cebidae,,Callicebus,,2,lucifer,Fundación Puerto Rastrojo - Colômbia,Animalia,Río Içá afluente Río Solimões,,,,,2006-01-12T00:00:00,,,"<nO>Titis, new world monkeys of the genus Callicebus [Cebidae, Platyrrhini] : a preliminary taxonomic review HERSHKOVITZ, Philip</nO>",Primates,Chordata,,,,,,,Callicebus torquatus lucifer,,,torquatus,Estado de Amazonas,,,,,,Callicebus torquatus lucifer,Cheracebus lucifer,SYNONYM,cheracebus lucifer|-2.9|-68.62,False
,O,63906,Mammalia,FPR-COLOMBIA,66,,,Venezuela,Atabapo,,,3.15,-65.8333333333333,3.15,-65.8333333333333,Cebidae,,Callicebus,,5,lugens,Fundación Puerto Rastrojo - Colômbia,Animalia,Tamatama Río Orinoco,,,,,2006-01-12T00:00:00,,,"<nO>Titis, new world monkeys of the genus Callicebus [Cebidae, Platyrrhini] : a preliminary taxonomic review HERSHKOVITZ, Philip</nO>",Primates,Chordata,,,,,,,Callicebus torquatus lugens,,,torquatus,Territorio Federal Amazonas,,,,,,Callicebus torquatus lugens,Cheracebus torquatus,SYNONYM,cheracebus torquatus|3.15|-65.83,False
,O,63899,Mammalia,FPR-COLOMBIA,66,,,Brasil,,,,0.966666666666667,-66.85,0.966666666666667,-66.85,Cebidae,,Callicebus,,1,lugens,Fundación Puerto Rastrojo - Colômbia,Animalia,Marabitanas Río Negro,,,,,2006-01-12T00:00:00,,,"<nO>Titis, new world monkeys of the genus Callicebus [Cebidae, Platyrrhini] : a preliminary taxonomic review HERSHKOVITZ, Philip</nO>",Primates,Chordata,,,,,,,Callicebus torquatus lugens,,,torquatus,Estado de Amazonas,,,,,,Callicebus torquatus lugens,Cheracebus torquatus,SYNONYM,cheracebus torquatus|0.97|-66.85,False
,O,63900,Mammalia,FPR-COLOMBIA,66,,,Brasil,,,,-0.333333333333333,-66.8333333333333,-0.333333333333333,-66.8333333333333,Cebidae,,Callicebus,,2,lugens,Fundación Puerto Rastrojo - Colômbia,Animalia,Monte Curicuriari,,,,,2006-01-12T00:00:00,,,"<nO>Titis, new world monkeys of the genus Callicebus [Cebidae, Platyrrhini] : a preliminary taxonomic review HERSHKOVITZ, Philip</nO>",Primates,Chordata,,,,,,,Callicebus torquatus lugens,,,torquatus,Estado de Amazonas,,,,,,Callicebus torquatus lugens,Cheracebus torquatus,SYNONYM,cheracebus torquatus|-0.33|-66.83,False
,O,63905,Mammalia,FPR-COLOMBIA,66,,,Brasil,,,,0.226944444444444,-68.0,0.226944444444444,-68.0,Cebidae,,Callicebus,,1,lugens,Fundación Puerto Rastrojo - Colômbia,Animalia,Río Uaupes afluente Río Negro,,,,,2006-01-12T00:00:00,,,"<nO>Titis, new world monkeys of the genus Callicebus [Cebidae, Platyrrhini] : a preliminary taxonomic review HERSHKOVITZ, Philip</nO>",Primates,Chordata,,,,,,,Callicebus torquatus lugens,,,torquatus,Estado de Amazonas,,,,,,Callicebus torquatus lugens,Cheracebus torquatus,SYNONYM,cheracebus torquatus|0.23|-68.0,False
,O,63902,Mammalia,FPR-COLOMBIA,66,,,Venezuela,Río Negro,,,2.68333333333333,-65.1166666666667,2.68333333333333,-65.1166666666667,Cebidae,,Callicebus,,5,lugens,Fundación Puerto Rastrojo - Colômbia,Animalia,Río Ocamo afluente Río Orinoco,,,,,2006-01-12T00:00:00,,,"<nO>Titis, new world monkeys of the genus Callicebus [Cebidae, Platyrrhini] : a preliminary taxonomic review HERSHKOVITZ, Philip</nO>",Primates,Chordata,,,,,,,Callicebus torquatus lugens,,,torquatus,Territorio Federal Amazonas,,,,,,Callicebus torquatus lugens,Cheracebus torquatus,SYNONYM,cheracebus torquatus|2.68|-65.12,False
,O,63910,Mammalia,FPR-COLOMBIA,66,,,Brasil,,,,-2.63333333333333,-67.0833333333333,-2.63333333333333,-67.0833333333333,Cebidae,,Callicebus,,1,lugens,Fundación Puerto Rastrojo - Colômbia,Animalia,Río Alegría afluente Río Solimoes,,,,,2006-01-12T00:00:00,,,"<nO>Titis, new world monkeys of the genus Callicebus [Cebidae, Platyrrhini] : a preliminary taxonomic review HERSHKOVITZ, Philip</nO>",Primates,Chordata,,,,,,,Callicebus torquatus lugens,,,torquatus,Estado de Amazonas,,,,,,Callicebus torquatus lugens,Cheracebus torquatus,SYNONYM,cheracebus torquatus|-2.63|-67.08,False
,O,63901,Mammalia,FPR-COLOMBIA,66,,,Brasil,,,,0.1,-68.4666666666667,0.1,-68.4666666666667,Cebidae,,Callicebus,,2,lugens,Fundación Puerto Rastrojo - Colômbia,Animalia,Taracua Río Uaupes,,,,,2006-01-12T00:00:00,,,"<nO>Titis, new world monkeys of the genus Callicebus [Cebidae, Platyrrhini] : a preliminary taxonomic review HERSHKOVITZ, Philip</nO>",Primates,Chordata,,,,,,,Callicebus torquatus lugens,,,torquatus,Estado de Amazonas,,,,,,Callicebus torquatus lugens,Cheracebus torquatus,SYNONYM,cheracebus torquatus|0.1|-68.47,False
,O,63914,Mammalia,FPR-COLOMBIA,66,,,Brasil,,,,-2.53333333333333,-66.0166666666667,-2.53333333333333,-66.0166666666667,Cebidae,,Callicebus,,1,regulus,Fundación Puerto Rastrojo - Colômbia,Animalia,Fonte Boa Río Solimões,,,,,2006-01-12T00:00:00,,,"<nO>Titis, new world monkeys of the genus Callicebus [Cebidae, Platyrrhini] : a preliminary taxonomic review HERSHKOVITZ, Philip</nO>",Primates,Chordata,,,Ehrhardt,,,,Callicebus torquatus regulus,,,torquatus,Estado de Amazonas,,,,,,Callicebus torquatus regulus,Cheracebus regulus,SYNONYM,cheracebus regulus|-2.53|-66.02,False
,O,63915,Mammalia,FPR-COLOMBIA,66,,,Brasil,,,,-2.53333333333333,-66.0166666666667,-2.53333333333333,-66.0166666666667,Cebidae,,Callicebus,,5,regulus,Fundación Puerto Rastrojo - Colômbia,Animalia,Fonte Boa Río Solimões,,,,,2006-01-12T00:00:00,,,"<nO>Titis, new world monkeys of the genus Callicebus [Cebidae, Platyrrhini] : a preliminary taxonomic review HERSHKOVITZ, Philip</nO>",Primates,Chordata,,,,,,,Callicebus torquatus regulus,,,torquatus,Estado de Amazonas,,,,,,Callicebus torquatus regulus,Cheracebus regulus,SYNONYM,cheracebus regulus|-2.53|-66.02,False
,O,63913,Mammalia,FPR-COLOMBIA,66,,,Brasil,,,,-2.53333333333333,-66.0166666666667,-2.53333333333333,-66.0166666666667,Cebidae,,Callicebus,,3,regulus,Fundación Puerto Rastrojo - Colômbia,Animalia,Fonte Boa Río Solimões,,,,,2006-01-12T00:00:00,,,"<nO>Titis, new world monkeys of the genus Callicebus [Cebidae, Platyrrhini] : a preliminary taxonomic review HERSHKOVITZ, Philip</nO>",Primates,Chordata,,,,,,,Callicebus torquatus regulus,,,torquatus,Estado de Amazonas,,,,,,Callicebus torquatus regulus,Cheracebus regulus,SYNONYM,cheracebus regulus|-2.53|-66.02,False
,O,63916,Mammalia,FPR-COLOMBIA,66,,,Brasil,,,,-2.61666666666667,-65.7333333333333,-2.61666666666667,-65.7333333333333,Cebidae,,Callicebus,,1,regulus,Fundación Puerto Rastrojo - Colômbia,Animalia,Desembocadura Río Jurúa Río Solimões,,,,,2006-01-12T00:00:00,,,"<nO>Titis, new world monkeys of the genus Callicebus [Cebidae, Platyrrhini] : a preliminary taxonomic review HERSHKOVITZ, Philip</nO>",Primates,Chordata,,,,,,,Callicebus torquatus regulus,,,torquatus,Estado de Amazonas,,,,,,Callicebus torquatus regulus,Cheracebus regulus,SYNONYM,cheracebus regulus|-2.62|-65.73,False
,O,63893,Mammalia,FPR-COLOMBIA,66,,,Brasil,,,,-0.486111111111111,-65.0,-0.486111111111111,-65.0,Cebidae,,Callicebus,,2,torquatus,Fundación Puerto Rastrojo - Colômbia,Animalia,Río Negro afluente Río Solimões,,,,,2006-01-12T00:00:00,,,"<nO>Titis, new world monkeys of the genus Callicebus [Cebidae, Platyrrhini] : a preliminary taxonomic review HERSHKOVITZ, Philip</nO>",Primates,Chordata,,,,,,,Callicebus torquatus torquatus,,,torquatus,Estado de Amazonas,,,,,,Callicebus torquatus torquatus,Cheracebus torquatus,SYNONYM,cheracebus torquatus|-0.49|-65.0,False
,O,4860,Mammalia,FPR-COLOMBIA,66,,,Colombia,La Chorrera,,,-1.42333333333333,-72.8544444444444,-1.42333333333333,-72.8544444444444,Callithrichidae,,Callimico,,1,,Fundación Puerto Rastrojo - Colômbia,Animalia,La Chorrera Río Igara Paraná afluente Río Putumayo,,,,,2006-01-12T00:00:00,,,"<nO>Lista actualizada de los mamíferos de Colombia : Anotaciones sobre su Distribución CUERVO DIAZ, Alicia;HERNANDEZ CAMACHO, Jorge I.;CADENA G., Alberto</nO>",Primates,Chordata,,,,,,,Callimico goeldii,,,goeldii,Amazonas,,,,,,Callimico goeldii,Callimico goeldii,ACCEPTED,callimico goeldii|-1.42|-72.85,False
,O,5147,Mammalia,FPR-COLOMBIA,66,,,Colombia,El Encanto,,,-0.471944444444444,-73.605,-0.471944444444444,-73.605,Callithrichidae,,Callimico,,1,,Fundación Puerto Rastrojo - Colômbia,Animalia,Cuira Río Caquetá,,,,,2006-01-12T00:00:00,,,"<nO>Mammals of the Neotropics EISENBERG, John F.</nO>",Primates,Chordata,,,,,,,Callimico goeldii,,,goeldii,Amazonas,,,,,,Callimico goeldii,Callimico goeldii,ACCEPTED,callimico goeldii|-0.47|-73.6,False
,O,5149,Mammalia,FPR-COLOMBIA,66,,,Colombia,El Encanto,,,-1.55888888888889,-73.4866666666667,-1.55888888888889,-73.4866666666667,Callithrichidae,,Callimico,,1,,Fundación Puerto Rastrojo - Colômbia,Animalia,Puerto Inmaculada Río Putumayo,,,,,2006-01-12T00:00:00,,,"<nO>Mammals of the Neotropics EISENBERG, John F.</nO>",Primates,Chordata,,,,,,,Callimico goeldii,,,goeldii,Amazonas,,,,,,Callimico goeldii,Callimico goeldii,ACCEPTED,callimico goeldii|-1.56|-73.49,False
,O,63993,Mammalia,FPR-COLOMBIA,66,,,Brasil,,,,-4.26666666666667,-69.9333333333333,-4.26666666666667,-69.9333333333333,Callithrichidae,,Callithrix,,1,,Fundación Puerto Rastrojo - Colômbia,Animalia,Tabatinga Río Solimões,,,,,2006-01-12T00:00:00,,,"<nO>Mammal species of the world : A taxonomic and geographic reference WILSON, Don E.;REEDER, DeeAnn M.</nO>",Primates,Chordata,,,,,,,Callithrix pygmaea,,,pygmaea,Estado de Amazonas,,,,,,Callithrix pygmaea,Cebuella pygmaea,SYNONYM,cebuella pygmaea|-4.27|-69.93,False
,O,5981,Mammalia,FPR-COLOMBIA,66,,,Colombia,Mirití Paraná,,,-1.0,-70.5,-1.0,-70.5,Cebidae,,Cebus,,1,,Fundación Puerto Rastrojo - Colômbia,Animalia,Puerto Rastrojo Río Miritipaná,,,,,2006-01-12T00:00:00,,,"<nO>Observaciones sobre los primates del bajo río Mirití-Paraná, Amazonas, Colombia DEFLER, Thomas R.</nO>",Primates,Chordata,,,"Defler, Thomas",,,,Cebus albifrons,,,albifrons,Amazonas,,,,,,Cebus albifrons,Cebus albifrons,ACCEPTED,cebus albifrons|-1.0|-70.5,False
,O,63958,Mammalia,FPR-COLOMBIA,66,,,Venezuela,Río Negro,,,2.5,-65.1833333333333,2.5,-65.1833333333333,Cebidae,,Cebus,,1,,Fundación Puerto Rastrojo - Colômbia,Animalia,Mavaca Río Orinoco,,,,,2006-01-12T00:00:00,,,"<nO>Mammals of the Neotropics EISENBERG, John F.</nO>",Primates,Chordata,,,,,,,Cebus albifrons,,,albifrons,Territorio Federal Amazonas,,,,,,Cebus albifrons,Cebus albifrons,ACCEPTED,cebus albifrons|2.5|-65.18,False
,O,63960,Mammalia,FPR-COLOMBIA,66,,,Venezuela,Atabapo,,,3.15,-65.8333333333333,3.15,-65.8333333333333,Cebidae,,Cebus,,1,,Fundación Puerto Rastrojo - Colômbia,Animalia,Tamatama Río Orinoco,,,,,2006-01-12T00:00:00,,,"<nO>Mammals of the Neotropics EISENBERG, John F.</nO>",Primates,Chordata,,,,,,,Cebus albifrons,,,albifrons,Territorio Federal Amazonas,,,,,,Cebus albifrons,Cebus albifrons,ACCEPTED,cebus albifrons|3.15|-65.83,False
,O,4995,Mammalia,FPR-COLOMBIA,66,,,Colombia,Mirití Paraná,,,-1.0,-70.5,-1.0,-70.5,Cebidae,,Cebus,,1,,Fundación Puerto Rastrojo - Colômbia,Animalia,Puerto Rastrojo Río Miritipaná,,,,,2006-01-12T00:00:00,,,"<nO>Observaciones sobre los primates del bajo río Mirití-Paraná, Amazonas, Colombia DEFLER, Thomas R.</nO>",Primates,Chordata,,,,,,,Cebus albifrons,,,albifrons,Amazonas,,,,,,Cebus albifrons,Cebus albifrons,ACCEPTED,cebus albifrons|-1.0|-70.5,False
,O,4994,Mammalia,FPR-COLOMBIA,66,,,Colombia,Mirití Paraná,,,-1.0,-70.5,-1.0,-70.5,Cebidae,,Cebus,,1,,Fundación Puerto Rastrojo - Colômbia,Animalia,Puerto Rastrojo Río Miritipaná,,,,,2006-01-12T00:00:00,,,"<nO>Observaciones sobre los primates del bajo río Mirití-Paraná, Amazonas, Colombia DEFLER, Thomas R.</nO>",Primates,Chordata,,,,,,,Cebus apella,,,apella,Amazonas,,,,,,Cebus apella,Sapajus apella,SYNONYM,sapajus apella|-1.0|-70.5,False
,O,5978,Mammalia,FPR-COLOMBIA,66,,,Colombia,Mirití Paraná,,,-1.0,-70.5,-1.0,-70.5,Cebidae,,Cebus,,1,,Fundación Puerto Rastrojo - Colômbia,Animalia,Puerto Rastrojo Río Miritipaná,,,,,2006-01-12T00:00:00,,,"<nO>Observaciones sobre los primates del bajo río Mirití-Paraná, Amazonas, Colombia DEFLER, Thomas R.</nO>",Primates,Chordata,,,"Defler, Thomas",,,,Cebus apella,,,apella,Amazonas,,,,,,Cebus apella,Sapajus apella,SYNONYM,sapajus apella|-1.0|-70.5,False
,O,63966,Mammalia,FPR-COLOMBIA,66,,,Venezuela,Atabapo,,,3.16666666666667,-65.55,3.16666666666667,-65.55,Cebidae,,Cebus,,1,,Fundación Puerto Rastrojo - Colômbia,Animalia,Esmeralda Río Orinoco,,,,,2006-01-12T00:00:00,,,"<nO>Mammals of the Neotropics EISENBERG, John F.</nO>",Primates,Chordata,,,,,,,Cebus olivaceus,,,olivaceus,Territorio Federal Amazonas,,,,,,Cebus olivaceus,Cebus olivaceus,ACCEPTED,cebus olivaceus|3.17|-65.55,False
,O,63969,Mammalia,FPR-COLOMBIA,66,,,Venezuela,Casiquiare,,,3.06666666666667,-63.1333333333333,3.06666666666667,-63.1333333333333,Cebidae,,Chiropotes,,1,,Fundación Puerto Rastrojo - Colômbia,Animalia,Maricapure Río Orinoco,,,,,2006-01-12T00:00:00,,,"<nO>Mammals of the Neotropics EISENBERG, John F.</nO>",Primates,Chordata,,,,,,,Chiropotes satanas,,,satanas,Territorio Federal Amazonas,,,,,,Chiropotes satanas,Chiropotes satanas,ACCEPTED,chiropotes satanas|3.07|-63.13,False
,O,4990,Mammalia,FPR-COLOMBIA,66,,,Colombia,Mirití Paraná,,,-1.0,-70.5,-1.0,-70.5,Cebidae,,Alouatta,,1,,Fundación Puerto Rastrojo - Colômbia,Animalia,Puerto Rastrojo Río Miritipaná,,,,,2006-01-12T00:00:00,,,"<nO>Observaciones sobre los primates del bajo río Mirití-Paraná, Amazonas, Colombia DEFLER, Thomas R.</nO>",Primates,Chordata,,,,,,,Alouatta seniculus,,,seniculus,Amazonas,,,,,,Alouatta seniculus,Alouatta seniculus,ACCEPTED,alouatta seniculus|-1.0|-70.5,False
,O,5466,Mammalia,FPR-COLOMBIA,66,,,Colombia,La Chorrera,,,-1.42333333333333,-72.8544444444444,-1.42333333333333,-72.8544444444444,Cebidae,,Alouatta,,1,,Fundación Puerto Rastrojo - Colômbia,Animalia,La Chorrera Río Igara Paraná afluente Río Putumayo,,,,,2006-01-12T00:00:00,,,"<nO>Informe de correrias por los ríos Putumayo, Caraparaná e Igaraparaná : Segundo semestre de 1991 ECHEVERRI, Juan A.;MONTENEGRO DIAZ, Olga L.;RIVAS PAVA, María del P.;MUÑOZ SOSA, Diego L.</nO>",Primates,Chordata,,,,,,,Alouatta seniculus,,,seniculus,Amazonas,,,,,,Alouatta seniculus,Alouatta seniculus,ACCEPTED,alouatta seniculus|-1.42|-72.85,False
,O,5478,Mammalia,FPR-COLOMBIA,66,,,Colombia,La Chorrera,,,-2.13333333333333,-71.7369444444444,-2.13333333333333,-71.7369444444444,Cebidae,,Alouatta,,1,,Fundación Puerto Rastrojo - Colômbia,Animalia,Puerto Arica Río Putumayo,,,,,2006-01-12T00:00:00,,,"<nO>Informe de correrias por los ríos Putumayo, Caraparaná e Igaraparaná : Segundo semestre de 1991 ECHEVERRI, Juan A.;MONTENEGRO DIAZ, Olga L.;RIVAS PAVA, María del P.;MUÑOZ SOSA, Diego L.</nO>",Primates,Chordata,,,,,,,Alouatta seniculus,,,seniculus,Amazonas,,,,,,Alouatta seniculus,Alouatta seniculus,ACCEPTED,alouatta seniculus|-2.13|-71.74,False
,O,63863,Mammalia,FPR-COLOMBIA,66,,,Venezuela,Atabapo,,,3.16666666666667,-65.55,3.16666666666667,-65.55,Cebidae,,Aotus,,1,,Fundación Puerto Rastrojo - Colômbia,Animalia,Esmeralda Río Orinoco,,,,,2006-01-12T00:00:00,,,"<nO>Mammals of Amazonia. Volume I : General introduction and primates DA CRUZ LIMA, Eladio</nO>",Primates,Chordata,,,,,,,Aotus trivirgatus,,,trivirgatus,Territorio Federal Amazonas,,,,,,Aotus trivirgatus,Aotus trivirgatus,ACCEPTED,aotus trivirgatus|3.17|-65.55,False
,O,4991,Mammalia,FPR-COLOMBIA,66,,,Colombia,Mirití Paraná,,,-1.0,-70.5,-1.0,-70.5,Cebidae,,Aotus,,1,,Fundación Puerto Rastrojo - Colômbia,Animalia,Puerto Rastrojo Río Miritipaná,,,,,2006-01-12T00:00:00,,,"<nO>Observaciones sobre los primates del bajo río Mirití-Paraná, Amazonas, Colombia DEFLER, Thomas R.</nO>",Primates,Chordata,,,,,,,Aotus trivirgatus,,,trivirgatus,Amazonas,,,,,,Aotus trivirgatus,Aotus trivirgatus,ACCEPTED,aotus trivirgatus|-1.0|-70.5,False
,O,63864,Mammalia,FPR-COLOMBIA,66,,,Venezuela,Atabapo,,,3.15,-65.8333333333333,3.15,-65.8333333333333,Cebidae,,Aotus,,1,,Fundación Puerto Rastrojo - Colômbia,Animalia,Tamatama Río Orinoco,,,,,2006-01-12T00:00:00,,,"<nO>Mammals of the Neotropics EISENBERG, John F.</nO>",Primates,Chordata,,,,,,,Aotus trivirgatus,,,trivirgatus,Territorio Federal Amazonas,,,,,,Aotus trivirgatus,Aotus trivirgatus,ACCEPTED,aotus trivirgatus|3.15|-65.83,False
,O,63867,Mammalia,FPR-COLOMBIA,66,,,Venezuela,,,,1.72083333333333,-65.0333333333333,1.72083333333333,-65.0333333333333,Cebidae,,Aotus,,1,,Fundación Puerto Rastrojo - Colômbia,Animalia,Jabromabibeiteri,,,,,2006-01-12T00:00:00,,,"<nO>Mammals of the Neotropics EISENBERG, John F.</nO>",Primates,Chordata,,,,,,,Aotus trivirgatus,,,trivirgatus,Territorio Federal Amazonas,,,,,,Aotus trivirgatus,Aotus trivirgatus,ACCEPTED,aotus trivirgatus|1.72|-65.03,False
,O,63869,Mammalia,FPR-COLOMBIA,66,,,Brasil,,,,-4.26666666666667,-69.9333333333333,-4.26666666666667,-69.9333333333333,Cebidae,,Aotus,,1,,Fundación Puerto Rastrojo - Colômbia,Animalia,Tabatinga Río Solimões,,,,,2006-01-12T00:00:00,,,"<nO>Mammals of Amazonia. Volume I : General introduction and primates DA CRUZ LIMA, Eladio</nO>",Primates,Chordata,,,,,,,Aotus vociferans,,,vociferans,Estado de Amazonas,,,,,,Aotus vociferans,Aotus vociferans,ACCEPTED,aotus vociferans|-4.27|-69.93,False
,O,4787,Mammalia,FPR-COLOMBIA,66,,,Colombia,Puerto Nariño,,,-3.8,-70.3166666666667,-3.8,-70.3166666666667,Cebidae,,Aotus,,1,,Fundación Puerto Rastrojo - Colômbia,Animalia,San Martín de Amacayacú Río Amacayacú,,,,,2006-01-12T00:00:00,,,"<nO>Aspectos etnozoológicos relacionados con la actividad de la caza de los indígenas Ticuna, San Martín de Amacayacú [Amazonas] CAMPOS ROZO, Claudia</nO>",Primates,Chordata,,,,,,,Aotus vociferans,,,vociferans,Amazonas,,,,,,Aotus vociferans,Aotus vociferans,ACCEPTED,aotus vociferans|-3.8|-70.32,False
,O,63874,Mammalia,FPR-COLOMBIA,66,,,Venezuela,,,,1.72083333333333,-65.0333333333333,1.72083333333333,-65.0333333333333,Cebidae,,Ateles,,1,,Fundación Puerto Rastrojo - Colômbia,Animalia,Jabromabibeiteri,,,,,2006-01-12T00:00:00,,,"<nO>Mammals of the Neotropics EISENBERG, John F.</nO>",Primates,Chordata,,,,,,,Ateles belzebuth,,,belzebuth,Territorio Federal Amazonas,,,,,,Ateles belzebuth,Ateles belzebuth,ACCEPTED,ateles belzebuth|1.72|-65.03,False
,O,63995,Mammalia,FPR-COLOMBIA,66,,,Brasil,,,,-3.45,-68.8,-3.45,-68.8,Callithrichidae,,Saguinus,,1,,Fundación Puerto Rastrojo - Colômbia,Animalia,São Paulo De Olivença Río Solimões,,,,,2006-01-12T00:00:00,,,"<nO>Mammals of Amazonia. Volume I : General introduction and primates DA CRUZ LIMA, Eladio</nO>",Primates,Chordata,,,"Geoffroy, Prévost y Pucheran",,,,Saguinus fuscicollis,,,fuscicollis,Estado de Amazonas,,,,,,Saguinus fuscicollis,Leontocebus fuscicollis,SYNONYM,leontocebus fuscicollis|-3.45|-68.8,False
,O,64001,Mammalia,FPR-COLOMBIA,66,,,Brasil,,,,-3.45,-68.8,-3.45,-68.8,Callithrichidae,,Saguinus,,1,,Fundación Puerto Rastrojo - Colômbia,Animalia,São Paulo De Olivença Río Solimões,,,,,2006-01-12T00:00:00,,,"<nO>Mammals of Amazonia. Volume I : General introduction and primates DA CRUZ LIMA, Eladio</nO>",Primates,Chordata,,,,,,,Saguinus mystax,,,mystax,Estado de Amazonas,,,,,,Saguinus mystax,Saguinus mystax,ACCEPTED,saguinus mystax|-3.45|-68.8,False
,O,64000,Mammalia,FPR-COLOMBIA,66,,,Brasil,,,,-3.0,-69.0,-3.0,-69.0,Callithrichidae,,Saguinus,,1,,Fundación Puerto Rastrojo - Colômbia,Animalia,Entre Río Solimõesy Río Iça,,,,,2006-01-12T00:00:00,,,"<nO>Mammal species of the world : A taxonomic and geographic reference WILSON, Don E.;REEDER, DeeAnn M.</nO>",Primates,Chordata,,,,,,,Saguinus mystax,,,mystax,Estado de Amazonas,,,,,,Saguinus mystax,Saguinus mystax,ACCEPTED,saguinus mystax|-3.0|-69.0,False
,O,63999,Mammalia,FPR-COLOMBIA,66,,,Brasil,,,,-3.45,-68.8,-3.45,-68.8,Callithrichidae,,Saguinus,,1,,Fundación Puerto Rastrojo - Colômbia,Animalia,São Paulo De Olivença Río Solimões,,,,,2006-01-12T00:00:00,,,"<nO>Mammals of Amazonia. Volume I : General introduction and primates DA CRUZ LIMA, Eladio</nO>",Primates,Chordata,,,,,,,Saguinus nigricollis,,,nigricollis,Estado de Amazonas,,,,,,Saguinus nigricollis,Leontocebus nigricollis,SYNONYM,leontocebus nigricollis|-3.45|-68.8,False
,O,5579,Mammalia,FPR-COLOMBIA,66,,,Colombia,Leticia,,,-4.15,-69.95,-4.15,-69.95,Cebidae,,Saimiri,,1,,Fundación Puerto Rastrojo - Colômbia,Animalia,Leticia Río Amazonas,,,,,2006-01-12T00:00:00,,,<nO>Mammals from Colombia at LACM</nO>,Primates,Chordata,,,,,,,Saimiri sciureus,,,sciureus,Amazonas,,,,,,Saimiri sciureus,Saimiri sciureus,ACCEPTED,saimiri sciureus|-4.15|-69.95,True
,O,5985,Mammalia,FPR-COLOMBIA,66,,,Colombia,Mirití Paraná,,,-1.0,-70.5,-1.0,-70.5,Cebidae,,Saimiri,,1,,Fundación Puerto Rastrojo - Colômbia,Animalia,Puerto Rastrojo Río Miritipaná,,,,,2006-01-12T00:00:00,,,"<nO>Observaciones sobre los primates del bajo río Mirití-Paraná, Amazonas, Colombia DEFLER, Thomas R.</nO>",Primates,Chordata,,,"Defler, Thomas",,,,Saimiri sciureus,,,sciureus,Amazonas,,,,,,Saimiri sciureus,Saimiri sciureus,ACCEPTED,saimiri sciureus|-1.0|-70.5,False
,O,63981,Mammalia,FPR-COLOMBIA,66,,,Venezuela,,,,1.72083333333333,-65.0333333333333,1.72083333333333,-65.0333333333333,Cebidae,,Saimiri,,1,,Fundación Puerto Rastrojo - Colômbia,Animalia,Jabromabibeiteri,,,,,2006-01-12T00:00:00,,,"<nO>Mammals of the Neotropics EISENBERG, John F.</nO>",Primates,Chordata,,,,,,,Saimiri sciureus,,,sciureus,Territorio Federal Amazonas,,,,,,Saimiri sciureus,Saimiri sciureus,ACCEPTED,saimiri sciureus|1.72|-65.03,False
,O,4997,Mammalia,FPR-COLOMBIA,66,,,Colombia,Mirití Paraná,,,-1.0,-70.5,-1.0,-70.5,Cebidae,,Saimiri,,1,,Fundación Puerto Rastrojo - Colômbia,Animalia,Puerto Rastrojo Río Miritipaná,,,,,2006-01-12T00:00:00,,,"<nO>Observaciones sobre los primates del bajo río Mirití-Paraná, Amazonas, Colombia DEFLER, Thomas R.</nO>",Primates,Chordata,,,,,,,Saimiri sciureus,,,sciureus,Amazonas,,,,,,Saimiri sciureus,Saimiri sciureus,ACCEPTED,saimiri sciureus|-1.0|-70.5,False
,O,4998,Mammalia,FPR-COLOMBIA,66,,,Colombia,Mirití Paraná,,,-1.0,-70.5,-1.0,-70.5,Cebidae,,Saimiri,,1,,Fundación Puerto Rastrojo - Colômbia,Animalia,Puerto Rastrojo Río Miritipaná,,,,,2006-01-12T00:00:00,,,"<nO>Observaciones sobre los primates del bajo río Mirití-Paraná, Amazonas, Colombia DEFLER, Thomas R.</nO>",Primates,Chordata,,,,,,,Saimiri sciureus,,,sciureus,Amazonas,,,,,,Saimiri sciureus,Saimiri sciureus,ACCEPTED,saimiri sciureus|-1.0|-70.5,False
,O,4783,Mammalia,FPR-COLOMBIA,66,,,Colombia,Puerto Nariño,,,-3.8,-70.3166666666667,-3.8,-70.3166666666667,Cebidae,,Saimiri,,1,,Fundación Puerto Rastrojo - Colômbia,Animalia,San Martín de Amacayacú Río Amacayacú,,,,,2006-01-12T00:00:00,,,"<nO>Aspectos etnozoológicos relacionados con la actividad de la caza de los indígenas Ticuna, San Martín de Amacayacú [Amazonas] CAMPOS ROZO, Claudia</nO>",Primates,Chordata,,,,,,,Saimiri sciureus,,,sciureus,Amazonas,,,,,,Saimiri sciureus,Saimiri sciureus,ACCEPTED,saimiri sciureus|-3.8|-70.32,False
,O,63987,Mammalia,FPR-COLOMBIA,66,,,Venezuela,Casiquiare,,,2.03333333333333,-67.0,2.03333333333333,-67.0,Cebidae,,Saimiri,,1,cassiquiarensis,Fundación Puerto Rastrojo - Colômbia,Animalia,Río Casiquiare afluente Río Negro,,,,,2006-01-12T00:00:00,,,"<nO>Mammals of Amazonia. Volume I : General introduction and primates DA CRUZ LIMA, Eladio</nO>",Primates,Chordata,,,,,,,Saimiri sciureus cassiquiarensis,,,sciureus,Territorio Federal Amazonas,,,,,,Saimiri sciureus cassiquiarensis,Saimiri cassiquiarensis,SYNONYM,saimiri cassiquiarensis|2.03|-67.0,False
,PreservedSpecimen,USNM 495210,Mammalia,US-ANIMALIA,556,South America,,Venezuela,,31.0,,2.62,-66.32,2.62,-66.32,Cebidae,,Saimiri,,1,,USNM,Animalia,"Capibara, 106 Km SW Esmeralda, Brazo Casiquiare",,,,130.0,2020-01-06T11:15:00,5.0,,,Primates,Chordata,Fluid,,Smithsonian Venezuelan Project,19406,,,Saimiri sciureus,,,sciureus,Amazonas,,02 37 -- N,066 19 -- W,1967.0,,Saimiri sciureus,Saimiri sciureus,ACCEPTED,saimiri sciureus|2.62|-66.32,True
,PreservedSpecimen,USNM 406443,Mammalia,US-ANIMALIA,556,South America,,Venezuela,,,,3.17,-65.82,3.17,-65.82,Cebidae,,Sapajus,,1,,USNM,Animalia,"Tamatama, Rio Orinoco",,,,135.0,2020-03-12T12:33:00,4.0,,,Primates,Chordata,Skin; Skull,,Smithsonian Venezuelan Project,18440,,,Sapajus apella,,,apella,Amazonas,,03 10 -- N,065 49 -- W,1967.0,,Sapajus apella,Sapajus apella,ACCEPTED,sapajus apella|3.17|-65.82,True
,PreservedSpecimen,USNM 443383,Mammalia,US-ANIMALIA,556,South America,,Venezuela,,,,3.17,-65.82,3.17,-65.82,Cebidae,,Sapajus,,1,,USNM,Animalia,"Tamatama, Rio Orinoco",,,,135.0,2020-03-02T12:15:00,4.0,,,Primates,Chordata,Skull,,Smithsonian Venezuelan Project,18438,,,Sapajus apella,,,apella,Amazonas,,03 10 -- N,065 49 -- W,1967.0,,Sapajus apella,Sapajus apella,ACCEPTED,sapajus apella|3.17|-65.82,True
,PreservedSpecimen,USNM 518259,Mammalia,US-ANIMALIA,556,South America,,Brazil,,27.0,,-3.83,-62.08,-3.83,-62.08,Cebidae,,Sapajus,,1,,USNM,Animalia,"Codajaz, Mata Do Laguinho",,,,,2019-12-09T15:49:00,5.0,,,Primates,Chordata,Skin; Skull,,,24281 (11),,,Sapajus apella,,,apella,Amazonas,,03 50 -- S,062 05 -- W,1948.0,,Sapajus apella,Sapajus apella,ACCEPTED,sapajus apella|-3.83|-62.08,True
,PreservedSpecimen,USNM 518262,Mammalia,US-ANIMALIA,556,South America,,Brazil,,17.0,,-3.45,-68.8,-3.45,-68.8,Cebidae,,Sapajus,,1,,USNM,Animalia,"Sao Paulo De Olivenca, Varzea Paranamirim Do Municipio",,,,,2019-12-09T15:49:00,8.0,,,Primates,Chordata,Skin; Skull,,,29506 (50),,,Sapajus apella,,,apella,Amazonas,,03 27 -- S,068 48 -- W,1948.0,,Sapajus apella,Sapajus apella,ACCEPTED,sapajus apella|-3.45|-68.8,True
,PreservedSpecimen,USNM 545857,Mammalia,US-ANIMALIA,556,South America,,Brazil,,8.0,,-7.52,-63.03,-7.52,-63.03,Cebidae,,Sapajus,,1,,USNM,Animalia,"Humaita, Br 230, Km 969, Itaituba-Humaita, Transamazonica Hwy.",,,,,2019-11-22T12:09:00,11.0,,,Primates,Chordata,Skin; Skull,,,A 1725,,,Sapajus apella,,,apella,Amazonas,,07 31 -- S,063 02 -- W,1974.0,,Sapajus apella,Sapajus apella,ACCEPTED,sapajus apella|-7.52|-63.03,True
,PreservedSpecimen,USNM 545860,Mammalia,US-ANIMALIA,556,South America,,Brazil,,28.0,,-7.52,-63.03,-7.52,-63.03,Cebidae,,Sapajus,,1,,USNM,Animalia,"Humaita, Br 230, Km 969, Itaituba-Humaita, Transamazonica Hwy.",,,,,2022-06-30T12:01:00,11.0,,,Primates,Chordata,Skin; Skull,,,A 1764,,,Sapajus apella,,,apella,Amazonas,,07 31 -- S,063 02 -- W,1974.0,,Sapajus apella,Sapajus apella,ACCEPTED,sapajus apella|-7.52|-63.03,True
,O,63976,Mammalia,FPR-COLOMBIA,66,,,Brasil,,,,-2.73833333333333,-68.0905555555556,-2.73833333333333,-68.0905555555556,Cebidae,,Lagothrix,,1,lagothricha,Fundación Puerto Rastrojo - Colômbia,Animalia,Río Tonantins afluente Río Amazonas,,,,,2006-01-12T00:00:00,,,"<nO>Mammals of Amazonia. Volume I : General introduction and primates DA CRUZ LIMA, Eladio</nO>",Primates,Chordata,,,,,,,Lagothrix lagothricha lagothricha,,,lagothricha,Estado de Amazonas,,,,,,Lagothrix lagothricha lagothricha,Lagothrix lagothricha,ACCEPTED,lagothrix lagothricha|-2.74|-68.09,False
,O,5598,Mammalia,FPR-COLOMBIA,66,,,Colombia,Leticia,,,-4.15,-69.95,-4.15,-69.95,Cebidae,,Lagothrix,,1,,Fundación Puerto Rastrojo - Colômbia,Animalia,Leticia Río Amazonas,,,,,2006-01-12T00:00:00,,,<nO>Mammals from Colombia in MVZ Collections</nO>,Primates,Chordata,,,"Lehmann, V.",,,,Lagothrix lagothricha,,,lagothricha,Amazonas,,,,,,Lagothrix lagothricha,Lagothrix lagothricha,ACCEPTED,lagothrix lagothricha|-4.15|-69.95,True
,O,5983,Mammalia,FPR-COLOMBIA,66,,,Colombia,Mirití Paraná,,,-1.0,-70.5,-1.0,-70.5,Cebidae,,Lagothrix,,1,,Fundación Puerto Rastrojo - Colômbia,Animalia,Puerto Rastrojo Río Miritipaná,,,,,2006-01-12T00:00:00,,,"<nO>Observaciones sobre los primates del bajo río Mirití-Paraná, Amazonas, Colombia DEFLER, Thomas R.</nO>",Primates,Chordata,,,"Defler, Thomas",,,,Lagothrix lagothricha,,,lagothricha,Amazonas,,,,,,Lagothrix lagothricha,Lagothrix lagothricha,ACCEPTED,lagothrix lagothricha|-1.0|-70.5,False
,O,5984,Mammalia,FPR-COLOMBIA,66,,,Colombia,Mirití Paraná,,,-1.0,-70.5,-1.0,-70.5,Cebidae,,Lagothrix,,1,,Fundación Puerto Rastrojo - Colômbia,Animalia,Puerto Rastrojo Río Miritipaná,,,,,2006-01-12T00:00:00,,,"<nO>Observaciones sobre los primates del bajo río Mirití-Paraná, Amazonas, Colombia DEFLER, Thomas R.</nO>",Primates,Chordata,,,"Defler, Thomas",,,,Lagothrix lagothricha,,,lagothricha,Amazonas,,,,,,Lagothrix lagothricha,Lagothrix lagothricha,ACCEPTED,lagothrix lagothricha|-1.0|-70.5,False
,O,5550,Mammalia,FPR-COLOMBIA,66,,,Colombia,Puerto Nariño,,,-3.8,-70.3166666666667,-3.8,-70.3166666666667,Cebidae,,Lagothrix,,1,,Fundación Puerto Rastrojo - Colômbia,Animalia,San Martín de Amacayacú Río Amacayacú,,,,,2006-01-12T00:00:00,,,"<nO>Aspectos etnozoológicos relacionados con la actividad de la caza de los indígenas Ticuna, San Martín de Amacayacú [Amazonas] CAMPOS ROZO, Claudia</nO>",Primates,Chordata,,,"Campos R., Claudia",,,,Lagothrix lagothricha,,,lagothricha,Amazonas,,,,,,Lagothrix lagothricha,Lagothrix lagothricha,ACCEPTED,lagothrix lagothricha|-3.8|-70.32,False
,O,5136,Mammalia,FPR-COLOMBIA,66,,,Colombia,Mirití Paraná,,,-0.991944444444444,-70.4183333333333,-0.991944444444444,-70.4183333333333,Cebidae,,Lagothrix,,1,,Fundación Puerto Rastrojo - Colômbia,Animalia,Guacayá Caño Guacayá,,,,,2006-01-12T00:00:00,,,"<nO>Mammals of the Neotropics EISENBERG, John F.</nO>",Primates,Chordata,,,,,,,Lagothrix lagothricha,,,lagothricha,Amazonas,,,,,,Lagothrix lagothricha,Lagothrix lagothricha,ACCEPTED,lagothrix lagothricha|-0.99|-70.42,False
,O,63977,Mammalia,FPR-COLOMBIA,66,,,Brasil,,,,-2.9,-68.6247222222222,-2.9,-68.6247222222222,Cebidae,,Lagothrix,,1,lagothricha,Fundación Puerto Rastrojo - Colômbia,Animalia,Río Içá afluente Río Solimões,,,,,2006-01-12T00:00:00,,,"<nO>Mammals of Amazonia. Volume I : General introduction and primates DA CRUZ LIMA, Eladio</nO>",Primates,Chordata,,,,,,,Lagothrix lagothricha lagothricha,,,lagothricha,Estado de Amazonas,,,,,,Lagothrix lagothricha lagothricha,Lagothrix lagothricha,ACCEPTED,lagothrix lagothricha|-2.9|-68.62,False
,PreservedSpecimen,USNM 372799,Mammalia,US-ANIMALIA,556,South America,,Venezuela,,9.0,,2.5,-65.22,2.5,-65.22,Atelidae,,Alouatta,,1,,USNM,Animalia,"Boca Mavaca, 84 Km SSE Esmeralda",,,,138.0,2020-03-18T15:52:00,2.0,,,Primates,Chordata,Skull,,Smithsonian Venezuelan Project,06532,,,Alouatta seniculus,,,seniculus,Amazonas,,02 30 -- N,065 13 -- W,1966.0,,Alouatta seniculus,Alouatta seniculus,ACCEPTED,alouatta seniculus|2.5|-65.22,True
,PreservedSpecimen,USNM 406609,Mammalia,US-ANIMALIA,556,South America,,Venezuela,,11.0,,3.17,-65.82,3.17,-65.82,Atelidae,,Alouatta,,1,,USNM,Animalia,"Tamatama, Rio Orinoco",,,,135.0,2020-03-12T12:34:00,5.0,,,Primates,Chordata,Skin; Skull,,Smithsonian Venezuelan Project,19004,,,Alouatta seniculus,,,seniculus,Amazonas,,03 10 -- N,065 49 -- W,1967.0,,Alouatta seniculus,Alouatta seniculus,ACCEPTED,alouatta seniculus|3.17|-65.82,True
,PreservedSpecimen,USNM 406610,Mammalia,US-ANIMALIA,556,South America,,Venezuela,,18.0,,3.17,-65.82,3.17,-65.82,Atelidae,,Alouatta,,1,,USNM,Animalia,"Tamatama, Rio Orinoco",,,,135.0,2020-03-12T12:34:00,5.0,,,Primates,Chordata,Skin; Skull,,Smithsonian Venezuelan Project,19187,,,Alouatta seniculus,,,seniculus,Amazonas,,03 10 -- N,065 49 -- W,1967.0,,Alouatta seniculus,Alouatta seniculus,ACCEPTED,alouatta seniculus|3.17|-65.82,True
,PreservedSpecimen,USNM 406611,Mammalia,US-ANIMALIA,556,South America,,Venezuela,,20.0,,3.17,-65.82,3.17,-65.82,Atelidae,,Alouatta,,1,,USNM,Animalia,"Tamatama, Rio Orinoco",,,,135.0,2020-03-12T12:34:00,5.0,,,Primates,Chordata,Skin; Skull,,Smithsonian Venezuelan Project,19257,,,Alouatta seniculus,,,seniculus,Amazonas,,03 10 -- N,065 49 -- W,1967.0,,Alouatta seniculus,Alouatta seniculus,ACCEPTED,alouatta seniculus|3.17|-65.82,True
,PreservedSpecimen,USNM 406612,Mammalia,US-ANIMALIA,556,South America,,Venezuela,,20.0,,3.17,-65.82,3.17,-65.82,Atelidae,,Alouatta,,1,,USNM,Animalia,"Tamatama, Rio Orinoco",,,,135.0,2020-03-12T12:34:00,5.0,,,Primates,Chordata,Skin; Skull,,Smithsonian Venezuelan Project,19258,,,Alouatta seniculus,,,seniculus,Amazonas,,03 10 -- N,065 49 -- W,1967.0,,Alouatta seniculus,Alouatta seniculus,ACCEPTED,alouatta seniculus|3.17|-65.82,True
,PreservedSpecimen,MVZ:Mamm:124102,Mammalia,MVZ-MAMMAL,168,,,Colombia,,6.0,27.0,-4.15,-69.95,-4.15,-69.95,Cebidae,,Lagothrix,Museum of Vertebrate Zoology,,,MVZ,Animalia,Leticia,,96,,96,2025-10-11T09:48:00.014004,8.0,1.0,Former nature_of_id: legacy.,Primates,Chordata,"skin, study; skull",,Collector(s): F. C. Lehmann,,,,Lagothrix lagotricha ssp.,,male,lagotricha,Amazonas,,,,1958.0,1999.0,Lagothrix lagotricha ssp.,Lagothrix lagothricha,ACCEPTED,lagothrix lagothricha|-4.15|-69.95,True
,PreservedSpecimen,MVZ:Mamm:193651,Mammalia,MVZ-MAMMAL,168,,500.0,Brazil,,1.0,23.0,-8.6,-72.85,-8.6,-72.85,Callitrichidae,,Saguinus,James L. Patton,,,MVZ,Animalia,"Flora [=Fazenda Santa Fé], left bank Rio Juruá",,,,,2025-10-07T04:22:00.013366,3.0,3.0,Former nature_of_id: field.,Primates,Chordata,tissue (ethanol 95%),,Collector(s): Maria Nazareth F. da Silva,Maria Nazareth F. da Silva 50,,,Saguinus fuscicollis,,male,fuscicollis,Acre,,,,1992.0,2001.0,Saguinus fuscicollis,Leontocebus fuscicollis,SYNONYM,leontocebus fuscicollis|-8.6|-72.85,True
,PreservedSpecimen,MVZ:Mamm:193686,Mammalia,MVZ-MAMMAL,168,,500.0,Brazil,,25.0,23.0,-8.5666667,-72.8,-8.5666667,-72.8,Callitrichidae,,Cebuella,James L. Patton,,,MVZ,Animalia,"Ocidente, right bank Rio Juruá",,,,,2025-10-08T20:56:00.013335,2.0,3.0,Former nature_of_id: field.,Primates,Chordata,tissue (ethanol 95%),,Collector(s): Maria Nazareth F. da Silva,Maria Nazareth F. da Silva 44,,,Cebuella pygmaea,,unknown,pygmaea,Acre,,,,1992.0,2001.0,Cebuella pygmaea,Cebuella pygmaea,ACCEPTED,cebuella pygmaea|-8.57|-72.8,True
,PreservedSpecimen,MVZ:Mamm:193663,Mammalia,MVZ-MAMMAL,168,,500.0,Brazil,,12.0,23.0,-8.6,-72.85,-8.6,-72.85,Callitrichidae,,Saguinus,James L. Patton,,,MVZ,Animalia,"Flora [=Fazenda Santa Fé], left bank Rio Juruá",,,,,2025-10-09T12:08:00.013114,2.0,3.0,Former nature_of_id: field.,Primates,Chordata,tissue (ethanol 95%),,Collector(s): Maria Nazareth F. da Silva,Maria Nazareth F. da Silva 1027,,,Saguinus mystax,,female,mystax,Acre,,,,1992.0,2001.0,Saguinus mystax,Saguinus mystax,ACCEPTED,saguinus mystax|-8.6|-72.85,True
,PreservedSpecimen,MVZ:Mamm:193670,Mammalia,MVZ-MAMMAL,168,,500.0,Brazil,,12.0,23.0,-8.6,-72.85,-8.6,-72.85,Cebidae,,Aotus,James L. Patton,,,MVZ,Animalia,"Flora [=Fazenda Santa Fé], left bank Rio Juruá",,,,,2025-10-09T12:08:00.013114,2.0,3.0,Former nature_of_id: field.,Primates,Chordata,tissue (ethanol 95%),,Collector(s): Maria Nazareth F. da Silva,Maria Nazareth F. da Silva 1045,,,Aotus trivirgatus,,female,trivirgatus,Acre,,,,1992.0,2001.0,Aotus trivirgatus,Aotus trivirgatus,ACCEPTED,aotus trivirgatus|-8.6|-72.85,True
,PreservedSpecimen,MVZ:Mamm:193664,Mammalia,MVZ-MAMMAL,168,,500.0,Brazil,,12.0,23.0,-8.6,-72.85,-8.6,-72.85,Callitrichidae,,Saguinus,James L. Patton,,,MVZ,Animalia,"Flora [=Fazenda Santa Fé], left bank Rio Juruá",,,,,2025-10-09T12:08:00.013114,2.0,3.0,Former nature_of_id: field.,Primates,Chordata,tissue (ethanol 95%),,Collector(s): Maria Nazareth F. da Silva,Maria Nazareth F. da Silva 1028,,,Saguinus fuscicollis,,female,fuscicollis,Acre,,,,1992.0,2001.0,Saguinus fuscicollis,Leontocebus fuscicollis,SYNONYM,leontocebus fuscicollis|-8.6|-72.85,True
,PreservedSpecimen,MVZ:Mamm:193666,Mammalia,MVZ-MAMMAL,168,,500.0,Brazil,,13.0,23.0,-8.5666667,-72.8,-8.5666667,-72.8,Callitrichidae,,Saguinus,James L. Patton,,,MVZ,Animalia,"Ocidente, right bank Rio Juruá",,,,,2025-10-09T21:10:00.013214,2.0,3.0,Former nature_of_id: field.,Primates,Chordata,tissue (ethanol 95%),,Collector(s): Maria Nazareth F. da Silva,Maria Nazareth F. da Silva 1048,,,Saguinus fuscicollis,,female,fuscicollis,Acre,,,,1992.0,2001.0,Saguinus fuscicollis,Leontocebus fuscicollis,SYNONYM,leontocebus fuscicollis|-8.57|-72.8,True
,PreservedSpecimen,MVZ:Mamm:193649,Mammalia,MVZ-MAMMAL,168,,500.0,Brazil,,1.0,23.0,-8.6666667,-72.7833333,-8.6666667,-72.7833333,Callitrichidae,,Saguinus,James L. Patton,,,MVZ,Animalia,"Seringal Triunfo, Lago Toaré, left bank Rio Juruá",,,,,2025-10-10T04:48:00.014460,3.0,3.0,Former nature_of_id: field.,Primates,Chordata,tissue (ethanol 95%),,Collector(s): Maria Nazareth F. da Silva,Maria Nazareth F. da Silva 48,,,Saguinus fuscicollis,,male,fuscicollis,Acre,,,,1992.0,2001.0,Saguinus fuscicollis,Leontocebus fuscicollis,SYNONYM,leontocebus fuscicollis|-8.67|-72.78,True
,PreservedSpecimen,MVZ:Mamm:193654,Mammalia,MVZ-MAMMAL,168,,500.0,Brazil,,15.0,23.0,-8.3666667,-72.8166667,-8.3666667,-72.8166667,Callitrichidae,,Saguinus,James L. Patton,,,MVZ,Animalia,"Sobral, left bank Rio Juruá",,,,,2025-10-10T15:56:00.017309,3.0,3.0,Former nature_of_id: field.,Primates,Chordata,tissue (ethanol 95%),,Collector(s): Maria Nazareth F. da Silva,Maria Nazareth F. da Silva 53,,,Saguinus fuscicollis,,female,fuscicollis,Acre,,,,1992.0,2001.0,Saguinus fuscicollis,Leontocebus fuscicollis,SYNONYM,leontocebus fuscicollis|-8.37|-72.82,True
,PreservedSpecimen,MVZ:Mamm:193668,Mammalia,MVZ-MAMMAL,168,,500.0,Brazil,,3.0,23.0,-6.8333333,-70.0833333,-6.8333333,-70.0833333,Callitrichidae,,Saguinus,James L. Patton,,,MVZ,Animalia,"Penedo, right bank Rio Juruá",,,,,2025-10-11T01:06:00.013489,9.0,3.0,Former nature_of_id: field.,Primates,Chordata,tissue (ethanol 95%; frozen),,Collector(s): Carlos A. Peres,Carlos A. Peres 12,,,Saguinus fuscicollis,,male,fuscicollis,Amazonas,,,,1991.0,2001.0,Saguinus fuscicollis,Leontocebus fuscicollis,SYNONYM,leontocebus fuscicollis|-6.83|-70.08,True
,PreservedSpecimen,MVZ:Mamm:193657,Mammalia,MVZ-MAMMAL,168,,500.0,Brazil,,28.0,23.0,-8.6666667,-72.7833333,-8.6666667,-72.7833333,Callitrichidae,,Saguinus,James L. Patton,,,MVZ,Animalia,"Igarapé Porongaba, right bank Rio Juruá",,,,,2025-10-08T20:44:00.012003,2.0,3.0,Former nature_of_id: field.,Primates,Chordata,DNA (frozen); tissue (ethanol 95%),,Collector(s): Maria Nazareth F. da Silva,Maria Nazareth F. da Silva 47,,,Saguinus imperator,,male,imperator,Acre,"voucher of <a href=""http://arctos.database.museum/name/Saguinus imperator"">Saguinus imperator</a> in <a href=""http://arctos.database.museum/publication/10008085"">Wlasiuk et al. 2009</a>",,,1992.0,2001.0,Saguinus imperator,Saguinus imperator,ACCEPTED,saguinus imperator|-8.67|-72.78,True
,PreservedSpecimen,MVZ:Mamm:193661,Mammalia,MVZ-MAMMAL,168,,500.0,Brazil,,11.0,23.0,-8.5666667,-72.8,-8.5666667,-72.8,Cebidae,,Saimiri,James L. Patton,,,MVZ,Animalia,"Ocidente, right bank Rio Juruá",,,,,2025-10-10T05:54:00.014461,2.0,3.0,Former nature_of_id: field.,Primates,Chordata,tissue (ethanol 95%),,Collector(s): Maria Nazareth F. da Silva,Maria Nazareth F. da Silva 1025,,,Saimiri sciureus ssp.,,male,sciureus,Acre,"voucher of Saimiri sciureus ssp. page 2375 in <a href=""http://arctos.database.museum/publication/10008103"">Baker et al. 2017</a>",,,1992.0,2001.0,Saimiri sciureus ssp.,Saimiri sciureus,ACCEPTED,saimiri sciureus|-8.57|-72.8,True
,PreservedSpecimen,MVZ:Mamm:193656,Mammalia,MVZ-MAMMAL,168,,500.0,Brazil,,31.0,23.0,-6.4666667,-68.7666667,-6.4666667,-68.7666667,Callitrichidae,,Saguinus,James L. Patton,,,MVZ,Animalia,"Barro Vermelho, left bank Rio Juruá",,,,,2025-10-10T10:34:00.011547,10.0,3.0,Former nature_of_id: field.,Primates,Chordata,DNA (frozen); tissue (ethanol 95%),,Collector(s): James L. Patton,James L. Patton 15902,,,Saguinus mystax,,female,mystax,Amazonas,,,,1991.0,2001.0,Saguinus mystax,Saguinus mystax,ACCEPTED,saguinus mystax|-6.47|-68.77,True
,PreservedSpecimen,MVZ:Mamm:193689,Mammalia,MVZ-MAMMAL,168,,500.0,Brazil,,27.0,23.0,-8.5666667,-72.8,-8.5666667,-72.8,Callitrichidae,,Cebuella,James L. Patton,,,MVZ,Animalia,"Ocidente, right bank Rio Juruá",,,,,2025-10-09T14:34:00.015505,2.0,3.0,Former nature_of_id: field.,Primates,Chordata,tissue (ethanol 95%),,Collector(s): Maria Nazareth F. da Silva,Maria Nazareth F. da Silva 1361,,,Cebuella pygmaea,,male,pygmaea,Acre,,,,1992.0,2001.0,Cebuella pygmaea,Cebuella pygmaea,ACCEPTED,cebuella pygmaea|-8.57|-72.8,True
,PreservedSpecimen,MVZ:Mamm:193683,Mammalia,MVZ-MAMMAL,168,,79156.0,Brazil,,23.0,23.0,-8.35367,-72.62245,-8.35367,-72.62245,Cebidae,,Pithecia,James L. Patton,,,MVZ,Animalia,left bank Rio Juruá,,,,,2025-10-09T08:54:00.016696,2.0,3.0,Former nature_of_id: field.,Primates,Chordata,DNA (frozen); tissue (ethanol 95%),,Collector(s): Maria Nazareth F. da Silva,Maria Nazareth F. da Silva 41,,,Pithecia monachus,,male,monachus,Acre,"voucher of <a href=""http://arctos.database.museum/name/Pithecia monachus"">Pithecia monachus</a> in <a href=""http://arctos.database.museum/publication/10008085"">Wlasiuk et al. 2009</a>",,,1992.0,2001.0,Pithecia monachus,Pithecia monachus,ACCEPTED,pithecia monachus|-8.35|-72.62,True
,PreservedSpecimen,MVZ:Mamm:193677,Mammalia,MVZ-MAMMAL,168,,500.0,Brazil,,11.0,23.0,-6.5833333,-68.9,-6.5833333,-68.9,Cebidae,,Lagothrix,James L. Patton,,,MVZ,Animalia,"Altamira, right bank Rio Juruá",,,,,2025-10-07T06:28:00.013047,11.0,3.0,Former nature_of_id: field.,Primates,Chordata,tissue (ethanol 95%),,Collector(s): Maria Nazareth F. da Silva,Maria Nazareth F. da Silva 24,,,Lagothrix lagotricha,,male,lagotricha,Amazonas,,,,1991.0,2001.0,Lagothrix lagotricha,Lagothrix lagothricha,ACCEPTED,lagothrix lagothricha|-6.58|-68.9,True
,PreservedSpecimen,MVZ:Mamm:193646,Mammalia,MVZ-MAMMAL,168,,500.0,Brazil,,20.0,23.0,-8.6666667,-72.7833333,-8.6666667,-72.7833333,Callitrichidae,,Callimico,James L. Patton,,,MVZ,Animalia,"Igarapé Porongaba, right bank Rio Juruá",,,,,2025-10-09T15:08:00.013106,2.0,3.0,Former nature_of_id: field.,Primates,Chordata,tissue (ethanol 95%),,Collector(s): Maria Nazareth F. da Silva,Maria Nazareth F. da Silva 1151,,,Callimico goeldii,,male,goeldii,Acre,,,,1992.0,2001.0,Callimico goeldii,Callimico goeldii,ACCEPTED,callimico goeldii|-8.67|-72.78,True
,PreservedSpecimen,MVZ:Mamm:193675,Mammalia,MVZ-MAMMAL,168,,500.0,Brazil,,21.0,23.0,-8.6666667,-72.7833333,-8.6666667,-72.7833333,Cebidae,,Cebus,James L. Patton,,,MVZ,Animalia,"Igarapé Porongaba, right bank Rio Juruá",,,,,2025-10-10T09:54:00.021265,2.0,3.0,Former nature_of_id: field.,Primates,Chordata,tissue (ethanol 95%),,Collector(s): Maria Nazareth F. da Silva,Maria Nazareth F. da Silva 1174,,,Cebus albifrons,,male,albifrons,Acre,"voucher of <a href=""http://arctos.database.museum/name/Cebus albifrons"">Cebus albifrons</a> page 1 in <a href=""http://arctos.database.museum/publication/10008818"">Storer et al. 2019</a>",,,1992.0,2001.0,Cebus albifrons,Cebus albifrons,ACCEPTED,cebus albifrons|-8.67|-72.78,True
,PreservedSpecimen,USNM 372810,Mammalia,US-ANIMALIA,556,South America,,Venezuela,,9.0,,2.5,-65.22,2.5,-65.22,Atelidae,,Ateles,,1,,USNM,Animalia,"Boca Mavaca, 84 Km SSE Esmeralda",,,,138.0,2020-03-18T15:53:00,2.0,,,Primates,Chordata,Partial Skull,,Smithsonian Venezuelan Project,06526,,,Ateles belzebuth,,,belzebuth,Amazonas,,02 30 -- N,065 13 -- W,1966.0,,Ateles belzebuth,Ateles belzebuth,ACCEPTED,ateles belzebuth|2.5|-65.22,True
,PreservedSpecimen,USNM 372811,Mammalia,US-ANIMALIA,556,South America,,Venezuela,,9.0,,2.5,-65.22,2.5,-65.22,Atelidae,,Ateles,,1,,USNM,Animalia,"Boca Mavaca, 84 Km SSE Esmeralda",,,,138.0,2020-03-18T15:53:00,2.0,,,Primates,Chordata,Partial Skull,,Smithsonian Venezuelan Project,06527,,,Ateles belzebuth,,,belzebuth,Amazonas,,02 30 -- N,065 13 -- W,1966.0,,Ateles belzebuth,Ateles belzebuth,ACCEPTED,ateles belzebuth|2.5|-65.22,True
,PreservedSpecimen,USNM 372812,Mammalia,US-ANIMALIA,556,South America,,Venezuela,,9.0,,2.5,-65.22,2.5,-65.22,Atelidae,,Ateles,,1,,USNM,Animalia,"Boca Mavaca, 84 Km SSE Esmeralda",,,,138.0,2020-03-18T15:53:00,2.0,,,Primates,Chordata,Skull,,Smithsonian Venezuelan Project,06528,,,Ateles belzebuth,,,belzebuth,Amazonas,,02 30 -- N,065 13 -- W,1966.0,,Ateles belzebuth,Ateles belzebuth,ACCEPTED,ateles belzebuth|2.5|-65.22,True
,PreservedSpecimen,USNM 372813,Mammalia,US-ANIMALIA,556,South America,,Venezuela,,9.0,,2.5,-65.22,2.5,-65.22,Atelidae,,Ateles,,1,,USNM,Animalia,"Boca Mavaca, 84 Km SSE Esmeralda",,,,138.0,2020-03-18T15:53:00,2.0,,,Primates,Chordata,Skull,,Smithsonian Venezuelan Project,06529,,,Ateles belzebuth,,,belzebuth,Amazonas,,02 30 -- N,065 13 -- W,1966.0,,Ateles belzebuth,Ateles belzebuth,ACCEPTED,ateles belzebuth|2.5|-65.22,True
,PreservedSpecimen,USNM 372814,Mammalia,US-ANIMALIA,556,South America,,Venezuela,,9.0,,2.5,-65.22,2.5,-65.22,Atelidae,,Ateles,,1,,USNM,Animalia,"Boca Mavaca, 84 Km SSE Esmeralda",,,,138.0,2020-03-18T15:53:00,2.0,,,Primates,Chordata,Skull,,Smithsonian Venezuelan Project,06530,,,Ateles belzebuth,,,belzebuth,Amazonas,,02 30 -- N,065 13 -- W,1966.0,,Ateles belzebuth,Ateles belzebuth,ACCEPTED,ateles belzebuth|2.5|-65.22,True
,PreservedSpecimen,USNM 372817,Mammalia,US-ANIMALIA,556,South America,,Venezuela,,9.0,,2.5,-65.22,2.5,-65.22,Atelidae,,Ateles,,1,,USNM,Animalia,"Boca Mavaca, 84 Km SSE Esmeralda",,,,138.0,2020-03-18T15:53:00,2.0,,,Primates,Chordata,Partial Skull,,Smithsonian Venezuelan Project,06535,,,Ateles belzebuth,,,belzebuth,Amazonas,,02 30 -- N,065 13 -- W,1966.0,,Ateles belzebuth,Ateles belzebuth,ACCEPTED,ateles belzebuth|2.5|-65.22,True
,PreservedSpecimen,USNM 372823,Mammalia,US-ANIMALIA,556,South America,,Venezuela,,11.0,,2.5,-65.22,2.5,-65.22,Atelidae,,Ateles,,1,,USNM,Animalia,"Boca Mavaca, 84 Km SSE Esmeralda",,,,138.0,2020-03-18T15:53:00,2.0,,,Primates,Chordata,Partial Skull,,Smithsonian Venezuelan Project,06573,,,Ateles belzebuth,,,belzebuth,Amazonas,,02 30 -- N,065 13 -- W,1966.0,,Ateles belzebuth,Ateles belzebuth,ACCEPTED,ateles belzebuth|2.5|-65.22,True
,PreservedSpecimen,USNM 372826,Mammalia,US-ANIMALIA,556,South America,,Venezuela,,11.0,,2.5,-65.22,2.5,-65.22,Atelidae,,Ateles,,1,,USNM,Animalia,"Boca Mavaca, 84 Km SSE Esmeralda",,,,138.0,2020-03-18T15:53:00,2.0,,,Primates,Chordata,Skull,,Smithsonian Venezuelan Project,06579,,,Ateles belzebuth,,,belzebuth,Amazonas,,02 30 -- N,065 13 -- W,1966.0,,Ateles belzebuth,Ateles belzebuth,ACCEPTED,ateles belzebuth|2.5|-65.22,True
,PreservedSpecimen,USNM 372827,Mammalia,US-ANIMALIA,556,South America,,Venezuela,,11.0,,2.5,-65.22,2.5,-65.22,Atelidae,,Ateles,,1,,USNM,Animalia,"Boca Mavaca, 84 Km SSE Esmeralda",,,,138.0,2020-03-18T15:53:00,2.0,,,Primates,Chordata,Partial Skull,,Smithsonian Venezuelan Project,06581,,,Ateles belzebuth,,,belzebuth,Amazonas,,02 30 -- N,065 13 -- W,1966.0,,Ateles belzebuth,Ateles belzebuth,ACCEPTED,ateles belzebuth|2.5|-65.22,True
,PreservedSpecimen,USNM 406472,Mammalia,US-ANIMALIA,556,South America,,Venezuela,,23.0,,2.25,-65.28,2.25,-65.28,Atelidae,,Ateles,,1,,USNM,Animalia,"Rio Mavaca, 108 Km SSE Esmeralda",,,,140.0,2020-03-12T12:33:00,3.0,,,Primates,Chordata,Skin; Skull,,Smithsonian Venezuelan Project,17389,,,Ateles belzebuth,,,belzebuth,Amazonas,,0215--N,06517--W,1967.0,,Ateles belzebuth,Ateles belzebuth,ACCEPTED,ateles belzebuth|2.25|-65.28,True
,PreservedSpecimen,USNM 406477,Mammalia,US-ANIMALIA,556,South America,,Venezuela,,,,3.17,-65.82,3.17,-65.82,Atelidae,,Ateles,,1,,USNM,Animalia,"Tamatama, Rio Orinoco",,,,135.0,2020-03-12T12:33:00,4.0,,,Primates,Chordata,Skin; Skull,,Smithsonian Venezuelan Project,18437,,,Ateles belzebuth,,,belzebuth,Amazonas,,03 10 -- N,065 49 -- W,1967.0,,Ateles belzebuth,Ateles belzebuth,ACCEPTED,ateles belzebuth|3.17|-65.82,True
,PreservedSpecimen,USNM 406481,Mammalia,US-ANIMALIA,556,South America,,Venezuela,,31.0,,2.25,-65.28,2.25,-65.28,Atelidae,,Ateles,,1,,USNM,Animalia,"Rio Mavaca, 108 Km SSE Esmeralda",,,,140.0,2020-03-12T12:33:00,3.0,,,Primates,Chordata,Skull,,Smithsonian Venezuelan Project,17414,,,Ateles belzebuth,,,belzebuth,Amazonas,,0215--N,06517--W,1967.0,,Ateles belzebuth,Ateles belzebuth,ACCEPTED,ateles belzebuth|2.25|-65.28,True
,PreservedSpecimen,USNM 406482,Mammalia,US-ANIMALIA,556,South America,,Venezuela,,2.0,,2.25,-65.28,2.25,-65.28,Atelidae,,Ateles,,1,,USNM,Animalia,"Rio Mavaca, 108 Km SSE Esmeralda",,,,140.0,2020-03-12T12:33:00,4.0,,,Primates,Chordata,Skull,,Smithsonian Venezuelan Project,17417,,,Ateles belzebuth,,,belzebuth,Amazonas,,0215--N,06517--W,1967.0,,Ateles belzebuth,Ateles belzebuth,ACCEPTED,ateles belzebuth|2.25|-65.28,True
,PreservedSpecimen,USNM 545874,Mammalia,US-ANIMALIA,556,South America,,Brazil,,12.0,,-7.52,-63.03,-7.52,-63.03,Pitheciidae,,Chiropotes,,1,,USNM,Animalia,"Humaita, Br. 230, Itaituba-Humaita, Km 969, Transamazonica Hwy.",,,,,2019-11-22T12:10:00,11.0,,,Primates,Chordata,Skin; Skull,,,A 1731,,,Chiropotes albinasus,,,albinasus,Amazonas,,07 31 -- S,063 02 -- W,1974.0,,Chiropotes albinasus,Chiropotes albinasus,ACCEPTED,chiropotes albinasus|-7.52|-63.03,True
,PreservedSpecimen,USNM 372775,Mammalia,US-ANIMALIA,556,South America,,Venezuela,,9.0,,2.5,-65.22,2.5,-65.22,Pitheciidae,,Chiropotes,,1,,USNM,Animalia,"Boca Mavaca, 84 Km SSE Esmeralda",,,,138.0,2020-03-18T15:52:00,2.0,,,Primates,Chordata,Skull,,Smithsonian Venezuelan Project,06516,,,Chiropotes chiropotes,,,chiropotes,Amazonas,,02 30 -- N,065 13 -- W,1966.0,,Chiropotes chiropotes,Chiropotes chiropotes,ACCEPTED,chiropotes chiropotes|2.5|-65.22,True
,PreservedSpecimen,USNM 372776,Mammalia,US-ANIMALIA,556,South America,,Venezuela,,9.0,,2.5,-65.22,2.5,-65.22,Pitheciidae,,Chiropotes,,1,,USNM,Animalia,"Boca Mavaca, 84 Km SSE Esmeralda",,,,138.0,2020-03-18T15:52:00,2.0,,,Primates,Chordata,Skull,,Smithsonian Venezuelan Project,06518,,,Chiropotes chiropotes,,,chiropotes,Amazonas,,02 30 -- N,065 13 -- W,1966.0,,Chiropotes chiropotes,Chiropotes chiropotes,ACCEPTED,chiropotes chiropotes|2.5|-65.22,True
,PreservedSpecimen,USNM 372778,Mammalia,US-ANIMALIA,556,South America,,Venezuela,,9.0,,2.5,-65.22,2.5,-65.22,Pitheciidae,,Chiropotes,,1,,USNM,Animalia,"Boca Mavaca, 84 Km SSE Esmeralda",,,,138.0,2020-03-18T15:52:00,2.0,,,Primates,Chordata,Skull,,Smithsonian Venezuelan Project,06522,,,Chiropotes chiropotes,,,chiropotes,Amazonas,,02 30 -- N,065 13 -- W,1966.0,,Chiropotes chiropotes,Chiropotes chiropotes,ACCEPTED,chiropotes chiropotes|2.5|-65.22,True
,PreservedSpecimen,USNM 372780,Mammalia,US-ANIMALIA,556,South America,,Venezuela,,9.0,,2.5,-65.22,2.5,-65.22,Pitheciidae,,Chiropotes,,1,,USNM,Animalia,"Boca Mavaca, 84 Km SSE Esmeralda",,,,135.0,2020-03-18T15:52:00,2.0,,,Primates,Chordata,Skull,,Smithsonian Venezuelan Project,06525,,,Chiropotes chiropotes,,,chiropotes,Amazonas,,02 30 -- N,065 13 -- W,1966.0,,Chiropotes chiropotes,Chiropotes chiropotes,ACCEPTED,chiropotes chiropotes|2.5|-65.22,True
,PreservedSpecimen,USNM 372782,Mammalia,US-ANIMALIA,556,South America,,Venezuela,,11.0,,2.5,-65.22,2.5,-65.22,Pitheciidae,,Chiropotes,,1,,USNM,Animalia,"Boca Mavaca, 84 Km SSE Esmeralda",,,,138.0,2020-03-18T15:52:00,2.0,,,Primates,Chordata,Skull,,Smithsonian Venezuelan Project,06569,,,Chiropotes chiropotes,,,chiropotes,Amazonas,,02 30 -- N,065 13 -- W,1966.0,,Chiropotes chiropotes,Chiropotes chiropotes,ACCEPTED,chiropotes chiropotes|2.5|-65.22,True
,PreservedSpecimen,USNM 372783,Mammalia,US-ANIMALIA,556,South America,,Venezuela,,11.0,,2.5,-65.22,2.5,-65.22,Pitheciidae,,Chiropotes,,1,,USNM,Animalia,"Boca Mavaca, 84 Km SSE Esmeralda",,,,138.0,2020-03-18T15:52:00,2.0,,,Primates,Chordata,Skull,,Smithsonian Venezuelan Project,06574,,,Chiropotes chiropotes,,,chiropotes,Amazonas,,02 30 -- N,065 13 -- W,1966.0,,Chiropotes chiropotes,Chiropotes chiropotes,ACCEPTED,chiropotes chiropotes|2.5|-65.22,True
,PreservedSpecimen,USNM 372785,Mammalia,US-ANIMALIA,556,South America,,Venezuela,,11.0,,2.5,-65.22,2.5,-65.22,Pitheciidae,,Chiropotes,,1,,USNM,Animalia,"Boca Mavaca, 84 Km SSE Esmeralda",,,,138.0,2020-03-18T15:52:00,2.0,,,Primates,Chordata,Skull,,Smithsonian Venezuelan Project,06577,,,Chiropotes chiropotes,,,chiropotes,Amazonas,,02 30 -- N,065 13 -- W,1966.0,,Chiropotes chiropotes,Chiropotes chiropotes,ACCEPTED,chiropotes chiropotes|2.5|-65.22,True
,PreservedSpecimen,USNM 372786,Mammalia,US-ANIMALIA,556,South America,,Venezuela,,11.0,,2.5,-65.22,2.5,-65.22,Pitheciidae,,Chiropotes,,1,,USNM,Animalia,"Boca Mavaca, 84 Km SSE Esmeralda",,,,138.0,2020-03-18T15:52:00,2.0,,,Primates,Chordata,Skull,,Smithsonian Venezuelan Project,06580,,,Chiropotes chiropotes,,,chiropotes,Amazonas,,02 30 -- N,065 13 -- W,1966.0,,Chiropotes chiropotes,Chiropotes chiropotes,ACCEPTED,chiropotes chiropotes|2.5|-65.22,True
,PreservedSpecimen,USNM 372788,Mammalia,US-ANIMALIA,556,South America,,Venezuela,,17.0,,2.5,-65.22,2.5,-65.22,Pitheciidae,,Chiropotes,,1,,USNM,Animalia,"Boca Mavaca, 84 Km SSE Esmeralda",,,,138.0,2020-03-18T15:52:00,2.0,,,Primates,Chordata,Skull,,Smithsonian Venezuelan Project,06688,,,Chiropotes chiropotes,,,chiropotes,Amazonas,,02 30 -- N,065 13 -- W,1966.0,,Chiropotes chiropotes,Chiropotes chiropotes,ACCEPTED,chiropotes chiropotes|2.5|-65.22,True
,PreservedSpecimen,USNM 406430,Mammalia,US-ANIMALIA,556,South America,,Venezuela,,24.0,,2.25,-65.28,2.25,-65.28,Pitheciidae,,Chiropotes,,1,,USNM,Animalia,"Rio Mavaca, 108 Km SSE Esmeralda",,,,140.0,2023-02-10T11:15:00,3.0,,,Primates,Chordata,Skin; Skull,,Smithsonian Venezuelan Project,17399,,,Chiropotes chiropotes,,,chiropotes,Amazonas,,0215--N,06517--W,1967.0,,Chiropotes chiropotes,Chiropotes chiropotes,ACCEPTED,chiropotes chiropotes|2.25|-65.28,True
,PreservedSpecimen,USNM 406575,Mammalia,US-ANIMALIA,556,South America,,Venezuela,,11.0,,3.17,-65.82,3.17,-65.82,Pitheciidae,,Chiropotes,,1,,USNM,Animalia,"Tamatama, Rio Orinoco",,,,135.0,2020-03-12T12:34:00,5.0,,,Primates,Chordata,Skin; Skull,,Smithsonian Venezuelan Project,18968,,,Chiropotes chiropotes,,,chiropotes,Amazonas,,03 10 -- N,065 49 -- W,1967.0,,Chiropotes chiropotes,Chiropotes chiropotes,ACCEPTED,chiropotes chiropotes|3.17|-65.82,True
,PreservedSpecimen,USNM 406576,Mammalia,US-ANIMALIA,556,South America,,Venezuela,,20.0,,3.17,-65.82,3.17,-65.82,Pitheciidae,,Chiropotes,,1,,USNM,Animalia,"Tamatama, Rio Orinoco",,,,135.0,2020-03-12T12:34:00,5.0,,,Primates,Chordata,Skin; Skull,,Smithsonian Venezuelan Project,19225,,,Chiropotes chiropotes,,,chiropotes,Amazonas,,03 10 -- N,065 49 -- W,1967.0,,Chiropotes chiropotes,Chiropotes chiropotes,ACCEPTED,chiropotes chiropotes|3.17|-65.82,True
,PreservedSpecimen,USNM 406439,Mammalia,US-ANIMALIA,556,South America,,Venezuela,,23.0,,2.25,-65.28,2.25,-65.28,Cebidae,,Cebus,,1,,USNM,Animalia,"Rio Mavaca, 108 Km SSE Esmeralda",,,,140.0,2023-11-30T17:28:00,3.0,,,Primates,Chordata,Skin; Skull,,Smithsonian Venezuelan Project,17392,,,Cebus albifrons,,,albifrons,Amazonas,,0215--N,06517--W,1967.0,,Cebus albifrons,Cebus albifrons,ACCEPTED,cebus albifrons|2.25|-65.28,True
,PreservedSpecimen,USNM 388177,Mammalia,US-ANIMALIA,556,South America,,Venezuela,,11.0,,3.18,-65.55,3.18,-65.55,Cebidae,,Cebus,,1,,USNM,Animalia,Esmeralda,,,,135.0,2020-03-17T11:55:00,11.0,,,Primates,Chordata,Skull,,Smithsonian Venezuelan Project,11252,,,Cebus olivaceus,,,olivaceus,Amazonas,,03 11 -- N,065 33 -- W,1966.0,,Cebus olivaceus,Cebus olivaceus,ACCEPTED,cebus olivaceus|3.18|-65.55,True
,PreservedSpecimen,USNM 406419,Mammalia,US-ANIMALIA,556,South America,,Venezuela,,31.0,,2.25,-65.28,2.25,-65.28,Pitheciidae,,Cacajao,,1,,USNM,Animalia,"Rio Mavaca, 108 Km SSE Esmeralda",,,,140.0,2020-03-12T12:33:00,3.0,,,Primates,Chordata,Skin; Skull,,Smithsonian Venezuelan Project,17409,,,Cacajao melanocephalus,,,melanocephalus,Amazonas,,02 15 -- N,065 17 -- W,1967.0,,Cacajao melanocephalus,Cacajao melanocephalus,ACCEPTED,cacajao melanocephalus|2.25|-65.28,True
,PreservedSpecimen,USNM 406422,Mammalia,US-ANIMALIA,556,South America,,Venezuela,,7.0,,2.25,-65.28,2.25,-65.28,Pitheciidae,,Cacajao,,1,,USNM,Animalia,"Rio Mavaca, 108 Km SSE Esmeralda",,,,140.0,2023-02-10T11:15:00,4.0,,,Primates,Chordata,Skin; Skull,,Smithsonian Venezuelan Project,17643,,,Cacajao melanocephalus,,,melanocephalus,Amazonas,,0215--N,06517--W,1967.0,,Cacajao melanocephalus,Cacajao melanocephalus,ACCEPTED,cacajao melanocephalus|2.25|-65.28,True
,PreservedSpecimen,USNM 406423,Mammalia,US-ANIMALIA,556,South America,,Venezuela,,7.0,,2.25,-65.28,2.25,-65.28,Pitheciidae,,Cacajao,,1,,USNM,Animalia,"Rio Mavaca, 108 Km SSE Esmeralda",,,,140.0,2023-02-10T11:15:00,4.0,,,Primates,Chordata,Skin; Skull,,Smithsonian Venezuelan Project,17644,,,Cacajao melanocephalus,,,melanocephalus,Amazonas,,0215--N,06517--W,1967.0,,Cacajao melanocephalus,Cacajao melanocephalus,ACCEPTED,cacajao melanocephalus|2.25|-65.28,True
,PreservedSpecimen,USNM 406426,Mammalia,US-ANIMALIA,556,South America,,Venezuela,,11.0,,2.25,-65.28,2.25,-65.28,Pitheciidae,,Cacajao,,1,,USNM,Animalia,"Rio Mavaca, 108 Km SSE Esmeralda",,,,140.0,2023-02-10T11:15:00,4.0,,,Primates,Chordata,Skin; Skull,,Smithsonian Venezuelan Project,17838,,,Cacajao melanocephalus,,,melanocephalus,Amazonas,,0215--N,06517--W,1967.0,,Cacajao melanocephalus,Cacajao melanocephalus,ACCEPTED,cacajao melanocephalus|2.25|-65.28,True
,PreservedSpecimen,USNM 406427,Mammalia,US-ANIMALIA,556,South America,,Venezuela,,11.0,,2.25,-65.28,2.25,-65.28,Pitheciidae,,Cacajao,,1,,USNM,Animalia,"Rio Mavaca, 108 Km SSE Esmeralda",,,,140.0,2020-03-12T12:33:00,4.0,,,Primates,Chordata,Skin; Skull,,Smithsonian Venezuelan Project,17839,,,Cacajao melanocephalus,,,melanocephalus,Amazonas,,0215--N,06517--W,1967.0,,Cacajao melanocephalus,Cacajao melanocephalus,ACCEPTED,cacajao melanocephalus|2.25|-65.28,True
,PreservedSpecimen,USNM 406574,Mammalia,US-ANIMALIA,556,South America,,Venezuela,,13.0,,2.62,-66.32,2.62,-66.32,Pitheciidae,,Cacajao,,1,,USNM,Animalia,"Capibara, 106 Km SW Esmeralda, Brazo Casiquiare",,,,130.0,2023-02-10T11:15:00,6.0,,,Primates,Chordata,Skin; Skull,,Smithsonian Venezuelan Project,19631,,,Cacajao melanocephalus,,,melanocephalus,Amazonas,,02 37 -- N,066 19 -- W,1967.0,,Cacajao melanocephalus,Cacajao melanocephalus,ACCEPTED,cacajao melanocephalus|2.62|-66.32,True
,PreservedSpecimen,USNM 495201,Mammalia,US-ANIMALIA,556,South America,,Venezuela,,2.0,,2.62,-66.32,2.62,-66.32,Pitheciidae,,Cacajao,,1,,USNM,Animalia,"Capibara, 106 Km SW Esmeralda, Brazo Casiquiare",,,,130.0,2020-01-06T11:15:00,6.0,,,Primates,Chordata,Fluid,,Smithsonian Venezuelan Project,19481,,,Cacajao melanocephalus,,,melanocephalus,Amazonas,,02 37 -- N,066 19 -- W,1967.0,,Cacajao melanocephalus,Cacajao melanocephalus,ACCEPTED,cacajao melanocephalus|2.62|-66.32,True
,PreservedSpecimen,USNM 406410,Mammalia,US-ANIMALIA,556,South America,,Venezuela,,14.0,,2.43,-65.25,2.43,-65.25,Pitheciidae,,Callicebus,,1,,USNM,Animalia,"Boca Mavaca, 84 Km SSE Esmeralda, 9 Km Up Rio Mavaca",,,,138.0,2023-02-10T11:15:00,3.0,,,Primates,Chordata,Skin; Skull,,Smithsonian Venezuelan Project,16813,,,Callicebus torquatus,,,torquatus,Amazonas,,02 26 -- N,065 15 -- W,1967.0,,Callicebus torquatus,Cheracebus torquatus,SYNONYM,cheracebus torquatus|2.43|-65.25,True
,PreservedSpecimen,USNM 406411,Mammalia,US-ANIMALIA,556,South America,,Venezuela,,19.0,,2.5,-65.22,2.5,-65.22,Pitheciidae,,Callicebus,,1,,USNM,Animalia,"Boca Mavaca, 84 Km SSE Esmeralda",,,,138.0,2023-02-10T11:15:00,3.0,,,Primates,Chordata,Skin; Skull,,Smithsonian Venezuelan Project,17298,,,Callicebus torquatus,,,torquatus,Amazonas,,02 30 -- N,065 13 -- W,1967.0,,Callicebus torquatus,Cheracebus torquatus,SYNONYM,cheracebus torquatus|2.5|-65.22,True
,PreservedSpecimen,USNM 406412,Mammalia,US-ANIMALIA,556,South America,,Venezuela,,19.0,,2.5,-65.22,2.5,-65.22,Pitheciidae,,Callicebus,,1,,USNM,Animalia,"Boca Mavaca, 84 Km SSE Esmeralda",,,,138.0,2023-02-10T11:15:00,3.0,,<nO>Carrying juvenile ;</nO>,Primates,Chordata,Skin; Skull,,Smithsonian Venezuelan Project,17308,,,Callicebus torquatus,,,torquatus,Amazonas,,02 30 -- N,065 13 -- W,1967.0,,Callicebus torquatus,Cheracebus torquatus,SYNONYM,cheracebus torquatus|2.5|-65.22,True
,PreservedSpecimen,USNM 406416,Mammalia,US-ANIMALIA,556,South America,,Venezuela,,24.0,,3.17,-65.82,3.17,-65.82,Pitheciidae,,Callicebus,,1,,USNM,Animalia,"Tamatama, Rio Orinoco",,,,135.0,2023-02-10T11:15:00,4.0,,,Primates,Chordata,Skin; Skull,,Smithsonian Venezuelan Project,18198,,,Callicebus torquatus,,,torquatus,Amazonas,,03 10 -- N,065 49 -- W,1967.0,,Callicebus torquatus,Cheracebus torquatus,SYNONYM,cheracebus torquatus|3.17|-65.82,True
,PreservedSpecimen,USNM 406442,Mammalia,US-ANIMALIA,556,South America,,Venezuela,,,,3.17,-65.82,3.17,-65.82,Pitheciidae,,Callicebus,,1,,USNM,Animalia,"Tamatama, Rio Orinoco",,,,135.0,2020-03-12T12:33:00,4.0,,,Primates,Chordata,Skull,,Smithsonian Venezuelan Project,18443,,,Callicebus torquatus,,,torquatus,Amazonas,,03 10 -- N,065 49 -- W,1967.0,,Callicebus torquatus,Cheracebus torquatus,SYNONYM,cheracebus torquatus|3.17|-65.82,True
,PreservedSpecimen,USNM 406564,Mammalia,US-ANIMALIA,556,South America,,Venezuela,,4.0,,2.62,-66.32,2.62,-66.32,Pitheciidae,,Callicebus,,1,,USNM,Animalia,"Capibara, 106 Km SW Esmeralda, Brazo Casiquiare",,,,130.0,2020-03-12T12:34:00,6.0,,,Primates,Chordata,Skin; Skull,,Smithsonian Venezuelan Project,19492,,,Callicebus torquatus,,,torquatus,Amazonas,,02 37 -- N,066 19 -- W,1967.0,,Callicebus torquatus,Cheracebus torquatus,SYNONYM,cheracebus torquatus|2.62|-66.32,True
,PreservedSpecimen,USNM 406566,Mammalia,US-ANIMALIA,556,South America,,Venezuela,,6.0,,2.62,-66.32,2.62,-66.32,Pitheciidae,,Callicebus,,1,,USNM,Animalia,"Capibara, 106 Km SW Esmeralda, Brazo Casiquiare",,,,130.0,2020-03-12T12:34:00,6.0,,,Primates,Chordata,Skin; Skull,,Smithsonian Venezuelan Project,19539,,,Callicebus torquatus,,,torquatus,Amazonas,,02 37 -- N,066 19 -- W,1967.0,,Callicebus torquatus,Cheracebus torquatus,SYNONYM,cheracebus torquatus|2.62|-66.32,True
,PreservedSpecimen,USNM 406567,Mammalia,US-ANIMALIA,556,South America,,Venezuela,,6.0,,2.62,-66.32,2.62,-66.32,Pitheciidae,,Callicebus,,1,,USNM,Animalia,"Capibara, 106 Km SW Esmeralda, Brazo Casiquiare",,,,130.0,2022-07-05T11:04:00,6.0,,,Primates,Chordata,Skin; Skull,,Smithsonian Venezuelan Project,19540,,,Callicebus torquatus,,,torquatus,Amazonas,,02 37 -- N,066 19 -- W,1967.0,,Callicebus torquatus,Cheracebus torquatus,SYNONYM,cheracebus torquatus|2.62|-66.32,True
,PreservedSpecimen,USNM 406568,Mammalia,US-ANIMALIA,556,South America,,Venezuela,,6.0,,2.62,-66.32,2.62,-66.32,Pitheciidae,,Callicebus,,1,,USNM,Animalia,"Capibara, 106 Km SW Esmeralda, Brazo Casiquiare",,,,130.0,2022-07-05T11:04:00,6.0,,,Primates,Chordata,Skin; Skull,,Smithsonian Venezuelan Project,19541,,,Callicebus torquatus,,,torquatus,Amazonas,,02 37 -- N,066 19 -- W,1967.0,,Callicebus torquatus,Cheracebus torquatus,SYNONYM,cheracebus torquatus|2.62|-66.32,True
,PreservedSpecimen,USNM 495198,Mammalia,US-ANIMALIA,556,South America,,Venezuela,,9.0,,2.25,-65.28,2.25,-65.28,Pitheciidae,,Callicebus,,1,,USNM,Animalia,"Rio Mavaca, 108 Km SSE Esmeralda",,,,140.0,2020-01-06T11:15:00,4.0,,,Primates,Chordata,Fluid,,Smithsonian Venezuelan Project,17707,,,Callicebus torquatus,,,torquatus,Amazonas,,0215--N,06517--W,1967.0,,Callicebus torquatus,Cheracebus torquatus,SYNONYM,cheracebus torquatus|2.25|-65.28,True
,PreservedSpecimen,USNM 495199,Mammalia,US-ANIMALIA,556,South America,,Venezuela,,21.0,,3.17,-65.82,3.17,-65.82,Pitheciidae,,Callicebus,,1,,USNM,Animalia,"Tamatama, Rio Orinoco",,,,135.0,2020-01-06T11:15:00,5.0,,,Primates,Chordata,Fluid,,Smithsonian Venezuelan Project,19244,,,Callicebus torquatus,,,torquatus,Amazonas,,03 10 -- N,065 49 -- W,1967.0,,Callicebus torquatus,Cheracebus torquatus,SYNONYM,cheracebus torquatus|3.17|-65.82,True
,PreservedSpecimen,USNM 406403,Mammalia,US-ANIMALIA,556,South America,,Venezuela,,1.0,,2.45,-65.23,2.45,-65.23,Aotidae,,Aotus,,1,,USNM,Animalia,"Boca Mavaca, 84 Km SSE Esmeralda, 7 Km Up Rio Mavaca",,,,138.0,2020-03-12T12:33:00,3.0,,,Primates,Chordata,Skin; Skull,,Smithsonian Venezuelan Project,16661,,,Aotus trivirgatus,,,trivirgatus,Amazonas,,02 27 -- N,065 14 -- W,1967.0,,Aotus trivirgatus,Aotus trivirgatus,ACCEPTED,aotus trivirgatus|2.45|-65.23,True
,PreservedSpecimen,USNM 406404,Mammalia,US-ANIMALIA,556,South America,,Venezuela,,7.0,,2.45,-65.23,2.45,-65.23,Aotidae,,Aotus,,1,,USNM,Animalia,"Boca Mavaca, 84 Km SSE Esmeralda, 7 Km Up Rio Mavaca",,,,138.0,2020-03-12T12:33:00,3.0,,,Primates,Chordata,Skin; Skull,,Smithsonian Venezuelan Project,16739,,,Aotus trivirgatus,,,trivirgatus,Amazonas,,02 27 -- N,065 14 -- W,1967.0,,Aotus trivirgatus,Aotus trivirgatus,ACCEPTED,aotus trivirgatus|2.45|-65.23,True
,PreservedSpecimen,USNM 406405,Mammalia,US-ANIMALIA,556,South America,,Venezuela,,10.0,,2.43,-65.25,2.43,-65.25,Aotidae,,Aotus,,1,,USNM,Animalia,"Boca Mavaca, 84 Km SSE Esmeralda, 10 Km Up Rio Mavaca",,,,138.0,2020-03-12T12:33:00,3.0,,,Primates,Chordata,Skin; Skull,,Smithsonian Venezuelan Project,16771,,,Aotus trivirgatus,,,trivirgatus,Amazonas,,02 26 -- N,065 15 -- W,1967.0,,Aotus trivirgatus,Aotus trivirgatus,ACCEPTED,aotus trivirgatus|2.43|-65.25,True
HU-ZOO3939,PreservedSpecimen,3939,Mammalia,HU-ZOO,566,South America,,Brazil,,1.0,,-3.04148,-60.00416,-3.04148,-60.00416,Callitrichidae,,Leontopithecus,,1,,MCZ,Animalia,Brazil; Lake Hyanuaria,,,,,2025-04-14T13:03:00,1.0,,<nO>sex: female</nO>,Primates,Chordata,skin (mounted); skeleton (dry),,Thayer Expedition to Brazil,,,,Leontopithecus rosalia,"(Linnaeus, 1766)",,rosalia,Amazonas,,,,1865.0,,Leontopithecus rosalia,Leontopithecus rosalia,ACCEPTED,leontopithecus rosalia|-3.04|-60.0,False
HU-ZOO3974,PreservedSpecimen,3974,Mammalia,HU-ZOO,566,South America,,Brazil,,,,-3.36841,-64.72054,-3.36841,-64.72054,Cebidae,,Saimiri,Thayer Expedition to Brazil,1,,MCZ,Animalia,"Tefé [Tefe, Teffe]",,,,,2024-12-20T16:17:26,,,<nO>sex: male</nO>,Primates,Chordata,skin (dry),,Thayer Expedition to Brazil,,,,Saimiri sciureus,"(Linnaeus, 1758)",,sciureus,Amazonas,,,,,,Saimiri sciureus,Saimiri sciureus,ACCEPTED,saimiri sciureus|-3.37|-64.72,True
,S,MM000740,Mammalia,UFMG-BDT,414,América do Sul,339799.0,Brasil,Porto Velho,26.0,,-8.762344,-63.90435,-8.762344,-63.90435,Cebidae,,Cebuella,,,,UFMG,Animalia,,,,,,2017-03-30T08:55:31,12.0,,Indivíduo 2 - Grupo A,Primates,Craniata,Carcaça,M001549,José Eustáquio do Santos Júnior,JEN049,,,Cebuella pygmaea,,s/ID,pygmaea,Rondônia,,,,2011.0,,Cebuella pygmaea,Cebuella pygmaea,ACCEPTED,cebuella pygmaea|-8.76|-63.9,False
,S,MM000734,Mammalia,UFMG-BDT,414,América do Sul,339799.0,Brasil,Porto Velho,13.0,,-8.762344,-63.90435,-8.762344,-63.90435,Cebidae,,Mico,,,,UFMG,Animalia,Margem direita do Rio Madeira,,,,,2017-03-30T08:55:31,12.0,,,Primates,Craniata,Sangue,M001543,José Eustáquio do Santos Júnior,JEN005,,,Mico rondoni,,Macho,rondoni,Rondônia,,,,2011.0,,Mico rondoni,Mico rondoni,ACCEPTED,mico rondoni|-8.76|-63.9,False
,S,MM000200,Mammalia,UFMG-BDT,414,América do Sul,339799.0,Brasil,Porto Velho,9.0,,-8.762344,-63.90435,-8.762344,-63.90435,Pitheciidae,,Callicebus,,,,UFMG,Animalia,Área de influência da UHE Santo Antônio do Rio Madeira,,,,,2017-03-30T08:55:31,12.0,,,Primates,Craniata,,M001798,José Eustáquio do Santos Júnior,ME97,UFMG-MAM-3951,,Callicebus dubius,,,dubius,Rondônia,,,,2011.0,,Callicebus dubius,Plecturocebus caligatus,SYNONYM,plecturocebus caligatus|-8.76|-63.9,True
,S,MM000733,Mammalia,UFMG-BDT,414,América do Sul,339799.0,Brasil,Porto Velho,1.0,,-8.762344,-63.90435,-8.762344,-63.90435,Pitheciidae,,Pithecia,,,,UFMG,Animalia,,,,,,2017-03-30T08:55:31,12.0,,,Primates,Craniata,Tecido (etanol 70%),M001542,José Eustáquio do Santos Júnior,JEN004,,,Pithecia pithecia,,Fêmea,pithecia,Rondônia,,,,2012.0,,Pithecia pithecia,Pithecia pithecia,ACCEPTED,pithecia pithecia|-8.76|-63.9,False
,PreservedSpecimen,MVZ:Mamm:193684,Mammalia,MVZ-MAMMAL,168,,500.0,Brazil,,12.0,23.0,-8.3666667,-72.8166667,-8.3666667,-72.8166667,Cebidae,,Pithecia,James L. Patton,,,MVZ,Animalia,"Sobral, left bank Rio Juruá",,,,,2025-10-07T03:18:00.016331,3.0,3.0,Former nature_of_id: field.,Primates,Chordata,tissue (ethanol 95%),,Collector(s): Maria Nazareth F. da Silva,Maria Nazareth F. da Silva 1491,,,Pithecia monachus,,male,monachus,Acre,,,,1992.0,2001.0,Pithecia monachus,Pithecia monachus,ACCEPTED,pithecia monachus|-8.37|-72.82,True
,PreservedSpecimen,MVZ:Mamm:193655,Mammalia,MVZ-MAMMAL,168,,500.0,Brazil,,20.0,23.0,-6.4666667,-68.7666667,-6.4666667,-68.7666667,Callitrichidae,,Saguinus,James L. Patton,,,MVZ,Animalia,"Barro Vermelho, left bank Rio Juruá",,,,,2025-10-06T23:10:00.015700,10.0,3.0,Former nature_of_id: field.,Primates,Chordata,DNA (frozen); tissue (ethanol 95%; frozen),,Collector(s): James L. Patton,James L. Patton 15788,,,Saguinus fuscicollis,,female,fuscicollis,Amazonas,"voucher of <a href=""http://arctos.database.museum/name/Saguinus fuscicollis"">Saguinus fuscicollis</a> in <a href=""http://arctos.database.museum/publication/10008085"">Wlasiuk et al. 2009</a>",,,1991.0,2001.0,Saguinus fuscicollis,Leontocebus fuscicollis,SYNONYM,leontocebus fuscicollis|-6.47|-68.77,True
,PreservedSpecimen,MVZ:Mamm:124103,Mammalia,MVZ-MAMMAL,168,,,Colombia,,7.0,27.0,-4.15,-69.95,-4.15,-69.95,Cebidae,,Lagothrix,Museum of Vertebrate Zoology,,,MVZ,Animalia,Leticia,,96,,96,2025-10-10T01:44:00.013147,8.0,1.0,Former nature_of_id: legacy.,Primates,Chordata,"skin, study; skull",,Collector(s): F. C. Lehmann,,,,Lagothrix lagotricha ssp.,,female,lagotricha,Amazonas,,,,1958.0,1999.0,Lagothrix lagotricha ssp.,Lagothrix lagothricha,ACCEPTED,lagothrix lagothricha|-4.15|-69.95,True
,PreservedSpecimen,MVZ:Mamm:193669,Mammalia,MVZ-MAMMAL,168,,500.0,Brazil,,10.0,23.0,-8.5666667,-72.8,-8.5666667,-72.8,Cebidae,,Aotus,James L. Patton,,,MVZ,Animalia,"Ocidente, right bank Rio Juruá",,,,,2025-10-08T10:44:00.012774,2.0,3.0,Former nature_of_id: field.,Primates,Chordata,tissue (ethanol 95%),,Collector(s): Maria Nazareth F. da Silva,Maria Nazareth F. da Silva 1012,,,Aotus trivirgatus,,female,trivirgatus,Acre,,,,1992.0,2001.0,Aotus trivirgatus,Aotus trivirgatus,ACCEPTED,aotus trivirgatus|-8.57|-72.8,True
,PreservedSpecimen,MVZ:Mamm:193688,Mammalia,MVZ-MAMMAL,168,,500.0,Brazil,,11.0,23.0,-8.5666667,-72.8,-8.5666667,-72.8,Callitrichidae,,Cebuella,James L. Patton,,,MVZ,Animalia,"Ocidente, right bank Rio Juruá",,,,,2025-10-10T05:54:00.014461,2.0,3.0,Former nature_of_id: field.,Primates,Chordata,tissue (ethanol 95%),,Collector(s): Maria Nazareth F. da Silva,Maria Nazareth F. da Silva 1020,,,Cebuella pygmaea,,male,pygmaea,Acre,,,,1992.0,2001.0,Cebuella pygmaea,Cebuella pygmaea,ACCEPTED,cebuella pygmaea|-8.57|-72.8,True
,PreservedSpecimen,MVZ:Mamm:193648,Mammalia,MVZ-MAMMAL,168,,500.0,Brazil,,26.0,23.0,-8.6,-72.85,-8.6,-72.85,Callitrichidae,,Saguinus,James L. Patton,,,MVZ,Animalia,"Flora [=Fazenda Santa Fé], left bank Rio Juruá",,,,,2025-10-09T05:20:00.013199,2.0,3.0,Former nature_of_id: field.,Primates,Chordata,tissue (ethanol 95%),,Collector(s): Maria Nazareth F. da Silva,Maria Nazareth F. da Silva 46,,,Saguinus fuscicollis,,male,fuscicollis,Acre,,,,1992.0,2001.0,Saguinus fuscicollis,Leontocebus fuscicollis,SYNONYM,leontocebus fuscicollis|-8.6|-72.85,True
,PreservedSpecimen,MVZ:Mamm:193682,Mammalia,MVZ-MAMMAL,168,,500.0,Brazil,,8.0,23.0,-6.5833333,-68.9,-6.5833333,-68.9,Cebidae,,Lagothrix,James L. Patton,,,MVZ,Animalia,"Altamira, right bank Rio Juruá",,,,,2025-10-08T22:10:00.014920,11.0,3.0,Former nature_of_id: field.,Primates,Chordata,tissue (ethanol 95%),,Collector(s): James L. Patton,James L. Patton 15944,,,Lagothrix lagotricha,,male,lagotricha,Amazonas,,,,1991.0,2001.0,Lagothrix lagotricha,Lagothrix lagothricha,ACCEPTED,lagothrix lagothricha|-6.58|-68.9,True
,PreservedSpecimen,MVZ:Mamm:124039,Mammalia,MVZ-MAMMAL,168,,,Colombia,,,27.0,-4.15,-69.95,-4.15,-69.95,Callitrichidae,,Cebuella,Museum of Vertebrate Zoology,,,MVZ,Animalia,Leticia,,,,,2025-10-10T07:44:00.012529,,1.0,Former nature_of_id: legacy.,Primates,Chordata,skeleton; skull,,"Collector(s): Alden H. Miller, F. C. Lehmann",10553,,,Cebuella pygmaea,,female,pygmaea,Amazonas,,,,,1999.0,Cebuella pygmaea,Cebuella pygmaea,ACCEPTED,cebuella pygmaea|-4.15|-69.95,True
,S,3935,Mammalia,ZEE_MAM,213,,,Brasil,Cruzeiro do Sul,,,-7.45888888888889,-73.7744444444444,-7.45888888888889,-73.7744444444444,Callitrichidae,,Saguinus,,,,SEMA-Acre,Animalia,Parque Nacional da Serra do Divisor,,,,,2010-03-08T13:52:45,,,"Artigo : Riqueza de mamíferos de grande e médio porte do Parque Nacional da Serra do Divisor (Acre, Brasil) - Calouro A.M. 1999",Primates,,,,,,,,Saguinus fuscicollis,,,fuscicollis,Acre,,-7.45888888888889,-73.7744444444444,,,Saguinus fuscicollis,Leontocebus fuscicollis,SYNONYM,leontocebus fuscicollis|-7.46|-73.77,False
,S,3937,Mammalia,ZEE_MAM,213,,,Brasil,Cruzeiro do Sul,,,-7.43166666666667,-73.6611111111111,-7.43166666666667,-73.6611111111111,Callitrichidae,,Saguinus,,,,SEMA-Acre,Animalia,Parque Nacional da Serra do Divisor,,,,,2010-03-08T13:52:45,,,"Artigo : Riqueza de mamíferos de grande e médio porte do Parque Nacional da Serra do Divisor (Acre, Brasil) - Calouro A.M. 1999",Primates,,,,,,,,Saguinus fuscicollis,,,fuscicollis,Acre,,-7.43166666666667,-73.6611111111111,,,Saguinus fuscicollis,Leontocebus fuscicollis,SYNONYM,leontocebus fuscicollis|-7.43|-73.66,False
,S,3938,Mammalia,ZEE_MAM,213,,,Brasil,Cruzeiro do Sul,,,-7.44666666666667,-73.6780555555556,-7.44666666666667,-73.6780555555556,Callitrichidae,,Saguinus,,,,SEMA-Acre,Animalia,Parque Nacional da Serra do Divisor,,,,,2010-03-08T13:52:45,,,"Artigo : Riqueza de mamíferos de grande e médio porte do Parque Nacional da Serra do Divisor (Acre, Brasil) - Calouro A.M. 1999",Primates,,,,,,,,Saguinus fuscicollis,,,fuscicollis,Acre,,-7.44666666666667,-73.6780555555556,,,Saguinus fuscicollis,Leontocebus fuscicollis,SYNONYM,leontocebus fuscicollis|-7.45|-73.68,False
,S,723,Mammalia,ZEE_MAM,213,,178429.0,Brasil,Rio Branco,,,-9.97512,-67.810478,-9.97512,-67.810478,Callitrichidae,,Cebuella,,,,SEMA-Acre,Animalia,Rio Branco- Chácara da FUNAI; Rioa Acre,,,,,2010-03-08T13:52:45,,,Monografia: Distribuição de primatas não-humanos no Estado do Acre e vizinhanças: um estudo preliminar - Fernandes M.C.A.G. 1990,Primates,,,,,,,,Cebuella pygmaea,,,pygmaea,Acre,,0.0,0.0,,,Cebuella pygmaea,Cebuella pygmaea,ACCEPTED,cebuella pygmaea|-9.98|-67.81,False
,S,8200,Mammalia,ZEE_MAM,213,,,Brasil,,,,-8.66666666666667,-72.7833333333333,-8.66666666666667,-72.7833333333333,Callitrichidae,,Cebuella,,,,SEMA-Acre,Animalia,,,,,,2010-03-08T13:52:45,,,Artigo: Primate community structure at twenty western Amazonian flooded and unflooded forests - Peres C.A. 1997,Primates,,,,,,,,Cebuella pygmaea,,,pygmaea,Acre,,-8.66666666666667,-72.7833333333333,,,Cebuella pygmaea,Cebuella pygmaea,ACCEPTED,cebuella pygmaea|-8.67|-72.78,False
,S,8533,Mammalia,ZEE_MAM,213,,,Brasil,Mâncio Lima,,,-7.38333333333333,-73.2666666666667,-7.38333333333333,-73.2666666666667,Callitrichidae,,Cebuella,,,,SEMA-Acre,Animalia,Seringal São Salvador; Rio Moa,,,,,2010-03-08T13:52:45,,,Livro: A fauna silvestre e as práticas de caça - Fragoso J.M.V- Santos M.C.- Nascimento V.M.L 2002,Primates,,,,,,,,Cebuella pygmaea,,,pygmaea,Acre,,-7.38333333333333,-73.2666666666667,,,Cebuella pygmaea,Cebuella pygmaea,ACCEPTED,cebuella pygmaea|-7.38|-73.27,False
,S,710,Mammalia,ZEE_MAM,213,,58663.0,Brasil,Plácido de Castro,,,-10.335677,-67.186032,-10.335677,-67.186032,Callitrichidae,,Cebuella,,,,SEMA-Acre,Animalia,Propriedade rural- AC-401- km 6- ramal lado esquerdo (1 km),,,,,2010-03-08T13:52:45,,,Monografia: Distribuição de primatas não-humanos no Estado do Acre e vizinhanças: um estudo preliminar - Fernandes M.C.A.G. 1990,Primates,,,,,,,,Cebuella pygmaea,,,pygmaea,Acre,,0.0,0.0,,,Cebuella pygmaea,Cebuella pygmaea,ACCEPTED,cebuella pygmaea|-10.34|-67.19,False
,S,712,Mammalia,ZEE_MAM,213,,178429.0,Brasil,Rio Branco,,,-9.97512,-67.810478,-9.97512,-67.810478,Callitrichidae,,Cebuella,,,,SEMA-Acre,Animalia,Estrada Dias Martins- km 13- ramal lado direito (2 km); Rio Acre,,,,,2010-03-08T13:52:45,,,Monografia: Distribuição de primatas não-humanos no Estado do Acre e vizinhanças: um estudo preliminar - Fernandes M.C.A.G. 1990,Primates,,,,,,,,Cebuella pygmaea,,,pygmaea,Acre,,0.0,0.0,,,Cebuella pygmaea,Cebuella pygmaea,ACCEPTED,cebuella pygmaea|-9.98|-67.81,False
,S,62,Mammalia,ZEE_MAM,213,,,Brasil,,,,-8.8225,-72.7636111111111,-8.8225,-72.7636111111111,Callitrichidae,,Cebuella,,,,SEMA-Acre,Animalia,Seringal Oriente; Margem direita,,,,,2010-03-08T13:52:45,,,Artigo: Alguns mamíferos do Acre Ocidental - Carvalho C.T. 1957,Primates,,,,,,,,Cebuella pygmaea,,,pygmaea,Acre,,-8.8225,-72.7636111111111,,,Cebuella pygmaea,Cebuella pygmaea,ACCEPTED,cebuella pygmaea|-8.82|-72.76,False
,S,692,Mammalia,ZEE_MAM,213,,,Brasil,,,,-8.82916666666667,-72.775,-8.82916666666667,-72.775,Callitrichidae,,Cebuella,,,,SEMA-Acre,Animalia,Seringal Oriente,,,,,2010-03-08T13:52:45,,,Monografia: Distribuição de primatas não-humanos no Estado do Acre e vizinhanças: um estudo preliminar - Fernandes M.C.A.G. 1990,Primates,,,,,,,,Cebuella pygmaea,,,pygmaea,Acre,,-8.82916666666667,-72.775,,,Cebuella pygmaea,Cebuella pygmaea,ACCEPTED,cebuella pygmaea|-8.83|-72.78,False
,S,2,Mammalia,ZEE_MAM,213,,,Brasil,Rio Branco/Xapuri,,,-10.0916666666667,-68.05,-10.0916666666667,-68.05,Callitrichidae,,Cebuella,,,,SEMA-Acre,Animalia,Riozinho do Rola; Bacia do Riozinho do Rola,,,,,2010-03-08T13:52:45,,,Artigo: Updating the known distribution of the pygmaea marmoset (Cebuella pygmaea) in the state of Acre- Brazil - Bicca-Marques J.C. - Calegaro-Marques C. 1995,Primates,,,,,,,,Cebuella pygmaea,,,pygmaea,Acre,,-10.0916666666667,-68.05,,,Cebuella pygmaea,Cebuella pygmaea,ACCEPTED,cebuella pygmaea|-10.09|-68.05,False
,S,433,Mammalia,ZEE_MAM,213,,,Brasil,,,,-8.82916666666667,-72.775,-8.82916666666667,-72.775,Callitrichidae,,Cebuella,,,,SEMA-Acre,Animalia,Seringal Oriente; Rio Juruá- perto da Vila Taumaturgo,,,,,2010-03-08T13:52:45,,,Livro: Livig New World monkeys (Platyrrhini) with an introduction to primates - Hershokovitz P. 1977,Primates,,,,,,,,Cebuella pygmaea,,,pygmaea,Acre,,-8.82916666666667,-72.775,,,Cebuella pygmaea,Cebuella pygmaea,ACCEPTED,cebuella pygmaea|-8.83|-72.78,False
,S,454,Mammalia,ZEE_MAM,213,,,Brasil,Cruzeiro do Sul,,,-7.50611111111111,-73.7013888888889,-7.50611111111111,-73.7013888888889,Callitrichidae,,Cebuella,,,,SEMA-Acre,Animalia,Parque Nacional da Serra do Divisor,,,,,2010-03-08T13:52:45,,,Capítulo de livro: Systematics- geographic distribuition- andsome notes on the conservation status of the Callitrichidae - Rylands A.B.- Coimbra-Filho A.F. - Mittermeier R.A. 1993,Primates,,,,,,,,Cebuella pygmaea,,,pygmaea,Acre,,-7.50611111111111,-73.7013888888889,,,Cebuella pygmaea,Cebuella pygmaea,ACCEPTED,cebuella pygmaea|-7.51|-73.7,False
,S,5,Mammalia,ZEE_MAM,213,,,Brasil,,,,-9.45,-68.3780555555556,-9.45,-68.3780555555556,Callitrichidae,,Cebuella,,,,SEMA-Acre,Animalia,BR-364; Rio Taquari,,,,,2010-03-08T13:52:45,,,Artigo: Updating the known distribution of the pygmaea marmoset (Cebuella pygmaea) in the state of Acre- Brazil - Bicca-Marques J.C. - Calegaro-Marques C. 1995,Primates,,,,,,,,Cebuella pygmaea,,,pygmaea,Acre,,-9.45,-68.3780555555556,,,Cebuella pygmaea,Cebuella pygmaea,ACCEPTED,cebuella pygmaea|-9.45|-68.38,False
,S,574,Mammalia,ZEE_MAM,213,,,Brasil,Cruzeiro do Sul,,,-7.43166666666667,-73.6611111111111,-7.43166666666667,-73.6611111111111,Callitrichidae,,Cebuella,,,,SEMA-Acre,Animalia,Parque Nacional da Serra do Divisor; Rio Moa,,,,,2010-03-08T13:52:45,,,"Artigo : Riqueza de mamíferos de grande e médio porte do Parque Nacional da Serra do Divisor (Acre, Brasil) - Calouro A.M. 1999",Primates,,,,,,,,Cebuella pygmaea,,,pygmaea,Acre,,-7.43166666666667,-73.6611111111111,,,Cebuella pygmaea,Cebuella pygmaea,ACCEPTED,cebuella pygmaea|-7.43|-73.66,False
,S,681,Mammalia,ZEE_MAM,213,,58663.0,Brasil,Plácido de Castro,,,-10.335677,-67.186032,-10.335677,-67.186032,Callitrichidae,,Callimico,,,,SEMA-Acre,Animalia,Propriedade rural- AC-401- km 6- ramal lado esquerdo (1 km),,,,,2010-03-08T13:52:45,,,Monografia: Distribuição de primatas não-humanos no Estado do Acre e vizinhanças: um estudo preliminar - Fernandes M.C.A.G. 1990,Primates,,,,,,,,Callimico goeldii,,,goeldii,Acre,,0.0,0.0,,,Callimico goeldii,Callimico goeldii,ACCEPTED,callimico goeldii|-10.34|-67.19,False
,S,686,Mammalia,ZEE_MAM,213,,,Brasil,,,,-9.31666666666667,-71.9,-9.31666666666667,-71.9,Callitrichidae,,Callimico,,,,SEMA-Acre,Animalia,Terra Indígena Kaxinawá; Rio Breu,,,,,2010-03-08T13:52:45,,,Monografia: Distribuição de primatas não-humanos no Estado do Acre e vizinhanças: um estudo preliminar - Fernandes M.C.A.G. 1990,Primates,,,,,,,,Callimico goeldii,,,goeldii,Acre,,-9.31666666666667,-71.9,,,Callimico goeldii,Callimico goeldii,ACCEPTED,callimico goeldii|-9.32|-71.9,False
,S,687,Mammalia,ZEE_MAM,213,,124133.0,Brasil,Cruzeiro do Sul,,,-7.631498,-72.67049,-7.631498,-72.67049,Callitrichidae,,Callimico,,,,SEMA-Acre,Animalia,Seringal República; Rio Moa,,,,,2010-03-08T13:52:45,,,Monografia: Distribuição de primatas não-humanos no Estado do Acre e vizinhanças: um estudo preliminar - Fernandes M.C.A.G. 1990,Primates,,,,,,,,Callimico goeldii,,,goeldii,Acre,,0.0,0.0,,,Callimico goeldii,Callimico goeldii,ACCEPTED,callimico goeldii|-7.63|-72.67,False
,S,8150,Mammalia,ZEE_MAM,213,,,Brasil,Bujari,,,-9.53333333333333,-68.0333333333333,-9.53333333333333,-68.0333333333333,Callitrichidae,,Callimico,,,,SEMA-Acre,Animalia,Floresta Estadual do Antimary; Rio Antimari,,,,,2010-03-08T13:52:45,,,"Artigo: Caracterização de habitats para monitoramento de primatas na Floresta Estadual de Antimary (Acre, Brasil) - Calouro A.M. - Pires J.S.R. 2004",Primates,,,,,,,,Callimico goeldii,,,goeldii,Acre,,-9.53333333333333,-68.0333333333333,,,Callimico goeldii,Callimico goeldii,ACCEPTED,callimico goeldii|-9.53|-68.03,False
,S,8375,Mammalia,ZEE_MAM,213,,,Brasil,Rio Branco,,,-10.0666666666667,-67.6166666666667,-10.0666666666667,-67.6166666666667,Callitrichidae,,Callimico,,,,SEMA-Acre,Animalia,Fazenda Experimental Catuaba; Rioa Acre,,,,,2010-03-08T13:52:45,,,"Resumo: Population density of Callimico goeldii (Goeldi's monkey) in relationship to home range and habitat in a forest fragment in Acre, Brasil - Rehg J. 2005",Primates,,,,,,,,Callimico goeldii,,,goeldii,Acre,,-10.0666666666667,-67.6166666666667,,,Callimico goeldii,Callimico goeldii,ACCEPTED,callimico goeldii|-10.07|-67.62,False
,S,92,Mammalia,ZEE_MAM,213,,,Brasil,,,,-10.0777777777778,-67.5333333333333,-10.0777777777778,-67.5333333333333,Callitrichidae,,Callimico,,,,SEMA-Acre,Animalia,Iquiri; Iquiri,,,,,2010-03-08T13:52:45,,,Artigo: Resultados de uma expedição científica ao território do Acre: mamíferos - Vieira C.C. 1952,Primates,,,,,,,,Callimico goeldii,,,goeldii,Acre,,-10.0777777777778,-67.5333333333333,,,Callimico goeldii,Callimico goeldii,ACCEPTED,callimico goeldii|-10.08|-67.53,False
,S,664,Mammalia,ZEE_MAM,213,,,Brasil,,,,-10.65,-68.5,-10.65,-68.5,Callitrichidae,,Callimico,,,,SEMA-Acre,Animalia,Rio Xapuri; Rio Xapuri- alto Purus,,,,,2010-03-08T13:52:45,,,Monografia: Distribuição de primatas não-humanos no Estado do Acre e vizinhanças: um estudo preliminar - Fernandes M.C.A.G. 1990,Primates,,,,,,,,Callimico goeldii,,,goeldii,Acre,,-10.65,-68.5,,,Callimico goeldii,Callimico goeldii,ACCEPTED,callimico goeldii|-10.65|-68.5,False
,S,488,Mammalia,ZEE_MAM,213,,,Brasil,Cruzeiro do Sul,,,-7.50611111111111,-73.7013888888889,-7.50611111111111,-73.7013888888889,Callitrichidae,,Callimico,,,,SEMA-Acre,Animalia,Parque Nacional da Serra do Divisor,,,,,2010-03-08T13:52:45,,,Livro: Livro vermelho dos mamíferos brasileiros ameaçados de extinção - Fonseca G.A.B.- Rylands A.B.- Costa C.M.R.- Machado R.B. - Leite Y.L.R. 1994,Primates,,,,,,,,Callimico goeldii,,,goeldii,Acre,,-7.50611111111111,-73.7013888888889,,,Callimico goeldii,Callimico goeldii,ACCEPTED,callimico goeldii|-7.51|-73.7,False
,S,490,Mammalia,ZEE_MAM,213,,,Brasil,,,,-10.0,-69.75,-10.0,-69.75,Callitrichidae,,Callimico,,,,SEMA-Acre,Animalia,FLONA Macauã; Rio Macauã- afluente do Rio Iaco componente da bacia do Rio Purus,,,,,2010-03-08T13:52:45,,,Livro: Livro vermelho dos mamíferos brasileiros ameaçados de extinção - Fonseca G.A.B.- Rylands A.B.- Costa C.M.R.- Machado R.B. - Leite Y.L.R. 1994,Primates,,,,,,,,Callimico goeldii,,,goeldii,Acre,,-10.0,-69.75,,,Callimico goeldii,Callimico goeldii,ACCEPTED,callimico goeldii|-10.0|-69.75,False
,S,492,Mammalia,ZEE_MAM,213,,,Brasil,Marechal Thaumaturgo,,,-9.0,-72.5,-9.0,-72.5,Callitrichidae,,Callimico,,,,SEMA-Acre,Animalia,Reserva Extrativista do Alto Juruá; Rio Juruá e tributários,,,,,2010-03-08T13:52:45,,,Livro: Livro vermelho dos mamíferos brasileiros ameaçados de extinção - Fonseca G.A.B.- Rylands A.B.- Costa C.M.R.- Machado R.B. - Leite Y.L.R. 1994,Primates,,,,,,,,Callimico goeldii,,,goeldii,Acre,,-9.0,-72.5,,,Callimico goeldii,Callimico goeldii,ACCEPTED,callimico goeldii|-9.0|-72.5,False
,S,495,Mammalia,ZEE_MAM,213,,,Brasil,Bujari,,,-9.33333333333333,-68.25,-9.33333333333333,-68.25,Callitrichidae,,Callimico,,,,SEMA-Acre,Animalia,Floresta Estadual do Antimary; Rio Antimari,,,,,2010-03-08T13:52:45,,,Livro: Livro vermelho dos mamíferos brasileiros ameaçados de extinção - Fonseca G.A.B.- Rylands A.B.- Costa C.M.R.- Machado R.B. - Leite Y.L.R. 1994,Primates,,,,,,,,Callimico goeldii,,,goeldii,Acre,,-9.33333333333333,-68.25,,,Callimico goeldii,Callimico goeldii,ACCEPTED,callimico goeldii|-9.33|-68.25,False
,S,518,Mammalia,ZEE_MAM,213,,,Brasil,Cruzeiro do Sul,,,-7.45888888888889,-73.7744444444444,-7.45888888888889,-73.7744444444444,Callitrichidae,,Callimico,,,,SEMA-Acre,Animalia,Parque Nacional da Serra do Divisor; Igarapé Ouro Preto,,,,,2010-03-08T13:52:45,,,"Artigo : Riqueza de mamíferos de grande e médio porte do Parque Nacional da Serra do Divisor (Acre, Brasil) - Calouro A.M. 1999",Primates,,,,,,,,Callimico goeldii,,,goeldii,Acre,,-7.45888888888889,-73.7744444444444,,,Callimico goeldii,Callimico goeldii,ACCEPTED,callimico goeldii|-7.46|-73.77,False
,S,55,Mammalia,ZEE_MAM,213,,,Brasil,,,,-8.82916666666667,-72.775,-8.82916666666667,-72.775,Callitrichidae,,Callimico,,,,SEMA-Acre,Animalia,Seringal Oriente; Margem esquerda,,,,,2010-03-08T13:52:45,,,Artigo: Alguns mamíferos do Acre Ocidental - Carvalho C.T. 1957,Primates,,,,,,,,Callimico goeldii,,,goeldii,Acre,,-8.82916666666667,-72.775,,,Callimico goeldii,Callimico goeldii,ACCEPTED,callimico goeldii|-8.83|-72.78,False
,S,563,Mammalia,ZEE_MAM,213,,,Brasil,Cruzeiro do Sul,,,-8.40527777777778,-72.8577777777778,-8.40527777777778,-72.8577777777778,Callitrichidae,,Callimico,,,,SEMA-Acre,Animalia,Parque Nacional da Serra do Divisor; Igarapé Ramon,,,,,2010-03-08T13:52:45,,,"Artigo : Riqueza de mamíferos de grande e médio porte do Parque Nacional da Serra do Divisor (Acre, Brasil) - Calouro A.M. 1999",Primates,,,,,,,,Callimico goeldii,,,goeldii,Acre,,-8.40527777777778,-72.8577777777778,,,Callimico goeldii,Callimico goeldii,ACCEPTED,callimico goeldii|-8.41|-72.86,False
,S,619,Mammalia,ZEE_MAM,213,,,Brasil,Rio Branco,,,-9.96666666666667,-67.8,-9.96666666666667,-67.8,Callitrichidae,,Callimico,,,,SEMA-Acre,Animalia,Bairro Centro; Rioa Acre,,,,,2010-03-08T13:52:45,,,Monografia: Levantamento preliminar de primatas cadastrados pelo IBAMA no município de Rio Branco - AC - Nóbrega M.F. 1997,Primates,,,,,,,,Callimico goeldii,,,goeldii,Acre,,-9.96666666666667,-67.8,,,Callimico goeldii,Callimico goeldii,ACCEPTED,callimico goeldii|-9.97|-67.8,False
,S,1091,Mammalia,ZEE_MAM,213,,,Brasil,Rio Branco,,,-9.96666666666667,-67.8,-9.96666666666667,-67.8,Callitrichidae,,Callimico,,,,SEMA-Acre,Animalia,Rio Branco; Rioa Acre,,,,,2010-03-08T13:52:36,,,Relatório: Estudo da distribuição geográfica de espécies de mamíferos como subsídio para o zoneamento agroecológico do Estado do Acre - IMAC 1992,Primates,,,,,,,,Callimico goeldii,,,goeldii,Acre,,-9.96666666666667,-67.8,,,Callimico goeldii,Callimico goeldii,ACCEPTED,callimico goeldii|-9.97|-67.8,False
,S,170,Mammalia,ZEE_MAM,213,,,Brasil,Assis Brasil,,,-11.0333333333333,-70.25,-11.0333333333333,-70.25,Callitrichidae,,Callimico,,,,SEMA-Acre,Animalia,ESEC do Rio Acre; Rio Acre,,,,,2010-03-08T13:52:45,,,Artigo: Conservation areas protecting primates in Brasilian Amazonia - Rylands A.B. 1985,Primates,,,,,,,,Callimico goeldii,,,goeldii,Acre,,-11.0333333333333,-70.25,,,Callimico goeldii,Callimico goeldii,ACCEPTED,callimico goeldii|-11.03|-70.25,False
,S,221,Mammalia,ZEE_MAM,213,,,Brasil,,,,-9.25,-68.725,-9.25,-68.725,Callitrichidae,,Callimico,,,,SEMA-Acre,Animalia,Rio Iaco; Rio Iaco,,,,,2010-03-08T13:52:45,,,Relatório: Caracterização da fauna da bacia do Rio Branco/ Acre - Alho C.J.R. 1990,Primates,,,,,,,,Callimico goeldii,,,goeldii,Acre,,-9.25,-68.725,,,Callimico goeldii,Callimico goeldii,ACCEPTED,callimico goeldii|-9.25|-68.72,False
,S,26,Mammalia,ZEE_MAM,213,,,Brasil,,,,-9.41277777777778,-72.7047222222222,-9.41277777777778,-72.7047222222222,Callitrichidae,,Callimico,,,,SEMA-Acre,Animalia,Margem direita do Rio Juruá - Ponto 3; Rio Juruá,,,,,2010-03-08T13:52:45,,,Artigo: Notes on the primates of the Juruá River- western Brasilian Amazonia - Peres C.A. 1993,Primates,,,,,,,,Callimico goeldii,,,goeldii,Acre,,-9.41277777777778,-72.7047222222222,,,Callimico goeldii,Callimico goeldii,ACCEPTED,callimico goeldii|-9.41|-72.7,False
,S,3353,Mammalia,ZEE_MAM,213,,,Brasil,Rio Branco,,,-9.96666666666667,-67.8,-9.96666666666667,-67.8,Callitrichidae,,Callimico,,,,SEMA-Acre,Animalia,Rio Branco; Rioa Acre,,,,,2010-03-08T13:52:45,,,Monografia: Levantamento de Animais Silvestres em Cativeiro na Cidade de Rio Branco - Acre. - Silva M.F.A 1985,Primates,,,,,,,,Callimico goeldii,,,goeldii,Acre,,-9.96666666666667,-67.8,,,Callimico goeldii,Callimico goeldii,ACCEPTED,callimico goeldii|-9.97|-67.8,False
,S,373,Mammalia,ZEE_MAM,213,,,Brasil,,,,-9.25,-68.725,-9.25,-68.725,Callitrichidae,,Callimico,,,,SEMA-Acre,Animalia,Rio Iaco; Rio Iaco- acima do Rio Juruá,,,,,2010-03-08T13:52:45,,,Livro: Catalogue of primates in the British Museum (Natural History). Part l: Families Callitrichidae and Cebidae - Napier P.H. 1976,Primates,,,,,,,,Callimico goeldii,,,goeldii,Acre,,-9.25,-68.725,,,Callimico goeldii,Callimico goeldii,ACCEPTED,callimico goeldii|-9.25|-68.72,False
,S,4053,Mammalia,ZEE_MAM,213,,,Brasil,Rio Branco,,,-10.0666666666667,-67.6166666666667,-10.0666666666667,-67.6166666666667,Callitrichidae,,Callimico,,,,SEMA-Acre,Animalia,Fazenda Experimental Catuaba; Rioa Acre,,,,,2010-03-08T13:52:45,,,Relatório: Estimativa das densidades das espécies de primatas da Fazenda Experimental Catuaba - Chaves W.A. 1999,Primates,,,,,,,,Callimico goeldii,,,goeldii,Acre,,-10.0666666666667,-67.6166666666667,,,Callimico goeldii,Callimico goeldii,ACCEPTED,callimico goeldii|-10.07|-67.62,False
,S,451,Mammalia,ZEE_MAM,213,,,Brasil,,,,-10.65,-68.5,-10.65,-68.5,Callitrichidae,,Callimico,,,,SEMA-Acre,Animalia,Rio Xapuri; Rio Xapuri- acima do Rio Purus,,,,,2010-03-08T13:52:45,,,Livro: Livig New World monkeys (Platyrrhini) with an introduction to primates - Hershokovitz P. 1977,Primates,,,,,,,,Callimico goeldii,,,goeldii,Acre,,-10.65,-68.5,,,Callimico goeldii,Callimico goeldii,ACCEPTED,callimico goeldii|-10.65|-68.5,False
,S,418,Mammalia,ZEE_MAM,213,,,Brasil,Assis Brasil,,,-11.0333333333333,-70.25,-11.0333333333333,-70.25,Cebidae,,Callicebus,,,,SEMA-Acre,Animalia,ESEC do Rio Acre; Rio Acre,,,,,2010-03-08T13:53:04,,,Livro: The status of conservation areas in the Brasilian Amazon - Rylands A.B. 1991,Primates,,,,,,,,Callicebus caligatus,,,caligatus,Acre,,-11.0333333333333,-70.25,,,Callicebus caligatus,Plecturocebus caligatus,SYNONYM,plecturocebus caligatus|-11.03|-70.25,False
,S,416,Mammalia,ZEE_MAM,213,,,Brasil,Assis Brasil,,,-11.0333333333333,-70.25,-11.0333333333333,-70.25,Cebidae,,Aotus,,,,SEMA-Acre,Animalia,ESEC do Rio Acre; Rio Acre,,,,,2010-03-08T13:52:53,,,Livro: The status of conservation areas in the Brasilian Amazon - Rylands A.B. 1991,Primates,,,,,,,,Aotus nigriceps,,,nigriceps,Acre,,-11.0333333333333,-70.25,,,Aotus nigriceps,Aotus nigriceps,ACCEPTED,aotus nigriceps|-11.03|-70.25,False
,S,217,Mammalia,ZEE_MAM,213,,,Brasil,,,,-9.25,-68.725,-9.25,-68.725,Callitrichidae,,Saguinus,,,,SEMA-Acre,Animalia,Rio Iaco; Rio Iaco,,,,,2010-03-08T13:52:45,,,Relatório: Caracterização da fauna da bacia do Rio Branco/ Acre - Alho C.J.R. 1990,Primates,,,,,,,,Saguinus imperator,,,imperator,Acre,,-9.25,-68.725,,,Saguinus imperator,Saguinus imperator,ACCEPTED,saguinus imperator|-9.25|-68.72,False
,S,169,Mammalia,ZEE_MAM,213,,,Brasil,Assis Brasil,,,-11.0333333333333,-70.25,-11.0333333333333,-70.25,Callitrichidae,,Cebuella,,,,SEMA-Acre,Animalia,ESEC do Rio Acre; Rio Acre,,,,,2010-03-08T13:52:45,,,Artigo: Conservation areas protecting primates in Brasilian Amazonia - Rylands A.B. 1985,Primates,,,,,,,,Cebuella pygmaea,,,pygmaea,Acre,,-11.0333333333333,-70.25,,,Cebuella pygmaea,Cebuella pygmaea,ACCEPTED,cebuella pygmaea|-11.03|-70.25,False
,S,5245,Mammalia,ZEE_MAM,213,,,Brasil,Marechal Thaumaturgo,,,-9.0,-72.5,-9.0,-72.5,Cebidae,,Alouatta,,,,SEMA-Acre,Animalia,Reserva Extrativista do Alto Juruá; Rio Juruá e tributários,,,,,2010-03-08T13:52:53,,,,Primates,,,,,,,,Alouatta seniculus,,,seniculus,Acre,,-9.0,-72.5,,,Alouatta seniculus,Alouatta seniculus,ACCEPTED,alouatta seniculus|-9.0|-72.5,False
,S,53,Mammalia,ZEE_MAM,213,,,Brasil,,,,-8.8225,-72.7636111111111,-8.8225,-72.7636111111111,Cebidae,,Pithecia,,,,SEMA-Acre,Animalia,Seringal Oriente; Margem direita,,,,,2010-03-08T13:53:12,,,Artigo: Alguns mamíferos do Acre Ocidental - Carvalho C.T. 1957,Primates,,,,,,,,Pithecia monachus,,,monachus,Acre,,-8.8225,-72.7636111111111,,,Pithecia monachus,Pithecia monachus,ACCEPTED,pithecia monachus|-8.82|-72.76,False
,S,20,Mammalia,ZEE_MAM,213,,,Brasil,Rio Branco,,,-9.94166666666667,-67.8688888888889,-9.94166666666667,-67.8688888888889,Cebidae,,Saimiri,,,boliviensis,SEMA-Acre,Animalia,Universidade Federal do Acre/Parque Zoobotânico; Rio Acre,,,,,2010-03-08T13:53:12,,,Relatório: Percepção- cognição e aprendizagem associados ao forrageamento por primatas neotropicais noturnos e diurnos - Bicca-Marques J.C. 1997,Primates,,,,,,,,Saimiri boliviensis boliviensis,,,boliviensis,Acre,,-9.94166666666667,-67.8688888888889,,,Saimiri boliviensis boliviensis,Saimiri boliviensis,ACCEPTED,saimiri boliviensis|-9.94|-67.87,False
,S,25,Mammalia,ZEE_MAM,213,,,Brasil,,,,-9.41277777777778,-72.7047222222222,-9.41277777777778,-72.7047222222222,Cebidae,,Saimiri,,,boliviensis,SEMA-Acre,Animalia,Margem direita do Rio Juruá - Ponto 3; Rio Juruá,,,,,2010-03-08T13:53:12,,,Artigo: Notes on the primates of the Juruá River- western Brasilian Amazonia - Peres C.A. 1993,Primates,,,,,,,,Saimiri boliviensis boliviensis,,,boliviensis,Acre,,-9.41277777777778,-72.7047222222222,,,Saimiri boliviensis boliviensis,Saimiri boliviensis,ACCEPTED,saimiri boliviensis|-9.41|-72.7,False
,S,412,Mammalia,ZEE_MAM,213,,,Brasil,Assis Brasil,,,-11.0333333333333,-70.25,-11.0333333333333,-70.25,Cebidae,,Saimiri,,,boliviensis,SEMA-Acre,Animalia,ESEC do Rio Acre; Rio Acre,,,,,2010-03-08T13:53:12,,,Livro: The status of conservation areas in the Brasilian Amazon - Rylands A.B. 1991,Primates,,,,,,,,Saimiri boliviensis boliviensis,,,boliviensis,Acre,,-11.0333333333333,-70.25,,,Saimiri boliviensis boliviensis,Saimiri boliviensis,ACCEPTED,saimiri boliviensis|-11.03|-70.25,False
,S,393,Mammalia,ZEE_MAM,213,,,Brasil,Cruzeiro do Sul,,,-7.50611111111111,-73.7013888888889,-7.50611111111111,-73.7013888888889,Cebidae,,Saimiri,,,peruviensis,SEMA-Acre,Animalia,Parque Nacional da Serra do Divisor,,,,,2010-03-08T13:53:12,,,Livro: The status of conservation areas in the Brasilian Amazon - Rylands A.B. 1991,Primates,,,,,,,,Saimiri boliviensis peruviensis,,,boliviensis,Acre,,-7.50611111111111,-73.7013888888889,,,Saimiri boliviensis peruviensis,Saimiri boliviensis,ACCEPTED,saimiri boliviensis|-7.51|-73.7,False
,S,8368,Mammalia,ZEE_MAM,213,,124133.0,Brasil,Cruzeiro do Sul,,,-7.631498,-72.67049,-7.631498,-72.67049,Cebidae,,Saimiri,,,,SEMA-Acre,Animalia,Seringal Aurora; Rio Moa,,,,,2010-03-08T13:53:12,,,"Artigo: Novos hospedeiros do Plasmodium brasilianum no Estado do Acre, Brasil: o uacari Cacajao rubicundus rubicundus, o guariba Alouatta seniculus seniculus e o macaco barrigudo Lagothrix lagothrix poeppigii - Ferreira Neto J.A. - Deane L.M. 1973",Primates,,,,,,,,Saimiri sciureus,,,sciureus,Acre,,0.0,0.0,,,Saimiri sciureus,Saimiri sciureus,ACCEPTED,saimiri sciureus|-7.63|-72.67,False
,S,8369,Mammalia,ZEE_MAM,213,,124133.0,Brasil,Cruzeiro do Sul,,,-7.631498,-72.67049,-7.631498,-72.67049,Cebidae,,Saimiri,,,,SEMA-Acre,Animalia,Seringal Generoso; Rio Moa,,,,,2010-03-08T13:53:12,,,"Artigo: Novos hospedeiros do Plasmodium brasilianum no Estado do Acre, Brasil: o uacari Cacajao rubicundus rubicundus, o guariba Alouatta seniculus seniculus e o macaco barrigudo Lagothrix lagothrix poeppigii - Ferreira Neto J.A. - Deane L.M. 1973",Primates,,,,,,,,Saimiri sciureus,,,sciureus,Acre,,0.0,0.0,,,Saimiri sciureus,Saimiri sciureus,ACCEPTED,saimiri sciureus|-7.63|-72.67,False
,S,3932,Mammalia,ZEE_MAM,213,,,Brasil,Cruzeiro do Sul,,,-8.28083333333333,-73.2536111111111,-8.28083333333333,-73.2536111111111,Cebidae,,Saimiri,,,,SEMA-Acre,Animalia,Parque Nacional da Serra do Divisor,,,,,2010-03-08T13:53:12,,,"Artigo : Riqueza de mamíferos de grande e médio porte do Parque Nacional da Serra do Divisor (Acre, Brasil) - Calouro A.M. 1999",Primates,,,,,,,,Saimiri sciureus,,,sciureus,Acre,,-8.28083333333333,-73.2536111111111,,,Saimiri sciureus,Saimiri sciureus,ACCEPTED,saimiri sciureus|-8.28|-73.25,False
,S,8360,Mammalia,ZEE_MAM,213,,,Brasil,Cruzeiro do Sul,,,-7.64777777777778,-72.67,-7.64777777777778,-72.67,Cebidae,,Saimiri,,,,SEMA-Acre,Animalia,,,,,,2010-03-08T13:53:12,,,"Artigo: Novos hospedeiros do Plasmodium brasilianum no Estado do Acre, Brasil: o uacari Cacajao rubicundus rubicundus, o guariba Alouatta seniculus seniculus e o macaco barrigudo Lagothrix lagothrix poeppigii - Ferreira Neto J.A. - Deane L.M. 1973",Primates,,,,,,,,Saimiri sciureus,,,sciureus,Acre,,-7.64777777777778,-72.67,,,Saimiri sciureus,Saimiri sciureus,ACCEPTED,saimiri sciureus|-7.65|-72.67,False
,S,8516,Mammalia,ZEE_MAM,213,,,Brasil,Mâncio Lima,,,-7.38333333333333,-73.2666666666667,-7.38333333333333,-73.2666666666667,Cebidae,,Saimiri,,,,SEMA-Acre,Animalia,Seringal São Salvador; Rio Moa,,,,,2010-03-08T13:53:12,,,Livro: A fauna silvestre e as práticas de caça - Fragoso J.M.V- Santos M.C.- Nascimento V.M.L 2002,Primates,,,,,,,,Saimiri sciureus,,,sciureus,Acre,,-7.38333333333333,-73.2666666666667,,,Saimiri sciureus,Saimiri sciureus,ACCEPTED,saimiri sciureus|-7.38|-73.27,False
,S,1154,Mammalia,ZEE_MAM,213,,,Brasil,Sena Madureira,,,-9.25,-68.725,-9.25,-68.725,Cebidae,,Saimiri,,,,SEMA-Acre,Animalia,Rio Iaco; Rio Iaco,,,,,2010-03-08T13:53:12,,,Dissertação: A caça de subsistência de extrativistas na Amazônia: sustentabilidade- biodiversidade e extinção de espécies - Martins E. 1993,Primates,,,,,,,,Saimiri boliviensis,,,boliviensis,Acre,,-9.25,-68.725,,,Saimiri boliviensis,Saimiri boliviensis,ACCEPTED,saimiri boliviensis|-9.25|-68.72,False
,S,211,Mammalia,ZEE_MAM,213,,,Brasil,,,,-9.25,-68.725,-9.25,-68.725,Cebidae,,Saimiri,,,,SEMA-Acre,Animalia,Rio Iaco; Rio Iaco,,,,,2010-03-08T13:53:12,,,Relatório: Caracterização da fauna da bacia do Rio Branco/ Acre - Alho C.J.R. 1990,Primates,,,,,,,,Saimiri boliviensis,,,boliviensis,Acre,,-9.25,-68.725,,,Saimiri boliviensis,Saimiri boliviensis,ACCEPTED,saimiri boliviensis|-9.25|-68.72,False
,S,225,Mammalia,ZEE_MAM,213,,178429.0,Brasil,Rio Branco,,,-9.97512,-67.810478,-9.97512,-67.810478,Cebidae,,Saimiri,,,,SEMA-Acre,Animalia,,,,,,2010-03-08T13:53:12,,,Relatório: Caracterização da fauna da bacia do Rio Branco/ Acre - Alho C.J.R. 1990,Primates,,,,,,,,Saimiri boliviensis,,,boliviensis,Acre,,0.0,0.0,,,Saimiri boliviensis,Saimiri boliviensis,ACCEPTED,saimiri boliviensis|-9.98|-67.81,False
,S,621,Mammalia,ZEE_MAM,213,,,Brasil,Rio Branco,,,-9.96666666666667,-67.8,-9.96666666666667,-67.8,Cebidae,,Saimiri,,,,SEMA-Acre,Animalia,Bairro Taquari; Rioa Acre,,,,,2010-03-08T13:53:12,,,Monografia: Levantamento preliminar de primatas cadastrados pelo IBAMA no município de Rio Branco - AC - Nóbrega M.F. 1997,Primates,,,,,,,,Saimiri boliviensis,,,boliviensis,Acre,,-9.96666666666667,-67.8,,,Saimiri boliviensis,Saimiri boliviensis,ACCEPTED,saimiri boliviensis|-9.97|-67.8,False
,S,6991,Mammalia,ZEE_MAM,213,,,Brasil,,,,-10.4258333333333,-68.8611111111111,-10.4258333333333,-68.8611111111111,Cebidae,,Saimiri,,,,SEMA-Acre,Animalia,Trilha Pincel,,,,,2010-03-08T13:53:12,,,Não publicado: A caça de Subsistência na Reserva Extrativista Chico Mendes/AC: caracterização- consumo e estratégias de caça. - Medeiros M.F.S.T. 1999,Primates,,,,,,,,Saimiri boliviensis,,,boliviensis,Acre,,-10.4258333333333,-68.8611111111111,,,Saimiri boliviensis,Saimiri boliviensis,ACCEPTED,saimiri boliviensis|-10.43|-68.86,False
,S,7020,Mammalia,ZEE_MAM,213,,,Brasil,,,,-10.3969444444444,-68.8611111111111,-10.3969444444444,-68.8611111111111,Cebidae,,Saimiri,,,,SEMA-Acre,Animalia,Trilha Venezuela,,,,,2010-03-08T13:53:12,,,Não publicado: A caça de Subsistência na Reserva Extrativista Chico Mendes/AC: caracterização- consumo e estratégias de caça. - Medeiros M.F.S.T. 1999,Primates,,,,,,,,Saimiri boliviensis,,,boliviensis,Acre,,-10.3969444444444,-68.8611111111111,,,Saimiri boliviensis,Saimiri boliviensis,ACCEPTED,saimiri boliviensis|-10.4|-68.86,False
,S,7049,Mammalia,ZEE_MAM,213,,,Brasil,,,,-10.5397222222222,-68.8563888888889,-10.5397222222222,-68.8563888888889,Cebidae,,Saimiri,,,,SEMA-Acre,Animalia,Trilha Bom Levar,,,,,2010-03-08T13:53:12,,,Não publicado: A caça de Subsistência na Reserva Extrativista Chico Mendes/AC: caracterização- consumo e estratégias de caça. - Medeiros M.F.S.T. 1999,Primates,,,,,,,,Saimiri boliviensis,,,boliviensis,Acre,,-10.5397222222222,-68.8563888888889,,,Saimiri boliviensis,Saimiri boliviensis,ACCEPTED,saimiri boliviensis|-10.54|-68.86,False
,S,8340,Mammalia,ZEE_MAM,213,,282365.0,Brasil,Sena Madureira,,,-9.065951,-68.657424,-9.065951,-68.657424,Cebidae,,Saimiri,,,,SEMA-Acre,Animalia,Seringal Ouro,,,,,2010-03-08T13:53:12,,,"Artigo: Malária simiana no Estado do Acre, Brasil: Encontro de macacos zogue-zogue, Callicebus moloch cupreus, infetados com Plasmodium brasilianum - Ferreira Neto J.A.- Deane L.M. - Almeida F.B. 1972",Primates,,,,,,,,Saimiri boliviensis,,,boliviensis,Acre,,0.0,0.0,,,Saimiri boliviensis,Saimiri boliviensis,ACCEPTED,saimiri boliviensis|-9.07|-68.66,False
,S,1067,Mammalia,ZEE_MAM,213,,58663.0,Brasil,Plácido de Castro,,,-10.335677,-67.186032,-10.335677,-67.186032,Cebidae,,Saimiri,,,,SEMA-Acre,Animalia,Propriedade rural- AC-401- km 6- ramal lado esquerdo (1 km),,,,,2010-03-08T13:53:12,,,Monografia: Distribuição de primatas não-humanos no Estado do Acre e vizinhanças: um estudo preliminar - Fernandes M.C.A.G. 1990,Primates,,,,,,,,Saimiri boliviensis,,,boliviensis,Acre,,0.0,0.0,,,Saimiri boliviensis,Saimiri boliviensis,ACCEPTED,saimiri boliviensis|-10.34|-67.19,False
,S,1068,Mammalia,ZEE_MAM,213,,178429.0,Brasil,Rio Branco,,,-9.97512,-67.810478,-9.97512,-67.810478,Cebidae,,Saimiri,,,,SEMA-Acre,Animalia,Estrada Dias Martins- km 12- lado esquerdo; Rioa Acre,,,,,2010-03-08T13:53:12,,,Monografia: Distribuição de primatas não-humanos no Estado do Acre e vizinhanças: um estudo preliminar - Fernandes M.C.A.G. 1990,Primates,,,,,,,,Saimiri boliviensis,,,boliviensis,Acre,,0.0,0.0,,,Saimiri boliviensis,Saimiri boliviensis,ACCEPTED,saimiri boliviensis|-9.98|-67.81,False
,S,1078,Mammalia,ZEE_MAM,213,,124133.0,Brasil,Cruzeiro do Sul,,,-7.631498,-72.67049,-7.631498,-72.67049,Cebidae,,Saimiri,,,,SEMA-Acre,Animalia,Seringal República; Rio Moa,,,,,2010-03-08T13:53:12,,,Monografia: Distribuição de primatas não-humanos no Estado do Acre e vizinhanças: um estudo preliminar - Fernandes M.C.A.G. 1990,Primates,,,,,,,,Saimiri boliviensis,,,boliviensis,Acre,,0.0,0.0,,,Saimiri boliviensis,Saimiri boliviensis,ACCEPTED,saimiri boliviensis|-7.63|-72.67,False
,S,1082,Mammalia,ZEE_MAM,213,,178429.0,Brasil,Rio Branco,,,-9.97512,-67.810478,-9.97512,-67.810478,Cebidae,,Saimiri,,,,SEMA-Acre,Animalia,Rio Branco- Chácara da FUNAI; Rioa Acre,,,,,2010-03-08T13:53:12,,,Monografia: Distribuição de primatas não-humanos no Estado do Acre e vizinhanças: um estudo preliminar - Fernandes M.C.A.G. 1990,Primates,,,,,,,,Saimiri boliviensis,,,boliviensis,Acre,,0.0,0.0,,,Saimiri boliviensis,Saimiri boliviensis,ACCEPTED,saimiri boliviensis|-9.98|-67.81,False
,S,1145,Mammalia,ZEE_MAM,213,,,Brasil,Rio Branco,,,-10.0927777777778,-68.0,-10.0927777777778,-68.0,Cebidae,,Saimiri,,,,SEMA-Acre,Animalia,Fazenda Boa União; Rio Acre,,,,,2010-03-08T13:53:12,,,Dissertação: A caça de subsistência de extrativistas na Amazônia: sustentabilidade- biodiversidade e extinção de espécies - Martins E. 1993,Primates,,,,,,,,Saimiri boliviensis,,,boliviensis,Acre,,-10.0927777777778,-68.0,,,Saimiri boliviensis,Saimiri boliviensis,ACCEPTED,saimiri boliviensis|-10.09|-68.0,False
,S,32,Mammalia,ZEE_MAM,213,,,Brasil,,,,-9.42,-72.735,-9.42,-72.735,Cebidae,,Pithecia,,,,SEMA-Acre,Animalia,Margem direita do Rio Juruá - Ponto 1; Rio Juruá,,,,,2010-03-08T13:53:12,,,Artigo: Notes on the primates of the Juruá River- western Brasilian Amazonia - Peres C.A. 1993,Primates,,,,,,,,Pithecia monachus,,,monachus,Acre,,-9.42,-72.735,,,Pithecia monachus,Pithecia monachus,ACCEPTED,pithecia monachus|-9.42|-72.74,False
,S,33,Mammalia,ZEE_MAM,213,,,Brasil,,,,-9.41333333333333,-72.725,-9.41333333333333,-72.725,Cebidae,,Pithecia,,,,SEMA-Acre,Animalia,Margem esquerda do Rio Juruá - Ponto 2; Rio Juruá,,,,,2010-03-08T13:53:12,,,Artigo: Notes on the primates of the Juruá River- western Brasilian Amazonia - Peres C.A. 1993,Primates,,,,,,,,Pithecia monachus,,,monachus,Acre,,-9.41333333333333,-72.725,,,Pithecia monachus,Pithecia monachus,ACCEPTED,pithecia monachus|-9.41|-72.72,False
,S,3972,Mammalia,ZEE_MAM,213,,,Brasil,Cruzeiro do Sul,,,-7.55666666666667,-73.2766666666667,-7.55666666666667,-73.2766666666667,Cebidae,,Pithecia,,,,SEMA-Acre,Animalia,Parque Nacional da Serra do Divisor,,,,,2010-03-08T13:53:12,,,"Artigo : Riqueza de mamíferos de grande e médio porte do Parque Nacional da Serra do Divisor (Acre, Brasil) - Calouro A.M. 1999",Primates,,,,,,,,Pithecia monachus,,,monachus,Acre,,-7.55666666666667,-73.2766666666667,,,Pithecia monachus,Pithecia monachus,ACCEPTED,pithecia monachus|-7.56|-73.28,False
,S,3973,Mammalia,ZEE_MAM,213,,,Brasil,Cruzeiro do Sul,,,-8.55833333333333,-72.8833333333333,-8.55833333333333,-72.8833333333333,Cebidae,,Pithecia,,,,SEMA-Acre,Animalia,Parque Nacional da Serra do Divisor,,,,,2010-03-08T13:53:12,,,"Artigo : Riqueza de mamíferos de grande e médio porte do Parque Nacional da Serra do Divisor (Acre, Brasil) - Calouro A.M. 1999",Primates,,,,,,,,Pithecia monachus,,,monachus,Acre,,-8.55833333333333,-72.8833333333333,,,Pithecia monachus,Pithecia monachus,ACCEPTED,pithecia monachus|-8.56|-72.88,False
,S,8355,Mammalia,ZEE_MAM,213,,,Brasil,Cruzeiro do Sul,,,-7.64777777777778,-72.67,-7.64777777777778,-72.67,Cebidae,,Pithecia,,,,SEMA-Acre,Animalia,,,,,,2010-03-08T13:53:12,,,"Artigo: Novos hospedeiros do Plasmodium brasilianum no Estado do Acre, Brasil: o uacari Cacajao rubicundus rubicundus, o guariba Alouatta seniculus seniculus e o macaco barrigudo Lagothrix lagothrix poeppigii - Ferreira Neto J.A. - Deane L.M. 1973",Primates,,,,,,,,Pithecia monachus,,,monachus,Acre,,-7.64777777777778,-72.67,,,Pithecia monachus,Pithecia monachus,ACCEPTED,pithecia monachus|-7.65|-72.67,False
,S,8526,Mammalia,ZEE_MAM,213,,,Brasil,Mâncio Lima,,,-7.38333333333333,-73.2666666666667,-7.38333333333333,-73.2666666666667,Cebidae,,Pithecia,,,,SEMA-Acre,Animalia,Seringal São Salvador; Rio Moa,,,,,2010-03-08T13:53:12,,,Livro: A fauna silvestre e as práticas de caça - Fragoso J.M.V- Santos M.C.- Nascimento V.M.L 2002,Primates,,,,,,,,Pithecia monachus,,,monachus,Acre,,-7.38333333333333,-73.2666666666667,,,Pithecia monachus,Pithecia monachus,ACCEPTED,pithecia monachus|-7.38|-73.27,False
,S,403,Mammalia,ZEE_MAM,213,,,Brasil,Cruzeiro do Sul,,,-7.50611111111111,-73.7013888888889,-7.50611111111111,-73.7013888888889,Cebidae,,Pithecia,,,monachus,SEMA-Acre,Animalia,Parque Nacional da Serra do Divisor,,,,,2010-03-08T13:53:12,,,Livro: The status of conservation areas in the Brasilian Amazon - Rylands A.B. 1991,Primates,,,,,,,,Pithecia monachus monachus,,,monachus,Acre,,-7.50611111111111,-73.7013888888889,,,Pithecia monachus monachus,Pithecia monachus,SYNONYM,pithecia monachus|-7.51|-73.7,False
,S,8217,Mammalia,ZEE_MAM,213,,,Brasil,,,,-8.36666666666667,-72.8166666666667,-8.36666666666667,-72.8166666666667,Cebidae,,Pithecia,,,monachus,SEMA-Acre,Animalia,,,,,,2010-03-08T13:53:12,,,Artigo: Primate community structure at twenty western Amazonian flooded and unflooded forests - Peres C.A. 1997,Primates,,,,,,,,Pithecia monachus monachus,,,monachus,Acre,,-8.36666666666667,-72.8166666666667,,,Pithecia monachus monachus,Pithecia monachus,SYNONYM,pithecia monachus|-8.37|-72.82,True
,S,598,Mammalia,ZEE_MAM,213,,,Brasil,Rio Branco,,,-9.96666666666667,-67.8,-9.96666666666667,-67.8,Cebidae,,Pithecia,,,,SEMA-Acre,Animalia,Conjunto Solar; Rioa Acre,,,,,2010-03-08T13:53:12,,,Monografia: Levantamento preliminar de primatas cadastrados pelo IBAMA no município de Rio Branco - AC - Nóbrega M.F. 1997,Primates,,,,,,,,Pithecia irrorata,,,irrorata,Acre,,-9.96666666666667,-67.8,,,Pithecia irrorata,Pithecia irrorata,ACCEPTED,pithecia irrorata|-9.97|-67.8,False
,S,653,Mammalia,ZEE_MAM,213,,,Brasil,Rio Branco,,,-10.1333333333333,-67.5833333333333,-10.1333333333333,-67.5833333333333,Cebidae,,Pithecia,,,,SEMA-Acre,Animalia,Parque Ambiental Chico Mendes; Rioa Acre,,,,,2010-03-08T13:53:12,,,Relatório: Enriquecimento de capoeiras com espécies vegetais utilizadas por primatas - Silva M.C.R. 1998,Primates,,,,,,,,Pithecia irrorata,,,irrorata,Acre,,-10.1333333333333,-67.5833333333333,,,Pithecia irrorata,Pithecia irrorata,ACCEPTED,pithecia irrorata|-10.13|-67.58,False
,S,8365,Mammalia,ZEE_MAM,213,,124133.0,Brasil,Cruzeiro do Sul,,,-7.631498,-72.67049,-7.631498,-72.67049,Cebidae,,Pithecia,,,,SEMA-Acre,Animalia,Seringal Aquidabã; Rio Moa,,,,,2010-03-08T13:53:12,,,"Artigo: Novos hospedeiros do Plasmodium brasilianum no Estado do Acre, Brasil: o uacari Cacajao rubicundus rubicundus, o guariba Alouatta seniculus seniculus e o macaco barrigudo Lagothrix lagothrix poeppigii - Ferreira Neto J.A. - Deane L.M. 1973",Primates,,,,,,,,Pithecia monachus,,,monachus,Acre,,0.0,0.0,,,Pithecia monachus,Pithecia monachus,ACCEPTED,pithecia monachus|-7.63|-72.67,False
,S,1041,Mammalia,ZEE_MAM,213,,,Brasil,Rio Branco,,,-9.96666666666667,-67.8,-9.96666666666667,-67.8,Cebidae,,Pithecia,,,,SEMA-Acre,Animalia,Rio Branco; Rioa Acre,,,,,2010-03-08T13:53:12,,,Monografia: Distribuição de primatas não-humanos no Estado do Acre e vizinhanças: um estudo preliminar - Fernandes M.C.A.G. 1990,Primates,,,,,,,,Pithecia irrorata,,,irrorata,Acre,,-9.96666666666667,-67.8,,,Pithecia irrorata,Pithecia irrorata,ACCEPTED,pithecia irrorata|-9.97|-67.8,False
,S,1137,Mammalia,ZEE_MAM,213,,,Brasil,Feijó,,,-9.52305555555555,-71.6638888888889,-9.52305555555555,-71.6638888888889,Cebidae,,Pithecia,,,,SEMA-Acre,Animalia,Terra Indígena Kampa do Rio Envira; Rio Envira,,,,,2010-03-08T13:53:12,,,Relatório: Análise ambiental complementar sobre a terra indígena Kampa e isolados do Rio Envira - Ferreira L.A. 1996,Primates,,,,,,,,Pithecia irrorata,,,irrorata,Acre,,-9.52305555555555,-71.6638888888889,,,Pithecia irrorata,Pithecia irrorata,ACCEPTED,pithecia irrorata|-9.52|-71.66,False
,S,1004,Mammalia,ZEE_MAM,213,,,Brasil,,,,-8.82916666666667,-72.775,-8.82916666666667,-72.775,Cebidae,,Pithecia,,,,SEMA-Acre,Animalia,Seringal Oriente; Rio Juruá,,,,,2010-03-08T13:53:11,,,Monografia: Distribuição de primatas não-humanos no Estado do Acre e vizinhanças: um estudo preliminar - Fernandes M.C.A.G. 1990,Primates,,,,,,,,Pithecia irrorata,,,irrorata,Acre,,-8.82916666666667,-72.775,,,Pithecia irrorata,Pithecia irrorata,ACCEPTED,pithecia irrorata|-8.83|-72.78,False
,S,1005,Mammalia,ZEE_MAM,213,,,Brasil,Assis Brasil,,,-11.0333333333333,-70.25,-11.0333333333333,-70.25,Cebidae,,Pithecia,,,,SEMA-Acre,Animalia,ESEC do Rio Acre; Rio Acre,,,,,2010-03-08T13:53:11,,,Monografia: Distribuição de primatas não-humanos no Estado do Acre e vizinhanças: um estudo preliminar - Fernandes M.C.A.G. 1990,Primates,,,,,,,,Pithecia irrorata,,,irrorata,Acre,,-11.0333333333333,-70.25,,,Pithecia irrorata,Pithecia irrorata,ACCEPTED,pithecia irrorata|-11.03|-70.25,False
,S,1008,Mammalia,ZEE_MAM,213,,,Brasil,Cruzeiro do Sul,,,-7.61666666666667,-72.6,-7.61666666666667,-72.6,Cebidae,,Pithecia,,,,SEMA-Acre,Animalia,,,,,,2010-03-08T13:53:11,,,Monografia: Distribuição de primatas não-humanos no Estado do Acre e vizinhanças: um estudo preliminar - Fernandes M.C.A.G. 1990,Primates,,,,,,,,Pithecia irrorata,,,irrorata,Acre,,-7.61666666666667,-72.6,,,Pithecia irrorata,Pithecia irrorata,ACCEPTED,pithecia irrorata|-7.62|-72.6,False
,S,214,Mammalia,ZEE_MAM,213,,,Brasil,,,,-9.25,-68.725,-9.25,-68.725,Cebidae,,Ateles,,,,SEMA-Acre,Animalia,Rio Iaco; Rio Iaco,,,,,2010-03-08T13:53:04,,,Relatório: Caracterização da fauna da bacia do Rio Branco/ Acre - Alho C.J.R. 1990,Primates,,,,,,,,Ateles chamek,,,chamek,Acre,,-9.25,-68.725,,,Ateles chamek,Ateles chamek,ACCEPTED,ateles chamek|-9.25|-68.72,False
,S,268,Mammalia,ZEE_MAM,213,,,Brasil,Assis Brasil,,,-11.0333333333333,-70.25,-11.0333333333333,-70.25,Cebidae,,Lagothrix,,,cana,SEMA-Acre,Animalia,ESEC do Rio Acre; Rio Acre,,,,,2010-03-08T13:53:11,,,Artigo: Parks- reserves and primate conservation in Brasilian Amazonia - Rylands A. - Mittermeier R.A. 1982,Primates,,,,,,,,Lagothrix lagotricha cana,,,lagotricha,Acre,,-11.0333333333333,-70.25,,,Lagothrix lagotricha cana,Lagothrix lagothricha,ACCEPTED,lagothrix lagothricha|-11.03|-70.25,False
,S,404,Mammalia,ZEE_MAM,213,,,Brasil,Cruzeiro do Sul,,,-7.50611111111111,-73.7013888888889,-7.50611111111111,-73.7013888888889,Cebidae,,Lagothrix,,,poeppigii,SEMA-Acre,Animalia,Parque Nacional da Serra do Divisor,,,,,2010-03-08T13:53:11,,,Livro: The status of conservation areas in the Brasilian Amazon - Rylands A.B. 1991,Primates,,,,,,,,Lagothrix lagotricha poeppigii,,,lagotricha,Acre,,-7.50611111111111,-73.7013888888889,,,Lagothrix lagotricha poeppigii,Lagothrix lagothricha,ACCEPTED,lagothrix lagothricha|-7.51|-73.7,False
,S,524,Mammalia,ZEE_MAM,213,,,Brasil,Cruzeiro do Sul,,,-7.45888888888889,-73.7744444444444,-7.45888888888889,-73.7744444444444,Cebidae,,Lagothrix,,,poeppigii,SEMA-Acre,Animalia,Parque Nacional da Serra do Divisor; Igarapé Anil,,,,,2010-03-08T13:53:11,,,"Artigo : Riqueza de mamíferos de grande e médio porte do Parque Nacional da Serra do Divisor (Acre, Brasil) - Calouro A.M. 1999",Primates,,,,,,,,Lagothrix lagotricha poeppigii,,,lagotricha,Acre,,-7.45888888888889,-73.7744444444444,,,Lagothrix lagotricha poeppigii,Lagothrix lagothricha,ACCEPTED,lagothrix lagothricha|-7.46|-73.77,False
,S,1002,Mammalia,ZEE_MAM,213,,,Brasil,Cruzeiro do Sul,,,-7.64777777777778,-72.67,-7.64777777777778,-72.67,Cebidae,,Pithecia,,,,SEMA-Acre,Animalia,,,,,,2010-03-08T13:53:11,,,Monografia: Distribuição de primatas não-humanos no Estado do Acre e vizinhanças: um estudo preliminar - Fernandes M.C.A.G. 1990,Primates,,,,,,,,Pithecia irrorata,,,irrorata,Acre,,-7.64777777777778,-72.67,,,Pithecia irrorata,Pithecia irrorata,ACCEPTED,pithecia irrorata|-7.65|-72.67,False
,S,602,Mammalia,ZEE_MAM,213,,,Brasil,Rio Branco,,,-9.96666666666667,-67.8,-9.96666666666667,-67.8,Cebidae,,Lagothrix,,,,SEMA-Acre,Animalia,Bairro Centro; Rioa Acre,,,,,2010-03-08T13:53:11,,,Monografia: Levantamento preliminar de primatas cadastrados pelo IBAMA no município de Rio Branco - AC - Nóbrega M.F. 1997,Primates,,,,,,,,Lagothrix lagotricha,,,lagotricha,Acre,,-9.96666666666667,-67.8,,,Lagothrix lagotricha,Lagothrix lagothricha,ACCEPTED,lagothrix lagothricha|-9.97|-67.8,False
,S,8361,Mammalia,ZEE_MAM,213,,,Brasil,Cruzeiro do Sul,,,-7.64777777777778,-72.67,-7.64777777777778,-72.67,Cebidae,,Lagothrix,,,,SEMA-Acre,Animalia,,,,,,2010-03-08T13:53:11,,,"Artigo: Novos hospedeiros do Plasmodium brasilianum no Estado do Acre, Brasil: o uacari Cacajao rubicundus rubicundus, o guariba Alouatta seniculus seniculus e o macaco barrigudo Lagothrix lagothrix poeppigii - Ferreira Neto J.A. - Deane L.M. 1973",Primates,,,,,,,,Lagothrix lagotricha,,,lagotricha,Acre,,-7.64777777777778,-72.67,,,Lagothrix lagotricha,Lagothrix lagothricha,ACCEPTED,lagothrix lagothricha|-7.65|-72.67,False
,S,8208,Mammalia,ZEE_MAM,213,,,Brasil,,,,-8.66666666666667,-72.7833333333333,-8.66666666666667,-72.7833333333333,Cebidae,,Cebus,,,,SEMA-Acre,Animalia,,,,,,2010-03-08T13:53:04,,,Artigo: Primate community structure at twenty western Amazonian flooded and unflooded forests - Peres C.A. 1997,Primates,,,,,,,,Cebus apella,,,apella,Acre,,-8.66666666666667,-72.7833333333333,,,Cebus apella,Sapajus apella,SYNONYM,sapajus apella|-8.67|-72.78,False
,S,8334,Mammalia,ZEE_MAM,213,,178429.0,Brasil,Rio Branco,,,-9.97512,-67.810478,-9.97512,-67.810478,Cebidae,,Cebus,,,,SEMA-Acre,Animalia,Rio Branco (Estrada de Xapuri); Rioa Acre,,,,,2010-03-08T13:53:04,,,"Artigo: Malária simiana no Estado do Acre, Brasil: Encontro de macacos zogue-zogue, Callicebus moloch cupreus, infetados com Plasmodium brasilianum - Ferreira Neto J.A.- Deane L.M. - Almeida F.B. 1972",Primates,,,,,,,,Cebus apella,,,apella,Acre,,0.0,0.0,,,Cebus apella,Sapajus apella,SYNONYM,sapajus apella|-9.98|-67.81,False
,S,1119,Mammalia,ZEE_MAM,213,,,Brasil,Feijó,,,-9.35666666666667,-71.0166666666667,-9.35666666666667,-71.0166666666667,Cebidae,,Lagothrix,,,,SEMA-Acre,Animalia,Terra Indígena Jaminauá/Envira; Margem direita do Rio Envira- perto da foz do Rio Jaminauá e margem direita do Rio Jaminauá,,,,,2010-03-08T13:53:04,,,Relatório: Identificação e delimitação da Terra Indígena Kulina do Igarapé do Anjo que passou a se denominar Terra Indígena Jaminauá/Envira - Diógenes M.B. 1996,Primates,,,,,,,,Lagothrix lagotricha,,,lagotricha,Acre,,-9.35666666666667,-71.0166666666667,,,Lagothrix lagotricha,Lagothrix lagothricha,ACCEPTED,lagothrix lagothricha|-9.36|-71.02,False
,S,4046,Mammalia,ZEE_MAM,213,,,Brasil,Rio Branco,,,-10.0666666666667,-67.6166666666667,-10.0666666666667,-67.6166666666667,Cebidae,,Cebus,,,,SEMA-Acre,Animalia,Fazenda Experimental Catuaba; Rioa Acre,,,,,2010-03-08T13:53:04,,,Relatório: Estimativa das densidades das espécies de primatas da Fazenda Experimental Catuaba - Chaves W.A. 1999,Primates,,,,,,,,Cebus apella,,,apella,Acre,,-10.0666666666667,-67.6166666666667,,,Cebus apella,Sapajus apella,SYNONYM,sapajus apella|-10.07|-67.62,False
,S,516,Mammalia,ZEE_MAM,213,,,Brasil,Cruzeiro do Sul,,,-7.50611111111111,-73.7013888888889,-7.50611111111111,-73.7013888888889,Cebidae,,Cebus,,,,SEMA-Acre,Animalia,Parque Nacional da Serra do Divisor,,,,,2010-03-08T13:53:04,,,"Artigo : Riqueza de mamíferos de grande e médio porte do Parque Nacional da Serra do Divisor (Acre, Brasil) - Calouro A.M. 1999",Primates,,,,,,,,Cebus apella,,,apella,Acre,,-7.50611111111111,-73.7013888888889,,,Cebus apella,Sapajus apella,SYNONYM,sapajus apella|-7.51|-73.7,False
,S,607,Mammalia,ZEE_MAM,213,,,Brasil,Rio Branco,,,-9.96666666666667,-67.8,-9.96666666666667,-67.8,Cebidae,,Cebus,,,,SEMA-Acre,Animalia,Bairro Centro; Rioa Acre,,,,,2010-03-08T13:53:04,,,Monografia: Levantamento preliminar de primatas cadastrados pelo IBAMA no município de Rio Branco - AC - Nóbrega M.F. 1997,Primates,,,,,,,,Cebus apella,,,apella,Acre,,-9.96666666666667,-67.8,,,Cebus apella,Sapajus apella,SYNONYM,sapajus apella|-9.97|-67.8,False
,S,6990,Mammalia,ZEE_MAM,213,,,Brasil,,,,-10.4258333333333,-68.8611111111111,-10.4258333333333,-68.8611111111111,Cebidae,,Cebus,,,,SEMA-Acre,Animalia,Trilha Pincel,,,,,2010-03-08T13:53:04,,,Não publicado: A caça de Subsistência na Reserva Extrativista Chico Mendes/AC: caracterização- consumo e estratégias de caça. - Medeiros M.F.S.T. 1999,Primates,,,,,,,,Cebus apella,,,apella,Acre,,-10.4258333333333,-68.8611111111111,,,Cebus apella,Sapajus apella,SYNONYM,sapajus apella|-10.43|-68.86,False
,S,7048,Mammalia,ZEE_MAM,213,,,Brasil,,,,-10.5397222222222,-68.8563888888889,-10.5397222222222,-68.8563888888889,Cebidae,,Cebus,,,,SEMA-Acre,Animalia,Trilha Bom Levar,,,,,2010-03-08T13:53:04,,,Não publicado: A caça de Subsistência na Reserva Extrativista Chico Mendes/AC: caracterização- consumo e estratégias de caça. - Medeiros M.F.S.T. 1999,Primates,,,,,,,,Cebus apella,,,apella,Acre,,-10.5397222222222,-68.8563888888889,,,Cebus apella,Sapajus apella,SYNONYM,sapajus apella|-10.54|-68.86,False
,S,7077,Mammalia,ZEE_MAM,213,,,Brasil,,,,-10.4569444444444,-68.8602777777778,-10.4569444444444,-68.8602777777778,Cebidae,,Cebus,,,,SEMA-Acre,Animalia,Trilha Itapissuma,,,,,2010-03-08T13:53:04,,,Não publicado: A caça de Subsistência na Reserva Extrativista Chico Mendes/AC: caracterização- consumo e estratégias de caça. - Medeiros M.F.S.T. 1999,Primates,,,,,,,,Cebus apella,,,apella,Acre,,-10.4569444444444,-68.8602777777778,,,Cebus apella,Sapajus apella,SYNONYM,sapajus apella|-10.46|-68.86,False
,S,420,Mammalia,ZEE_MAM,213,,,Brasil,Assis Brasil,,,-11.0333333333333,-70.25,-11.0333333333333,-70.25,Cebidae,,Cebus,,,unicolor,SEMA-Acre,Animalia,ESEC do Rio Acre; Rio Acre,,,,,2010-03-08T13:53:04,,,Livro: The status of conservation areas in the Brasilian Amazon - Rylands A.B. 1991,Primates,,,,,,,,Cebus albifrons unicolor,,,albifrons,Acre,,-11.0333333333333,-70.25,,,Cebus albifrons unicolor,Cebus unicolor,SYNONYM,cebus unicolor|-11.03|-70.25,False
,S,65,Mammalia,ZEE_MAM,213,,,Brasil,,,,-8.50666666666667,-72.8269444444445,-8.50666666666667,-72.8269444444445,Cebidae,,Cebus,,,unicolor,SEMA-Acre,Animalia,São Salvador,,,,,2010-03-08T13:53:04,,,Artigo: Alguns mamíferos do Acre Ocidental - Carvalho C.T. 1957,Primates,,,,,,,,Cebus albifrons unicolor,,,albifrons,Acre,,-8.50666666666667,-72.8269444444445,,,Cebus albifrons unicolor,Cebus unicolor,SYNONYM,cebus unicolor|-8.51|-72.83,False
,S,8209,Mammalia,ZEE_MAM,213,,,Brasil,,,,-8.66666666666667,-72.7833333333333,-8.66666666666667,-72.7833333333333,Cebidae,,Cebus,,,unicolor,SEMA-Acre,Animalia,,,,,,2010-03-08T13:53:04,,,Artigo: Primate community structure at twenty western Amazonian flooded and unflooded forests - Peres C.A. 1997,Primates,,,,,,,,Cebus albifrons unicolor,,,albifrons,Acre,,-8.66666666666667,-72.7833333333333,,,Cebus albifrons unicolor,Cebus unicolor,SYNONYM,cebus unicolor|-8.67|-72.78,False
,S,1121,Mammalia,ZEE_MAM,213,,,Brasil,Feijó,,,-9.35666666666667,-71.0166666666667,-9.35666666666667,-71.0166666666667,Cebidae,,Cebus,,,,SEMA-Acre,Animalia,Terra Indígena Jaminauá/Envira; Margem direita do Rio Envira- perto da foz do Rio Jaminauá e margem direita do Rio Jaminauá,,,,,2010-03-08T13:53:04,,,Relatório: Identificação e delimitação da Terra Indígena Kulina do Igarapé do Anjo que passou a se denominar Terra Indígena Jaminauá/Envira - Diógenes M.B. 1996,Primates,,,,,,,,Cebus apella,,,apella,Acre,,-9.35666666666667,-71.0166666666667,,,Cebus apella,Sapajus apella,SYNONYM,sapajus apella|-9.36|-71.02,False
,S,3925,Mammalia,ZEE_MAM,213,,,Brasil,Cruzeiro do Sul,,,-7.45888888888889,-73.7744444444444,-7.45888888888889,-73.7744444444444,Cebidae,,Cebus,,,,SEMA-Acre,Animalia,Parque Nacional da Serra do Divisor,,,,,2010-03-08T13:53:04,,,"Artigo : Riqueza de mamíferos de grande e médio porte do Parque Nacional da Serra do Divisor (Acre, Brasil) - Calouro A.M. 1999",Primates,,,,,,,,Cebus apella,,,apella,Acre,,-7.45888888888889,-73.7744444444444,,,Cebus apella,Sapajus apella,SYNONYM,sapajus apella|-7.46|-73.77,False
,S,3926,Mammalia,ZEE_MAM,213,,,Brasil,Cruzeiro do Sul,,,-7.43166666666667,-73.6611111111111,-7.43166666666667,-73.6611111111111,Cebidae,,Cebus,,,,SEMA-Acre,Animalia,Parque Nacional da Serra do Divisor,,,,,2010-03-08T13:53:04,,,"Artigo : Riqueza de mamíferos de grande e médio porte do Parque Nacional da Serra do Divisor (Acre, Brasil) - Calouro A.M. 1999",Primates,,,,,,,,Cebus apella,,,apella,Acre,,-7.43166666666667,-73.6611111111111,,,Cebus apella,Sapajus apella,SYNONYM,sapajus apella|-7.43|-73.66,False
,S,3927,Mammalia,ZEE_MAM,213,,,Brasil,Cruzeiro do Sul,,,-7.55666666666667,-73.2766666666667,-7.55666666666667,-73.2766666666667,Cebidae,,Cebus,,,,SEMA-Acre,Animalia,Parque Nacional da Serra do Divisor,,,,,2010-03-08T13:53:04,,,"Artigo : Riqueza de mamíferos de grande e médio porte do Parque Nacional da Serra do Divisor (Acre, Brasil) - Calouro A.M. 1999",Primates,,,,,,,,Cebus apella,,,apella,Acre,,-7.55666666666667,-73.2766666666667,,,Cebus apella,Sapajus apella,SYNONYM,sapajus apella|-7.56|-73.28,False
,S,3928,Mammalia,ZEE_MAM,213,,,Brasil,Cruzeiro do Sul,,,-8.55833333333333,-72.8833333333333,-8.55833333333333,-72.8833333333333,Cebidae,,Cebus,,,,SEMA-Acre,Animalia,Parque Nacional da Serra do Divisor,,,,,2010-03-08T13:53:04,,,"Artigo : Riqueza de mamíferos de grande e médio porte do Parque Nacional da Serra do Divisor (Acre, Brasil) - Calouro A.M. 1999",Primates,,,,,,,,Cebus apella,,,apella,Acre,,-8.55833333333333,-72.8833333333333,,,Cebus apella,Sapajus apella,SYNONYM,sapajus apella|-8.56|-72.88,False
,S,3929,Mammalia,ZEE_MAM,213,,,Brasil,Cruzeiro do Sul,,,-8.28083333333333,-73.2536111111111,-8.28083333333333,-73.2536111111111,Cebidae,,Cebus,,,,SEMA-Acre,Animalia,Parque Nacional da Serra do Divisor,,,,,2010-03-08T13:53:04,,,"Artigo : Riqueza de mamíferos de grande e médio porte do Parque Nacional da Serra do Divisor (Acre, Brasil) - Calouro A.M. 1999",Primates,,,,,,,,Cebus apella,,,apella,Acre,,-8.28083333333333,-73.2536111111111,,,Cebus apella,Sapajus apella,SYNONYM,sapajus apella|-8.28|-73.25,False
,S,5267,Mammalia,ZEE_MAM,213,,,Brasil,,,,-10.0927777777778,-68.0,-10.0927777777778,-68.0,Cebidae,,Cebus,,,,SEMA-Acre,Animalia,,,,,,2010-03-08T13:53:04,,,Dissertação: Caça de subsistência: sustentabilidade e padrões de uso entre seringueiros ribeirinhos e não-ribeirinhos do estado do Acre - Calouro A.M. 1995,Primates,,,,,,,,Cebus albifrons,,,albifrons,Acre,,-10.0927777777778,-68.0,,,Cebus albifrons,Cebus albifrons,ACCEPTED,cebus albifrons|-10.09|-68.0,False
,S,595,Mammalia,ZEE_MAM,213,,,Brasil,Rio Branco,,,-9.96666666666667,-67.8,-9.96666666666667,-67.8,Cebidae,,Cebus,,,,SEMA-Acre,Animalia,Bairro da Base; Rioa Acre,,,,,2010-03-08T13:53:04,,,Monografia: Levantamento preliminar de primatas cadastrados pelo IBAMA no município de Rio Branco - AC - Nóbrega M.F. 1997,Primates,,,,,,,,Cebus albifrons,,,albifrons,Acre,,-9.96666666666667,-67.8,,,Cebus albifrons,Cebus albifrons,ACCEPTED,cebus albifrons|-9.97|-67.8,False
,S,625,Mammalia,ZEE_MAM,213,,,Brasil,Bujari,,,-9.33333333333333,-68.25,-9.33333333333333,-68.25,Cebidae,,Cebus,,,,SEMA-Acre,Animalia,Floresta Estadual do Antimary; Rio Antimari,,,,,2010-03-08T13:53:04,,,Dissertação: Caça de subsistência: sustentabilidade e padrões de uso entre seringueiros ribeirinhos e não-ribeiinhos do estado do Acre - Calouro A.M. 1995,Primates,,,,,,,,Cebus albifrons,,,albifrons,Acre,,-9.33333333333333,-68.25,,,Cebus albifrons,Cebus albifrons,ACCEPTED,cebus albifrons|-9.33|-68.25,False
,S,7013,Mammalia,ZEE_MAM,213,,,Brasil,,,,-10.3969444444444,-68.8611111111111,-10.3969444444444,-68.8611111111111,Cebidae,,Cebus,,,,SEMA-Acre,Animalia,Trilha Venezuela,,,,,2010-03-08T13:53:04,,,Não publicado: A caça de Subsistência na Reserva Extrativista Chico Mendes/AC: caracterização- consumo e estratégias de caça. - Medeiros M.F.S.T. 1999,Primates,,,,,,,,Cebus albifrons,,,albifrons,Acre,,-10.3969444444444,-68.8611111111111,,,Cebus albifrons,Cebus albifrons,ACCEPTED,cebus albifrons|-10.4|-68.86,False
,S,8145,Mammalia,ZEE_MAM,213,,,Brasil,Bujari,,,-9.53333333333333,-68.0333333333333,-9.53333333333333,-68.0333333333333,Cebidae,,Cebus,,,,SEMA-Acre,Animalia,Floresta Estadual do Antimary; Rio Antimari,,,,,2010-03-08T13:53:04,,,"Artigo: Caracterização de habitats para monitoramento de primatas na Floresta Estadual de Antimary (Acre, Brasil) - Calouro A.M. - Pires J.S.R. 2004",Primates,,,,,,,,Cebus albifrons,,,albifrons,Acre,,-9.53333333333333,-68.0333333333333,,,Cebus albifrons,Cebus albifrons,ACCEPTED,cebus albifrons|-9.53|-68.03,False
,S,8338,Mammalia,ZEE_MAM,213,,282365.0,Brasil,Sena Madureira,,,-9.065951,-68.657424,-9.065951,-68.657424,Cebidae,,Cebus,,,,SEMA-Acre,Animalia,Seringal Ouro,,,,,2010-03-08T13:53:04,,,"Artigo: Malária simiana no Estado do Acre, Brasil: Encontro de macacos zogue-zogue, Callicebus moloch cupreus, infetados com Plasmodium brasilianum - Ferreira Neto J.A.- Deane L.M. - Almeida F.B. 1972",Primates,,,,,,,,Cebus albifrons,,,albifrons,Acre,,0.0,0.0,,,Cebus albifrons,Cebus albifrons,ACCEPTED,cebus albifrons|-9.07|-68.66,False
,S,8359,Mammalia,ZEE_MAM,213,,,Brasil,Cruzeiro do Sul,,,-7.64777777777778,-72.67,-7.64777777777778,-72.67,Cebidae,,Cebus,,,,SEMA-Acre,Animalia,,,,,,2010-03-08T13:53:04,,,"Artigo: Novos hospedeiros do Plasmodium brasilianum no Estado do Acre, Brasil: o uacari Cacajao rubicundus rubicundus, o guariba Alouatta seniculus seniculus e o macaco barrigudo Lagothrix lagothrix poeppigii - Ferreira Neto J.A. - Deane L.M. 1973",Primates,,,,,,,,Cebus albifrons,,,albifrons,Acre,,-7.64777777777778,-72.67,,,Cebus albifrons,Cebus albifrons,ACCEPTED,cebus albifrons|-7.65|-72.67,False
,S,8494,Mammalia,ZEE_MAM,213,,,Brasil,Mâncio Lima,,,-7.38333333333333,-73.2666666666667,-7.38333333333333,-73.2666666666667,Cebidae,,Cebus,,,,SEMA-Acre,Animalia,Seringal São Salvador; Rio Moa,,,,,2010-03-08T13:53:04,,,Livro: A fauna silvestre e as práticas de caça - Fragoso J.M.V- Santos M.C.- Nascimento V.M.L 2002,Primates,,,,,,,,Cebus albifrons,,,albifrons,Acre,,-7.38333333333333,-73.2666666666667,,,Cebus albifrons,Cebus albifrons,ACCEPTED,cebus albifrons|-7.38|-73.27,False
,S,956,Mammalia,ZEE_MAM,213,,,Brasil,Sena Madureira,,,-10.0,-69.75,-10.0,-69.75,Cebidae,,Cebus,,,,SEMA-Acre,Animalia,FLONA Macauã; Rio Macauã- afluente do Rio Iaco componente da bacia do Rio Purus,,,,,2010-03-08T13:53:04,,,Relatório: Contribuição ao programa de manejo de uso múltiplo da Floresta Nacional do Macauã - CTA- IBAMA - ITTO 1998,Primates,,,,,,,,Cebus albifrons,,,albifrons,Acre,,-10.0,-69.75,,,Cebus albifrons,Cebus albifrons,ACCEPTED,cebus albifrons|-10.0|-69.75,False
,S,1136,Mammalia,ZEE_MAM,213,,,Brasil,Feijó,,,-9.52305555555555,-71.6638888888889,-9.52305555555555,-71.6638888888889,Cebidae,,Cebus,,,,SEMA-Acre,Animalia,Terra Indígena Kampa do Rio Envira; Rio Envira,,,,,2010-03-08T13:53:04,,,Relatório: Análise ambiental complementar sobre a terra indígena Kampa e isolados do Rio Envira - Ferreira L.A. 1996,Primates,,,,,,,,Cebus albifrons,,,albifrons,Acre,,-9.52305555555555,-71.6638888888889,,,Cebus albifrons,Cebus albifrons,ACCEPTED,cebus albifrons|-9.52|-71.66,False
,S,1146,Mammalia,ZEE_MAM,213,,,Brasil,Rio Branco,,,-10.0927777777778,-68.0,-10.0927777777778,-68.0,Cebidae,,Cebus,,,,SEMA-Acre,Animalia,Fazenda Boa União; Rio Acre,,,,,2010-03-08T13:53:04,,,Dissertação: A caça de subsistência de extrativistas na Amazônia: sustentabilidade- biodiversidade e extinção de espécies - Martins E. 1993,Primates,,,,,,,,Cebus albifrons,,,albifrons,Acre,,-10.0927777777778,-68.0,,,Cebus albifrons,Cebus albifrons,ACCEPTED,cebus albifrons|-10.09|-68.0,False
,S,4047,Mammalia,ZEE_MAM,213,,,Brasil,Rio Branco,,,-10.0666666666667,-67.6166666666667,-10.0666666666667,-67.6166666666667,Cebidae,,Cebus,,,,SEMA-Acre,Animalia,Fazenda Experimental Catuaba; Rioa Acre,,,,,2010-03-08T13:53:04,,,Relatório: Estimativa das densidades das espécies de primatas da Fazenda Experimental Catuaba - Chaves W.A. 1999,Primates,,,,,,,,Cebus albifrons,,,albifrons,Acre,,-10.0666666666667,-67.6166666666667,,,Cebus albifrons,Cebus albifrons,ACCEPTED,cebus albifrons|-10.07|-67.62,False
,S,5266,Mammalia,ZEE_MAM,213,,,Brasil,,,,-9.25,-68.725,-9.25,-68.725,Cebidae,,Cebus,,,,SEMA-Acre,Animalia,,,,,,2010-03-08T13:53:04,,,Dissertação: Caça de subsistência: sustentabilidade e padrões de uso entre seringueiros ribeirinhos e não-ribeirinhos do estado do Acre - Calouro A.M. 1995,Primates,,,,,,,,Cebus albifrons,,,albifrons,Acre,,-9.25,-68.725,,,Cebus albifrons,Cebus albifrons,ACCEPTED,cebus albifrons|-9.25|-68.72,False
,S,46,Mammalia,ZEE_MAM,213,,,Brasil,,,,-10.0777777777778,-67.5333333333333,-10.0777777777778,-67.5333333333333,Cebidae,,Callicebus,,,acreanus,SEMA-Acre,Animalia,Iquiri; Acima do Rio Purus,,,,,2010-03-08T13:53:04,,,Artigo: Titis- new world monkeys of the genus Callicebus (Cebidae- Platyrrhini): a preliminary taxonomic review - Hershokovitz P. 1990,Primates,,,,,,,,Callicebus cupreus acreanus,,,cupreus,Acre,,-10.0777777777778,-67.5333333333333,,,Callicebus cupreus acreanus,Plecturocebus cupreus,SYNONYM,plecturocebus cupreus|-10.08|-67.53,False
,S,91,Mammalia,ZEE_MAM,213,,,Brasil,,,,-10.0777777777778,-67.5333333333333,-10.0777777777778,-67.5333333333333,Cebidae,,Callicebus,,,acreanus,SEMA-Acre,Animalia,Iquiri; Iquiri,,,,,2010-03-08T13:53:04,,,Artigo: Resultados de uma expedição científica ao território do Acre: mamíferos - Vieira C.C. 1952,Primates,,,,,,,,Callicebus cupreus acreanus,,,cupreus,Acre,,-10.0777777777778,-67.5333333333333,,,Callicebus cupreus acreanus,Plecturocebus cupreus,SYNONYM,plecturocebus cupreus|-10.08|-67.53,False
,S,399,Mammalia,ZEE_MAM,213,,,Brasil,Cruzeiro do Sul,,,-7.50611111111111,-73.7013888888889,-7.50611111111111,-73.7013888888889,Cebidae,,Callicebus,,,,SEMA-Acre,Animalia,Parque Nacional da Serra do Divisor,,,,,2010-03-08T13:53:04,,,Livro: The status of conservation areas in the Brasilian Amazon - Rylands A.B. 1991,Primates,,,,,,,,Callicebus caligatus,,,caligatus,Acre,,-7.50611111111111,-73.7013888888889,,,Callicebus caligatus,Plecturocebus caligatus,SYNONYM,plecturocebus caligatus|-7.51|-73.7,False
,S,50,Mammalia,ZEE_MAM,213,,75100.0,Brasil,Xapuri,,,-10.652065,-68.504925,-10.652065,-68.504925,Cebidae,,Callicebus,,,,SEMA-Acre,Animalia,,,,,,2010-03-08T13:53:04,,,Artigo: Titis- new world monkeys of the genus Callicebus (Cebidae- Platyrrhini): a preliminary taxonomic review - Hershokovitz P. 1990,Primates,,,,,,,,Callicebus caligatus,,,caligatus,Acre,,0.0,0.0,,,Callicebus caligatus,Plecturocebus caligatus,SYNONYM,plecturocebus caligatus|-10.65|-68.5,False
,S,8135,Mammalia,ZEE_MAM,213,,,Brasil,,,,-7.45,-73.6,-7.45,-73.6,Cebidae,,Callicebus,,,,SEMA-Acre,Animalia,Parque Nacional da Serra do Divisor; Rio Juruá Mirim,,,,,2010-03-08T13:53:04,,,"Artigo: Observations of Callimico goeldii with Saguinus imperator in the Serra do Divisor National Park, Acre, Barzil - Lopes M.A.O.A. - Rehg J.A. 2003",Primates,,,,,,,,Callicebus caligatus,,,caligatus,Acre,,-7.45,-73.6,,,Callicebus caligatus,Plecturocebus caligatus,SYNONYM,plecturocebus caligatus|-7.45|-73.6,False
,S,562,Mammalia,ZEE_MAM,213,,,Brasil,Cruzeiro do Sul,,,-7.43166666666667,-73.6611111111111,-7.43166666666667,-73.6611111111111,Cebidae,,Cacajao,,,rubicundus,SEMA-Acre,Animalia,Parque Nacional da Serra do Divisor; Igarapé Ramon- margem direita,,,,,2010-03-08T13:53:04,,,"Artigo : Riqueza de mamíferos de grande e médio porte do Parque Nacional da Serra do Divisor (Acre, Brasil) - Calouro A.M. 1999",Primates,,,,,,,,Cacajao calvus rubicundus,,,calvus,Acre,,-7.43166666666667,-73.6611111111111,,,Cacajao calvus rubicundus,Cacajao calvus,ACCEPTED,cacajao calvus|-7.43|-73.66,False
,S,8132,Mammalia,ZEE_MAM,213,,,Brasil,,,,-7.45,-73.6,-7.45,-73.6,Cebidae,,Cacajao,,,rubicundus,SEMA-Acre,Animalia,Parque Nacional da Serra do Divisor; Rio Juruá Mirim,,,,,2010-03-08T13:53:04,,,"Artigo: Observations of Callimico goeldii with Saguinus imperator in the Serra do Divisor National Park, Acre, Barzil - Lopes M.A.O.A. - Rehg J.A. 2003",Primates,,,,,,,,Cacajao calvus rubicundus,,,calvus,Acre,,-7.45,-73.6,,,Cacajao calvus rubicundus,Cacajao calvus,ACCEPTED,cacajao calvus|-7.45|-73.6,False
,S,8356,Mammalia,ZEE_MAM,213,,,Brasil,Cruzeiro do Sul,,,-7.64777777777778,-72.67,-7.64777777777778,-72.67,Cebidae,,Cacajao,,,rubicundus,SEMA-Acre,Animalia,,,,,,2010-03-08T13:53:04,,,"Artigo: Novos hospedeiros do Plasmodium brasilianum no Estado do Acre, Brasil: o uacari Cacajao rubicundus rubicundus, o guariba Alouatta seniculus seniculus e o macaco barrigudo Lagothrix lagothrix poeppigii - Ferreira Neto J.A. - Deane L.M. 1973",Primates,,,,,,,,Cacajao calvus rubicundus,,,calvus,Acre,,-7.64777777777778,-72.67,,,Cacajao calvus rubicundus,Cacajao calvus,ACCEPTED,cacajao calvus|-7.65|-72.67,False
,S,930,Mammalia,ZEE_MAM,213,,170168.0,Brasil,Tarauacá,,,-8.161779,-70.766041,-8.161779,-70.766041,Cebidae,,Cacajao,,,rubicundus,SEMA-Acre,Animalia,Terra Indígena; Rio Acurauá,,,,,2010-03-08T13:53:04,,,Monografia: Distribuição de primatas não-humanos no Estado do Acre e vizinhanças: um estudo preliminar - Fernandes M.C.A.G. 1990,Primates,,,,,,,,Cacajao calvus rubicundus,,,calvus,Acre,,0.0,0.0,,,Cacajao calvus rubicundus,Cacajao calvus,ACCEPTED,cacajao calvus|-8.16|-70.77,False
,S,933,Mammalia,ZEE_MAM,213,,,Brasil,Rio Branco,,,-9.96666666666667,-67.8,-9.96666666666667,-67.8,Cebidae,,Cacajao,,,rubicundus,SEMA-Acre,Animalia,Rio Branco; Rioa Acre,,,,,2010-03-08T13:53:04,,,Monografia: Distribuição de primatas não-humanos no Estado do Acre e vizinhanças: um estudo preliminar - Fernandes M.C.A.G. 1990,Primates,,,,,,,,Cacajao calvus rubicundus,,,calvus,Acre,,-9.96666666666667,-67.8,,,Cacajao calvus rubicundus,Cacajao calvus,ACCEPTED,cacajao calvus|-9.97|-67.8,False
,S,45,Mammalia,ZEE_MAM,213,,282365.0,Brasil,Sena Madureira,,,-9.065951,-68.657424,-9.065951,-68.657424,Cebidae,,Callicebus,,,,SEMA-Acre,Animalia,Meio e acima da bacia do Rio Madeira; Bacia do Rio Madeira,,,,,2010-03-08T13:53:04,,,Artigo: Titis- new world monkeys of the genus Callicebus (Cebidae- Platyrrhini): a preliminary taxonomic review - Hershokovitz P. 1990,Primates,,,,,,,,Callicebus brunneus,,,brunneus,Acre,,0.0,0.0,,,Callicebus brunneus,Plecturocebus brunneus,SYNONYM,plecturocebus brunneus|-9.07|-68.66,False
,S,884,Mammalia,ZEE_MAM,213,,124133.0,Brasil,Cruzeiro do Sul,,,-7.631498,-72.67049,-7.631498,-72.67049,Cebidae,,Ateles,,,,SEMA-Acre,Animalia,Seringal República; Rio Moa,,,,,2010-03-08T13:53:04,,,Monografia: Distribuição de primatas não-humanos no Estado do Acre e vizinhanças: um estudo preliminar - Fernandes M.C.A.G. 1990,Primates,,,,,,,,Ateles chamek,,,chamek,Acre,,0.0,0.0,,,Ateles chamek,Ateles chamek,ACCEPTED,ateles chamek|-7.63|-72.67,False
,S,1097,Mammalia,ZEE_MAM,213,,,Brasil,Cruzeiro do Sul,,,-7.64777777777778,-72.67,-7.64777777777778,-72.67,Cebidae,,Cacajao,,,rubicundus,SEMA-Acre,Animalia,,,,,,2010-03-08T13:53:04,,,Relatório: Estudo da distribuição geográfica de espécies de mamíferos como subsídio para o zoneamento agroecológico do Estado do Acre - IMAC 1992,Primates,,,,,,,,Cacajao calvus rubicundus,,,calvus,Acre,,-7.64777777777778,-72.67,,,Cacajao calvus rubicundus,Cacajao calvus,ACCEPTED,cacajao calvus|-7.65|-72.67,False
,S,3355,Mammalia,ZEE_MAM,213,,,Brasil,Rio Branco,,,-9.96666666666667,-67.8,-9.96666666666667,-67.8,Cebidae,,Cacajao,,,rubicundus,SEMA-Acre,Animalia,Rio Branco; Rioa Acre,,,,,2010-03-08T13:53:04,,,Monografia: Levantamento de Animais Silvestres em Cativeiro na Cidade de Rio Branco - Acre. - Silva M.F.A 1985,Primates,,,,,,,,Cacajao calvus rubicundus,,,calvus,Acre,,-9.96666666666667,-67.8,,,Cacajao calvus rubicundus,Cacajao calvus,ACCEPTED,cacajao calvus|-9.97|-67.8,False
,S,523,Mammalia,ZEE_MAM,213,,,Brasil,Cruzeiro do Sul,,,-7.43166666666667,-73.6611111111111,-7.43166666666667,-73.6611111111111,Cebidae,,Ateles,,,,SEMA-Acre,Animalia,Parque Nacional da Serra do Divisor; Igarapé Anil,,,,,2010-03-08T13:53:04,,,"Artigo : Riqueza de mamíferos de grande e médio porte do Parque Nacional da Serra do Divisor (Acre, Brasil) - Calouro A.M. 1999",Primates,,,,,,,,Ateles chamek,,,chamek,Acre,,-7.43166666666667,-73.6611111111111,,,Ateles chamek,Ateles chamek,ACCEPTED,ateles chamek|-7.43|-73.66,False
,S,5272,Mammalia,ZEE_MAM,213,,,Brasil,,,,-9.25,-68.725,-9.25,-68.725,Cebidae,,Ateles,,,,SEMA-Acre,Animalia,,,,,,2010-03-08T13:53:04,,,Dissertação: Caça de subsistência: sustentabilidade e padrões de uso entre seringueiros ribeirinhos e não-ribeirinhos do estado do Acre - Calouro A.M. 1995,Primates,,,,,,,,Ateles chamek,,,chamek,Acre,,-9.25,-68.725,,,Ateles chamek,Ateles chamek,ACCEPTED,ateles chamek|-9.25|-68.72,False
,S,593,Mammalia,ZEE_MAM,213,,,Brasil,Rio Branco,,,-9.96666666666667,-67.8,-9.96666666666667,-67.8,Cebidae,,Ateles,,,,SEMA-Acre,Animalia,Bairro Centro; Rioa Acre,,,,,2010-03-08T13:53:04,,,Monografia: Levantamento preliminar de primatas cadastrados pelo IBAMA no município de Rio Branco - AC - Nóbrega M.F. 1997,Primates,,,,,,,,Ateles chamek,,,chamek,Acre,,-9.96666666666667,-67.8,,,Ateles chamek,Ateles chamek,ACCEPTED,ateles chamek|-9.97|-67.8,False
,S,8131,Mammalia,ZEE_MAM,213,,,Brasil,,,,-7.45,-73.6,-7.45,-73.6,Cebidae,,Ateles,,,,SEMA-Acre,Animalia,Parque Nacional da Serra do Divisor; Rio Juruá Mirim,,,,,2010-03-08T13:53:04,,,"Artigo: Observations of Callimico goeldii with Saguinus imperator in the Serra do Divisor National Park, Acre, Barzil - Lopes M.A.O.A. - Rehg J.A. 2003",Primates,,,,,,,,Ateles chamek,,,chamek,Acre,,-7.45,-73.6,,,Ateles chamek,Ateles chamek,ACCEPTED,ateles chamek|-7.45|-73.6,False
,S,8211,Mammalia,ZEE_MAM,213,,,Brasil,,,,-8.66666666666667,-72.7833333333333,-8.66666666666667,-72.7833333333333,Cebidae,,Ateles,,,,SEMA-Acre,Animalia,,,,,,2010-03-08T13:53:04,,,Artigo: Primate community structure at twenty western Amazonian flooded and unflooded forests - Peres C.A. 1997,Primates,,,,,,,,Ateles chamek,,,chamek,Acre,,-8.66666666666667,-72.7833333333333,,,Ateles chamek,Ateles chamek,ACCEPTED,ateles chamek|-8.67|-72.78,False
,S,8512,Mammalia,ZEE_MAM,213,,,Brasil,Mâncio Lima,,,-7.38333333333333,-73.2666666666667,-7.38333333333333,-73.2666666666667,Cebidae,,Ateles,,,,SEMA-Acre,Animalia,Seringal São Salvador; Rio Moa,,,,,2010-03-08T13:53:04,,,Livro: A fauna silvestre e as práticas de caça - Fragoso J.M.V- Santos M.C.- Nascimento V.M.L 2002,Primates,,,,,,,,Ateles chamek,,,chamek,Acre,,-7.38333333333333,-73.2666666666667,,,Ateles chamek,Ateles chamek,ACCEPTED,ateles chamek|-7.38|-73.27,False
,S,863,Mammalia,ZEE_MAM,213,,124133.0,Brasil,Cruzeiro do Sul,,,-7.631498,-72.67049,-7.631498,-72.67049,Cebidae,,Aotus,,,,SEMA-Acre,Animalia,Seringal República; Rio Moa,,,,,2010-03-08T13:52:53,,,Monografia: Distribuição de primatas não-humanos no Estado do Acre e vizinhanças: um estudo preliminar - Fernandes M.C.A.G. 1990,Primates,,,,,,,,Aotus nigriceps,,,nigriceps,Acre,,0.0,0.0,,,Aotus nigriceps,Aotus nigriceps,ACCEPTED,aotus nigriceps|-7.63|-72.67,False
,S,867,Mammalia,ZEE_MAM,213,,282365.0,Brasil,Sena Madureira,,,-9.065951,-68.657424,-9.065951,-68.657424,Cebidae,,Aotus,,,,SEMA-Acre,Animalia,Sena Madureira,,,,,2010-03-08T13:52:53,,,Monografia: Distribuição de primatas não-humanos no Estado do Acre e vizinhanças: um estudo preliminar - Fernandes M.C.A.G. 1990,Primates,,,,,,,,Aotus nigriceps,,,nigriceps,Acre,,0.0,0.0,,,Aotus nigriceps,Aotus nigriceps,ACCEPTED,aotus nigriceps|-9.07|-68.66,False
,S,868,Mammalia,ZEE_MAM,213,,230921.0,Brasil,Manoel Urbano,,,-8.839282,-69.260203,-8.839282,-69.260203,Cebidae,,Aotus,,,,SEMA-Acre,Animalia,Manoel Urbano,,,,,2010-03-08T13:52:53,,,Monografia: Distribuição de primatas não-humanos no Estado do Acre e vizinhanças: um estudo preliminar - Fernandes M.C.A.G. 1990,Primates,,,,,,,,Aotus nigriceps,,,nigriceps,Acre,,0.0,0.0,,,Aotus nigriceps,Aotus nigriceps,ACCEPTED,aotus nigriceps|-8.84|-69.26,False
,S,869,Mammalia,ZEE_MAM,213,,121518.0,Brasil,Mâncio Lima,,,-7.614554,-72.896324,-7.614554,-72.896324,Cebidae,,Aotus,,,,SEMA-Acre,Animalia,Mâncio Lima,,,,,2010-03-08T13:52:53,,,Monografia: Distribuição de primatas não-humanos no Estado do Acre e vizinhanças: um estudo preliminar - Fernandes M.C.A.G. 1990,Primates,,,,,,,,Aotus nigriceps,,,nigriceps,Acre,,0.0,0.0,,,Aotus nigriceps,Aotus nigriceps,ACCEPTED,aotus nigriceps|-7.61|-72.9,False
,S,368,Mammalia,ZEE_MAM,213,,,Brasil,Assis Brasil,,,-11.0333333333333,-70.25,-11.0333333333333,-70.25,Cebidae,,Ateles,,,,SEMA-Acre,Animalia,ESEC do Rio Acre; Rio Acre,,,,,2010-03-08T13:53:04,,,Artigo: Spider monkeys in captivity and the wild - Konstant W.- Mittermeier R.A. - Nash S.D. 1985,Primates,,,,,,,,Ateles chamek,,,chamek,Acre,,-11.0333333333333,-70.25,,,Ateles chamek,Ateles chamek,ACCEPTED,ateles chamek|-11.03|-70.25,False
,S,423,Mammalia,ZEE_MAM,213,,,Brasil,Assis Brasil,,,-11.0333333333333,-70.25,-11.0333333333333,-70.25,Cebidae,,Ateles,,,,SEMA-Acre,Animalia,ESEC do Rio Acre; Rio Acre,,,,,2010-03-08T13:53:04,,,Livro: The status of conservation areas in the Brasilian Amazon - Rylands A.B. 1991,Primates,,,,,,,,Ateles chamek,,,chamek,Acre,,-11.0333333333333,-70.25,,,Ateles chamek,Ateles chamek,ACCEPTED,ateles chamek|-11.03|-70.25,False
,S,851,Mammalia,ZEE_MAM,213,,58663.0,Brasil,Plácido de Castro,,,-10.335677,-67.186032,-10.335677,-67.186032,Cebidae,,Aotus,,,,SEMA-Acre,Animalia,Propriedade rural- AC-401- km 6- ramal lado esquerdo (1 km),,,,,2010-03-08T13:52:53,,,Monografia: Distribuição de primatas não-humanos no Estado do Acre e vizinhanças: um estudo preliminar - Fernandes M.C.A.G. 1990,Primates,,,,,,,,Aotus nigriceps,,,nigriceps,Acre,,0.0,0.0,,,Aotus nigriceps,Aotus nigriceps,ACCEPTED,aotus nigriceps|-10.34|-67.19,False
,S,857,Mammalia,ZEE_MAM,213,,170168.0,Brasil,Tarauacá,,,-8.161779,-70.766041,-8.161779,-70.766041,Cebidae,,Aotus,,,,SEMA-Acre,Animalia,Terra Indígena; Rio Gregório,,,,,2010-03-08T13:52:53,,,Monografia: Distribuição de primatas não-humanos no Estado do Acre e vizinhanças: um estudo preliminar - Fernandes M.C.A.G. 1990,Primates,,,,,,,,Aotus nigriceps,,,nigriceps,Acre,,0.0,0.0,,,Aotus nigriceps,Aotus nigriceps,ACCEPTED,aotus nigriceps|-8.16|-70.77,False
,S,8129,Mammalia,ZEE_MAM,213,,,Brasil,,,,-7.45,-73.6,-7.45,-73.6,Cebidae,,Aotus,,,,SEMA-Acre,Animalia,Parque Nacional da Serra do Divisor; Rio Juruá Mirim,,,,,2010-03-08T13:52:53,,,"Artigo: Observations of Callimico goeldii with Saguinus imperator in the Serra do Divisor National Park, Acre, Barzil - Lopes M.A.O.A. - Rehg J.A. 2003",Primates,,,,,,,,Aotus nigriceps,,,nigriceps,Acre,,-7.45,-73.6,,,Aotus nigriceps,Aotus nigriceps,ACCEPTED,aotus nigriceps|-7.45|-73.6,False
,S,8205,Mammalia,ZEE_MAM,213,,,Brasil,,,,-8.66666666666667,-72.7833333333333,-8.66666666666667,-72.7833333333333,Cebidae,,Aotus,,,,SEMA-Acre,Animalia,,,,,,2010-03-08T13:52:53,,,Artigo: Primate community structure at twenty western Amazonian flooded and unflooded forests - Peres C.A. 1997,Primates,,,,,,,,Aotus nigriceps,,,nigriceps,Acre,,-8.66666666666667,-72.7833333333333,,,Aotus nigriceps,Aotus nigriceps,ACCEPTED,aotus nigriceps|-8.67|-72.78,False
,S,826,Mammalia,ZEE_MAM,213,,178429.0,Brasil,Rio Branco,,,-9.97512,-67.810478,-9.97512,-67.810478,Cebidae,,Aotus,,,,SEMA-Acre,Animalia,Estrada do Mutum; Rioa Acre,,,,,2010-03-08T13:52:53,,,Monografia: Distribuição de primatas não-humanos no Estado do Acre e vizinhanças: um estudo preliminar - Fernandes M.C.A.G. 1990,Primates,,,,,,,,Aotus nigriceps,,,nigriceps,Acre,,0.0,0.0,,,Aotus nigriceps,Aotus nigriceps,ACCEPTED,aotus nigriceps|-9.98|-67.81,False
,S,827,Mammalia,ZEE_MAM,213,,,Brasil,Plácido de Castro,,,-10.2861111111111,-67.1444444444444,-10.2861111111111,-67.1444444444444,Cebidae,,Aotus,,,,SEMA-Acre,Animalia,Plácido de Castro,,,,,2010-03-08T13:52:53,,,Monografia: Distribuição de primatas não-humanos no Estado do Acre e vizinhanças: um estudo preliminar - Fernandes M.C.A.G. 1990,Primates,,,,,,,,Aotus nigriceps,,,nigriceps,Acre,,-10.2861111111111,-67.1444444444444,,,Aotus nigriceps,Aotus nigriceps,ACCEPTED,aotus nigriceps|-10.29|-67.14,False
,S,8329,Mammalia,ZEE_MAM,213,,178429.0,Brasil,Rio Branco,,,-9.97512,-67.810478,-9.97512,-67.810478,Cebidae,,Aotus,,,,SEMA-Acre,Animalia,Rio Branco (Estrada de Porto Acre); Rioa Acre,,,,,2010-03-08T13:52:53,,,"Artigo: Malária simiana no Estado do Acre, Brasil: Encontro de macacos zogue-zogue, Callicebus moloch cupreus, infetados com Plasmodium brasilianum - Ferreira Neto J.A.- Deane L.M. - Almeida F.B. 1972",Primates,,,,,,,,Aotus nigriceps,,,nigriceps,Acre,,0.0,0.0,,,Aotus nigriceps,Aotus nigriceps,ACCEPTED,aotus nigriceps|-9.98|-67.81,False
,S,3959,Mammalia,ZEE_MAM,213,,,Brasil,Cruzeiro do Sul,,,-7.45888888888889,-73.7744444444444,-7.45888888888889,-73.7744444444444,Cebidae,,Aotus,,,,SEMA-Acre,Animalia,Parque Nacional da Serra do Divisor,,,,,2010-03-08T13:52:53,,,"Artigo : Riqueza de mamíferos de grande e médio porte do Parque Nacional da Serra do Divisor (Acre, Brasil) - Calouro A.M. 1999",Primates,,,,,,,,Aotus nigriceps,,,nigriceps,Acre,,-7.45888888888889,-73.7744444444444,,,Aotus nigriceps,Aotus nigriceps,ACCEPTED,aotus nigriceps|-7.46|-73.77,False
,S,3960,Mammalia,ZEE_MAM,213,,,Brasil,Cruzeiro do Sul,,,-7.43166666666667,-73.6611111111111,-7.43166666666667,-73.6611111111111,Cebidae,,Aotus,,,,SEMA-Acre,Animalia,Parque Nacional da Serra do Divisor,,,,,2010-03-08T13:52:53,,,"Artigo : Riqueza de mamíferos de grande e médio porte do Parque Nacional da Serra do Divisor (Acre, Brasil) - Calouro A.M. 1999",Primates,,,,,,,,Aotus nigriceps,,,nigriceps,Acre,,-7.43166666666667,-73.6611111111111,,,Aotus nigriceps,Aotus nigriceps,ACCEPTED,aotus nigriceps|-7.43|-73.66,False
,S,3963,Mammalia,ZEE_MAM,213,,,Brasil,Cruzeiro do Sul,,,-8.40527777777778,-72.8577777777778,-8.40527777777778,-72.8577777777778,Cebidae,,Aotus,,,,SEMA-Acre,Animalia,Parque Nacional da Serra do Divisor,,,,,2010-03-08T13:52:53,,,"Artigo : Riqueza de mamíferos de grande e médio porte do Parque Nacional da Serra do Divisor (Acre, Brasil) - Calouro A.M. 1999",Primates,,,,,,,,Aotus nigriceps,,,nigriceps,Acre,,-8.40527777777778,-72.8577777777778,,,Aotus nigriceps,Aotus nigriceps,ACCEPTED,aotus nigriceps|-8.41|-72.86,False
,S,525,Mammalia,ZEE_MAM,213,,,Brasil,Cruzeiro do Sul,,,-7.50611111111111,-73.7013888888889,-7.50611111111111,-73.7013888888889,Cebidae,,Aotus,,,,SEMA-Acre,Animalia,Parque Nacional da Serra do Divisor,,,,,2010-03-08T13:52:53,,,"Artigo : Riqueza de mamíferos de grande e médio porte do Parque Nacional da Serra do Divisor (Acre, Brasil) - Calouro A.M. 1999",Primates,,,,,,,,Aotus nigriceps,,,nigriceps,Acre,,-7.50611111111111,-73.7013888888889,,,Aotus nigriceps,Aotus nigriceps,ACCEPTED,aotus nigriceps|-7.51|-73.7,False
,S,597,Mammalia,ZEE_MAM,213,,,Brasil,Rio Branco,,,-9.96666666666667,-67.8,-9.96666666666667,-67.8,Cebidae,,Aotus,,,,SEMA-Acre,Animalia,Bairro Procon; Rioa Acre,,,,,2010-03-08T13:52:53,,,Monografia: Levantamento preliminar de primatas cadastrados pelo IBAMA no município de Rio Branco - AC - Nóbrega M.F. 1997,Primates,,,,,,,,Aotus nigriceps,,,nigriceps,Acre,,-9.96666666666667,-67.8,,,Aotus nigriceps,Aotus nigriceps,ACCEPTED,aotus nigriceps|-9.97|-67.8,False
,S,654,Mammalia,ZEE_MAM,213,,,Brasil,Rio Branco,,,-10.1333333333333,-67.5833333333333,-10.1333333333333,-67.5833333333333,Cebidae,,Aotus,,,,SEMA-Acre,Animalia,Parque Ambiental Chico Mendes; Rioa Acre,,,,,2010-03-08T13:52:53,,,Relatório: Enriquecimento de capoeiras com espécies vegetais utilizadas por primatas - Silva M.C.R. 1998,Primates,,,,,,,,Aotus nigriceps,,,nigriceps,Acre,,-10.1333333333333,-67.5833333333333,,,Aotus nigriceps,Aotus nigriceps,ACCEPTED,aotus nigriceps|-10.13|-67.58,False
,S,8343,Mammalia,ZEE_MAM,213,,75100.0,Brasil,Xapuri,,,-10.652065,-68.504925,-10.652065,-68.504925,Cebidae,,Alouatta,,,,SEMA-Acre,Animalia,Seringais Macuripe e Nova Vida,,,,,2010-03-08T13:52:53,,,"Artigo: Malária simiana no Estado do Acre, Brasil: Encontro de macacos zogue-zogue, Callicebus moloch cupreus, infetados com Plasmodium brasilianum - Ferreira Neto J.A.- Deane L.M. - Almeida F.B. 1972",Primates,,,,,,,,Alouatta seniculus,,,seniculus,Acre,,0.0,0.0,,,Alouatta seniculus,Alouatta seniculus,ACCEPTED,alouatta seniculus|-10.65|-68.5,False
,S,8357,Mammalia,ZEE_MAM,213,,,Brasil,Cruzeiro do Sul,,,-7.64777777777778,-72.67,-7.64777777777778,-72.67,Cebidae,,Alouatta,,,,SEMA-Acre,Animalia,,,,,,2010-03-08T13:52:53,,,"Artigo: Novos hospedeiros do Plasmodium brasilianum no Estado do Acre, Brasil: o uacari Cacajao rubicundus rubicundus, o guariba Alouatta seniculus seniculus e o macaco barrigudo Lagothrix lagothrix poeppigii - Ferreira Neto J.A. - Deane L.M. 1973",Primates,,,,,,,,Alouatta seniculus,,,seniculus,Acre,,-7.64777777777778,-72.67,,,Alouatta seniculus,Alouatta seniculus,ACCEPTED,alouatta seniculus|-7.65|-72.67,False
,S,8501,Mammalia,ZEE_MAM,213,,,Brasil,Mâncio Lima,,,-7.38333333333333,-73.2666666666667,-7.38333333333333,-73.2666666666667,Cebidae,,Alouatta,,,,SEMA-Acre,Animalia,Seringal São Salvador; Rio Moa,,,,,2010-03-08T13:52:53,,,Livro: A fauna silvestre e as práticas de caça - Fragoso J.M.V- Santos M.C.- Nascimento V.M.L 2002,Primates,,,,,,,,Alouatta seniculus,,,seniculus,Acre,,-7.38333333333333,-73.2666666666667,,,Alouatta seniculus,Alouatta seniculus,ACCEPTED,alouatta seniculus|-7.38|-73.27,False
,S,8546,Mammalia,ZEE_MAM,213,,,Brasil,Bujari,,,-9.53333333333333,-68.0333333333333,-9.53333333333333,-68.0333333333333,Cebidae,,Alouatta,,,,SEMA-Acre,Animalia,Floresta Estadual do Antimary; Rio Antimari,,,,,2010-03-08T13:52:53,,,"Artigo: Conteúdos estomacais de Alouatta seniculus (Primates: Atelidae) no Acre, Brasil - Diógenes M.B. - Calouro A.M. 2004",Primates,,,,,,,,Alouatta seniculus,,,seniculus,Acre,,-9.53333333333333,-68.0333333333333,,,Alouatta seniculus,Alouatta seniculus,ACCEPTED,alouatta seniculus|-9.53|-68.03,False
,S,54,Mammalia,ZEE_MAM,213,,,Brasil,,,,-8.8225,-72.7636111111111,-8.8225,-72.7636111111111,Cebidae,,Alouatta,,,jurua,SEMA-Acre,Animalia,Seringal Oriente; Margem direita,,,,,2010-03-08T13:52:53,,,Artigo: Alguns mamíferos do Acre Ocidental - Carvalho C.T. 1957,Primates,,,,,,,,Alouatta seniculus jurua,,,seniculus,Acre,,-8.8225,-72.7636111111111,,,Alouatta seniculus jurua,Alouatta seniculus,ACCEPTED,alouatta seniculus|-8.82|-72.76,False
,S,8210,Mammalia,ZEE_MAM,213,,,Brasil,,,,-8.66666666666667,-72.7833333333333,-8.66666666666667,-72.7833333333333,Cebidae,,Alouatta,,,jurua,SEMA-Acre,Animalia,,,,,,2010-03-08T13:52:53,,,Artigo: Primate community structure at twenty western Amazonian flooded and unflooded forests - Peres C.A. 1997,Primates,,,,,,,,Alouatta seniculus jurua,,,seniculus,Acre,,-8.66666666666667,-72.7833333333333,,,Alouatta seniculus jurua,Alouatta seniculus,ACCEPTED,alouatta seniculus|-8.67|-72.78,False
,S,90,Mammalia,ZEE_MAM,213,,,Brasil,,,,-10.0777777777778,-67.5333333333333,-10.0777777777778,-67.5333333333333,Cebidae,,Alouatta,,,puruensis,SEMA-Acre,Animalia,Iquiri; Iquiri,,,,,2010-03-08T13:52:53,,,Artigo: Resultados de uma expedição científica ao território do Acre: mamíferos - Vieira C.C. 1952,Primates,,,,,,,,Alouatta seniculus puruensis,,,seniculus,Acre,,-10.0777777777778,-67.5333333333333,,,Alouatta seniculus puruensis,Alouatta seniculus,ACCEPTED,alouatta seniculus|-10.08|-67.53,False
,S,1138,Mammalia,ZEE_MAM,213,,,Brasil,Feijó,,,-9.52305555555555,-71.6638888888889,-9.52305555555555,-71.6638888888889,Cebidae,,Aotus,,,,SEMA-Acre,Animalia,Terra Indígena Kampa do Rio Envira; Rio Envira,,,,,2010-03-08T13:52:53,,,Relatório: Análise ambiental complementar sobre a terra indígena Kampa e isolados do Rio Envira - Ferreira L.A. 1996,Primates,,,,,,,,Aotus nigriceps,,,nigriceps,Acre,,-9.52305555555555,-71.6638888888889,,,Aotus nigriceps,Aotus nigriceps,ACCEPTED,aotus nigriceps|-9.52|-71.66,False
,S,1152,Mammalia,ZEE_MAM,213,,,Brasil,Sena Madureira,,,-9.25,-68.725,-9.25,-68.725,Cebidae,,Aotus,,,,SEMA-Acre,Animalia,Rio Iaco; Rio Iaco,,,,,2010-03-08T13:52:53,,,Dissertação: A caça de subsistência de extrativistas na Amazônia: sustentabilidade- biodiversidade e extinção de espécies - Martins E. 1993,Primates,,,,,,,,Aotus nigriceps,,,nigriceps,Acre,,-9.25,-68.725,,,Aotus nigriceps,Aotus nigriceps,ACCEPTED,aotus nigriceps|-9.25|-68.72,False
,S,14,Mammalia,ZEE_MAM,213,,,Brasil,Rio Branco,,,-9.94166666666667,-67.8688888888889,-9.94166666666667,-67.8688888888889,Cebidae,,Aotus,,,,SEMA-Acre,Animalia,Universidade Federal do Acre/Parque Zoobotânico; Rio Acre,,,,,2010-03-08T13:52:53,,,Artigo: Ecology and social relations of the black-chinned emperor tamarin - Calegaro-Marques C. - Bicca-Marques J.C. 1994,Primates,,,,,,,,Aotus nigriceps,,,nigriceps,Acre,,-9.94166666666667,-67.8688888888889,,,Aotus nigriceps,Aotus nigriceps,ACCEPTED,aotus nigriceps|-9.94|-67.87,False
,S,812,Mammalia,ZEE_MAM,213,,,Brasil,,,,-9.31666666666667,-71.9,-9.31666666666667,-71.9,Cebidae,,Alouatta,,,,SEMA-Acre,Animalia,Terra Indígena Kaxinawá; Alto Purus,,,,,2010-03-08T13:52:53,,,Monografia: Distribuição de primatas não-humanos no Estado do Acre e vizinhanças: um estudo preliminar - Fernandes M.C.A.G. 1990,Primates,,,,,,,,Alouatta seniculus,,,seniculus,Acre,,-9.31666666666667,-71.9,,,Alouatta seniculus,Alouatta seniculus,ACCEPTED,alouatta seniculus|-9.32|-71.9,False
,S,813,Mammalia,ZEE_MAM,213,,170168.0,Brasil,Tarauacá,,,-8.161779,-70.766041,-8.161779,-70.766041,Cebidae,,Alouatta,,,,SEMA-Acre,Animalia,Terra Indígena; Rio Gregório,,,,,2010-03-08T13:52:53,,,Monografia: Distribuição de primatas não-humanos no Estado do Acre e vizinhanças: um estudo preliminar - Fernandes M.C.A.G. 1990,Primates,,,,,,,,Alouatta seniculus,,,seniculus,Acre,,0.0,0.0,,,Alouatta seniculus,Alouatta seniculus,ACCEPTED,alouatta seniculus|-8.16|-70.77,False
,S,7943,Mammalia,ZEE_MAM,213,,,Brasil,,,,-10.8066666666667,-68.8108333333333,-10.8066666666667,-68.8108333333333,Cebidae,,Alouatta,,,,SEMA-Acre,Animalia,Jarinal,,,,,2010-03-08T13:52:53,,,Não publicado: A caça de Subsistência na Reserva Extrativista Chico Mendes/AC: caracterização- consumo e estratégias de caça. - Medeiros M.F.S.T. 1999,Primates,,,,,,,,Alouatta seniculus,,,seniculus,Acre,,-10.8066666666667,-68.8108333333333,,,Alouatta seniculus,Alouatta seniculus,ACCEPTED,alouatta seniculus|-10.81|-68.81,False
,S,781,Mammalia,ZEE_MAM,213,,178429.0,Brasil,Rio Branco,,,-9.97512,-67.810478,-9.97512,-67.810478,Cebidae,,Alouatta,,,,SEMA-Acre,Animalia,Vila Bujari; Rioa Acre,,,,,2010-03-08T13:52:53,,,Monografia: Distribuição de primatas não-humanos no Estado do Acre e vizinhanças: um estudo preliminar - Fernandes M.C.A.G. 1990,Primates,,,,,,,,Alouatta seniculus,,,seniculus,Acre,,0.0,0.0,,,Alouatta seniculus,Alouatta seniculus,ACCEPTED,alouatta seniculus|-9.98|-67.81,False
,S,7817,Mammalia,ZEE_MAM,213,,,Brasil,,,,-10.4947222222222,-68.5841666666667,-10.4947222222222,-68.5841666666667,Cebidae,,Alouatta,,,,SEMA-Acre,Animalia,Gafanhoto,,,,,2010-03-08T13:52:53,,,Não publicado: A caça de Subsistência na Reserva Extrativista Chico Mendes/AC: caracterização- consumo e estratégias de caça. - Medeiros M.F.S.T. 1999,Primates,,,,,,,,Alouatta seniculus,,,seniculus,Acre,,-10.4947222222222,-68.5841666666667,,,Alouatta seniculus,Alouatta seniculus,ACCEPTED,alouatta seniculus|-10.49|-68.58,False
,S,783,Mammalia,ZEE_MAM,213,,,Brasil,,,,-9.71666666666667,-67.55,-9.71666666666667,-67.55,Cebidae,,Alouatta,,,,SEMA-Acre,Animalia,Projeto Humaitá,,,,,2010-03-08T13:52:53,,,Monografia: Distribuição de primatas não-humanos no Estado do Acre e vizinhanças: um estudo preliminar - Fernandes M.C.A.G. 1990,Primates,,,,,,,,Alouatta seniculus,,,seniculus,Acre,,-9.71666666666667,-67.55,,,Alouatta seniculus,Alouatta seniculus,ACCEPTED,alouatta seniculus|-9.72|-67.55,False
,S,7700,Mammalia,ZEE_MAM,213,,,Brasil,,,,-10.5122222222222,-69.0816666666667,-10.5122222222222,-69.0816666666667,Cebidae,,Alouatta,,,,SEMA-Acre,Animalia,Boa Viagem,,,,,2010-03-08T13:52:53,,,Não publicado: A caça de Subsistência na Reserva Extrativista Chico Mendes/AC: caracterização- consumo e estratégias de caça. - Medeiros M.F.S.T. 1999,Primates,,,,,,,,Alouatta seniculus,,,seniculus,Acre,,-10.5122222222222,-69.0816666666667,,,Alouatta seniculus,Alouatta seniculus,ACCEPTED,alouatta seniculus|-10.51|-69.08,False
,S,7749,Mammalia,ZEE_MAM,213,,,Brasil,,,,-10.2216666666667,-68.7063888888889,-10.2216666666667,-68.7063888888889,Cebidae,,Alouatta,,,,SEMA-Acre,Animalia,Samauma,,,,,2010-03-08T13:52:53,,,Não publicado: A caça de Subsistência na Reserva Extrativista Chico Mendes/AC: caracterização- consumo e estratégias de caça. - Medeiros M.F.S.T. 1999,Primates,,,,,,,,Alouatta seniculus,,,seniculus,Acre,,-10.2216666666667,-68.7063888888889,,,Alouatta seniculus,Alouatta seniculus,ACCEPTED,alouatta seniculus|-10.22|-68.71,False
,S,7768,Mammalia,ZEE_MAM,213,,,Brasil,,,,-10.055,-68.8927777777778,-10.055,-68.8927777777778,Cebidae,,Alouatta,,,,SEMA-Acre,Animalia,Arrependido,,,,,2010-03-08T13:52:53,,,Não publicado: A caça de Subsistência na Reserva Extrativista Chico Mendes/AC: caracterização- consumo e estratégias de caça. - Medeiros M.F.S.T. 1999,Primates,,,,,,,,Alouatta seniculus,,,seniculus,Acre,,-10.055,-68.8927777777778,,,Alouatta seniculus,Alouatta seniculus,ACCEPTED,alouatta seniculus|-10.06|-68.89,False
,S,7779,Mammalia,ZEE_MAM,213,,,Brasil,,,,-10.565,-68.8663888888889,-10.565,-68.8663888888889,Cebidae,,Alouatta,,,,SEMA-Acre,Animalia,Bom Levar I,,,,,2010-03-08T13:52:53,,,Não publicado: A caça de Subsistência na Reserva Extrativista Chico Mendes/AC: caracterização- consumo e estratégias de caça. - Medeiros M.F.S.T. 1999,Primates,,,,,,,,Alouatta seniculus,,,seniculus,Acre,,-10.565,-68.8663888888889,,,Alouatta seniculus,Alouatta seniculus,ACCEPTED,alouatta seniculus|-10.56|-68.87,False
,S,605,Mammalia,ZEE_MAM,213,,,Brasil,Rio Branco,,,-9.96666666666667,-67.8,-9.96666666666667,-67.8,Cebidae,,Alouatta,,,,SEMA-Acre,Animalia,Bairro Procon; Rioa Acre,,,,,2010-03-08T13:52:53,,,Monografia: Levantamento preliminar de primatas cadastrados pelo IBAMA no município de Rio Branco - AC - Nóbrega M.F. 1997,Primates,,,,,,,,Alouatta seniculus,,,seniculus,Acre,,-9.96666666666667,-67.8,,,Alouatta seniculus,Alouatta seniculus,ACCEPTED,alouatta seniculus|-9.97|-67.8,False
,S,627,Mammalia,ZEE_MAM,213,,,Brasil,Bujari,,,-9.33333333333333,-68.25,-9.33333333333333,-68.25,Cebidae,,Alouatta,,,,SEMA-Acre,Animalia,Floresta Estadual do Antimary; Rio Antimari,,,,,2010-03-08T13:52:53,,,Dissertação: Caça de subsistência: sustentabilidade e padrões de uso entre seringueiros ribeirinhos e não-ribeiinhos do estado do Acre - Calouro A.M. 1995,Primates,,,,,,,,Alouatta seniculus,,,seniculus,Acre,,-9.33333333333333,-68.25,,,Alouatta seniculus,Alouatta seniculus,ACCEPTED,alouatta seniculus|-9.33|-68.25,False
,S,7021,Mammalia,ZEE_MAM,213,,,Brasil,,,,-10.3969444444444,-68.8611111111111,-10.3969444444444,-68.8611111111111,Cebidae,,Alouatta,,,,SEMA-Acre,Animalia,Trilha Venezuela,,,,,2010-03-08T13:52:53,,,Não publicado: A caça de Subsistência na Reserva Extrativista Chico Mendes/AC: caracterização- consumo e estratégias de caça. - Medeiros M.F.S.T. 1999,Primates,,,,,,,,Alouatta seniculus,,,seniculus,Acre,,-10.3969444444444,-68.8611111111111,,,Alouatta seniculus,Alouatta seniculus,ACCEPTED,alouatta seniculus|-10.4|-68.86,False
,S,7372,Mammalia,ZEE_MAM,213,,,Brasil,Porto Dias,,,-10.005,-66.8180555555556,-10.005,-66.8180555555556,Cebidae,,Alouatta,,,,SEMA-Acre,Animalia,Colocação Limoeiro,,,,,2010-03-08T13:52:53,,,Não publicado: A caça de Subsistência na Reserva Extrativista de Porto Dias/AC: caracterização- consumo e estratégias de caça. - Medeiros M.F.S.T. 1999,Primates,,,,,,,,Alouatta seniculus,,,seniculus,Acre,,-10.005,-66.8180555555556,,,Alouatta seniculus,Alouatta seniculus,ACCEPTED,alouatta seniculus|-10.01|-66.82,False
,S,7392,Mammalia,ZEE_MAM,213,,,Brasil,Porto Dias,,,-9.91694444444444,-66.8786111111111,-9.91694444444444,-66.8786111111111,Cebidae,,Alouatta,,,,SEMA-Acre,Animalia,Colocacão Olho D'água,,,,,2010-03-08T13:52:53,,,Não publicado: A caça de Subsistência na Reserva Extrativista de Porto Dias/AC: caracterização- consumo e estratégias de caça. - Medeiros M.F.S.T. 1999,Primates,,,,,,,,Alouatta seniculus,,,seniculus,Acre,,-9.91694444444444,-66.8786111111111,,,Alouatta seniculus,Alouatta seniculus,ACCEPTED,alouatta seniculus|-9.92|-66.88,False
,S,7404,Mammalia,ZEE_MAM,213,,,Brasil,Porto Dias,,,-9.9575,-66.7202777777778,-9.9575,-66.7202777777778,Cebidae,,Alouatta,,,,SEMA-Acre,Animalia,Colocação Brasília,,,,,2010-03-08T13:52:53,,,Não publicado: A caça de Subsistência na Reserva Extrativista de Porto Dias/AC: caracterização- consumo e estratégias de caça. - Medeiros M.F.S.T. 1999,Primates,,,,,,,,Alouatta seniculus,,,seniculus,Acre,,-9.9575,-66.7202777777778,,,Alouatta seniculus,Alouatta seniculus,ACCEPTED,alouatta seniculus|-9.96|-66.72,False
,S,209,Mammalia,ZEE_MAM,213,,,Brasil,,,,-9.25,-68.725,-9.25,-68.725,Cebidae,,Alouatta,,,,SEMA-Acre,Animalia,Rio Iaco; Rio Iaco,,,,,2010-03-08T13:52:53,,,Relatório: Caracterização da fauna da bacia do Rio Branco/ Acre - Alho C.J.R. 1990,Primates,,,,,,,,Alouatta seniculus,,,seniculus,Acre,,-9.25,-68.725,,,Alouatta seniculus,Alouatta seniculus,ACCEPTED,alouatta seniculus|-9.25|-68.72,False
,S,229,Mammalia,ZEE_MAM,213,,178429.0,Brasil,Rio Branco,,,-9.97512,-67.810478,-9.97512,-67.810478,Cebidae,,Alouatta,,,,SEMA-Acre,Animalia,,,,,,2010-03-08T13:52:53,,,Relatório: Caracterização da fauna da bacia do Rio Branco/ Acre - Alho C.J.R. 1990,Primates,,,,,,,,Alouatta seniculus,,,seniculus,Acre,,0.0,0.0,,,Alouatta seniculus,Alouatta seniculus,ACCEPTED,alouatta seniculus|-9.98|-67.81,False
,S,3955,Mammalia,ZEE_MAM,213,,,Brasil,Cruzeiro do Sul,,,-7.45888888888889,-73.7744444444444,-7.45888888888889,-73.7744444444444,Cebidae,,Alouatta,,,,SEMA-Acre,Animalia,Parque Nacional da Serra do Divisor,,,,,2010-03-08T13:52:53,,,"Artigo : Riqueza de mamíferos de grande e médio porte do Parque Nacional da Serra do Divisor (Acre, Brasil) - Calouro A.M. 1999",Primates,,,,,,,,Alouatta seniculus,,,seniculus,Acre,,-7.45888888888889,-73.7744444444444,,,Alouatta seniculus,Alouatta seniculus,ACCEPTED,alouatta seniculus|-7.46|-73.77,False
,S,3957,Mammalia,ZEE_MAM,213,,,Brasil,Cruzeiro do Sul,,,-8.28083333333333,-73.2536111111111,-8.28083333333333,-73.2536111111111,Cebidae,,Alouatta,,,,SEMA-Acre,Animalia,Parque Nacional da Serra do Divisor,,,,,2010-03-08T13:52:53,,,"Artigo : Riqueza de mamíferos de grande e médio porte do Parque Nacional da Serra do Divisor (Acre, Brasil) - Calouro A.M. 1999",Primates,,,,,,,,Alouatta seniculus,,,seniculus,Acre,,-8.28083333333333,-73.2536111111111,,,Alouatta seniculus,Alouatta seniculus,ACCEPTED,alouatta seniculus|-8.28|-73.25,False
,S,5270,Mammalia,ZEE_MAM,213,,,Brasil,,,,-9.25,-68.725,-9.25,-68.725,Cebidae,,Alouatta,,,,SEMA-Acre,Animalia,,,,,,2010-03-08T13:52:53,,,Dissertação: Caça de subsistência: sustentabilidade e padrões de uso entre seringueiros ribeirinhos e não-ribeirinhos do estado do Acre - Calouro A.M. 1995,Primates,,,,,,,,Alouatta seniculus,,,seniculus,Acre,,-9.25,-68.725,,,Alouatta seniculus,Alouatta seniculus,ACCEPTED,alouatta seniculus|-9.25|-68.72,False
,S,5271,Mammalia,ZEE_MAM,213,,,Brasil,,,,-10.0927777777778,-68.0,-10.0927777777778,-68.0,Cebidae,,Alouatta,,,,SEMA-Acre,Animalia,,,,,,2010-03-08T13:52:53,,,Dissertação: Caça de subsistência: sustentabilidade e padrões de uso entre seringueiros ribeirinhos e não-ribeirinhos do estado do Acre - Calouro A.M. 1995,Primates,,,,,,,,Alouatta seniculus,,,seniculus,Acre,,-10.0927777777778,-68.0,,,Alouatta seniculus,Alouatta seniculus,ACCEPTED,alouatta seniculus|-10.09|-68.0,False
,S,596,Mammalia,ZEE_MAM,213,,,Brasil,Rio Branco,,,-9.96666666666667,-67.8,-9.96666666666667,-67.8,Cebidae,,Alouatta,,,,SEMA-Acre,Animalia,Bairro 2º Distrito; Rio Acre,,,,,2010-03-08T13:52:53,,,Monografia: Levantamento preliminar de primatas cadastrados pelo IBAMA no município de Rio Branco - AC - Nóbrega M.F. 1997,Primates,,,,,,,,Alouatta seniculus,,,seniculus,Acre,,-9.96666666666667,-67.8,,,Alouatta seniculus,Alouatta seniculus,ACCEPTED,alouatta seniculus|-9.97|-67.8,False
,S,8138,Mammalia,ZEE_MAM,213,,,Brasil,,,,-7.45,-73.6,-7.45,-73.6,Callitrichidae,,Saguinus,,,,SEMA-Acre,Animalia,Parque Nacional da Serra do Divisor; Rio Juruá Mirim,,,,,2010-03-08T13:52:53,,,"Artigo: Observations of Callimico goeldii with Saguinus imperator in the Serra do Divisor National Park, Acre, Barzil - Lopes M.A.O.A. - Rehg J.A. 2003",Primates,,,,,,,,Saguinus mystax,,,mystax,Acre,,-7.45,-73.6,,,Saguinus mystax,Saguinus mystax,ACCEPTED,saguinus mystax|-7.45|-73.6,False
,S,8363,Mammalia,ZEE_MAM,213,,124133.0,Brasil,Cruzeiro do Sul,,,-7.631498,-72.67049,-7.631498,-72.67049,Callitrichidae,,Saguinus,,,,SEMA-Acre,Animalia,Seringal Aquidabã; Rio Moa,,,,,2010-03-08T13:52:53,,,"Artigo: Novos hospedeiros do Plasmodium brasilianum no Estado do Acre, Brasil: o uacari Cacajao rubicundus rubicundus, o guariba Alouatta seniculus seniculus e o macaco barrigudo Lagothrix lagothrix poeppigii - Ferreira Neto J.A. - Deane L.M. 1973",Primates,,,,,,,,Saguinus mystax,,,mystax,Acre,,0.0,0.0,,,Saguinus mystax,Saguinus mystax,ACCEPTED,saguinus mystax|-7.63|-72.67,False
,S,8370,Mammalia,ZEE_MAM,213,,124133.0,Brasil,Cruzeiro do Sul,,,-7.631498,-72.67049,-7.631498,-72.67049,Callitrichidae,,Saguinus,,,,SEMA-Acre,Animalia,Colônia São Pedro; Rio Moa,,,,,2010-03-08T13:52:53,,,"Artigo: Novos hospedeiros do Plasmodium brasilianum no Estado do Acre, Brasil: o uacari Cacajao rubicundus rubicundus, o guariba Alouatta seniculus seniculus e o macaco barrigudo Lagothrix lagothrix poeppigii - Ferreira Neto J.A. - Deane L.M. 1973",Primates,,,,,,,,Saguinus mystax,,,mystax,Acre,,0.0,0.0,,,Saguinus mystax,Saguinus mystax,ACCEPTED,saguinus mystax|-7.63|-72.67,False
,S,8371,Mammalia,ZEE_MAM,213,,124133.0,Brasil,Cruzeiro do Sul,,,-7.631498,-72.67049,-7.631498,-72.67049,Callitrichidae,,Saguinus,,,,SEMA-Acre,Animalia,Vila Japim; Rio Moa,,,,,2010-03-08T13:52:53,,,"Artigo: Novos hospedeiros do Plasmodium brasilianum no Estado do Acre, Brasil: o uacari Cacajao rubicundus rubicundus, o guariba Alouatta seniculus seniculus e o macaco barrigudo Lagothrix lagothrix poeppigii - Ferreira Neto J.A. - Deane L.M. 1973",Primates,,,,,,,,Saguinus mystax,,,mystax,Acre,,0.0,0.0,,,Saguinus mystax,Saguinus mystax,ACCEPTED,saguinus mystax|-7.63|-72.67,False
,S,443,Mammalia,ZEE_MAM,213,,,Brasil,,,,-8.82916666666667,-72.775,-8.82916666666667,-72.775,Callitrichidae,,Saguinus,,,mystax,SEMA-Acre,Animalia,Seringal Oriente; Acima do Rio Juruá,,,,,2010-03-08T13:52:53,,,Livro: Livig New World monkeys (Platyrrhini) with an introduction to primates - Hershokovitz P. 1977,Primates,,,,,,,,Saguinus mystax mystax,,,mystax,Acre,,-8.82916666666667,-72.775,,,Saguinus mystax mystax,Saguinus mystax,ACCEPTED,saguinus mystax|-8.83|-72.78,False
,S,8213,Mammalia,ZEE_MAM,213,,,Brasil,,,,-8.36666666666667,-72.8166666666667,-8.36666666666667,-72.8166666666667,Callitrichidae,,Saguinus,,,mystax,SEMA-Acre,Animalia,,,,,,2010-03-08T13:52:53,,,Artigo: Primate community structure at twenty western Amazonian flooded and unflooded forests - Peres C.A. 1997,Primates,,,,,,,,Saguinus mystax mystax,,,mystax,Acre,,-8.36666666666667,-72.8166666666667,,,Saguinus mystax mystax,Saguinus mystax,ACCEPTED,saguinus mystax|-8.37|-72.82,True
,S,173,Mammalia,ZEE_MAM,213,,,Brasil,Sena Madureira,,,-9.05722222222222,-68.8138888888889,-9.05722222222222,-68.8138888888889,Cebidae,,Alouatta,,,,SEMA-Acre,Animalia,Sena Madureira; Margem meridional do igarapé Xiburema,,,,,2010-03-08T13:52:53,,,Artigo: A harpy eagle successfully captures an adult male red howler monkey - Peres C.A. 1990,Primates,,,,,,,,Alouatta seniculus,,,seniculus,Acre,,-9.05722222222222,-68.8138888888889,,,Alouatta seniculus,Alouatta seniculus,ACCEPTED,alouatta seniculus|-9.06|-68.81,False
,S,1086,Mammalia,ZEE_MAM,213,,,Brasil,Assis Brasil,,,-11.0333333333333,-70.25,-11.0333333333333,-70.25,Callitrichidae,,Saguinus,,,,SEMA-Acre,Animalia,ESEC do Rio Acre; Rio Acre,,,,,2010-03-08T13:52:53,,,,Primates,,,,,,,,Saguinus mystax,,,mystax,Acre,,-11.0333333333333,-70.25,,,Saguinus mystax,Saguinus mystax,ACCEPTED,saguinus mystax|-11.03|-70.25,False
,S,265,Mammalia,ZEE_MAM,213,,,Brasil,Assis Brasil,,,-11.0333333333333,-70.25,-11.0333333333333,-70.25,Callitrichidae,,Saguinus,,,,SEMA-Acre,Animalia,ESEC do Rio Acre; Rio Acre,,,,,2010-03-08T13:52:53,,,Artigo: Parks- reserves and primate conservation in Brasilian Amazonia - Rylands A. - Mittermeier R.A. 1982,Primates,,,,,,,,Saguinus mystax,,,mystax,Acre,,-11.0333333333333,-70.25,,,Saguinus mystax,Saguinus mystax,ACCEPTED,saguinus mystax|-11.03|-70.25,False
,S,3945,Mammalia,ZEE_MAM,213,,,Brasil,Cruzeiro do Sul,,,-7.44333333333333,-73.6744444444444,-7.44333333333333,-73.6744444444444,Callitrichidae,,Saguinus,,,,SEMA-Acre,Animalia,Parque Nacional da Serra do Divisor,,,,,2010-03-08T13:52:53,,,"Artigo : Riqueza de mamíferos de grande e médio porte do Parque Nacional da Serra do Divisor (Acre, Brasil) - Calouro A.M. 1999",Primates,,,,,,,,Saguinus mystax,,,mystax,Acre,,-7.44333333333333,-73.6744444444444,,,Saguinus mystax,Saguinus mystax,ACCEPTED,saguinus mystax|-7.44|-73.67,False
,S,3947,Mammalia,ZEE_MAM,213,,,Brasil,Cruzeiro do Sul,,,-7.45638888888889,-73.6380555555556,-7.45638888888889,-73.6380555555556,Callitrichidae,,Saguinus,,,,SEMA-Acre,Animalia,Parque Nacional da Serra do Divisor,,,,,2010-03-08T13:52:53,,,"Artigo : Riqueza de mamíferos de grande e médio porte do Parque Nacional da Serra do Divisor (Acre, Brasil) - Calouro A.M. 1999",Primates,,,,,,,,Saguinus mystax,,,mystax,Acre,,-7.45638888888889,-73.6380555555556,,,Saguinus mystax,Saguinus mystax,ACCEPTED,saguinus mystax|-7.46|-73.64,False
,S,3948,Mammalia,ZEE_MAM,213,,,Brasil,Cruzeiro do Sul,,,-7.43166666666667,-73.6611111111111,-7.43166666666667,-73.6611111111111,Callitrichidae,,Saguinus,,,,SEMA-Acre,Animalia,Parque Nacional da Serra do Divisor,,,,,2010-03-08T13:52:53,,,"Artigo : Riqueza de mamíferos de grande e médio porte do Parque Nacional da Serra do Divisor (Acre, Brasil) - Calouro A.M. 1999",Primates,,,,,,,,Saguinus mystax,,,mystax,Acre,,-7.43166666666667,-73.6611111111111,,,Saguinus mystax,Saguinus mystax,ACCEPTED,saguinus mystax|-7.43|-73.66,False
,S,567,Mammalia,ZEE_MAM,213,,,Brasil,Cruzeiro do Sul,,,-8.28083333333333,-73.2536111111111,-8.28083333333333,-73.2536111111111,Callitrichidae,,Saguinus,,,subgrisescens,SEMA-Acre,Animalia,Parque Nacional da Serra do Divisor; Foz do Rio Branco,,,,,2010-03-08T13:52:53,,,"Artigo : Riqueza de mamíferos de grande e médio porte do Parque Nacional da Serra do Divisor (Acre, Brasil) - Calouro A.M. 1999",Primates,,,,,,,,Saguinus imperator subgrisescens,,,imperator,Acre,,-8.28083333333333,-73.2536111111111,,,Saguinus imperator subgrisescens,Saguinus imperator,ACCEPTED,saguinus imperator|-8.28|-73.25,False
,S,8202,Mammalia,ZEE_MAM,213,,,Brasil,,,,-8.66666666666667,-72.7833333333333,-8.66666666666667,-72.7833333333333,Callitrichidae,,Saguinus,,,subgrisescens,SEMA-Acre,Animalia,,,,,,2010-03-08T13:52:53,,,Artigo: Primate community structure at twenty western Amazonian flooded and unflooded forests - Peres C.A. 1997,Primates,,,,,,,,Saguinus imperator subgrisescens,,,imperator,Acre,,-8.66666666666667,-72.7833333333333,,,Saguinus imperator subgrisescens,Saguinus imperator,ACCEPTED,saguinus imperator|-8.67|-72.78,True
,S,8377,Mammalia,ZEE_MAM,213,,,Brasil,Rio Branco,,,-10.0666666666667,-67.6166666666667,-10.0666666666667,-67.6166666666667,Callitrichidae,,Saguinus,,,,SEMA-Acre,Animalia,Fazenda Experimental Catuaba; Rioa Acre,,,,,2010-03-08T13:52:53,,,"Resumo: Population density of Callimico goeldii (Goeldi's monkey) in relationship to home range and habitat in a forest fragment in Acre, Brasil - Rehg J. 2005",Primates,,,,,,,,Saguinus labiatus,,,labiatus,Acre,,-10.0666666666667,-67.6166666666667,,,Saguinus labiatus,Saguinus labiatus,ACCEPTED,saguinus labiatus|-10.07|-67.62,False
,S,93,Mammalia,ZEE_MAM,213,,,Brasil,Plácido de Castro,,,-10.2861111111111,-67.1444444444444,-10.2861111111111,-67.1444444444444,Callitrichidae,,Saguinus,,,,SEMA-Acre,Animalia,Plácido de Castro; Rio Abunã,,,,,2010-03-08T13:52:53,,,Artigo: Resultados de uma expedição científica ao território do Acre: mamíferos - Vieira C.C. 1952,Primates,,,,,,,,Saguinus labiatus,,,labiatus,Acre,,-10.2861111111111,-67.1444444444444,,,Saguinus labiatus,Saguinus labiatus,ACCEPTED,saguinus labiatus|-10.29|-67.14,False
,S,612,Mammalia,ZEE_MAM,213,,,Brasil,Rio Branco,,,-9.96666666666667,-67.8,-9.96666666666667,-67.8,Callitrichidae,,Saguinus,,,imperator,SEMA-Acre,Animalia,Bairro 2º Distrito; Rio Acre,,,,,2010-03-08T13:52:53,,,Monografia: Levantamento preliminar de primatas cadastrados pelo IBAMA no município de Rio Branco - AC - Nóbrega M.F. 1997,Primates,,,,,,,,Saguinus imperator imperator,,,imperator,Acre,,-9.96666666666667,-67.8,,,Saguinus imperator imperator,Saguinus imperator,ACCEPTED,saguinus imperator|-9.97|-67.8,False
,S,613,Mammalia,ZEE_MAM,213,,,Brasil,Rio Branco,,,-9.96666666666667,-67.8,-9.96666666666667,-67.8,Callitrichidae,,Saguinus,,,imperator,SEMA-Acre,Animalia,Bairro Procon; Rioa Acre,,,,,2010-03-08T13:52:53,,,Monografia: Levantamento preliminar de primatas cadastrados pelo IBAMA no município de Rio Branco - AC - Nóbrega M.F. 1997,Primates,,,,,,,,Saguinus imperator imperator,,,imperator,Acre,,-9.96666666666667,-67.8,,,Saguinus imperator imperator,Saguinus imperator,ACCEPTED,saguinus imperator|-9.97|-67.8,False
,S,8378,Mammalia,ZEE_MAM,213,,,Brasil,Rio Branco,,,-9.94166666666667,-67.8688888888889,-9.94166666666667,-67.8688888888889,Callitrichidae,,Saguinus,,,imperator,SEMA-Acre,Animalia,Universidade Federal do Acre/Parque Zoobotânico; Rioa Acre,,,,,2010-03-08T13:52:53,,,Resumo: Regras individuais de forrageio em Saguinus imperator imperator e Saguinus fuscicollis weddelli - Nunes A.M. - Bicca-Marques J.C. 2005,Primates,,,,,,,,Saguinus imperator imperator,,,imperator,Acre,,-9.94166666666667,-67.8688888888889,,,Saguinus imperator imperator,Saguinus imperator,ACCEPTED,saguinus imperator|-9.94|-67.87,False
,S,1089,Mammalia,ZEE_MAM,213,,,Brasil,Rio Branco,,,-9.94166666666667,-67.8688888888889,-9.94166666666667,-67.8688888888889,Callitrichidae,,Saguinus,,,subgrisescens,SEMA-Acre,Animalia,Universidade Federal do Acre/Parque Zoobotânico; Rioa Acre,,,,,2010-03-08T13:52:53,,,Artigo: Medidas morfométricas de Saguinus imperator imperator e Saguinus fuscicollis weddelli (Callitrichidae- Primates) em ambiente natural - Bicca-Marques J.C.- Calegaro-Marques C.- Farias E.M.P.- Azevedo M.A.O - Santos F.G.A. 1997,Primates,,,,,,,,Saguinus imperator subgrisescens,,,imperator,Acre,,-9.94166666666667,-67.8688888888889,,,Saguinus imperator subgrisescens,Saguinus imperator,ACCEPTED,saguinus imperator|-9.94|-67.87,False
,S,21,Mammalia,ZEE_MAM,213,,,Brasil,Porto Walter,,,-9.42,-72.735,-9.42,-72.735,Callitrichidae,,Saguinus,,,subgrisescens,SEMA-Acre,Animalia,Margem direita do Rio Juruá - Pontos 1; Rio Juruá,,,,,2010-03-08T13:52:53,,,Artigo: Notes on the primates of the Juruá River- western Brasilian Amazonia - Peres C.A. 1993,Primates,,,,,,,,Saguinus imperator subgrisescens,,,imperator,Acre,,-9.42,-72.735,,,Saguinus imperator subgrisescens,Saguinus imperator,ACCEPTED,saguinus imperator|-9.42|-72.74,False
,S,263,Mammalia,ZEE_MAM,213,,,Brasil,Assis Brasil,,,-11.0333333333333,-70.25,-11.0333333333333,-70.25,Callitrichidae,,Saguinus,,,subgrisescens,SEMA-Acre,Animalia,ESEC do Rio Acre; Rio Acre,,,,,2010-03-08T13:52:53,,,Artigo: Parks- reserves and primate conservation in Brasilian Amazonia - Rylands A.B. - Mittermeier R.A. 1982,Primates,,,,,,,,Saguinus imperator subgrisescens,,,imperator,Acre,,-11.0333333333333,-70.25,,,Saguinus imperator subgrisescens,Saguinus imperator,ACCEPTED,saguinus imperator|-11.03|-70.25,False
,S,43,Mammalia,ZEE_MAM,213,,,Brasil,Marechal Thaumaturgo,,,-8.8,-72.7666666666667,-8.8,-72.7666666666667,Callitrichidae,,Saguinus,,,subgrisescens,SEMA-Acre,Animalia,Seringal Oriente- acima do Rio Juruá; Rio Juruá,,,,,2010-03-08T13:52:53,,,Artigo: Races of the emperator tamarin- Saguinus imperator Goeldi (Callitrichidae- Primates) - Hershokovitz P. 1979,Primates,,,,,,,,Saguinus imperator subgrisescens,,,imperator,Acre,,-8.8,-72.7666666666667,,,Saguinus imperator subgrisescens,Saguinus imperator,ACCEPTED,saguinus imperator|-8.8|-72.77,False
,S,1092,Mammalia,ZEE_MAM,213,,178429.0,Brasil,Rio Branco,,,-9.97512,-67.810478,-9.97512,-67.810478,Callitrichidae,,Saguinus,,,,SEMA-Acre,Animalia,,,,,,2010-03-08T13:52:45,,,Relatório: Estudo da distribuição geográfica de espécies de mamíferos como subsídio para o zoneamento agroecológico do Estado do Acre - IMAC 1992,Primates,,,,,,,,Saguinus imperator,,,imperator,Acre,,0.0,0.0,,,Saguinus imperator,Saguinus imperator,ACCEPTED,saguinus imperator|-9.98|-67.81,False
,S,44,Mammalia,ZEE_MAM,213,,,Brasil,Marechal Thaumaturgo,,,-8.8,-72.7666666666667,-8.8,-72.7666666666667,Callitrichidae,,Saguinus,,,subgrisescens,SEMA-Acre,Animalia,Pedra Preta; Rio Juruá,,,,,2010-03-08T13:52:53,,,Artigo: Races of the emperator tamarin- Saguinus imperator Goeldi (Callitrichidae- Primates) - Hershokovitz P. 1979,Primates,,,,,,,,Saguinus imperator subgrisescens,,,imperator,Acre,,-8.8,-72.7666666666667,,,Saguinus imperator subgrisescens,Saguinus imperator,ACCEPTED,saguinus imperator|-8.8|-72.77,False
,S,449,Mammalia,ZEE_MAM,213,,,Brasil,Marechal Thaumaturgo,,,-8.8,-72.8166666666667,-8.8,-72.8166666666667,Callitrichidae,,Saguinus,,,imperator,SEMA-Acre,Animalia,Pedra Preta; Acima do Rio Juruá,,,,,2010-03-08T13:52:53,,,Livro: Livig New World monkeys (Platyrrhini) with an introduction to primates - Hershokovitz P. 1977,Primates,,,,,,,,Saguinus imperator imperator,,,imperator,Acre,,-8.8,-72.8166666666667,,,Saguinus imperator imperator,Saguinus imperator,ACCEPTED,saguinus imperator|-8.8|-72.82,False
,S,481,Mammalia,ZEE_MAM,213,,,Brasil,Rio Branco,,,-9.96666666666667,-67.8,-9.96666666666667,-67.8,Callitrichidae,,Saguinus,,,imperator,SEMA-Acre,Animalia,Horto Florestal; Rioa Acre,,,,,2010-03-08T13:52:53,,,Livro: Livro vermelho dos mamíferos brasileiros ameaçados de extinção - Fonseca G.A.B.- Rylands A.B.- Costa C.M.R.- Machado R.B. - Leite Y.L.R. 1994,Primates,,,,,,,,Saguinus imperator imperator,,,imperator,Acre,,-9.96666666666667,-67.8,,,Saguinus imperator imperator,Saguinus imperator,ACCEPTED,saguinus imperator|-9.97|-67.8,False
,S,8137,Mammalia,ZEE_MAM,213,,,Brasil,,,,-7.45,-73.6,-7.45,-73.6,Callitrichidae,,Saguinus,,,,SEMA-Acre,Animalia,Parque Nacional da Serra do Divisor; Rio Juruá Mirim,,,,,2010-03-08T13:52:45,,,"Artigo: Observations of Callimico goeldii with Saguinus imperator in the Serra do Divisor National Park, Acre, Barzil - Lopes M.A.O.A. - Rehg J.A. 2003",Primates,,,,,,,,Saguinus imperator,,,imperator,Acre,,-7.45,-73.6,,,Saguinus imperator,Saguinus imperator,ACCEPTED,saguinus imperator|-7.45|-73.6,False
,S,15,Mammalia,ZEE_MAM,213,,,Brasil,Rio Branco,,,-9.94166666666667,-67.8688888888889,-9.94166666666667,-67.8688888888889,Callitrichidae,,Saguinus,,,imperator,SEMA-Acre,Animalia,Universidade Federal do Acre/Parque Zoobotânico; Rio Acre,,,,,2010-03-08T13:52:45,,,Relatório: Percepção- cognição e aprendizagem associados ao forrageamento por primatas neotropicais noturnos e diurnos - Bicca-Marques J.C. 1997,Primates,,,,,,,,Saguinus imperator imperator,,,imperator,Acre,,-9.94166666666667,-67.8688888888889,,,Saguinus imperator imperator,Saguinus imperator,ACCEPTED,saguinus imperator|-9.94|-67.87,False
,S,168,Mammalia,ZEE_MAM,213,,,Brasil,Assis Brasil,,,-11.0333333333333,-70.25,-11.0333333333333,-70.25,Callitrichidae,,Saguinus,,,imperator,SEMA-Acre,Animalia,ESEC do Rio Acre; Rio Acre,,,,,2010-03-08T13:52:45,,,Artigo: Conservation areas protecting primates in Brasilian Amazonia - Rylands A.B. 1985,Primates,,,,,,,,Saguinus imperator imperator,,,imperator,Acre,,-11.0333333333333,-70.25,,,Saguinus imperator imperator,Saguinus imperator,ACCEPTED,saguinus imperator|-11.03|-70.25,False
,S,340,Mammalia,ZEE_MAM,213,,,Brasil,Rio Branco,,,-9.94166666666667,-67.8688888888889,-9.94166666666667,-67.8688888888889,Callitrichidae,,Saguinus,,,imperator,SEMA-Acre,Animalia,Universidade Federal do Acre/Parque Zoobotânico; Rioa Acre,,,,,2010-03-08T13:52:45,,,Artigo: On the capture of titi monkeys (Callicebus cupreus) using the peruvian method - Silveira G.- Bicca-Marques J.C - Nunes C.A. 1998,Primates,,,,,,,,Saguinus imperator imperator,,,imperator,Acre,,-9.94166666666667,-67.8688888888889,,,Saguinus imperator imperator,Saguinus imperator,ACCEPTED,saguinus imperator|-9.94|-67.87,False
,S,343,Mammalia,ZEE_MAM,213,,,Brasil,Rio Branco,,,-9.94166666666667,-67.8688888888889,-9.94166666666667,-67.8688888888889,Callitrichidae,,Saguinus,,,imperator,SEMA-Acre,Animalia,Universidade Federal do Acre/Parque Zoobotânico; Rioa Acre,,,,,2010-03-08T13:52:45,,,Artigo: Preliminary observations on handedness in wild tamarins (Saguinus spp.) and titi monkeys (Callicebus cupreus) - Bicca-Marques J.C.- Nunes C.A. - Schacht K. 1998,Primates,,,,,,,,Saguinus imperator imperator,,,imperator,Acre,,-9.94166666666667,-67.8688888888889,,,Saguinus imperator imperator,Saguinus imperator,ACCEPTED,saguinus imperator|-9.94|-67.87,False
,S,41,Mammalia,ZEE_MAM,213,,,Brasil,Rio Branco,,,-9.96666666666667,-67.8,-9.96666666666667,-67.8,Callitrichidae,,Saguinus,,,imperator,SEMA-Acre,Animalia,Rio Branco; Rio Acre,,,,,2010-03-08T13:52:53,,,Artigo: Races of the emperator tamarin- Saguinus imperator Goeldi (Callitrichidae- Primates) - Hershokovitz P. 1979,Primates,,,,,,,,Saguinus imperator imperator,,,imperator,Acre,,-9.96666666666667,-67.8,,,Saguinus imperator imperator,Saguinus imperator,ACCEPTED,saguinus imperator|-9.97|-67.8,False
,S,362,Mammalia,ZEE_MAM,213,,,Brasil,Rio Branco,,,-9.94166666666667,-67.8688888888889,-9.94166666666667,-67.8688888888889,Callitrichidae,,Saguinus,,,weddelii,SEMA-Acre,Animalia,Universidade Federal do Acre/Parque Zoobotânico; Rioa Acre,,,,,2010-03-08T13:52:45,,,Artigo: Medidas morfométricas de Saguinus imperator imperator e Saguinus fuscicollis weddelli (Callitrichidae- Primates) em ambiente natural - Bicca-Marques J.C.- Calegaro-Marques C.- Farias E.M.P.- Azevedo M.A.O - Santos F.G.A. 1997,Primates,,,,,,,,Saguinus fuscicollis weddelii,,,fuscicollis,Acre,,-9.94166666666667,-67.8688888888889,,,Saguinus fuscicollis weddelii,Leontocebus fuscicollis,SYNONYM,leontocebus fuscicollis|-9.94|-67.87,False
,S,415,Mammalia,ZEE_MAM,213,,,Brasil,Assis Brasil,,,-11.0333333333333,-70.25,-11.0333333333333,-70.25,Callitrichidae,,Saguinus,,,weddelii,SEMA-Acre,Animalia,ESEC do Rio Acre; Rio Acre,,,,,2010-03-08T13:52:45,,,Livro: The status of conservation areas in the Brasilian Amazon - Rylands A.B. 1991,Primates,,,,,,,,Saguinus fuscicollis weddelii,,,fuscicollis,Acre,,-11.0333333333333,-70.25,,,Saguinus fuscicollis weddelii,Leontocebus fuscicollis,SYNONYM,leontocebus fuscicollis|-11.03|-70.25,False
,S,440,Mammalia,ZEE_MAM,213,,,Brasil,Rio Branco,,,-9.96666666666667,-67.8,-9.96666666666667,-67.8,Callitrichidae,,Saguinus,,,weddelii,SEMA-Acre,Animalia,Rio Branco; Rioa Acre,,,,,2010-03-08T13:52:45,,,Livro: Livig New World monkeys (Platyrrhini) with an introduction to primates - Hershokovitz P. 1977,Primates,,,,,,,,Saguinus fuscicollis weddelii,,,fuscicollis,Acre,,-9.96666666666667,-67.8,,,Saguinus fuscicollis weddelii,Leontocebus fuscicollis,SYNONYM,leontocebus fuscicollis|-9.97|-67.8,False
,S,458,Mammalia,ZEE_MAM,213,,,Brasil,Assis Brasil,,,-11.0333333333333,-70.25,-11.0333333333333,-70.25,Callitrichidae,,Saguinus,,,weddelii,SEMA-Acre,Animalia,ESEC do Rio Acre; Rio Acre,,,,,2010-03-08T13:52:45,,,Capítulo de livro: Systematics- geographic distribuition- andsome notes on the conservation status of the Callitrichidae - Rylands A.B.- Coimbra-Filho A.F. - Mittermeier R.A. 1993,Primates,,,,,,,,Saguinus fuscicollis weddelii,,,fuscicollis,Acre,,-11.0333333333333,-70.25,,,Saguinus fuscicollis weddelii,Leontocebus fuscicollis,SYNONYM,leontocebus fuscicollis|-11.03|-70.25,False
,S,7,Mammalia,ZEE_MAM,213,,,Brasil,Rio Branco,,,-9.94166666666667,-67.8688888888889,-9.94166666666667,-67.8688888888889,Callitrichidae,,Saguinus,,,weddelii,SEMA-Acre,Animalia,Universidade Federal do Acre/Parque Zoobotânico; Rio Acre,,,,,2010-03-08T13:52:45,,,Artigo: Two breeding females in a Saguinus fuscicollis weddelli group - Calegaro-Marques C.- Bicca-Marques J.C. - Azevedo M.A.O. 1995,Primates,,,,,,,,Saguinus fuscicollis weddelii,,,fuscicollis,Acre,,-9.94166666666667,-67.8688888888889,,,Saguinus fuscicollis weddelii,Leontocebus fuscicollis,SYNONYM,leontocebus fuscicollis|-9.94|-67.87,False
,S,8412,Mammalia,ZEE_MAM,213,,,Brasil,Rio Branco,,,-9.94166666666667,-67.8688888888889,-9.94166666666667,-67.8688888888889,Callitrichidae,,Saguinus,,,weddelii,SEMA-Acre,Animalia,Universidade Federal do Acre/Parque Zoobotânico; Rioa Acre,,,,,2010-03-08T13:52:45,,,Artigo: Do female tamarins use visual cues to detect fruit rewards more successfully than do males? - Dominy N.J.- Garber P.A.- Bicca-Marques J.C. - Lopes M.A.O. 2003,Primates,,,,,,,,Saguinus fuscicollis weddelii,,,fuscicollis,Acre,,-9.94166666666667,-67.8688888888889,,,Saguinus fuscicollis weddelii,Leontocebus fuscicollis,SYNONYM,leontocebus fuscicollis|-9.94|-67.87,False
,S,435,Mammalia,ZEE_MAM,213,,,Brasil,Marechal Thaumaturgo,,,-8.8,-72.8166666666667,-8.8,-72.8166666666667,Callitrichidae,,Saguinus,,,melanoleucus,SEMA-Acre,Animalia,Pedra Preta; Acima do Rio Juruá,,,,,2010-03-08T13:52:45,,,Livro: Livig New World monkeys (Platyrrhini) with an introduction to primates - Hershokovitz P. 1977,Primates,,,,,,,,Saguinus fuscicollis melanoleucus,,,fuscicollis,Acre,,-8.8,-72.8166666666667,,,Saguinus fuscicollis melanoleucus,Leontocebus weddelli,SYNONYM,leontocebus weddelli|-8.8|-72.82,False
,S,61,Mammalia,ZEE_MAM,213,,,Brasil,,,,-8.8225,-72.7636111111111,-8.8225,-72.7636111111111,Callitrichidae,,Saguinus,,,melanoleucus,SEMA-Acre,Animalia,Seringal Oriente; Margem direita,,,,,2010-03-08T13:52:45,,,Artigo: Alguns mamíferos do Acre Ocidental - Carvalho C.T. 1957,Primates,,,,,,,,Saguinus fuscicollis melanoleucus,,,fuscicollis,Acre,,-8.8225,-72.7636111111111,,,Saguinus fuscicollis melanoleucus,Leontocebus weddelli,SYNONYM,leontocebus weddelli|-8.82|-72.76,False
,S,614,Mammalia,ZEE_MAM,213,,,Brasil,Rio Branco,,,-9.96666666666667,-67.8,-9.96666666666667,-67.8,Callitrichidae,,Saguinus,,,melanoleucus,SEMA-Acre,Animalia,Bairro Procon; Rioa Acre,,,,,2010-03-08T13:52:45,,,Monografia: Levantamento preliminar de primatas cadastrados pelo IBAMA no município de Rio Branco - AC - Nóbrega M.F. 1997,Primates,,,,,,,,Saguinus fuscicollis melanoleucus,,,fuscicollis,Acre,,-9.96666666666667,-67.8,,,Saguinus fuscicollis melanoleucus,Leontocebus weddelli,SYNONYM,leontocebus weddelli|-9.97|-67.8,False
,S,461,Mammalia,ZEE_MAM,213,,87388.0,Brasil,Marechal Thaumaturgo,,,-8.9415,-72.792159,-8.9415,-72.792159,Callitrichidae,,Saguinus,,,acrensis,SEMA-Acre,Animalia,Pedra Preta; Abaixo da Vila Taumaturgo,,,,,2010-03-08T13:52:45,,,Capítulo de livro: Systematics- geographic distribuition- andsome notes on the conservation status of the Callitrichidae - Rylands A.B.- Coimbra-Filho A.F. - Mittermeier R.A. 1993,Primates,,,,,,,,Saguinus fuscicollis acrensis,,,fuscicollis,Acre,,0.0,0.0,,,Saguinus fuscicollis acrensis,Leontocebus weddelli,HETEROTYPIC_SYNONYM,leontocebus weddelli|-8.94|-72.79,False
,S,37,Mammalia,ZEE_MAM,213,,,Brasil,,,,-8.6,-72.85,-8.6,-72.85,Callitrichidae,,Saguinus,,,fuscicollis,SEMA-Acre,Animalia,Fazenda Santa Fé; Margem esquerda do Rio Juruá,,,,,2010-03-08T13:52:45,,,Artigo: Riverine barriers and gene flow in Amazonian saddle-black tamarins - Peres C.A.- Patton J.L. - Silva M.N.F. 1996,Primates,,,,,,,,Saguinus fuscicollis fuscicollis,,,fuscicollis,Acre,,-8.6,-72.85,,,Saguinus fuscicollis fuscicollis,Leontocebus fuscicollis,SYNONYM,leontocebus fuscicollis|-8.6|-72.85,True
,S,615,Mammalia,ZEE_MAM,213,,,Brasil,Rio Branco,,,-9.96666666666667,-67.8,-9.96666666666667,-67.8,Callitrichidae,,Saguinus,,,fuscicollis,SEMA-Acre,Animalia,Bairro Procon; Rioa Acre,,,,,2010-03-08T13:52:45,,,Monografia: Levantamento preliminar de primatas cadastrados pelo IBAMA no município de Rio Branco - AC - Nóbrega M.F. 1997,Primates,,,,,,,,Saguinus fuscicollis fuscicollis,,,fuscicollis,Acre,,-9.96666666666667,-67.8,,,Saguinus fuscicollis fuscicollis,Leontocebus fuscicollis,SYNONYM,leontocebus fuscicollis|-9.97|-67.8,False
,S,1095,Mammalia,ZEE_MAM,213,,124133.0,Brasil,Cruzeiro do Sul,,,-7.631498,-72.67049,-7.631498,-72.67049,Callitrichidae,,Saguinus,,,melanoleucus,SEMA-Acre,Animalia,Lagoinha- BR-364; Igarapé do Croa,,,,,2010-03-08T13:52:45,,,Relatório: Estudo da distribuição geográfica de espécies de mamíferos como subsídio para o zoneamento agroecológico do Estado do Acre - IMAC 1992,Primates,,,,,,,,Saguinus fuscicollis melanoleucus,,,fuscicollis,Acre,,0.0,0.0,,,Saguinus fuscicollis melanoleucus,Leontocebus weddelli,SYNONYM,leontocebus weddelli|-7.63|-72.67,False
,S,369,Mammalia,ZEE_MAM,213,,,Brasil,,,,-8.78388888888889,-72.8383333333333,-8.78388888888889,-72.8383333333333,Callitrichidae,,Saguinus,,,melanoleucus,SEMA-Acre,Animalia,Pedra Preta- abaixo da Vila Taumaturgo; Acima da margem direita do alto Rio Juruá,,,,,2010-03-08T13:52:45,,,Livro: Catalogue of primates in the British Museum (Natural History). Part l: Families Callitrichidae and Cebidae - Napier P.H. 1976,Primates,,,,,,,,Saguinus fuscicollis melanoleucus,,,fuscicollis,Acre,,-8.78388888888889,-72.8383333333333,,,Saguinus fuscicollis melanoleucus,Leontocebus weddelli,SYNONYM,leontocebus weddelli|-8.78|-72.84,False
,S,1094,Mammalia,ZEE_MAM,213,,87388.0,Brasil,Marechal Thaumaturgo,,,-8.9415,-72.792159,-8.9415,-72.792159,Callitrichidae,,Saguinus,,,acrensis,SEMA-Acre,Animalia,,,,,,2010-03-08T13:52:45,,,Relatório: Estudo da distribuição geográfica de espécies de mamíferos como subsídio para o zoneamento agroecológico do Estado do Acre - IMAC 1992,Primates,,,,,,,,Saguinus fuscicollis acrensis,,,fuscicollis,Acre,,0.0,0.0,,,Saguinus fuscicollis acrensis,Leontocebus weddelli,HETEROTYPIC_SYNONYM,leontocebus weddelli|-8.94|-72.79,False
,S,38,Mammalia,ZEE_MAM,213,,,Brasil,,,,-8.66666666666667,-72.7833333333333,-8.66666666666667,-72.7833333333333,Callitrichidae,,Saguinus,,,melanoleucus,SEMA-Acre,Animalia,Seringal Triunfo; Margem esquerda do Rio Juruá,,,,,2010-03-08T13:52:45,,,Artigo: Riverine barriers and gene flow in Amazonian saddle-black tamarins - Peres C.A.- Patton J.L. - Silva M.N.F. 1996,Primates,,,,,,,,Saguinus fuscicollis melanoleucus,,,fuscicollis,Acre,,-8.66666666666667,-72.7833333333333,,,Saguinus fuscicollis melanoleucus,Leontocebus weddelli,SYNONYM,leontocebus weddelli|-8.67|-72.78,False
,S,3943,Mammalia,ZEE_MAM,213,,,Brasil,Cruzeiro do Sul,,,-8.87527777777778,-72.7819444444444,-8.87527777777778,-72.7819444444444,Callitrichidae,,Saguinus,,,,SEMA-Acre,Animalia,Parque Nacional da Serra do Divisor,,,,,2010-03-08T13:52:45,,,"Artigo : Riqueza de mamíferos de grande e médio porte do Parque Nacional da Serra do Divisor (Acre, Brasil) - Calouro A.M. 1999",Primates,,,,,,,,Saguinus fuscicollis,,,fuscicollis,Acre,,-8.87527777777778,-72.7819444444444,,,Saguinus fuscicollis,Leontocebus fuscicollis,SYNONYM,leontocebus fuscicollis|-8.88|-72.78,False
,S,4052,Mammalia,ZEE_MAM,213,,,Brasil,Rio Branco,,,-10.0666666666667,-67.6166666666667,-10.0666666666667,-67.6166666666667,Callitrichidae,,Saguinus,,,,SEMA-Acre,Animalia,Fazenda Experimental Catuaba; Rioa Acre,,,,,2010-03-08T13:52:45,,,Relatório: Estimativa das densidades das espécies de primatas da Fazenda Experimental Catuaba - Chaves W.A. 1999,Primates,,,,,,,,Saguinus fuscicollis,,,fuscicollis,Acre,,-10.0666666666667,-67.6166666666667,,,Saguinus fuscicollis,Leontocebus fuscicollis,SYNONYM,leontocebus fuscicollis|-10.07|-67.62,False
,S,650,Mammalia,ZEE_MAM,213,,,Brasil,Rio Branco,,,-10.1333333333333,-67.5833333333333,-10.1333333333333,-67.5833333333333,Callitrichidae,,Saguinus,,,,SEMA-Acre,Animalia,Parque Ambiental Chico Mendes; Rioa Acre,,,,,2010-03-08T13:52:45,,,Relatório: Enriquecimento de capoeiras com espécies vegetais utilizadas por primatas - Silva M.C.R. 1998,Primates,,,,,,,,Saguinus fuscicollis,,,fuscicollis,Acre,,-10.1333333333333,-67.5833333333333,,,Saguinus fuscicollis,Leontocebus fuscicollis,SYNONYM,leontocebus fuscicollis|-10.13|-67.58,False
,S,8136,Mammalia,ZEE_MAM,213,,,Brasil,,,,-7.45,-73.6,-7.45,-73.6,Callitrichidae,,Saguinus,,,,SEMA-Acre,Animalia,Parque Nacional da Serra do Divisor; Rio Juruá Mirim,,,,,2010-03-08T13:52:45,,,"Artigo: Observations of Callimico goeldii with Saguinus imperator in the Serra do Divisor National Park, Acre, Barzil - Lopes M.A.O.A. - Rehg J.A. 2003",Primates,,,,,,,,Saguinus fuscicollis,,,fuscicollis,Acre,,-7.45,-73.6,,,Saguinus fuscicollis,Leontocebus fuscicollis,SYNONYM,leontocebus fuscicollis|-7.45|-73.6,False
,S,8148,Mammalia,ZEE_MAM,213,,,Brasil,Bujari,,,-9.53333333333333,-68.0333333333333,-9.53333333333333,-68.0333333333333,Callitrichidae,,Saguinus,,,,SEMA-Acre,Animalia,Floresta Estadual do Antimary; Rio Antimari,,,,,2010-03-08T13:52:45,,,"Artigo: Caracterização de habitats para monitoramento de primatas na Floresta Estadual de Antimary (Acre, Brasil) - Calouro A.M. - Pires J.S.R. 2004",Primates,,,,,,,,Saguinus fuscicollis,,,fuscicollis,Acre,,-9.53333333333333,-68.0333333333333,,,Saguinus fuscicollis,Leontocebus fuscicollis,SYNONYM,leontocebus fuscicollis|-9.53|-68.03,False
,S,8327,Mammalia,ZEE_MAM,213,,178429.0,Brasil,Rio Branco,,,-9.97512,-67.810478,-9.97512,-67.810478,Callitrichidae,,Saguinus,,,,SEMA-Acre,Animalia,Rio Branco (Estrada de Porto Acre); Rioa Acre,,,,,2010-03-08T13:52:45,,,"Artigo: Malária simiana no Estado do Acre, Brasil: Encontro de macacos zogue-zogue, Callicebus moloch cupreus, infetados com Plasmodium brasilianum - Ferreira Neto J.A.- Deane L.M. - Almeida F.B. 1972",Primates,,,,,,,,Saguinus fuscicollis,,,fuscicollis,Acre,,0.0,0.0,,,Saguinus fuscicollis,Leontocebus fuscicollis,SYNONYM,leontocebus fuscicollis|-9.98|-67.81,False
,S,8332,Mammalia,ZEE_MAM,213,,178429.0,Brasil,Rio Branco,,,-9.97512,-67.810478,-9.97512,-67.810478,Callitrichidae,,Saguinus,,,,SEMA-Acre,Animalia,Rio Branco (Estrada de Xapuri); Rioa Acre,,,,,2010-03-08T13:52:45,,,"Artigo: Malária simiana no Estado do Acre, Brasil: Encontro de macacos zogue-zogue, Callicebus moloch cupreus, infetados com Plasmodium brasilianum - Ferreira Neto J.A.- Deane L.M. - Almeida F.B. 1972",Primates,,,,,,,,Saguinus fuscicollis,,,fuscicollis,Acre,,0.0,0.0,,,Saguinus fuscicollis,Leontocebus fuscicollis,SYNONYM,leontocebus fuscicollis|-9.98|-67.81,False
,S,8376,Mammalia,ZEE_MAM,213,,,Brasil,Rio Branco,,,-10.0666666666667,-67.6166666666667,-10.0666666666667,-67.6166666666667,Callitrichidae,,Saguinus,,,,SEMA-Acre,Animalia,Fazenda Experimental Catuaba; Rioa Acre,,,,,2010-03-08T13:52:45,,,"Resumo: Population density of Callimico goeldii (Goeldi's monkey) in relationship to home range and habitat in a forest fragment in Acre, Brasil - Rehg J. 2005",Primates,,,,,,,,Saguinus fuscicollis,,,fuscicollis,Acre,,-10.0666666666667,-67.6166666666667,,,Saguinus fuscicollis,Leontocebus fuscicollis,SYNONYM,leontocebus fuscicollis|-10.07|-67.62,False
NHM-ZOO-1976x543,PreservedSpecimen,1976.543,Mammalia,NHM-LONDON-ZOO,463,SOUTH_AMERICA,,Colômbia,Puerto Alegria,,,-1.0,-74.0,-1.0,-74.0,Aotidae,,Aotus,,1,,NHMUK,Animalia,"San Jose del Encanto, L. bank of R. Caraparana",,,,100.0,2021-07-27T11:38:15,,,,Primates,Chordata,,,['Hereward Hill'],,,,Aotus trivirgatus,"(Humboldt, 1811)",Female,trivirgatus,Amazonas,,,,1975.0,,Aotus trivirgatus,Aotus trivirgatus,ACCEPTED,aotus trivirgatus|-1.0|-74.0,True
NHM-ZOO-1976x544,PreservedSpecimen,1976.544,Mammalia,NHM-LONDON-ZOO,463,SOUTH_AMERICA,,Colômbia,Puerto Alegria,,,-1.0,-74.0,-1.0,-74.0,Aotidae,,Aotus,,1,,NHMUK,Animalia,"San Jose del Encanto, L. bank of R. Caraparana",,,,100.0,2021-07-27T11:38:15,,,,Primates,Chordata,,,['Hereward Hill'],,,,Aotus trivirgatus,"(Humboldt, 1811)",Female,trivirgatus,Amazonas,,,,1975.0,,Aotus trivirgatus,Aotus trivirgatus,ACCEPTED,aotus trivirgatus|-1.0|-74.0,True
NHM-ZOO-1927x3x6x2,PreservedSpecimen,1927.3.6.2,Mammalia,NHM-LONDON-ZOO,463,SOUTH_AMERICA,,Brasil,Maraã,30.0,,-2.0,-66.0,-2.0,-66.0,Atelidae,,Ateles,,1,,NHMUK,Animalia,"Upper Amazonas, Furu Mannana [Manhana]",,,,,2022-10-24T14:10:42,10.0,,,Primates,Chordata,,,['Herr W Ehrhardt'],,,,Ateles paniscus,"(Linnaeus, 1758)",Female,paniscus,Amazonas,,,,1926.0,,Ateles paniscus,Ateles paniscus,ACCEPTED,ateles paniscus|-2.0|-66.0,True
NHM-ZOO-1927x8x11x26,PreservedSpecimen,1927.8.11.26,Mammalia,NHM-LONDON-ZOO,463,SOUTH_AMERICA,,Brasil,Maraã,31.0,,-2.0,-66.0,-2.0,-66.0,Atelidae,,Ateles,,1,,NHMUK,Animalia,"Obere Solimoes, Furu Mannana [equals Manhana].",,,,,2021-02-03T07:05:43,10.0,,,Primates,Chordata,,,['Herr W Ehrhardt'],,,,Ateles paniscus,"(Linnaeus, 1758)",Male,paniscus,Amazonas,,,,1926.0,,Ateles paniscus,Ateles paniscus,ACCEPTED,ateles paniscus|-2.0|-66.0,True
NHM-ZOO-1927x8x11x27,PreservedSpecimen,1927.8.11.27,Mammalia,NHM-LONDON-ZOO,463,SOUTH_AMERICA,,Brasil,Japurá,9.0,,-2.25,-67.0,-2.25,-67.0,Atelidae,,Ateles,,1,,NHMUK,Animalia,"Obere Amazonas, Auati-Parana",,,,,2021-07-27T11:38:13,10.0,,,Primates,Chordata,,,['Herr W Ehrhardt'],,,,Ateles paniscus,"(Linnaeus, 1758)",Female,paniscus,Amazonas,,,,1926.0,,Ateles paniscus,Ateles paniscus,ACCEPTED,ateles paniscus|-2.25|-67.0,True
NHM-ZOO-1928x4x27x1,PreservedSpecimen,1928.4.27.1,Mammalia,NHM-LONDON-ZOO,463,SOUTH_AMERICA,,Brasil,Maraã,30.0,,-2.0,-66.0,-2.0,-66.0,Atelidae,,Ateles,,1,,NHMUK,Animalia,"Upper Amazonas, Furu Mannana [Manhana]",,,,,2021-07-27T11:38:11,8.0,,,Primates,Chordata,,,['K Lako'],,,,Ateles paniscus,"(Linnaeus, 1758)",Male,paniscus,Amazonas,,,,1927.0,,Ateles paniscus,Ateles paniscus,ACCEPTED,ateles paniscus|-2.0|-66.0,True
NHM-ZOO-1976x541,PreservedSpecimen,1976.541,Mammalia,NHM-LONDON-ZOO,463,SOUTH_AMERICA,,Colômbia,Puerto Alegria,,,-1.0,-74.0,-1.0,-74.0,Pitheciidae,,Plecturocebus,,1,,NHMUK,Animalia,"San Jose del Encanto, L. bank of R. Caraparana",,,,100.0,2021-07-27T11:38:15,,,,Primates,Chordata,,,['Hereward Hill'],,,,Plecturocebus moloch,"(Hoffmannsegg, 1807)",Male,moloch,Amazonas,,,,1975.0,,Plecturocebus moloch,Plecturocebus moloch,ACCEPTED,plecturocebus moloch|-1.0|-74.0,True
NHM-ZOO-1951x714,PreservedSpecimen,1951.714,Mammalia,NHM-LONDON-ZOO,463,SOUTH_AMERICA,,Venezuela,Río Negro,,,1.7167,-66.5,1.7167,-66.5,Pitheciidae,,Cheracebus,,1,,NHMUK,Animalia,Left of Casiquiare,,,,,2021-07-27T11:38:15,3.0,,,Primates,Chordata,,,['C Lako'],,,,Cheracebus torquatus,"(Hoffmannsegg, 1807)",Female,torquatus,Amazonas,,,,1933.0,,Cheracebus torquatus,Cheracebus torquatus,ACCEPTED,cheracebus torquatus|1.72|-66.5,True
NHM-ZOO-1939x608,PreservedSpecimen,1939.608,Mammalia,NHM-LONDON-ZOO,463,SOUTH_AMERICA,,Brasil,Atalaia do Norte,,,-7.0,-72.0,-7.0,-72.0,Callitrichidae,,Callimico,,1,,NHMUK,Animalia,R. Mu.,,,,,2021-07-27T11:37:01,,,,Primates,Chordata,,,,,,,Callimico goeldii,"(Thomas, 1904)",Male,goeldii,Amazonas,,,,,,Callimico goeldii,Callimico goeldii,ACCEPTED,callimico goeldii|-7.0|-72.0,True
NHM-ZOO-1976x540,PreservedSpecimen,1976.540,Mammalia,NHM-LONDON-ZOO,463,SOUTH_AMERICA,,Colômbia,Puerto Alegria,,,-1.0,-74.0,-1.0,-74.0,Pitheciidae,,Pithecia,,1,,NHMUK,Animalia,"San Jose del Encanto, L. bank of R. Caraparana.",,,,100.0,2021-07-27T11:34:31,,,,Primates,Chordata,,,['Hereward Hill'],,,,Pithecia pithecia,"(Linnaeus, 1766)",Indeterminate,pithecia,Amazonas,,,,1975.0,,Pithecia pithecia,Pithecia pithecia,ACCEPTED,pithecia pithecia|-1.0|-74.0,True
NHM-ZOO-1934x6x12x3,PreservedSpecimen,1934.6.12.3,Mammalia,NHM-LONDON-ZOO,463,SOUTH_AMERICA,,Brasil,Tapauá,,,-5.7167,-63.9,-5.7167,-63.9,Callitrichidae,,Leontocebus,,1,weddelli,NHMUK,Animalia,"E. of R. Purus, Lago do Mapixi",,,,,2021-07-27T11:38:14,6.0,,,Primates,Chordata,,,['K Lako'],,,,Leontocebus fuscicollis weddelli,"(Deville, 1849)",Female,fuscicollis,Amazonas,,,,1931.0,,Leontocebus fuscicollis weddelli,Leontocebus weddelli,SYNONYM,leontocebus weddelli|-5.72|-63.9,True
NHM-ZOO-1934x6x12x4,PreservedSpecimen,1934.6.12.4,Mammalia,NHM-LONDON-ZOO,463,SOUTH_AMERICA,,Brasil,Tapauá,,,-5.7167,-63.9,-5.7167,-63.9,Callitrichidae,,Saguinus,,1,labiatus,NHMUK,Animalia,"E. of R. Purus, Lago do Mapixi",,,,,2021-07-27T11:38:14,6.0,,,Primates,Chordata,,,['K Lako'],,,,Saguinus labiatus labiatus,"(É.Geoffroy Saint-Hilaire, 1812)",Male,labiatus,Amazonas,,,,1931.0,,Saguinus labiatus labiatus,Saguinus labiatus,ACCEPTED,saguinus labiatus|-5.72|-63.9,True
NHM-ZOO-1934x6x12x5,PreservedSpecimen,1934.6.12.5,Mammalia,NHM-LONDON-ZOO,463,SOUTH_AMERICA,,Brasil,Tapauá,,,-5.7167,-63.9,-5.7167,-63.9,Callitrichidae,,Saguinus,,1,labiatus,NHMUK,Animalia,"E. of R. Purus, Lago do Mapixi",,,,,2021-07-27T11:38:14,6.0,,,Primates,Chordata,,,['K Lako'],,,,Saguinus labiatus labiatus,"(É.Geoffroy Saint-Hilaire, 1812)",Female,labiatus,Amazonas,,,,1931.0,,Saguinus labiatus labiatus,Saguinus labiatus,ACCEPTED,saguinus labiatus|-5.72|-63.9,True
NHM-ZOO-1976x545,PreservedSpecimen,1976.545,Mammalia,NHM-LONDON-ZOO,463,SOUTH_AMERICA,,Colômbia,Puerto Alegria,,,-1.0,-74.0,-1.0,-74.0,Cebidae,,Saimiri,,1,,NHMUK,Animalia,"San Jose del Encanto, L. bank of R. Caraparana",,,,100.0,2021-07-27T11:38:15,,,,Primates,Chordata,,,['Hereward Hill'],,,,Saimiri sciureus,"(Linnaeus, 1758)",Male,sciureus,Amazonas,,,,1975.0,,Saimiri sciureus,Saimiri sciureus,ACCEPTED,saimiri sciureus|-1.0|-74.0,True
NHM-ZOO-1976x546,PreservedSpecimen,1976.546,Mammalia,NHM-LONDON-ZOO,463,SOUTH_AMERICA,,Colômbia,Puerto Alegria,,,-1.0,-74.0,-1.0,-74.0,Cebidae,,Saimiri,,1,,NHMUK,Animalia,"San Jose del Encanto, L. bank of R. Caraparana",,,,100.0,2021-07-27T11:38:15,,,,Primates,Chordata,,,['Hereward Hill'],,,,Saimiri sciureus,"(Linnaeus, 1758)",Male,sciureus,Amazonas,,,,1975.0,,Saimiri sciureus,Saimiri sciureus,ACCEPTED,saimiri sciureus|-1.0|-74.0,True
,O,63878,Mammalia,FPR-COLOMBIA,66,,,Venezuela,,,,1.72083333333333,-65.0333333333333,1.72083333333333,-65.0333333333333,Cebidae,,Cacajao,,1,,Fundación Puerto Rastrojo - Colômbia,Animalia,Jabromabibeiteri,,,,,2006-01-12T00:00:00,,,"<nO>Mammals of the Neotropics EISENBERG, John F.</nO>",Primates,Chordata,,,,,,,Cacajao melanocephalus,,,melanocephalus,Territorio Federal Amazonas,,,,,,Cacajao melanocephalus,Cacajao melanocephalus,ACCEPTED,cacajao melanocephalus|1.72|-65.03,False
,O,63880,Mammalia,FPR-COLOMBIA,66,,,Brasil,,,,-2.9,-68.6247222222222,-2.9,-68.6247222222222,Cebidae,,Cacajao,,1,,Fundación Puerto Rastrojo - Colômbia,Animalia,Río Içá afluente Río Solimões,,,,,2006-01-12T00:00:00,,,"<nO>Mammals of Amazonia. Volume I : General introduction and primates DA CRUZ LIMA, Eladio</nO>",Primates,Chordata,,,,,,,Cacajao melanocephalus,,,melanocephalus,Estado de Amazonas,,,,,,Cacajao melanocephalus,Cacajao melanocephalus,ACCEPTED,cacajao melanocephalus|-2.9|-68.62,False
,O,63877,Mammalia,FPR-COLOMBIA,66,,,Venezuela,Casiquiare,,,2.03333333333333,-67.0,2.03333333333333,-67.0,Cebidae,,Cacajao,,1,,Fundación Puerto Rastrojo - Colômbia,Animalia,Río Casiquiare afluente Río Negro,,,,,2006-01-12T00:00:00,,,"<nO>Mammals of Amazonia. Volume I : General introduction and primates DA CRUZ LIMA, Eladio</nO>",Primates,Chordata,,,,,,,Cacajao melanocephalus,,,melanocephalus,Territorio Federal Amazonas,,,,,,Cacajao melanocephalus,Cacajao melanocephalus,ACCEPTED,cacajao melanocephalus|2.03|-67.0,False
,O,63879,Mammalia,FPR-COLOMBIA,66,,,Venezuela,Casiquiare,,,2.65,-66.35,2.65,-66.35,Cebidae,,Cacajao,,1,,Fundación Puerto Rastrojo - Colômbia,Animalia,Piedra Del Caribe Río Casiquiare,,,,,2006-01-12T00:00:00,,,"<nO>Mammals of the Neotropics EISENBERG, John F.</nO>",Primates,Chordata,,,,,,,Cacajao melanocephalus,,,melanocephalus,Territorio Federal Amazonas,,,,,,Cacajao melanocephalus,Cacajao melanocephalus,ACCEPTED,cacajao melanocephalus|2.65|-66.35,False
,O,63881,Mammalia,FPR-COLOMBIA,66,,,Venezuela,,,,3.16666666666667,-66.0,3.16666666666667,-66.0,Cebidae,,Cacajao,,1,,Fundación Puerto Rastrojo - Colômbia,Animalia,Río Orinoco,,,,,2006-01-12T00:00:00,,,"<nO>Mammals of Amazonia. Volume I : General introduction and primates DA CRUZ LIMA, Eladio</nO>",Primates,Chordata,,,,,,,Cacajao melanocephalus,,,melanocephalus,Territorio Federal Amazonas,,,,,,Cacajao melanocephalus,Cacajao melanocephalus,ACCEPTED,cacajao melanocephalus|3.17|-66.0,False
,O,63885,Mammalia,FPR-COLOMBIA,66,,,Brasil,,,,-2.9,-68.6247222222222,-2.9,-68.6247222222222,Cebidae,,Callicebus,,1,,Fundación Puerto Rastrojo - Colômbia,Animalia,Río Içá afluente Río Solimões,,,,,2006-01-12T00:00:00,,,"<nO>Mammals of Amazonia. Volume I : General introduction and primates DA CRUZ LIMA, Eladio</nO>",Primates,Chordata,,,,,,,Callicebus cinerascens,,,cinerascens,Estado de Amazonas,,,,,,Callicebus cinerascens,Plecturocebus cinerascens,SYNONYM,plecturocebus cinerascens|-2.9|-68.62,False
,O,63883,Mammalia,FPR-COLOMBIA,66,,,Brasil,,,,-2.96666666666667,-68.8833333333333,-2.96666666666667,-68.8833333333333,Cebidae,,Callicebus,,1,,Fundación Puerto Rastrojo - Colômbia,Animalia,Río Jamarí afluente Río Ica,,,,,2006-01-12T00:00:00,,,"<nO>Titis, new world monkeys of the genus Callicebus [Cebidae, Platyrrhini] : a preliminary taxonomic review HERSHKOVITZ, Philip</nO>",Primates,Chordata,,,,,,,Callicebus moloch,,,moloch,Estado de Amazonas,,,,,,Callicebus moloch,Plecturocebus moloch,SYNONYM,plecturocebus moloch|-2.97|-68.88,False
,O,63888,Mammalia,FPR-COLOMBIA,66,,,Venezuela,Atabapo,,,3.16666666666667,-65.55,3.16666666666667,-65.55,Cebidae,,Callicebus,,1,,Fundación Puerto Rastrojo - Colômbia,Animalia,Esmeralda Río Orinoco,,,,,2006-01-12T00:00:00,,,"<nO>Mammals of the Neotropics EISENBERG, John F.</nO>",Primates,Chordata,,,,,,,Callicebus torquatus,,,torquatus,Territorio Federal Amazonas,,,,,,Callicebus torquatus,Cheracebus torquatus,SYNONYM,cheracebus torquatus|3.17|-65.55,False
,O,63890,Mammalia,FPR-COLOMBIA,66,,,Venezuela,Casiquiare,,,3.06666666666667,-63.1333333333333,3.06666666666667,-63.1333333333333,Cebidae,,Callicebus,,1,,Fundación Puerto Rastrojo - Colômbia,Animalia,Maricapure Río Orinoco,,,,,2006-01-12T00:00:00,,,"<nO>Mammals of the Neotropics EISENBERG, John F.</nO>",Primates,Chordata,,,,,,,Callicebus torquatus,,,torquatus,Territorio Federal Amazonas,,,,,,Callicebus torquatus,Cheracebus torquatus,SYNONYM,cheracebus torquatus|3.07|-63.13,False
,O,5977,Mammalia,FPR-COLOMBIA,66,,,Colombia,Mirití Paraná,,,-1.0,-70.5,-1.0,-70.5,Cebidae,,Callicebus,,1,,Fundación Puerto Rastrojo - Colômbia,Animalia,Puerto Rastrojo Río Miritipaná,,,,,2006-01-12T00:00:00,,,"<nO>Observaciones sobre los primates del bajo río Mirití-Paraná, Amazonas, Colombia DEFLER, Thomas R.</nO>",Primates,Chordata,,,"Defler, Thomas",,,,Callicebus torquatus,,,torquatus,Amazonas,,,,,,Callicebus torquatus,Cheracebus torquatus,SYNONYM,cheracebus torquatus|-1.0|-70.5,False
,O,63892,Mammalia,FPR-COLOMBIA,66,,,Venezuela,,,,1.72083333333333,-65.0333333333333,1.72083333333333,-65.0333333333333,Cebidae,,Callicebus,,1,,Fundación Puerto Rastrojo - Colômbia,Animalia,Jabromabibeiteri,,,,,2006-01-12T00:00:00,,,"<nO>Mammals of the Neotropics EISENBERG, John F.</nO>",Primates,Chordata,,,,,,,Callicebus torquatus,,,torquatus,Territorio Federal Amazonas,,,,,,Callicebus torquatus,Cheracebus torquatus,SYNONYM,cheracebus torquatus|1.72|-65.03,False
,O,63887,Mammalia,FPR-COLOMBIA,66,,,Venezuela,Río Negro,,,2.5,-65.1833333333333,2.5,-65.1833333333333,Cebidae,,Callicebus,,1,,Fundación Puerto Rastrojo - Colômbia,Animalia,Mavaca Río Orinoco,,,,,2006-01-12T00:00:00,,,"<nO>Mammals of the Neotropics EISENBERG, John F.</nO>",Primates,Chordata,,,,,,,Callicebus torquatus,,,torquatus,Territorio Federal Amazonas,,,,,,Callicebus torquatus,Cheracebus torquatus,SYNONYM,cheracebus torquatus|2.5|-65.18,False
,O,5311,Mammalia,FPR-COLOMBIA,66,,,Colombia,Leticia,,,-4.15,-69.95,-4.15,-69.95,Cebidae,,Callicebus,,1,,Fundación Puerto Rastrojo - Colômbia,Animalia,Leticia Río Amazonas,,,,,2006-01-12T00:00:00,,,<nO>Mammals from Colombia in USNM</nO>,Primates,Chordata,,,,,,,Callicebus torquatus,,,torquatus,Amazonas,,,,,,Callicebus torquatus,Cheracebus torquatus,SYNONYM,cheracebus torquatus|-4.15|-69.95,False
,O,5312,Mammalia,FPR-COLOMBIA,66,,,Colombia,Leticia,,,-4.15,-69.95,-4.15,-69.95,Cebidae,,Callicebus,,1,,Fundación Puerto Rastrojo - Colômbia,Animalia,Leticia Río Amazonas,,,,,2006-01-12T00:00:00,,,<nO>Mammals from Colombia in USNM</nO>,Primates,Chordata,,,,,,,Callicebus torquatus,,,torquatus,Amazonas,,,,,,Callicebus torquatus,Cheracebus torquatus,SYNONYM,cheracebus torquatus|-4.15|-69.95,False
,O,5976,Mammalia,FPR-COLOMBIA,66,,,Colombia,Mirití Paraná,,,-1.0,-70.5,-1.0,-70.5,Cebidae,,Callicebus,,1,,Fundación Puerto Rastrojo - Colômbia,Animalia,Puerto Rastrojo Río Miritipaná,,,,,2006-01-12T00:00:00,,,"<nO>Observaciones sobre los primates del bajo río Mirití-Paraná, Amazonas, Colombia DEFLER, Thomas R.</nO>",Primates,Chordata,,,"Defler, Thomas",,,,Callicebus torquatus,,,torquatus,Amazonas,,,,,,Callicebus torquatus,Cheracebus torquatus,SYNONYM,cheracebus torquatus|-1.0|-70.5,False
,O,5549,Mammalia,FPR-COLOMBIA,66,,,Colombia,Puerto Nariño,,,-3.8,-70.3166666666667,-3.8,-70.3166666666667,Cebidae,,Callicebus,,1,,Fundación Puerto Rastrojo - Colômbia,Animalia,San Martín de Amacayacú Río Amacayacú,,,,,2006-01-12T00:00:00,,,"<nO>Aspectos etnozoológicos relacionados con la actividad de la caza de los indígenas Ticuna, San Martín de Amacayacú [Amazonas] CAMPOS ROZO, Claudia</nO>",Primates,Chordata,,,"Campos R., Claudia",,,,Callicebus torquatus,,,torquatus,Amazonas,,,,,,Callicebus torquatus,Cheracebus torquatus,SYNONYM,cheracebus torquatus|-3.8|-70.32,False
,O,5327,Mammalia,FPR-COLOMBIA,66,,,Colombia,El Encanto,,,-1.77166666666667,-73.2072222222222,-1.77166666666667,-73.2072222222222,Cebidae,,Callicebus,,1,lucifer,Fundación Puerto Rastrojo - Colômbia,Animalia,El Encanto Río Caraparaná,,,,,2006-01-12T00:00:00,,,"<nO>Titis, new world monkeys of the genus Callicebus [Cebidae, Platyrrhini] : a preliminary taxonomic review HERSHKOVITZ, Philip</nO>",Primates,Chordata,,,,,,,Callicebus torquatus lucifer,,,torquatus,Amazonas,,,,,,Callicebus torquatus lucifer,Cheracebus lucifer,SYNONYM,cheracebus lucifer|-1.77|-73.21,False
,O,63924,Mammalia,FPR-COLOMBIA,66,,,Brasil,,,,-2.9,-68.6247222222222,-2.9,-68.6247222222222,Cebidae,,Callicebus,,3,lucifer,Fundación Puerto Rastrojo - Colômbia,Animalia,Río Içá afluente Río Solimões,,,,,2006-01-12T00:00:00,,,"<nO>Titis, new world monkeys of the genus Callicebus [Cebidae, Platyrrhini] : a preliminary taxonomic review HERSHKOVITZ, Philip</nO>",Primates,Chordata,,,,,,,Callicebus torquatus lucifer,,,torquatus,Estado de Amazonas,,,,,,Callicebus torquatus lucifer,Cheracebus lucifer,SYNONYM,cheracebus lucifer|-2.9|-68.62,False
,O,63925,Mammalia,FPR-COLOMBIA,66,,,Brasil,,,,-2.73833333333333,-68.0905555555556,-2.73833333333333,-68.0905555555556,Cebidae,,Callicebus,,2,lucifer,Fundación Puerto Rastrojo - Colômbia,Animalia,Río Tonantins afluente Río Amazonas,,,,,2006-01-12T00:00:00,,,"<nO>Titis, new world monkeys of the genus Callicebus [Cebidae, Platyrrhini] : a preliminary taxonomic review HERSHKOVITZ, Philip</nO>",Primates,Chordata,,,,,,,Callicebus torquatus lucifer,,,torquatus,Estado de Amazonas,,,,,,Callicebus torquatus lucifer,Cheracebus lucifer,SYNONYM,cheracebus lucifer|-2.74|-68.09,False
,O,63927,Mammalia,FPR-COLOMBIA,66,,,Brasil,,,,-2.73833333333333,-68.0905555555556,-2.73833333333333,-68.0905555555556,Cebidae,,Callicebus,,3,lucifer,Fundación Puerto Rastrojo - Colômbia,Animalia,Río Tonantins afluente Río Amazonas,,,,,2006-01-12T00:00:00,,,"<nO>Titis, new world monkeys of the genus Callicebus [Cebidae, Platyrrhini] : a preliminary taxonomic review HERSHKOVITZ, Philip</nO>",Primates,Chordata,,,"Mounsey, J.",,,,Callicebus torquatus lucifer,,,torquatus,Estado de Amazonas,,,,,,Callicebus torquatus lucifer,Cheracebus lucifer,SYNONYM,cheracebus lucifer|-2.74|-68.09,False
,O,63896,Mammalia,FPR-COLOMBIA,66,,,Venezuela,Río Negro,,,1.91666666666667,-67.0666666666667,1.91666666666667,-67.0666666666667,Cebidae,,Callicebus,,1,lugens,Fundación Puerto Rastrojo - Colômbia,Animalia,San Carlos de Río Negro,,,,,2006-01-12T00:00:00,,,"<nO>Titis, new world monkeys of the genus Callicebus [Cebidae, Platyrrhini] : a preliminary taxonomic review HERSHKOVITZ, Philip</nO>",Primates,Chordata,,,,,,,Callicebus torquatus lugens,,,torquatus,Territorio Federal Amazonas,,,,,,Callicebus torquatus lugens,Cheracebus torquatus,SYNONYM,cheracebus torquatus|1.92|-67.07,False
,O,63894,Mammalia,FPR-COLOMBIA,66,,,Venezuela,Río Negro,,,3.11666666666667,-65.5333333333333,3.11666666666667,-65.5333333333333,Cebidae,,Callicebus,,1,lugens,Fundación Puerto Rastrojo - Colômbia,Animalia,Isla Cudanaca,,,,,2006-01-12T00:00:00,,,"<nO>Titis, new world monkeys of the genus Callicebus [Cebidae, Platyrrhini] : a preliminary taxonomic review HERSHKOVITZ, Philip</nO>",Primates,Chordata,,,,,,,Callicebus torquatus lugens,,,torquatus,Territorio Federal Amazonas,,,,,,Callicebus torquatus lugens,Cheracebus torquatus,SYNONYM,cheracebus torquatus|3.12|-65.53,False
,O,63909,Mammalia,FPR-COLOMBIA,66,,,Brasil,,,,0.0111111111111111,-66.1333333333333,0.0111111111111111,-66.1333333333333,Cebidae,,Callicebus,,2,lugens,Fundación Puerto Rastrojo - Colômbia,Animalia,Río Maturaca,,,,,2006-01-12T00:00:00,,,"<nO>Titis, new world monkeys of the genus Callicebus [Cebidae, Platyrrhini] : a preliminary taxonomic review HERSHKOVITZ, Philip</nO>",Primates,Chordata,,,,,,,Callicebus torquatus lugens,,,torquatus,Estado de Amazonas,,,,,,Callicebus torquatus lugens,Cheracebus torquatus,SYNONYM,cheracebus torquatus|0.01|-66.13,False
,O,63907,Mammalia,FPR-COLOMBIA,66,,,Brasil,,,,0.133333333333333,-69.05,0.133333333333333,-69.05,Cebidae,,Callicebus,,2,lugens,Fundación Puerto Rastrojo - Colômbia,Animalia,Río Araçá afluente Río Tiquié,,,,,2006-01-12T00:00:00,,,"<nO>Titis, new world monkeys of the genus Callicebus [Cebidae, Platyrrhini] : a preliminary taxonomic review HERSHKOVITZ, Philip</nO>",Primates,Chordata,,,,,,,Callicebus torquatus lugens,,,torquatus,Estado de Amazonas,,,,,,Callicebus torquatus lugens,Cheracebus torquatus,SYNONYM,cheracebus torquatus|0.13|-69.05,False
,O,63898,Mammalia,FPR-COLOMBIA,66,,,Venezuela,Río Negro,,,2.5,-65.1833333333333,2.5,-65.1833333333333,Cebidae,,Callicebus,,8,lugens,Fundación Puerto Rastrojo - Colômbia,Animalia,Boca Mavaca,,,,,2006-01-12T00:00:00,,,"<nO>Titis, new world monkeys of the genus Callicebus [Cebidae, Platyrrhini] : a preliminary taxonomic review HERSHKOVITZ, Philip</nO>",Primates,Chordata,,,,,,,Callicebus torquatus lugens,,,torquatus,Territorio Federal Amazonas,,,,,,Callicebus torquatus lugens,Cheracebus torquatus,SYNONYM,cheracebus torquatus|2.5|-65.18,False
,O,63912,Mammalia,FPR-COLOMBIA,66,,,Brasil,,,,-2.53333333333333,-66.0166666666667,-2.53333333333333,-66.0166666666667,Cebidae,,Callicebus,,1,regulus,Fundación Puerto Rastrojo - Colômbia,Animalia,Fonte Boa Río Solimões,,,,,2006-01-12T00:00:00,,,"<nO>Mammals of Amazonia. Volume I : General introduction and primates DA CRUZ LIMA, Eladio</nO>",Primates,Chordata,,,Ehrhardt,,,,Callicebus torquatus regulus,,H,torquatus,Estado de Amazonas,,,,,,Callicebus torquatus regulus,Cheracebus regulus,SYNONYM,cheracebus regulus|-2.53|-66.02,False
,O,5313,Mammalia,FPR-COLOMBIA,66,,,Colombia,Leticia,,,-4.15,-69.95,-4.15,-69.95,Cebidae,,Callicebus,,1,torquatus,Fundación Puerto Rastrojo - Colômbia,Animalia,Leticia Río Amazonas,,,,,2006-01-12T00:00:00,,,<nO>Mammals from Colombia in USNM</nO>,Primates,Chordata,,,,,,,Callicebus torquatus torquatus,,,torquatus,Amazonas,,,,,,Callicebus torquatus torquatus,Cheracebus torquatus,SYNONYM,cheracebus torquatus|-4.15|-69.95,False
,O,5582,Mammalia,FPR-COLOMBIA,66,,,Colombia,La Chorrera,,,-1.42333333333333,-72.8544444444444,-1.42333333333333,-72.8544444444444,Callithrichidae,,Callimico,,1,,Fundación Puerto Rastrojo - Colômbia,Animalia,La Chorrera Río Igara Paraná afluente Río Putumayo,,,,,2006-01-12T00:00:00,,,"<nO>Hallazgo del género Callimico (Mammalia: Primates) en Colombia HERNANDEZ CAMACHO, Jorge I.;BARRIGA BONILLA, Ernesto</nO>",Primates,Chordata,,,Granados y Medem,,,,Callimico goeldii,,,goeldii,Amazonas,,,,,,Callimico goeldii,Callimico goeldii,ACCEPTED,callimico goeldii|-1.42|-72.85,False
,O,5148,Mammalia,FPR-COLOMBIA,66,,,Colombia,Mirití Paraná,,,-1.32333333333333,-70.805,-1.32333333333333,-70.805,Callithrichidae,,Callimico,,1,,Fundación Puerto Rastrojo - Colômbia,Animalia,Los Mirañas Río Caquetá,,,,,2006-01-12T00:00:00,,,"<nO>Mammals of the Neotropics EISENBERG, John F.</nO>",Primates,Chordata,,,,,,,Callimico goeldii,,,goeldii,Amazonas,,,,,,Callimico goeldii,Callimico goeldii,ACCEPTED,callimico goeldii|-1.32|-70.81,False
,O,5142,Mammalia,FPR-COLOMBIA,66,,,Colombia,Leticia,,,-3.76666666666667,-69.8833333333333,-3.76666666666667,-69.8833333333333,Callithrichidae,,Callithrix,,1,,Fundación Puerto Rastrojo - Colômbia,Animalia,Calderón Río Calderón,,,,,2006-01-12T00:00:00,,,"<nO>Mammals of the Neotropics EISENBERG, John F.</nO>",Primates,Chordata,,,,,,,Callithrix pygmaea,,,pygmaea,Amazonas,,,,,,Callithrix pygmaea,Cebuella pygmaea,SYNONYM,cebuella pygmaea|-3.77|-69.88,False
,O,5601,Mammalia,FPR-COLOMBIA,66,,,Colombia,Leticia,,,-4.15,-69.95,-4.15,-69.95,Callithrichidae,,Callithrix,,1,,Fundación Puerto Rastrojo - Colômbia,Animalia,Leticia Río Amazonas,,,,,2006-01-12T00:00:00,,,<nO>Mammals from Colombia in MVZ Collections</nO>,Primates,Chordata,,,"Lehmann, V.",,,,Callithrix pygmaea,,H,pygmaea,Amazonas,,,,,,Callithrix pygmaea,Cebuella pygmaea,SYNONYM,cebuella pygmaea|-4.15|-69.95,True
,O,63994,Mammalia,FPR-COLOMBIA,66,,,Brasil,,,,-4.26666666666667,-69.9333333333333,-4.26666666666667,-69.9333333333333,Callithrichidae,,Callithrix,,1,pygmaea,Fundación Puerto Rastrojo - Colômbia,Animalia,Tabatinga Río Solimões,,,,,2006-01-12T00:00:00,,,"<nO>Mammals of Amazonia. Volume I : General introduction and primates DA CRUZ LIMA, Eladio</nO>",Primates,Chordata,,,,,,,Callithrix pygmaea pygmaea,,,pygmaea,Estado de Amazonas,,,,,,Callithrix pygmaea pygmaea,Cebuella pygmaea,SYNONYM,cebuella pygmaea|-4.27|-69.93,False
,O,63956,Mammalia,FPR-COLOMBIA,66,,,Venezuela,Casiquiare,,,3.06666666666667,-63.1333333333333,3.06666666666667,-63.1333333333333,Cebidae,,Cebus,,1,,Fundación Puerto Rastrojo - Colômbia,Animalia,Maricapure Río Orinoco,,,,,2006-01-12T00:00:00,,,"<nO>Mammals of the Neotropics EISENBERG, John F.</nO>",Primates,Chordata,,,,,,,Cebus apella,,,apella,Territorio Federal Amazonas,,,,,,Cebus apella,Sapajus apella,SYNONYM,sapajus apella|3.07|-63.13,False
,O,63961,Mammalia,FPR-COLOMBIA,66,,,Venezuela,Casiquiare,,,2.65,-66.35,2.65,-66.35,Cebidae,,Cebus,,1,,Fundación Puerto Rastrojo - Colômbia,Animalia,Piedra Del Caribe Río Casiquiare,,,,,2006-01-12T00:00:00,,,"<nO>Mammals of the Neotropics EISENBERG, John F.</nO>",Primates,Chordata,,,,,,,Cebus albifrons,,,albifrons,Territorio Federal Amazonas,,,,,,Cebus albifrons,Cebus albifrons,ACCEPTED,cebus albifrons|2.65|-66.35,False
,O,5982,Mammalia,FPR-COLOMBIA,66,,,Colombia,Mirití Paraná,,,-1.0,-70.5,-1.0,-70.5,Cebidae,,Cebus,,1,,Fundación Puerto Rastrojo - Colômbia,Animalia,Puerto Rastrojo Río Miritipaná,,,,,2006-01-12T00:00:00,,,"<nO>Observaciones sobre los primates del bajo río Mirití-Paraná, Amazonas, Colombia DEFLER, Thomas R.</nO>",Primates,Chordata,,,"Defler, Thomas",,,,Cebus albifrons,,,albifrons,Amazonas,,,,,,Cebus albifrons,Cebus albifrons,ACCEPTED,cebus albifrons|-1.0|-70.5,False
,O,5980,Mammalia,FPR-COLOMBIA,66,,,Colombia,Mirití Paraná,,,-1.0,-70.5,-1.0,-70.5,Cebidae,,Cebus,,1,,Fundación Puerto Rastrojo - Colômbia,Animalia,Puerto Rastrojo Río Miritipaná,,,,,2006-01-12T00:00:00,,,"<nO>Observaciones sobre los primates del bajo río Mirití-Paraná, Amazonas, Colombia DEFLER, Thomas R.</nO>",Primates,Chordata,,,"Defler, Thomas",,,,Cebus albifrons,,,albifrons,Amazonas,,,,,,Cebus albifrons,Cebus albifrons,ACCEPTED,cebus albifrons|-1.0|-70.5,False
,O,4782,Mammalia,FPR-COLOMBIA,66,,,Colombia,Puerto Nariño,,,-3.8,-70.3166666666667,-3.8,-70.3166666666667,Cebidae,,Cebus,,1,unicolor,Fundación Puerto Rastrojo - Colômbia,Animalia,San Martín de Amacayacú Río Amacayacú,,,,,2006-01-12T00:00:00,,,"<nO>Aspectos etnozoológicos relacionados con la actividad de la caza de los indígenas Ticuna, San Martín de Amacayacú [Amazonas] CAMPOS ROZO, Claudia</nO>",Primates,Chordata,,,,,,,Cebus albifrons unicolor,,,albifrons,Amazonas,,,,,,Cebus albifrons unicolor,Cebus unicolor,SYNONYM,cebus unicolor|-3.8|-70.32,False
,O,5979,Mammalia,FPR-COLOMBIA,66,,,Colombia,Mirití Paraná,,,-1.0,-70.5,-1.0,-70.5,Cebidae,,Cebus,,1,,Fundación Puerto Rastrojo - Colômbia,Animalia,Puerto Rastrojo Río Miritipaná,,,,,2006-01-12T00:00:00,,,"<nO>Observaciones sobre los primates del bajo río Mirití-Paraná, Amazonas, Colombia DEFLER, Thomas R.</nO>",Primates,Chordata,,,"Defler, Thomas",,,,Cebus apella,,,apella,Amazonas,,,,,,Cebus apella,Sapajus apella,SYNONYM,sapajus apella|-1.0|-70.5,False
,O,63955,Mammalia,FPR-COLOMBIA,66,,,Venezuela,Atabapo,,,3.15,-65.8333333333333,3.15,-65.8333333333333,Cebidae,,Cebus,,1,,Fundación Puerto Rastrojo - Colômbia,Animalia,Tamatama Río Orinoco,,,,,2006-01-12T00:00:00,,,"<nO>Mammals of the Neotropics EISENBERG, John F.</nO>",Primates,Chordata,,,,,,,Cebus apella,,,apella,Territorio Federal Amazonas,,,,,,Cebus apella,Sapajus apella,SYNONYM,sapajus apella|3.15|-65.83,False
,O,4993,Mammalia,FPR-COLOMBIA,66,,,Colombia,Mirití Paraná,,,-1.0,-70.5,-1.0,-70.5,Cebidae,,Cebus,,1,,Fundación Puerto Rastrojo - Colômbia,Animalia,Puerto Rastrojo Río Miritipaná,,,,,2006-01-12T00:00:00,,,"<nO>Observaciones sobre los primates del bajo río Mirití-Paraná, Amazonas, Colombia DEFLER, Thomas R.</nO>",Primates,Chordata,,,,,,,Cebus apella,,,apella,Amazonas,,,,,,Cebus apella,Sapajus apella,SYNONYM,sapajus apella|-1.0|-70.5,False
,O,63971,Mammalia,FPR-COLOMBIA,66,,,Venezuela,Río Negro,,,2.5,-65.1833333333333,2.5,-65.1833333333333,Cebidae,,Chiropotes,,1,,Fundación Puerto Rastrojo - Colômbia,Animalia,Mavaca Río Orinoco,,,,,2006-01-12T00:00:00,,,"<nO>Mammals of the Neotropics EISENBERG, John F.</nO>",Primates,Chordata,,,,,,,Chiropotes satanas,,,satanas,Territorio Federal Amazonas,,,,,,Chiropotes satanas,Chiropotes satanas,ACCEPTED,chiropotes satanas|2.5|-65.18,False
,O,63972,Mammalia,FPR-COLOMBIA,66,,,Venezuela,Atabapo,,,3.21666666666667,-65.9666666666667,3.21666666666667,-65.9666666666667,Cebidae,,Chiropotes,,1,,Fundación Puerto Rastrojo - Colômbia,Animalia,Acanaña Río Cunucunuma,,,,,2006-01-12T00:00:00,,,"<nO>Mammals of the Neotropics EISENBERG, John F.</nO>",Primates,Chordata,,,,,,,Chiropotes satanas,,,satanas,Territorio Federal Amazonas,,,,,,Chiropotes satanas,Chiropotes satanas,ACCEPTED,chiropotes satanas|3.22|-65.97,False
,O,63970,Mammalia,FPR-COLOMBIA,66,,,Venezuela,,,,1.72083333333333,-65.0333333333333,1.72083333333333,-65.0333333333333,Cebidae,,Chiropotes,,1,,Fundación Puerto Rastrojo - Colômbia,Animalia,Jabromabibeiteri,,,,,2006-01-12T00:00:00,,,"<nO>Mammals of the Neotropics EISENBERG, John F.</nO>",Primates,Chordata,,,,,,,Chiropotes satanas,,,satanas,Territorio Federal Amazonas,,,,,,Chiropotes satanas,Chiropotes satanas,ACCEPTED,chiropotes satanas|1.72|-65.03,False
,O,5577,Mammalia,FPR-COLOMBIA,66,,,Colombia,La Chorrera,,,-2.11583333333333,-72.1666666666667,-2.11583333333333,-72.1666666666667,Cebidae,,Lagothrix,,1,,Fundación Puerto Rastrojo - Colômbia,Animalia,Lago Grande Río Igara Paraná afluente Río Putumayo,,,,,2006-01-12T00:00:00,,,"<nO>Informe de correrias por los ríos Putumayo, Caraparaná e Igaraparaná : Segundo semestre de 1991 ECHEVERRI, Juan A.;MONTENEGRO DIAZ, Olga L.;RIVAS PAVA, María del P.;MUÑOZ SOSA, Diego L.</nO>",Primates,Chordata,,,"Ductcha, E.",,,,Lagothrix lagothricha,,,lagothricha,Amazonas,,,,,,Lagothrix lagothricha,Lagothrix lagothricha,ACCEPTED,lagothrix lagothricha|-2.12|-72.17,False
,O,4996,Mammalia,FPR-COLOMBIA,66,,,Colombia,Mirití Paraná,,,-1.0,-70.5,-1.0,-70.5,Cebidae,,Lagothrix,,1,,Fundación Puerto Rastrojo - Colômbia,Animalia,Puerto Rastrojo Río Miritipaná,,,,,2006-01-12T00:00:00,,,"<nO>Observaciones sobre los primates del bajo río Mirití-Paraná, Amazonas, Colombia DEFLER, Thomas R.</nO>",Primates,Chordata,,,,,,,Lagothrix lagothricha,,,lagothricha,Amazonas,,,,,,Lagothrix lagothricha,Lagothrix lagothricha,ACCEPTED,lagothrix lagothricha|-1.0|-70.5,False
,O,63978,Mammalia,FPR-COLOMBIA,66,,,Venezuela,,,,3.16666666666667,-66.0,3.16666666666667,-66.0,Cebidae,,Lagothrix,,1,lagothricha,Fundación Puerto Rastrojo - Colômbia,Animalia,Río Orinoco,,,,,2006-01-12T00:00:00,,,"<nO>Mammals of Amazonia. Volume I : General introduction and primates DA CRUZ LIMA, Eladio</nO>",Primates,Chordata,,,,,,,Lagothrix lagothricha lagothricha,,,lagothricha,Territorio Federal Amazonas,,,,,,Lagothrix lagothricha lagothricha,Lagothrix lagothricha,ACCEPTED,lagothrix lagothricha|3.17|-66.0,False
,O,63996,Mammalia,FPR-COLOMBIA,66,,,Brasil,,,,-3.0,-69.0,-3.0,-69.0,Callithrichidae,,Saguinus,,1,,Fundación Puerto Rastrojo - Colômbia,Animalia,Entre Río Solimõesy Río Iça,,,,,2006-01-12T00:00:00,,,"<nO>Mammal species of the world : A taxonomic and geographic reference WILSON, Don E.;REEDER, DeeAnn M.</nO>",Primates,Chordata,,,,,,,Saguinus fuscicollis,,,fuscicollis,Estado de Amazonas,,,,,,Saguinus fuscicollis,Leontocebus fuscicollis,SYNONYM,leontocebus fuscicollis|-3.0|-69.0,False
,O,5986,Mammalia,FPR-COLOMBIA,66,,,Colombia,Mirití Paraná,,,-1.0,-70.5,-1.0,-70.5,Callithrichidae,,Saguinus,,1,,Fundación Puerto Rastrojo - Colômbia,Animalia,Puerto Rastrojo Río Miritipaná,,,,,2006-01-12T00:00:00,,,"<nO>Observaciones sobre los primates del bajo río Mirití-Paraná, Amazonas, Colombia DEFLER, Thomas R.</nO>",Primates,Chordata,,,"Defler, Thomas",,,,Saguinus inustus,,,inustus,Amazonas,,,,,,Saguinus inustus,Saguinus inustus,ACCEPTED,saguinus inustus|-1.0|-70.5,False
,O,5468,Mammalia,FPR-COLOMBIA,66,,,Colombia,La Chorrera,,,-1.42333333333333,-72.8544444444444,-1.42333333333333,-72.8544444444444,Callithrichidae,,Saguinus,,1,,Fundación Puerto Rastrojo - Colômbia,Animalia,La Chorrera Río Igara Paraná afluente Río Putumayo,,,,,2006-01-12T00:00:00,,,"<nO>Informe de correrias por los ríos Putumayo, Caraparaná e Igaraparaná : Segundo semestre de 1991 ECHEVERRI, Juan A.;MONTENEGRO DIAZ, Olga L.;RIVAS PAVA, María del P.;MUÑOZ SOSA, Diego L.</nO>",Primates,Chordata,,,,,,,Saguinus inustus,,,inustus,Amazonas,,,,,,Saguinus inustus,Saguinus inustus,ACCEPTED,saguinus inustus|-1.42|-72.85,False
,O,5987,Mammalia,FPR-COLOMBIA,66,,,Colombia,Mirití Paraná,,,-1.0,-70.5,-1.0,-70.5,Callithrichidae,,Saguinus,,1,,Fundación Puerto Rastrojo - Colômbia,Animalia,Puerto Rastrojo Río Miritipaná,,,,,2006-01-12T00:00:00,,,"<nO>Observaciones sobre los primates del bajo río Mirití-Paraná, Amazonas, Colombia DEFLER, Thomas R.</nO>",Primates,Chordata,,,"Defler, Thomas",,,,Saguinus inustus,,,inustus,Amazonas,,,,,,Saguinus inustus,Saguinus inustus,ACCEPTED,saguinus inustus|-1.0|-70.5,False
,O,4999,Mammalia,FPR-COLOMBIA,66,,,Colombia,Mirití Paraná,,,-1.0,-70.5,-1.0,-70.5,Callithrichidae,,Saguinus,,1,,Fundación Puerto Rastrojo - Colômbia,Animalia,Puerto Rastrojo Río Miritipaná,,,,,2006-01-12T00:00:00,,,"<nO>Observaciones sobre los primates del bajo río Mirití-Paraná, Amazonas, Colombia DEFLER, Thomas R.</nO>",Primates,Chordata,,,,,,,Saguinus inustus,,,inustus,Amazonas,,,,,,Saguinus inustus,Saguinus inustus,ACCEPTED,saguinus inustus|-1.0|-70.5,False
,O,5603,Mammalia,FPR-COLOMBIA,66,,,Colombia,Leticia,,,-4.15,-69.95,-4.15,-69.95,Callithrichidae,,Saguinus,,1,,Fundación Puerto Rastrojo - Colômbia,Animalia,Leticia Río Amazonas,,,,,2006-01-12T00:00:00,,,<nO>Mammals from Colombia in MVZ Collections</nO>,Primates,Chordata,,,"Lehmann, V.",,,,Saguinus nigricollis,,H,nigricollis,Amazonas,,,,,,Saguinus nigricollis,Leontocebus nigricollis,SYNONYM,leontocebus nigricollis|-4.15|-69.95,True
,O,5467,Mammalia,FPR-COLOMBIA,66,,,Colombia,La Chorrera,,,-1.42333333333333,-72.8544444444444,-1.42333333333333,-72.8544444444444,Cebidae,,Saimiri,,1,,Fundación Puerto Rastrojo - Colômbia,Animalia,La Chorrera Río Igara Paraná afluente Río Putumayo,,,,,2006-01-12T00:00:00,,,"<nO>Informe de correrias por los ríos Putumayo, Caraparaná e Igaraparaná : Segundo semestre de 1991 ECHEVERRI, Juan A.;MONTENEGRO DIAZ, Olga L.;RIVAS PAVA, María del P.;MUÑOZ SOSA, Diego L.</nO>",Primates,Chordata,,,,,,,Saimiri sciureus,,,sciureus,Amazonas,,,,,,Saimiri sciureus,Saimiri sciureus,ACCEPTED,saimiri sciureus|-1.42|-72.85,False
,O,63986,Mammalia,FPR-COLOMBIA,66,,,Venezuela,Río Negro,,,2.3,-67.0166666666667,2.3,-67.0166666666667,Cebidae,,Saimiri,,1,,Fundación Puerto Rastrojo - Colômbia,Animalia,Monoteri Río Mavaca,,,,,2006-01-12T00:00:00,,,"<nO>Mammals of the Neotropics EISENBERG, John F.</nO>",Primates,Chordata,,,,,,,Saimiri sciureus,,,sciureus,Territorio Federal Amazonas,,,,,,Saimiri sciureus,Saimiri sciureus,ACCEPTED,saimiri sciureus|2.3|-67.02,False
,O,63980,Mammalia,FPR-COLOMBIA,66,,,Venezuela,Casiquiare,,,2.65,-66.35,2.65,-66.35,Cebidae,,Saimiri,,1,,Fundación Puerto Rastrojo - Colômbia,Animalia,Piedra Del Caribe Río Casiquiare,,,,,2006-01-12T00:00:00,,,"<nO>Mammals of the Neotropics EISENBERG, John F.</nO>",Primates,Chordata,,,,,,,Saimiri sciureus,,,sciureus,Territorio Federal Amazonas,,,,,,Saimiri sciureus,Saimiri sciureus,ACCEPTED,saimiri sciureus|2.65|-66.35,False
,O,5315,Mammalia,FPR-COLOMBIA,66,,,Colombia,Leticia,,,-4.15,-69.95,-4.15,-69.95,Cebidae,,Saimiri,,1,,Fundación Puerto Rastrojo - Colômbia,Animalia,Leticia Río Amazonas,,,,,2006-01-12T00:00:00,,,<nO>Mammals from Colombia in USNM</nO>,Primates,Chordata,,,,,,,Saimiri sciureus,,,sciureus,Amazonas,,,,,,Saimiri sciureus,Saimiri sciureus,ACCEPTED,saimiri sciureus|-4.15|-69.95,True
,O,63988,Mammalia,FPR-COLOMBIA,66,,,Venezuela,Casiquiare,,,2.03333333333333,-67.0,2.03333333333333,-67.0,Cebidae,,Saimiri,,1,cassiquiarensis,Fundación Puerto Rastrojo - Colômbia,Animalia,Río Casiquiare afluente Río Negro,,,,,2006-01-12T00:00:00,,,"<nO>Mammals of Amazonia. Volume I : General introduction and primates DA CRUZ LIMA, Eladio</nO>",Primates,Chordata,,,,,,,Saimiri sciureus cassiquiarensis,,,sciureus,Territorio Federal Amazonas,,,,,,Saimiri sciureus cassiquiarensis,Saimiri cassiquiarensis,SYNONYM,saimiri cassiquiarensis|2.03|-67.0,False
,PreservedSpecimen,USNM 545878,Mammalia,US-ANIMALIA,556,South America,,Brazil,,30.0,,-7.52,-63.03,-7.52,-63.03,Atelidae,,Lagothrix,,1,,USNM,Animalia,"Humaita, Br. 230, Itaituba-Humaita, Km. 969, Transamazonica Hwy.",,,,,2019-11-22T12:10:00,10.0,,,Primates,Chordata,Skin; Skull,,,A 1693,,,Lagothrix lagotricha,,,lagotricha,Amazonas,,07 31 -- S,063 02 -- W,1974.0,,Lagothrix lagotricha,Lagothrix lagothricha,ACCEPTED,lagothrix lagothricha|-7.52|-63.03,True
,PreservedSpecimen,USNM 545879,Mammalia,US-ANIMALIA,556,South America,,Brazil,,3.0,,-7.52,-63.03,-7.52,-63.03,Atelidae,,Lagothrix,,1,,USNM,Animalia,"Humaita, Br. 230, Itaituba-Humaita, Km. 969, Transamazonica Hwy.",,,,,2023-02-10T11:15:00,11.0,,,Primates,Chordata,Skull,,,A 1708,,,Lagothrix lagotricha,,,lagotricha,Amazonas,,07 31 -- S,063 02 -- W,1974.0,,Lagothrix lagotricha,Lagothrix lagothricha,ACCEPTED,lagothrix lagothricha|-7.52|-63.03,True
,PreservedSpecimen,USNM 545902,Mammalia,US-ANIMALIA,556,South America,,Brazil,,7.0,,-7.52,-63.03,-7.52,-63.03,Callitrichidae,,Mico,,1,,USNM,Animalia,"Humaita, Br. 230, Km 969",,,,,2019-11-22T12:10:00,11.0,,,Primates,Chordata,Skin; Skull,,,A 1721,,,Mico melanurus,,,melanurus,Amazonas,,07 31 -- S,063 02 -- W,1974.0,,Mico melanurus,Mico melanurus,ACCEPTED,mico melanurus|-7.52|-63.03,True
,PreservedSpecimen,USNM 372771,Mammalia,US-ANIMALIA,556,South America,,Venezuela,,13.0,,2.5,-65.22,2.5,-65.22,Aotidae,,Aotus,,1,,USNM,Animalia,"Boca Mavaca, 84 Km SSE Esmeralda",,,,138.0,2020-03-18T15:52:00,2.0,,,Primates,Chordata,Skin; Skull,,Smithsonian Venezuelan Project,06554,,,Aotus trivirgatus,,,trivirgatus,Amazonas,,02 30 -- N,065 13 -- W,1966.0,,Aotus trivirgatus,Aotus trivirgatus,ACCEPTED,aotus trivirgatus|2.5|-65.22,True
,PreservedSpecimen,USNM 372816,Mammalia,US-ANIMALIA,556,South America,,Venezuela,,9.0,,2.5,-65.22,2.5,-65.22,Atelidae,,Ateles,,1,,USNM,Animalia,"Boca Mavaca, 84 Km SSE Esmeralda",,,,138.0,2020-03-18T15:53:00,2.0,,,Primates,Chordata,Partial Skull,,Smithsonian Venezuelan Project,06534,,,Ateles belzebuth,,,belzebuth,Amazonas,,02 30 -- N,065 13 -- W,1966.0,,Ateles belzebuth,Ateles belzebuth,ACCEPTED,ateles belzebuth|2.5|-65.22,True
,PreservedSpecimen,USNM 372819,Mammalia,US-ANIMALIA,556,South America,,Venezuela,,11.0,,2.5,-65.22,2.5,-65.22,Atelidae,,Ateles,,1,,USNM,Animalia,"Boca Mavaca, 84 Km SSE Esmeralda",,,,138.0,2020-03-18T15:53:00,2.0,,,Primates,Chordata,Partial Skull,,Smithsonian Venezuelan Project,06568,,,Ateles belzebuth,,,belzebuth,Amazonas,,02 30 -- N,065 13 -- W,1966.0,,Ateles belzebuth,Ateles belzebuth,ACCEPTED,ateles belzebuth|2.5|-65.22,True
,PreservedSpecimen,USNM 372820,Mammalia,US-ANIMALIA,556,South America,,Venezuela,,11.0,,2.5,-65.22,2.5,-65.22,Atelidae,,Ateles,,1,,USNM,Animalia,"Boca Mavaca, 84 Km SSE Esmeralda",,,,138.0,2020-03-18T15:53:00,2.0,,,Primates,Chordata,Partial Skull,,Smithsonian Venezuelan Project,06570,,,Ateles belzebuth,,,belzebuth,Amazonas,,02 30 -- N,065 13 -- W,1966.0,,Ateles belzebuth,Ateles belzebuth,ACCEPTED,ateles belzebuth|2.5|-65.22,True
,PreservedSpecimen,USNM 372821,Mammalia,US-ANIMALIA,556,South America,,Venezuela,,11.0,,2.5,-65.22,2.5,-65.22,Atelidae,,Ateles,,1,,USNM,Animalia,"Boca Mavaca, 84 Km SSE Esmeralda",,,,138.0,2020-03-18T15:53:00,2.0,,,Primates,Chordata,Partial Skull,,Smithsonian Venezuelan Project,06571,,,Ateles belzebuth,,,belzebuth,Amazonas,,02 30 -- N,065 13 -- W,1966.0,,Ateles belzebuth,Ateles belzebuth,ACCEPTED,ateles belzebuth|2.5|-65.22,True
,PreservedSpecimen,USNM 372822,Mammalia,US-ANIMALIA,556,South America,,Venezuela,,11.0,,2.5,-65.22,2.5,-65.22,Atelidae,,Ateles,,1,,USNM,Animalia,"Boca Mavaca, 84 Km SSE Esmeralda",,,,138.0,2020-03-18T15:53:00,2.0,,,Primates,Chordata,Partial Skull,,Smithsonian Venezuelan Project,06572,,,Ateles belzebuth,,,belzebuth,Amazonas,,02 30 -- N,065 13 -- W,1966.0,,Ateles belzebuth,Ateles belzebuth,ACCEPTED,ateles belzebuth|2.5|-65.22,True
,PreservedSpecimen,USNM 372824,Mammalia,US-ANIMALIA,556,South America,,Venezuela,,11.0,,2.5,-65.22,2.5,-65.22,Atelidae,,Ateles,,1,,USNM,Animalia,"Boca Mavaca, 84 Km SSE Esmeralda",,,,138.0,2020-03-18T15:53:00,2.0,,,Primates,Chordata,Skull,,Smithsonian Venezuelan Project,06575,,,Ateles belzebuth,,,belzebuth,Amazonas,,02 30 -- N,065 13 -- W,1966.0,,Ateles belzebuth,Ateles belzebuth,ACCEPTED,ateles belzebuth|2.5|-65.22,True
,PreservedSpecimen,USNM 372825,Mammalia,US-ANIMALIA,556,South America,,Venezuela,,11.0,,2.5,-65.22,2.5,-65.22,Atelidae,,Ateles,,1,,USNM,Animalia,"Boca Mavaca, 84 Km SSE Esmeralda",,,,138.0,2020-03-18T15:53:00,2.0,,,Primates,Chordata,Partial Skull,,Smithsonian Venezuelan Project,06578,,,Ateles belzebuth,,,belzebuth,Amazonas,,02 30 -- N,065 13 -- W,1966.0,,Ateles belzebuth,Ateles belzebuth,ACCEPTED,ateles belzebuth|2.5|-65.22,True
,PreservedSpecimen,USNM 406471,Mammalia,US-ANIMALIA,556,South America,,Venezuela,,23.0,,2.25,-65.28,2.25,-65.28,Atelidae,,Ateles,,1,,USNM,Animalia,"Rio Mavaca, 108 Km SSE Esmeralda",,,,140.0,2020-03-12T12:33:00,3.0,,,Primates,Chordata,Skin; Skull,,Smithsonian Venezuelan Project,17388,,,Ateles belzebuth,,,belzebuth,Amazonas,,0215--N,06517--W,1967.0,,Ateles belzebuth,Ateles belzebuth,ACCEPTED,ateles belzebuth|2.25|-65.28,True
,PreservedSpecimen,USNM 406473,Mammalia,US-ANIMALIA,556,South America,,Venezuela,,24.0,,2.25,-65.28,2.25,-65.28,Atelidae,,Ateles,,1,,USNM,Animalia,"Rio Mavaca, 108 Km SSE Esmeralda",,,,140.0,2020-03-12T12:33:00,3.0,,,Primates,Chordata,Skin; Skull,,Smithsonian Venezuelan Project,17401,,,Ateles belzebuth,,,belzebuth,Amazonas,,0215--N,06517--W,1967.0,,Ateles belzebuth,Ateles belzebuth,ACCEPTED,ateles belzebuth|2.25|-65.28,True
,PreservedSpecimen,USNM 406474,Mammalia,US-ANIMALIA,556,South America,,Venezuela,,6.0,,2.25,-65.28,2.25,-65.28,Atelidae,,Ateles,,1,,USNM,Animalia,"Rio Mavaca, 108 Km SSE Esmeralda",,,,140.0,2020-03-12T12:33:00,4.0,,,Primates,Chordata,Skin; Skull,,Smithsonian Venezuelan Project,17640,,,Ateles belzebuth,,,belzebuth,Amazonas,,0215--N,06517--W,1967.0,,Ateles belzebuth,Ateles belzebuth,ACCEPTED,ateles belzebuth|2.25|-65.28,True
,PreservedSpecimen,USNM 406475,Mammalia,US-ANIMALIA,556,South America,,Venezuela,,6.0,,2.25,-65.28,2.25,-65.28,Atelidae,,Ateles,,1,,USNM,Animalia,"Rio Mavaca, 108 Km SSE Esmeralda",,,,140.0,2020-03-12T12:33:00,4.0,,,Primates,Chordata,Skin; Skull,,Smithsonian Venezuelan Project,17641,,,Ateles belzebuth,,,belzebuth,Amazonas,,0215--N,06517--W,1967.0,,Ateles belzebuth,Ateles belzebuth,ACCEPTED,ateles belzebuth|2.25|-65.28,True
,PreservedSpecimen,USNM 406476,Mammalia,US-ANIMALIA,556,South America,,Venezuela,,16.0,,2.25,-65.28,2.25,-65.28,Atelidae,,Ateles,,1,,USNM,Animalia,"Rio Mavaca, 108 Km SSE Esmeralda",,,,140.0,2020-03-12T12:33:00,4.0,,,Primates,Chordata,Skull,,Smithsonian Venezuelan Project,18133,,,Ateles belzebuth,,,belzebuth,Amazonas,,0215--N,06517--W,1967.0,,Ateles belzebuth,Ateles belzebuth,ACCEPTED,ateles belzebuth|2.25|-65.28,True
,PreservedSpecimen,USNM 406478,Mammalia,US-ANIMALIA,556,South America,,Venezuela,,23.0,,2.25,-65.28,2.25,-65.28,Atelidae,,Ateles,,1,,USNM,Animalia,"Rio Mavaca, 108 Km SSE Esmeralda",,,,140.0,2020-03-12T12:33:00,3.0,,,Primates,Chordata,Skull,,Smithsonian Venezuelan Project,17387,,,Ateles belzebuth,,,belzebuth,Amazonas,,0215--N,06517--W,1967.0,,Ateles belzebuth,Ateles belzebuth,ACCEPTED,ateles belzebuth|2.25|-65.28,True
,PreservedSpecimen,USNM 406480,Mammalia,US-ANIMALIA,556,South America,,Venezuela,,31.0,,2.25,-65.28,2.25,-65.28,Atelidae,,Ateles,,1,,USNM,Animalia,"Rio Mavaca, 108 Km SSE Esmeralda",,,,140.0,2020-03-12T12:33:00,3.0,,,Primates,Chordata,Skull,,Smithsonian Venezuelan Project,17413,,,Ateles belzebuth,,,belzebuth,Amazonas,,0215--N,06517--W,1967.0,,Ateles belzebuth,Ateles belzebuth,ACCEPTED,ateles belzebuth|2.25|-65.28,True
,PreservedSpecimen,USNM 495220,Mammalia,US-ANIMALIA,556,South America,,Venezuela,,2.0,,2.25,-65.28,2.25,-65.28,Atelidae,,Ateles,,1,,USNM,Animalia,"Rio Mavaca, 108 Km SSE Esmeralda",,,,140.0,2020-01-06T11:15:00,4.0,,,Primates,Chordata,Fluid,,Smithsonian Venezuelan Project,17418,,,Ateles belzebuth,,,belzebuth,Amazonas,,0215--N,06517--W,1967.0,,Ateles belzebuth,Ateles belzebuth,ACCEPTED,ateles belzebuth|2.25|-65.28,True
,PreservedSpecimen,USNM 372774,Mammalia,US-ANIMALIA,556,South America,,Venezuela,,9.0,,2.5,-65.22,2.5,-65.22,Pitheciidae,,Chiropotes,,1,,USNM,Animalia,"Boca Mavaca, 84 Km SSE Esmeralda",,,,138.0,2020-03-18T15:52:00,2.0,,,Primates,Chordata,Skull,,Smithsonian Venezuelan Project,06515,,,Chiropotes chiropotes,,,chiropotes,Amazonas,,02 30 -- N,065 13 -- W,1966.0,,Chiropotes chiropotes,Chiropotes chiropotes,ACCEPTED,chiropotes chiropotes|2.5|-65.22,True
,PreservedSpecimen,USNM 372777,Mammalia,US-ANIMALIA,556,South America,,Venezuela,,9.0,,2.5,-65.22,2.5,-65.22,Pitheciidae,,Chiropotes,,1,,USNM,Animalia,"Boca Mavaca, 84 Km SSE Esmeralda",,,,138.0,2020-03-18T15:52:00,2.0,,,Primates,Chordata,Skull,,Smithsonian Venezuelan Project,06520,,,Chiropotes chiropotes,,,chiropotes,Amazonas,,02 30 -- N,065 13 -- W,1966.0,,Chiropotes chiropotes,Chiropotes chiropotes,ACCEPTED,chiropotes chiropotes|2.5|-65.22,True
,PreservedSpecimen,USNM 372784,Mammalia,US-ANIMALIA,556,South America,,Venezuela,,11.0,,2.5,-65.22,2.5,-65.22,Pitheciidae,,Chiropotes,,1,,USNM,Animalia,"Boca Mavaca, 84 Km SSE Esmeralda",,,,135.0,2020-03-18T15:52:00,2.0,,,Primates,Chordata,Skull,,Smithsonian Venezuelan Project,06576,,,Chiropotes chiropotes,,,chiropotes,Amazonas,,02 30 -- N,065 13 -- W,1966.0,,Chiropotes chiropotes,Chiropotes chiropotes,ACCEPTED,chiropotes chiropotes|2.5|-65.22,True
,PreservedSpecimen,USNM 372787,Mammalia,US-ANIMALIA,556,South America,,Venezuela,,11.0,,2.5,-65.22,2.5,-65.22,Pitheciidae,,Chiropotes,,1,,USNM,Animalia,"Boca Mavaca, 84 Km SSE Esmeralda",,,,138.0,2020-03-18T15:52:00,2.0,,,Primates,Chordata,Skull,,Smithsonian Venezuelan Project,06582,,,Chiropotes chiropotes,,,chiropotes,Amazonas,,02 30 -- N,065 13 -- W,1966.0,,Chiropotes chiropotes,Chiropotes chiropotes,ACCEPTED,chiropotes chiropotes|2.5|-65.22,True
,PreservedSpecimen,USNM 372789,Mammalia,US-ANIMALIA,556,South America,,Venezuela,,17.0,,2.5,-65.22,2.5,-65.22,Pitheciidae,,Chiropotes,,1,,USNM,Animalia,"Boca Mavaca, 84 Km SSE Esmeralda",,,,138.0,2020-03-18T15:52:00,2.0,,,Primates,Chordata,Skull,,Smithsonian Venezuelan Project,06689,,,Chiropotes chiropotes,,,chiropotes,Amazonas,,02 30 -- N,065 13 -- W,1966.0,,Chiropotes chiropotes,Chiropotes chiropotes,ACCEPTED,chiropotes chiropotes|2.5|-65.22,True
,PreservedSpecimen,USNM 406431,Mammalia,US-ANIMALIA,556,South America,,Venezuela,,14.0,,2.25,-65.28,2.25,-65.28,Pitheciidae,,Chiropotes,,1,,USNM,Animalia,"Rio Mavaca, 108 Km SSE Esmeralda",,,,140.0,2020-03-12T12:33:00,4.0,,,Primates,Chordata,Skin; Skull,,Smithsonian Venezuelan Project,18129,,,Chiropotes chiropotes,,,chiropotes,Amazonas,,0215--N,06517--W,1967.0,,Chiropotes chiropotes,Chiropotes chiropotes,ACCEPTED,chiropotes chiropotes|2.25|-65.28,True
,PreservedSpecimen,USNM 406432,Mammalia,US-ANIMALIA,556,South America,,Venezuela,,14.0,,2.25,-65.28,2.25,-65.28,Pitheciidae,,Chiropotes,,1,,USNM,Animalia,"Rio Mavaca, 108 Km SSE Esmeralda",,,,140.0,2023-02-10T11:15:00,4.0,,,Primates,Chordata,Skin; Skull,,Smithsonian Venezuelan Project,18130,,,Chiropotes chiropotes,,,chiropotes,Amazonas,,0215--N,06517--W,1967.0,,Chiropotes chiropotes,Chiropotes chiropotes,ACCEPTED,chiropotes chiropotes|2.25|-65.28,True
,O,5465,Mammalia,FPR-COLOMBIA,66,,,Colombia,La Chorrera,,,-2.08333333333333,-72.1,-2.08333333333333,-72.1,Cebidae,,Alouatta,,1,,Fundación Puerto Rastrojo - Colômbia,Animalia,Bananaposo Río Igara Paraná,,,,,2006-01-12T00:00:00,,,"<nO>Informe de correrias por los ríos Putumayo, Caraparaná e Igaraparaná : Segundo semestre de 1991 ECHEVERRI, Juan A.;MONTENEGRO DIAZ, Olga L.;RIVAS PAVA, María del P.;MUÑOZ SOSA, Diego L.</nO>",Primates,Chordata,,,,,,,Alouatta seniculus,,,seniculus,Amazonas,,,,,,Alouatta seniculus,Alouatta seniculus,ACCEPTED,alouatta seniculus|-2.08|-72.1,False
,O,63853,Mammalia,FPR-COLOMBIA,66,,,Venezuela,Atabapo,,,3.15,-65.8333333333333,3.15,-65.8333333333333,Cebidae,,Alouatta,,1,,Fundación Puerto Rastrojo - Colômbia,Animalia,Tamatama Río Orinoco,,,,,2006-01-12T00:00:00,,,"<nO>Mammals of the Neotropics EISENBERG, John F.</nO>",Primates,Chordata,,,,,,,Alouatta seniculus,,,seniculus,Territorio Federal Amazonas,,,,,,Alouatta seniculus,Alouatta seniculus,ACCEPTED,alouatta seniculus|3.15|-65.83,False
,O,63852,Mammalia,FPR-COLOMBIA,66,,,Venezuela,Río Negro,,,2.3,-67.0166666666667,2.3,-67.0166666666667,Cebidae,,Alouatta,,1,,Fundación Puerto Rastrojo - Colômbia,Animalia,Monoteri Río Mavaca,,,,,2006-01-12T00:00:00,,,"<nO>Mammals of the Neotropics EISENBERG, John F.</nO>",Primates,Chordata,,,,,,,Alouatta seniculus,,,seniculus,Territorio Federal Amazonas,,,,,,Alouatta seniculus,Alouatta seniculus,ACCEPTED,alouatta seniculus|2.3|-67.02,False
,O,63865,Mammalia,FPR-COLOMBIA,66,,,Venezuela,Casiquiare,,,2.00194444444444,-67.1116666666667,2.00194444444444,-67.1116666666667,Cebidae,,Aotus,,1,,Fundación Puerto Rastrojo - Colômbia,Animalia,Desembocadura Río Casiquiare Río Negro,,,,,2006-01-12T00:00:00,,,"<nO>Mammals of Amazonia. Volume I : General introduction and primates DA CRUZ LIMA, Eladio</nO>",Primates,Chordata,,,,,,,Aotus trivirgatus,,,trivirgatus,Territorio Federal Amazonas,,,,,,Aotus trivirgatus,Aotus trivirgatus,ACCEPTED,aotus trivirgatus|2.0|-67.11,False
,O,63868,Mammalia,FPR-COLOMBIA,66,,,Venezuela,Río Negro,,,1.1,-65.35,1.1,-65.35,Cebidae,,Aotus,,1,vosciferans,Fundación Puerto Rastrojo - Colômbia,Animalia,Cerro Avispa,,,,,2006-01-12T00:00:00,,,"<nO>Mammals of the Neotropics EISENBERG, John F.</nO>",Primates,Chordata,,,,,,,Aotus trivirgatus vosciferans,,,trivirgatus,Territorio Federal Amazonas,,,,,,Aotus trivirgatus vosciferans,Aotus trivirgatus,ACCEPTED,aotus trivirgatus|1.1|-65.35,False
,O,63870,Mammalia,FPR-COLOMBIA,66,,,Venezuela,,,,3.16666666666667,-66.0,3.16666666666667,-66.0,Cebidae,,Ateles,,1,,Fundación Puerto Rastrojo - Colômbia,Animalia,Río Orinoco,,,,,2006-01-12T00:00:00,,,"<nO>Mammals of Amazonia. Volume I : General introduction and primates DA CRUZ LIMA, Eladio</nO>",Primates,Chordata,,,,,,,Ateles belzebuth,,,belzebuth,Territorio Federal Amazonas,,,,,,Ateles belzebuth,Ateles belzebuth,ACCEPTED,ateles belzebuth|3.17|-66.0,False
,O,63871,Mammalia,FPR-COLOMBIA,66,,,Venezuela,Río Negro,,,2.5,-65.1833333333333,2.5,-65.1833333333333,Cebidae,,Ateles,,1,,Fundación Puerto Rastrojo - Colômbia,Animalia,Mavaca Río Orinoco,,,,,2006-01-12T00:00:00,,,"<nO>Mammals of the Neotropics EISENBERG, John F.</nO>",Primates,Chordata,,,,,,,Ateles belzebuth,,,belzebuth,Territorio Federal Amazonas,,,,,,Ateles belzebuth,Ateles belzebuth,ACCEPTED,ateles belzebuth|2.5|-65.18,False
,O,63872,Mammalia,FPR-COLOMBIA,66,,,Venezuela,Atabapo,,,3.15,-65.8333333333333,3.15,-65.8333333333333,Cebidae,,Ateles,,1,,Fundación Puerto Rastrojo - Colômbia,Animalia,Tamatama Río Orinoco,,,,,2006-01-12T00:00:00,,,"<nO>Mammals of the Neotropics EISENBERG, John F.</nO>",Primates,Chordata,,,,,,,Ateles belzebuth,,,belzebuth,Territorio Federal Amazonas,,,,,,Ateles belzebuth,Ateles belzebuth,ACCEPTED,ateles belzebuth|3.15|-65.83,False
,S,INPA 3929,Mammalia,INPA-MAMIFEROS-TIPOS,97,,,Brasil,Novo Aripuanã,,,-4.4825,-59.5830555555556,-4.4825,-59.5830555555556,Cebidae,,Callicebus,,,,INPA,Animalia,"Comunidade Nova Olinda, margem esquerda rio Aripuanã, 41 km SW da cidade de Novo Aripuanã",,45m,,45m,2007-08-27T00:00:00,,,<nO>sexo desconhecido; SUBFAMILIA: Callicebinae; BACIA: Madeira; TRIBUTARIO: Aripuanã; PUBLICACAO: Neotropical Primates 10(Suppl.): 1-52</nO>,Primates,Chordata,,,M. G. M. van Roosmalen,143,,,Callicebus bernhardi,Marc. G. M. van Roosmalen,,bernhardi,Amazonas,HOLÓTIPO,,,,,Callicebus bernhardi,Plecturocebus bernhardi,SYNONYM,plecturocebus bernhardi|-4.48|-59.58,False
,S,INPA 3931,Mammalia,INPA-MAMIFEROS-TIPOS,97,,,Brasil,,29.0,,-4.88111111111111,-59.9794444444444,-4.88111111111111,-59.9794444444444,Callitrichidae,,Callithrix,,,,INPA,Animalia,"margem direita do baixo rio Acarí, próximo à confluência com os rios Sucundurí e Canumã",,,,,2007-08-27T00:00:00,8.0,,<nO>SUBFAMILIA: Callitrichinae; BACIA: Madeira; TRIBUTARIO: Rio Acarí; PUBLICACAO: Neotropical Primates 8(1): 2-18</nO>,Primates,Chordata,,,M. G. M. van Roosmalen,140,,,Callithrix acariensis,Anthony B. Rylands,F,acariensis,Amazonas,HOLÓTIPO,,,1996.0,,Callithrix acariensis,Mico acariensis,SYNONYM,mico acariensis|-4.88|-59.98,False
,S,INPA 3931,Mammalia,INPA-MAMIFEROS-TIPOS,97,,,Brasil,,29.0,,-4.88111111111111,-59.9794444444444,-4.88111111111111,-59.9794444444444,Callitrichidae,,Callithrix,,,,INPA,Animalia,"margem direita do baixo rio Acarí, próximo à confluência com os rios Sucundurí e Canumã",,,,,2007-08-27T00:00:00,8.0,,<nO>SUBFAMILIA: Callitrichinae; BACIA: Madeira; TRIBUTARIO: Rio Acarí; PUBLICACAO: Neotropical Primates 8(1): 2-18</nO>,Primates,Chordata,,,M. G. M. van Roosmalen,140,,,Callithrix acariensis,Russell A. Mittermeier,F,acariensis,Amazonas,HOLÓTIPO,,,1996.0,,Callithrix acariensis,Mico acariensis,SYNONYM,mico acariensis|-4.88|-59.98,False
,S,INPA 3931,Mammalia,INPA-MAMIFEROS-TIPOS,97,,,Brasil,,29.0,,-4.88111111111111,-59.9794444444444,-4.88111111111111,-59.9794444444444,Callitrichidae,,Callithrix,,,,INPA,Animalia,"margem direita do baixo rio Acarí, próximo à confluência com os rios Sucundurí e Canumã",,,,,2007-08-27T00:00:00,8.0,,<nO>SUBFAMILIA: Callitrichinae; BACIA: Madeira; TRIBUTARIO: Rio Acarí; PUBLICACAO: Neotropical Primates 8(1): 2-18</nO>,Primates,Chordata,,,M. G. M. van Roosmalen,140,,,Callithrix acariensis,Marc. G. M. van Roosmalen,F,acariensis,Amazonas,HOLÓTIPO,,,1996.0,,Callithrix acariensis,Mico acariensis,SYNONYM,mico acariensis|-4.88|-59.98,False
,S,INPA 2511,Mammalia,INPA-MAMIFEROS-TIPOS,97,,,Brasil,,,,-4.15888888888889,-60.6947222222222,-4.15888888888889,-60.6947222222222,Callitrichidae,,Callithrix,,,,INPA,Animalia,"Seringal São Luis, margem direita do médio rio Madeira, próximo a cidade de Manicoré",,45m,,45m,2007-08-27T00:00:00,,,<nO>jovem; SUBFAMILIA: Callitrichinae; BACIA: Madeira; TRIBUTARIO: Madeira; PUBLICACAO: Neotropical Primates 8(1): 2-18</nO>,Primates,Chordata,,,M. G. M. van Roosmalen,22,,,Callithrix manicorensis,Russell A. Mittermeier,F,manicorensis,Amazonas,HOLÓTIPO,,,,,Callithrix manicorensis,Mico marcai,SYNONYM,mico marcai|-4.16|-60.69,False
,O,63990,Mammalia,FPR-COLOMBIA,66,,,Brasil,,,,-4.26666666666667,-69.9333333333333,-4.26666666666667,-69.9333333333333,Cebidae,,Pithecia,,1,,Fundación Puerto Rastrojo - Colômbia,Animalia,Tabatinga Río Solimões,,,,,2006-01-12T00:00:00,,,"<nO>Mammals of Amazonia. Volume I : General introduction and primates DA CRUZ LIMA, Eladio</nO>",Primates,Chordata,,,,,,,Pithecia monachus,,,monachus,Estado de Amazonas,,,,,,Pithecia monachus,Pithecia monachus,ACCEPTED,pithecia monachus|-4.27|-69.93,False
,O,63991,Mammalia,FPR-COLOMBIA,66,,,Brasil,,,,-4.26666666666667,-69.9333333333333,-4.26666666666667,-69.9333333333333,Cebidae,,Pithecia,,1,,Fundación Puerto Rastrojo - Colômbia,Animalia,Tabatinga Río Solimões,,,,,2006-01-12T00:00:00,,,"<nO>Mammal species of the world : A taxonomic and geographic reference WILSON, Don E.;REEDER, DeeAnn M.</nO>",Primates,Chordata,,,,,,,Pithecia monachus,,,monachus,Estado de Amazonas,,,,,,Pithecia monachus,Pithecia monachus,ACCEPTED,pithecia monachus|-4.27|-69.93,False
,PreservedSpecimen,USNM 406438,Mammalia,US-ANIMALIA,556,South America,,Venezuela,,23.0,,2.25,-65.28,2.25,-65.28,Cebidae,,Cebus,,1,,USNM,Animalia,"Rio Mavaca, 108 Km SSE Esmeralda",,,,140.0,2023-11-30T17:27:00,3.0,,,Primates,Chordata,Skin; Skull,,Smithsonian Venezuelan Project,17391,,,Cebus albifrons,,,albifrons,Amazonas,,0215--N,06517--W,1967.0,,Cebus albifrons,Cebus albifrons,ACCEPTED,cebus albifrons|2.25|-65.28,True
,PreservedSpecimen,USNM 406453,Mammalia,US-ANIMALIA,556,South America,,Venezuela,,23.0,,2.25,-65.28,2.25,-65.28,Cebidae,,Cebus,,1,,USNM,Animalia,"Rio Mavaca, 108 Km SSE Esmeralda",,,,140.0,2023-11-30T17:28:00,3.0,,,Primates,Chordata,Skin; Skull,,Smithsonian Venezuelan Project,17390,,,Cebus albifrons,,,albifrons,Amazonas,,0215--N,06517--W,1967.0,,Cebus albifrons,Cebus albifrons,ACCEPTED,cebus albifrons|2.25|-65.28,True
,PreservedSpecimen,USNM 406628,Mammalia,US-ANIMALIA,556,South America,,Venezuela,,20.0,,3.17,-65.82,3.17,-65.82,Cebidae,,Cebus,,1,,USNM,Animalia,"Tamatama, Rio Orinoco",,,,135.0,2020-03-12T12:34:00,5.0,,,Primates,Chordata,Skull,,Smithsonian Venezuelan Project,19259,,,Cebus albifrons,,,albifrons,Amazonas,,03 10 -- N,065 49 -- W,1967.0,,Cebus albifrons,Cebus albifrons,ACCEPTED,cebus albifrons|3.17|-65.82,True
,PreservedSpecimen,USNM 406425,Mammalia,US-ANIMALIA,556,South America,,Venezuela,,11.0,,2.25,-65.28,2.25,-65.28,Pitheciidae,,Cacajao,,1,,USNM,Animalia,"Rio Mavaca, 108 Km SSE Esmeralda",,,,140.0,2023-02-10T11:15:00,4.0,,,Primates,Chordata,Skin; Skull,,Smithsonian Venezuelan Project,17837,,,Cacajao melanocephalus,,,melanocephalus,Amazonas,,0215--N,06517--W,1967.0,,Cacajao melanocephalus,Cacajao melanocephalus,ACCEPTED,cacajao melanocephalus|2.25|-65.28,True
,PreservedSpecimen,USNM 406572,Mammalia,US-ANIMALIA,556,South America,,Venezuela,,1.0,,2.62,-66.32,2.62,-66.32,Pitheciidae,,Cacajao,,1,,USNM,Animalia,"Capibara, 106 Km SW Esmeralda, Brazo Casiquiare",,,,130.0,2023-02-10T11:15:00,6.0,,,Primates,Chordata,Skin; Skull,,Smithsonian Venezuelan Project,19418,,,Cacajao melanocephalus,,,melanocephalus,Amazonas,,02 37 -- N,066 19 -- W,1967.0,,Cacajao melanocephalus,Cacajao melanocephalus,ACCEPTED,cacajao melanocephalus|2.62|-66.32,True
,PreservedSpecimen,USNM 406414,Mammalia,US-ANIMALIA,556,South America,,Venezuela,,20.0,,2.38,-65.27,2.38,-65.27,Pitheciidae,,Callicebus,,1,,USNM,Animalia,"Boca Mavaca, 84 Km SSE Esmeralda, 15 Km Up Rio Mavaca",,,,138.0,2022-07-05T11:05:00,3.0,,,Primates,Chordata,Skull,,Smithsonian Venezuelan Project,17380,,,Callicebus torquatus,,,torquatus,Amazonas,,02 23 -- N,065 16 -- W,1967.0,,Callicebus torquatus,Cheracebus torquatus,SYNONYM,cheracebus torquatus|2.38|-65.27,True
,PreservedSpecimen,USNM 406415,Mammalia,US-ANIMALIA,556,South America,,Venezuela,,24.0,,3.17,-65.82,3.17,-65.82,Pitheciidae,,Callicebus,,1,,USNM,Animalia,"Tamatama, Rio Orinoco",,,,135.0,2020-03-12T12:33:00,4.0,,,Primates,Chordata,Skin; Skull,,Smithsonian Venezuelan Project,18197,,,Callicebus torquatus,,,torquatus,Amazonas,,03 10 -- N,065 49 -- W,1967.0,,Callicebus torquatus,Cheracebus torquatus,SYNONYM,cheracebus torquatus|3.17|-65.82,True
,PreservedSpecimen,USNM 406417,Mammalia,US-ANIMALIA,556,South America,,Venezuela,,,,3.17,-65.82,3.17,-65.82,Pitheciidae,,Callicebus,,1,,USNM,Animalia,"Tamatama, Rio Orinoco",,,,135.0,2022-07-05T11:05:00,4.0,,,Primates,Chordata,Skin; Skull,,Smithsonian Venezuelan Project,18435,,,Callicebus torquatus,,,torquatus,Amazonas,,03 10 -- N,065 49 -- W,1967.0,,Callicebus torquatus,Cheracebus torquatus,SYNONYM,cheracebus torquatus|3.17|-65.82,True
,PreservedSpecimen,USNM 406441,Mammalia,US-ANIMALIA,556,South America,,Venezuela,,,,3.17,-65.82,3.17,-65.82,Pitheciidae,,Callicebus,,1,,USNM,Animalia,"Tamatama, Rio Orinoco",,,,135.0,2020-03-12T12:33:00,4.0,,,Primates,Chordata,Skull,,Smithsonian Venezuelan Project,18439,,,Callicebus torquatus,,,torquatus,Amazonas,,03 10 -- N,065 49 -- W,1967.0,,Callicebus torquatus,Cheracebus torquatus,SYNONYM,cheracebus torquatus|3.17|-65.82,True
,PreservedSpecimen,USNM 406565,Mammalia,US-ANIMALIA,556,South America,,Venezuela,,4.0,,2.62,-66.32,2.62,-66.32,Pitheciidae,,Callicebus,,1,,USNM,Animalia,"Capibara, 106 Km SW Esmeralda, Brazo Casiquiare",,,,130.0,2022-07-05T11:04:00,6.0,,,Primates,Chordata,Skin; Skull,,Smithsonian Venezuelan Project,19493,,,Callicebus torquatus,,,torquatus,Amazonas,,02 37 -- N,066 19 -- W,1967.0,,Callicebus torquatus,Cheracebus torquatus,SYNONYM,cheracebus torquatus|2.62|-66.32,True
,PreservedSpecimen,USNM 495197,Mammalia,US-ANIMALIA,556,South America,,Venezuela,,20.0,,2.38,-65.27,2.38,-65.27,Pitheciidae,,Callicebus,,1,,USNM,Animalia,"Boca Mavaca, 84 Km SSE Esmeralda, 15 Km Up Rio Mavaca",,,,138.0,2020-01-06T11:15:00,3.0,,,Primates,Chordata,Fluid,,Smithsonian Venezuelan Project,17396,,,Callicebus torquatus,,,torquatus,Amazonas,,02 23 -- N,065 16 -- W,1967.0,,Callicebus torquatus,Cheracebus torquatus,SYNONYM,cheracebus torquatus|2.38|-65.27,True
,PreservedSpecimen,USNM 495200,Mammalia,US-ANIMALIA,556,South America,,Venezuela,,6.0,,2.62,-66.32,2.62,-66.32,Pitheciidae,,Callicebus,,1,,USNM,Animalia,"Capibara, 106 Km SW Esmeralda, Brazo Casiquiare",,,,130.0,2020-01-06T11:15:00,6.0,,,Primates,Chordata,Fluid,,Smithsonian Venezuelan Project,19542,,,Callicebus torquatus,,,torquatus,Amazonas,,02 37 -- N,066 19 -- W,1967.0,,Callicebus torquatus,Cheracebus torquatus,SYNONYM,cheracebus torquatus|2.62|-66.32,True
,PreservedSpecimen,USNM 546269,Mammalia,US-ANIMALIA,556,South America,,Brazil,,29.0,,-9.08,-68.68,-9.08,-68.68,Callitrichidae,,Saguinus,,1,,USNM,Animalia,"Sena Madureira, Br. 364, Sena Madureira-Manoel Urbano, Km 8",,,,,2019-11-22T13:19:00,6.0,,,Primates,Chordata,Skull,,,AC 51,,,Saguinus weddelli,,,weddelli,Acre,,09 05 -- S,068 41 -- W,1976.0,,Saguinus weddelli,Leontocebus weddelli,SYNONYM,leontocebus weddelli|-9.08|-68.68,True
,PreservedSpecimen,USNM 406455,Mammalia,US-ANIMALIA,556,South America,,Venezuela,,20.0,,2.5,-65.22,2.5,-65.22,Cebidae,,Saimiri,,1,,USNM,Animalia,"Boca Mavaca, 84 Km SSE Esmeralda",,,,138.0,2020-03-12T12:33:00,3.0,,,Primates,Chordata,Skin; Skull,,Smithsonian Venezuelan Project,17336,,,Saimiri sciureus,,,sciureus,Amazonas,,02 30 -- N,065 13 -- W,1967.0,,Saimiri sciureus,Saimiri sciureus,ACCEPTED,saimiri sciureus|2.5|-65.22,True
,PreservedSpecimen,USNM 406463,Mammalia,US-ANIMALIA,556,South America,,Venezuela,,13.0,,2.25,-65.28,2.25,-65.28,Cebidae,,Saimiri,,1,,USNM,Animalia,"Rio Mavaca, 108 Km SSE Esmeralda",,,,140.0,2020-03-12T12:33:00,4.0,,,Primates,Chordata,Skull,,Smithsonian Venezuelan Project,18026,,,Saimiri sciureus,,,sciureus,Amazonas,,0215--N,06517--W,1967.0,,Saimiri sciureus,Saimiri sciureus,ACCEPTED,saimiri sciureus|2.25|-65.28,True
,PreservedSpecimen,USNM 406467,Mammalia,US-ANIMALIA,556,South America,,Venezuela,,,,3.17,-65.82,3.17,-65.82,Cebidae,,Saimiri,,1,,USNM,Animalia,"Tamatama, Rio Orinoco",,,,135.0,2020-03-12T12:33:00,4.0,,,Primates,Chordata,Skin; Skull,,Smithsonian Venezuelan Project,18434,,,Saimiri sciureus,,,sciureus,Amazonas,,03 10 -- N,065 49 -- W,1967.0,,Saimiri sciureus,Saimiri sciureus,ACCEPTED,saimiri sciureus|3.17|-65.82,True
,PreservedSpecimen,USNM 406648,Mammalia,US-ANIMALIA,556,South America,,Venezuela,,18.0,,3.17,-65.82,3.17,-65.82,Cebidae,,Saimiri,,1,,USNM,Animalia,"Tamatama, Rio Orinoco",,,,135.0,2020-03-12T12:34:00,5.0,,,Primates,Chordata,Skin; Skull,,Smithsonian Venezuelan Project,19188,,,Saimiri sciureus,,,sciureus,Amazonas,,03 10 -- N,065 49 -- W,1967.0,,Saimiri sciureus,Saimiri sciureus,ACCEPTED,saimiri sciureus|3.17|-65.82,True
,PreservedSpecimen,USNM 495208,Mammalia,US-ANIMALIA,556,South America,,Venezuela,,13.0,,2.25,-65.28,2.25,-65.28,Cebidae,,Saimiri,,1,,USNM,Animalia,"Rio Mavaca, 108 Km SSE Esmeralda",,,,140.0,2020-01-06T11:15:00,4.0,,,Primates,Chordata,Fluid,,Smithsonian Venezuelan Project,18027,,,Saimiri sciureus,,,sciureus,Amazonas,,0215--N,06517--W,1967.0,,Saimiri sciureus,Saimiri sciureus,ACCEPTED,saimiri sciureus|2.25|-65.28,True
,PreservedSpecimen,USNM 406626,Mammalia,US-ANIMALIA,556,South America,,Venezuela,,18.0,,3.17,-65.82,3.17,-65.82,Cebidae,,Sapajus,,1,,USNM,Animalia,"Tamatama, Rio Orinoco",,,,135.0,2020-03-12T12:34:00,5.0,,,Primates,Chordata,Skin; Skull,,Smithsonian Venezuelan Project,19190,,,Sapajus apella,,,apella,Amazonas,,03 10 -- N,065 49 -- W,1967.0,,Sapajus apella,Sapajus apella,ACCEPTED,sapajus apella|3.17|-65.82,True
,PreservedSpecimen,USNM 406627,Mammalia,US-ANIMALIA,556,South America,,Venezuela,,15.0,,2.62,-66.32,2.62,-66.32,Cebidae,,Sapajus,,1,,USNM,Animalia,"Capibara, 106 Km SW Esmeralda, Brazo Casiquiare",,,,130.0,2020-03-12T12:34:00,6.0,,,Primates,Chordata,Skin; Skull,,Smithsonian Venezuelan Project,19645,,,Sapajus apella,,,apella,Amazonas,,02 37 -- N,066 19 -- W,1967.0,,Sapajus apella,Sapajus apella,ACCEPTED,sapajus apella|2.62|-66.32,True
,PreservedSpecimen,USNM 518261,Mammalia,US-ANIMALIA,556,South America,,Brazil,,30.0,,-2.53,-66.02,-2.53,-66.02,Cebidae,,Sapajus,,1,,USNM,Animalia,"Fonte Boa, Vargea Fonte Boa",,,,,2023-02-10T11:15:00,7.0,,,Primates,Chordata,Skin; Skull,,,24318 (48),,,Sapajus apella,,,apella,Amazonas,,02 32 -- S,066 01 -- W,1948.0,,Sapajus apella,Sapajus apella,ACCEPTED,sapajus apella|-2.53|-66.02,True
,PreservedSpecimen,USNM 545858,Mammalia,US-ANIMALIA,556,South America,,Brazil,,17.0,,-7.52,-63.03,-7.52,-63.03,Cebidae,,Sapajus,,1,,USNM,Animalia,"Humaita, Br 230, Km 969, Itaituba-Humaita, Transamazonica Hwy.",,,,,2019-11-22T12:09:00,11.0,,,Primates,Chordata,Skin; Skull,,,A 1740,,,Sapajus apella,,,apella,Amazonas,,07 31 -- S,063 02 -- W,1974.0,,Sapajus apella,Sapajus apella,ACCEPTED,sapajus apella|-7.52|-63.03,True
,PreservedSpecimen,USNM 545859,Mammalia,US-ANIMALIA,556,South America,,Brazil,,16.0,,-7.52,-63.03,-7.52,-63.03,Cebidae,,Sapajus,,1,,USNM,Animalia,"Humaita, Br 230, Km 969, Itaituba-Humaita, Transamazonica Hwy.",,,,,2019-11-22T12:09:00,11.0,,,Primates,Chordata,Skull,,,A 1741,,,Sapajus apella,,,apella,Amazonas,,07 31 -- S,063 02 -- W,1974.0,,Sapajus apella,Sapajus apella,ACCEPTED,sapajus apella|-7.52|-63.03,True
HU-ZOO3980,PreservedSpecimen,3980,Mammalia,HU-ZOO,566,South America,,Brazil,,,,-3.36841,-64.72054,-3.36841,-64.72054,Cebidae,,Pithecia,Thayer Expedition to Brazil,1,,MCZ,Animalia,"Tefé [Tefe, Teffe]",,,,,2024-12-20T16:17:26,,,<nO>sex: unknown</nO>,Primates,Chordata,skin (dry),,Thayer Expedition to Brazil,,,,Pithecia monachus,"(É. Geoffroy Saint-Hilaire, 1812)",,monachus,Amazonas,,,,,,Pithecia monachus,Pithecia monachus,ACCEPTED,pithecia monachus|-3.37|-64.72,True
,PreservedSpecimen,1990,Mammalia,MCP-Mamiferos,300,Banco de Dados Mastozoologia (Original em 09.04.24) juliano_2024-4-9_15:57,90194.0,Brasil,Boa Vista,25.0,6.0,2.819364,-60.673776,2.819364,-60.673776,Atelidae,,Alouatta,Márcio Repenning,1,,PUCRS,Metazoa,BR 174,,,,,2026-08-17T15:14:56,9.0,7.0,,Primates,,,,,,,,Alouatta macconnelli,,,macconnelli,Roraima,,,,2014.0,1905.0,Alouatta macconnelli,Alouatta macconnelli,ACCEPTED,alouatta macconnelli|2.82|-60.67,False
HU-ZOO3975,PreservedSpecimen,3975,Mammalia,HU-ZOO,566,South America,,Brazil,,,,-4.2328,-69.93502,-4.2328,-69.93502,Cebidae,,Saimiri,D. Bourget,1,,MCZ,Animalia,Tabatinga,,,,,2024-12-20T16:17:24,,,<nO>sex: male</nO>,Primates,Chordata,skin (dry),,D. Bourget,,,,Saimiri sciureus,"(Linnaeus, 1758)",,sciureus,Amazonas,,,,,,Saimiri sciureus,Saimiri sciureus,ACCEPTED,saimiri sciureus|-4.23|-69.94,True
HU-ZOO3979,PreservedSpecimen,3979,Mammalia,HU-ZOO,566,South America,,Brazil,,,,-3.15927,-60.00262,-3.15927,-60.00262,Cebidae,,Saimiri,Newton Dexter,1,,MCZ,Animalia,Manaus,,,,,2024-12-20T16:17:26,,,<nO>sex: unknown</nO>,Primates,Chordata,skin (dry),,Newton Dexter,,,,Saimiri sciureus,"(Linnaeus, 1758)",,sciureus,Amazonas,,,,,,Saimiri sciureus,Saimiri sciureus,ACCEPTED,saimiri sciureus|-3.16|-60.0,True
,MachineObservation,0035938,Mammalia,FNJV,238,,,Brazil,Porto Velho,5.0,,-9.8275,-65.095556,-9.8275,-65.095556,Atelidae,,Ateles,,,,UNICAMP,Animalia,Fazenda Santa Carmen - MD,,140.0,,140.0,2025-04-16T10:14:30,11.0,,Habitat: Amazônia - Terra Firme; Tipo de vocalização: chamado,Primates,Chordata,,,Caio Brito,,,"<a href=""http://www2.ib.unicamp.br/fnjv/collection.php?fnjv=0035938"" class=""audio"" target=""fnjv"">Maiores informações e áudio</a>",Ateles chamek,,,chamek,Rondônia,,"9S 49' 39""","65W 05' 44""",2015.0,,Ateles chamek,Ateles chamek,ACCEPTED,ateles chamek|-9.83|-65.1,True
,MachineObservation,0035941,Mammalia,FNJV,238,,,Brazil,Porto Velho,5.0,,-9.8275,-65.095556,-9.8275,-65.095556,Atelidae,,Ateles,,,,UNICAMP,Animalia,Fazenda Santa Carmen - MD,,140.0,,140.0,2025-04-16T10:14:30,11.0,,Habitat: Amazônia - Terra Firme; Tipo de vocalização: chamado,Primates,Chordata,,,Caio Brito,,,"<a href=""http://www2.ib.unicamp.br/fnjv/collection.php?fnjv=0035941"" class=""audio"" target=""fnjv"">Maiores informações e áudio</a>",Ateles chamek,,,chamek,Rondônia,,"9S 49' 39""","65W 05' 44""",2015.0,,Ateles chamek,Ateles chamek,ACCEPTED,ateles chamek|-9.83|-65.1,True
,MachineObservation,0050469,Mammalia,FNJV,238,,,Brazil,Machadionho do Oeste,3.0,,-10.147014,-61.907197,-10.147014,-61.907197,Pithecidae,,Plecturocebus,,,,UNICAMP,Animalia,Reserva biológica do Jaru,,,,,2025-04-16T10:14:33,12.0,,,Primates,Chordata,,,Eduardo Marques Santos Júnior,,,"<a href=""http://www2.ib.unicamp.br/fnjv/collection.php?fnjv=0050469"" class=""audio"" target=""fnjv"">Maiores informações e áudio</a>",Plecturocebus bernhardi,,"Male, female and juvenile",bernhardi,Rondônia,,"10S 8' 49.25""","61W 54' 25.91""",2015.0,,Plecturocebus bernhardi,Plecturocebus bernhardi,ACCEPTED,plecturocebus bernhardi|-10.15|-61.91,True
,S,52,Mammalia,ZEE_MAM,213,,,Brasil,Cruzeiro do Sul,,,-7.64777777777778,-72.67,-7.64777777777778,-72.67,Cebidae,,Pithecia,,,,SEMA-Acre,Animalia,,,,,,2010-03-08T13:53:12,,,Artigo: Alguns mamíferos do Acre Ocidental - Carvalho C.T. 1957,Primates,,,,,,,,Pithecia monachus,,,monachus,Acre,,-7.64777777777778,-72.67,,,Pithecia monachus,Pithecia monachus,ACCEPTED,pithecia monachus|-7.65|-72.67,False
,S,400,Mammalia,ZEE_MAM,213,,,Brasil,Cruzeiro do Sul,,,-7.50611111111111,-73.7013888888889,-7.50611111111111,-73.7013888888889,Cebidae,,Aotus,,,,SEMA-Acre,Animalia,Parque Nacional da Serra do Divisor,,,,,2010-03-08T13:52:53,,,Livro: The status of conservation areas in the Brasilian Amazon - Rylands A.B. 1991,Primates,,,,,,,,Aotus nigriceps,,,nigriceps,Acre,,-7.50611111111111,-73.7013888888889,,,Aotus nigriceps,Aotus nigriceps,ACCEPTED,aotus nigriceps|-7.51|-73.7,False
,S,406,Mammalia,ZEE_MAM,213,,,Brasil,Cruzeiro do Sul,,,-7.50611111111111,-73.7013888888889,-7.50611111111111,-73.7013888888889,Cebidae,,Alouatta,,,,SEMA-Acre,Animalia,Parque Nacional da Serra do Divisor,,,,,2010-03-08T13:52:53,,,Livro: The status of conservation areas in the Brasilian Amazon - Rylands A.B. 1991,Primates,,,,,,,,Alouatta seniculus,,,seniculus,Acre,,-7.50611111111111,-73.7013888888889,,,Alouatta seniculus,Alouatta seniculus,ACCEPTED,alouatta seniculus|-7.51|-73.7,False
,S,422,Mammalia,ZEE_MAM,213,,,Brasil,Assis Brasil,,,-11.0333333333333,-70.25,-11.0333333333333,-70.25,Cebidae,,Alouatta,,,,SEMA-Acre,Animalia,ESEC do Rio Acre; Rio Acre,,,,,2010-03-08T13:52:53,,,Livro: The status of conservation areas in the Brasilian Amazon - Rylands A.B. 1991,Primates,,,,,,,,Alouatta seniculus,,,seniculus,Acre,,-11.0333333333333,-70.25,,,Alouatta seniculus,Alouatta seniculus,ACCEPTED,alouatta seniculus|-11.03|-70.25,False
,S,3356,Mammalia,ZEE_MAM,213,,,Brasil,Rio Branco,,,-9.96666666666667,-67.8,-9.96666666666667,-67.8,Callitrichidae,,Saguinus,,,,SEMA-Acre,Animalia,Rio Branco; Rioa Acre,,,,,2010-03-08T13:52:45,,,Monografia: Levantamento de Animais Silvestres em Cativeiro na Cidade de Rio Branco - Acre. - Silva M.F.A 1985,Primates,,,,,,,,Saguinus imperator,,,imperator,Acre,,-9.96666666666667,-67.8,,,Saguinus imperator,Saguinus imperator,ACCEPTED,saguinus imperator|-9.97|-67.8,False
,S,1085,Mammalia,ZEE_MAM,213,,,Brasil,Assis Brasil,,,-11.0333333333333,-70.25,-11.0333333333333,-70.25,Callitrichidae,,Cebuella,,,,SEMA-Acre,Animalia,ESEC do Rio Acre; Rio Acre,,,,,2010-03-08T13:52:45,,,,Primates,,,,,,,,Cebuella pygmaea,,,pygmaea,Acre,,-11.0333333333333,-70.25,,,Cebuella pygmaea,Cebuella pygmaea,ACCEPTED,cebuella pygmaea|-11.03|-70.25,False
,S,59,Mammalia,ZEE_MAM,213,,,Brasil,Cruzeiro do Sul,,,-7.64777777777778,-72.67,-7.64777777777778,-72.67,Callitrichidae,,Saguinus,,,melanoleucus,SEMA-Acre,Animalia,,,,,,2010-03-08T13:52:45,,,Artigo: Alguns mamíferos do Acre Ocidental - Carvalho C.T. 1957,Primates,,,,,,,,Saguinus fuscicollis melanoleucus,,,fuscicollis,Acre,,-7.64777777777778,-72.67,,,Saguinus fuscicollis melanoleucus,Leontocebus weddelli,SYNONYM,leontocebus weddelli|-7.65|-72.67,False
,S,210,Mammalia,ZEE_MAM,213,,,Brasil,,,,-9.25,-68.725,-9.25,-68.725,Cebidae,,Cebus,,,,SEMA-Acre,Animalia,Rio Iaco; Rio Iaco,,,,,2010-03-08T13:53:04,,,Relatório: Caracterização da fauna da bacia do Rio Branco/ Acre - Alho C.J.R. 1990,Primates,,,,,,,,Cebus apella,,,apella,Acre,,-9.25,-68.725,,,Cebus apella,Sapajus apella,SYNONYM,sapajus apella|-9.25|-68.72,False
,S,943,Mammalia,ZEE_MAM,213,,286119.0,Brasil,Feijó,,,-8.164558,-70.354095,-8.164558,-70.354095,Cebidae,,Cebus,,,,SEMA-Acre,Animalia,,,,,,2010-03-08T13:53:04,,,Monografia: Distribuição de primatas não-humanos no Estado do Acre e vizinhanças: um estudo preliminar - Fernandes M.C.A.G. 1990,Primates,,,,,,,,Cebus apella,,,apella,Acre,,0.0,0.0,,,Cebus apella,Sapajus apella,SYNONYM,sapajus apella|-8.16|-70.35,False
,S,517,Mammalia,ZEE_MAM,213,,,Brasil,Cruzeiro do Sul,,,-7.45888888888889,-73.7744444444444,-7.45888888888889,-73.7744444444444,Cebidae,,Saimiri,,,macrodon,SEMA-Acre,Animalia,Parque Nacional da Serra do Divisor,,,,,2010-03-08T13:53:12,,,"Artigo : Riqueza de mamíferos de grande e médio porte do Parque Nacional da Serra do Divisor (Acre, Brasil) - Calouro A.M. 1999",Primates,,,,,,,,Saimiri sciureus macrodon,,,sciureus,Acre,,-7.45888888888889,-73.7744444444444,,,Saimiri sciureus macrodon,Saimiri macrodon,SYNONYM,saimiri macrodon|-7.46|-73.77,False
,S,8214,Mammalia,ZEE_MAM,213,,,Brasil,,,,-8.36666666666667,-72.8166666666667,-8.36666666666667,-72.8166666666667,Cebidae,,Saimiri,,,macrodon,SEMA-Acre,Animalia,,,,,,2010-03-08T13:53:12,,,Artigo: Primate community structure at twenty western Amazonian flooded and unflooded forests - Peres C.A. 1997,Primates,,,,,,,,Saimiri sciureus macrodon,,,sciureus,Acre,,-8.36666666666667,-72.8166666666667,,,Saimiri sciureus macrodon,Saimiri macrodon,SYNONYM,saimiri macrodon|-8.37|-72.82,False
,S,8346,Mammalia,ZEE_MAM,213,,75100.0,Brasil,Xapuri,,,-10.652065,-68.504925,-10.652065,-68.504925,Cebidae,,Saimiri,,,,SEMA-Acre,Animalia,Seringais Macuripe e Nova Vida,,,,,2010-03-08T13:53:12,,,"Artigo: Malária simiana no Estado do Acre, Brasil: Encontro de macacos zogue-zogue, Callicebus moloch cupreus, infetados com Plasmodium brasilianum - Ferreira Neto J.A.- Deane L.M. - Almeida F.B. 1972",Primates,,,,,,,,Saimiri boliviensis,,,boliviensis,Acre,,0.0,0.0,,,Saimiri boliviensis,Saimiri boliviensis,ACCEPTED,saimiri boliviensis|-10.65|-68.5,False
,S,8415,Mammalia,ZEE_MAM,213,,,Brasil,Rio Branco,,,-9.94166666666667,-67.8688888888889,-9.94166666666667,-67.8688888888889,Cebidae,,Saimiri,,,,SEMA-Acre,Animalia,Universidade Federal do Acre/Parque Zoobotânico; Rioa Acre,,,,,2010-03-08T13:53:12,,,Artigo: Do female tamarins use visual cues to detect fruit rewards more successfully than do males? - Dominy N.J.- Garber P.A.- Bicca-Marques J.C. - Lopes M.A.O. 2003,Primates,,,,,,,,Saimiri boliviensis,,,boliviensis,Acre,,-9.94166666666667,-67.8688888888889,,,Saimiri boliviensis,Saimiri boliviensis,ACCEPTED,saimiri boliviensis|-9.94|-67.87,False
,S,5265,Mammalia,ZEE_MAM,213,,,Brasil,,,,-10.0927777777778,-68.0,-10.0927777777778,-68.0,Cebidae,,Saimiri,,,,SEMA-Acre,Animalia,,,,,,2010-03-08T13:53:12,,,Dissertação: Caça de subsistência: sustentabilidade e padrões de uso entre seringueiros ribeirinhos e não-ribeirinhos do estado do Acre - Calouro A.M. 1995,Primates,,,,,,,,Saimiri boliviensis,,,boliviensis,Acre,,-10.0927777777778,-68.0,,,Saimiri boliviensis,Saimiri boliviensis,ACCEPTED,saimiri boliviensis|-10.09|-68.0,False
,S,8204,Mammalia,ZEE_MAM,213,,,Brasil,,,,-8.66666666666667,-72.7833333333333,-8.66666666666667,-72.7833333333333,Cebidae,,Saimiri,,,boliviensis,SEMA-Acre,Animalia,,,,,,2010-03-08T13:53:12,,,Artigo: Primate community structure at twenty western Amazonian flooded and unflooded forests - Peres C.A. 1997,Primates,,,,,,,,Saimiri boliviensis boliviensis,,,boliviensis,Acre,,-8.66666666666667,-72.7833333333333,,,Saimiri boliviensis boliviensis,Saimiri boliviensis,ACCEPTED,saimiri boliviensis|-8.67|-72.78,False
,S,3931,Mammalia,ZEE_MAM,213,,,Brasil,Cruzeiro do Sul,,,-8.55833333333333,-72.8833333333333,-8.55833333333333,-72.8833333333333,Cebidae,,Saimiri,,,,SEMA-Acre,Animalia,Parque Nacional da Serra do Divisor,,,,,2010-03-08T13:53:12,,,"Artigo : Riqueza de mamíferos de grande e médio porte do Parque Nacional da Serra do Divisor (Acre, Brasil) - Calouro A.M. 1999",Primates,,,,,,,,Saimiri sciureus,,,sciureus,Acre,,-8.55833333333333,-72.8833333333333,,,Saimiri sciureus,Saimiri sciureus,ACCEPTED,saimiri sciureus|-8.56|-72.88,False
,S,3933,Mammalia,ZEE_MAM,213,,,Brasil,Cruzeiro do Sul,,,-8.87527777777778,-72.7819444444444,-8.87527777777778,-72.7819444444444,Cebidae,,Saimiri,,,,SEMA-Acre,Animalia,Parque Nacional da Serra do Divisor,,,,,2010-03-08T13:53:12,,,"Artigo : Riqueza de mamíferos de grande e médio porte do Parque Nacional da Serra do Divisor (Acre, Brasil) - Calouro A.M. 1999",Primates,,,,,,,,Saimiri sciureus,,,sciureus,Acre,,-8.87527777777778,-72.7819444444444,,,Saimiri sciureus,Saimiri sciureus,ACCEPTED,saimiri sciureus|-8.88|-72.78,False
,S,397,Mammalia,ZEE_MAM,213,,,Brasil,Cruzeiro do Sul,,,-7.50611111111111,-73.7013888888889,-7.50611111111111,-73.7013888888889,Cebidae,,Saimiri,,,,SEMA-Acre,Animalia,Parque Nacional da Serra do Divisor,,,,,2010-03-08T13:53:12,,,Livro: The status of conservation areas in the Brasilian Amazon - Rylands A.B. 1991,Primates,,,,,,,,Saimiri sciureus,,,sciureus,Acre,,-7.50611111111111,-73.7013888888889,,,Saimiri sciureus,Saimiri sciureus,ACCEPTED,saimiri sciureus|-7.51|-73.7,False
,S,8124,Mammalia,ZEE_MAM,213,,,Brasil,,,,-7.45,-73.6,-7.45,-73.6,Cebidae,,Saimiri,,,,SEMA-Acre,Animalia,Parque Nacional da Serra do Divisor; Rio Juruá Mirim,,,,,2010-03-08T13:53:12,,,"Artigo: Observations of Callimico goeldii with Saguinus imperator in the Serra do Divisor National Park, Acre, Barzil - Lopes M.A.O.A. - Rehg J.A. 2003",Primates,,,,,,,,Saimiri sciureus,,,sciureus,Acre,,-7.45,-73.6,,,Saimiri sciureus,Saimiri sciureus,ACCEPTED,saimiri sciureus|-7.45|-73.6,False
,S,4048,Mammalia,ZEE_MAM,213,,,Brasil,Rio Branco,,,-10.0666666666667,-67.6166666666667,-10.0666666666667,-67.6166666666667,Cebidae,,Saimiri,,,,SEMA-Acre,Animalia,Fazenda Experimental Catuaba; Rioa Acre,,,,,2010-03-08T13:53:12,,,Relatório: Estimativa das densidades das espécies de primatas da Fazenda Experimental Catuaba - Chaves W.A. 1999,Primates,,,,,,,,Saimiri boliviensis,,,boliviensis,Acre,,-10.0666666666667,-67.6166666666667,,,Saimiri boliviensis,Saimiri boliviensis,ACCEPTED,saimiri boliviensis|-10.07|-67.62,False
,S,5264,Mammalia,ZEE_MAM,213,,,Brasil,,,,-9.25,-68.725,-9.25,-68.725,Cebidae,,Saimiri,,,,SEMA-Acre,Animalia,,,,,,2010-03-08T13:53:12,,,Dissertação: Caça de subsistência: sustentabilidade e padrões de uso entre seringueiros ribeirinhos e não-ribeirinhos do estado do Acre - Calouro A.M. 1995,Primates,,,,,,,,Saimiri boliviensis,,,boliviensis,Acre,,-9.25,-68.725,,,Saimiri boliviensis,Saimiri boliviensis,ACCEPTED,saimiri boliviensis|-9.25|-68.72,False
,S,424,Mammalia,ZEE_MAM,213,,,Brasil,Assis Brasil,,,-11.0333333333333,-70.25,-11.0333333333333,-70.25,Cebidae,,Lagothrix,,,cana,SEMA-Acre,Animalia,ESEC do Rio Acre; Rio Acre,,,,,2010-03-08T13:53:11,,,Livro: The status of conservation areas in the Brasilian Amazon - Rylands A.B. 1991,Primates,,,,,,,,Lagothrix lagotricha cana,,,lagotricha,Acre,,-11.0333333333333,-70.25,,,Lagothrix lagotricha cana,Lagothrix lagothricha,ACCEPTED,lagothrix lagothricha|-11.03|-70.25,False
,S,620,Mammalia,ZEE_MAM,213,,,Brasil,Rio Branco,,,-9.96666666666667,-67.8,-9.96666666666667,-67.8,Cebidae,,Saimiri,,,,SEMA-Acre,Animalia,Bairro 2º Distrito; Rio Acre,,,,,2010-03-08T13:53:12,,,Monografia: Levantamento preliminar de primatas cadastrados pelo IBAMA no município de Rio Branco - AC - Nóbrega M.F. 1997,Primates,,,,,,,,Saimiri boliviensis,,,boliviensis,Acre,,-9.96666666666667,-67.8,,,Saimiri boliviensis,Saimiri boliviensis,ACCEPTED,saimiri boliviensis|-9.97|-67.8,False
,S,624,Mammalia,ZEE_MAM,213,,,Brasil,Bujari,,,-9.33333333333333,-68.25,-9.33333333333333,-68.25,Cebidae,,Saimiri,,,,SEMA-Acre,Animalia,Floresta Estadual do Antimary; Rio Antimari,,,,,2010-03-08T13:53:12,,,Dissertação: Caça de subsistência: sustentabilidade e padrões de uso entre seringueiros ribeirinhos e não-ribeiinhos do estado do Acre - Calouro A.M. 1995,Primates,,,,,,,,Saimiri boliviensis,,,boliviensis,Acre,,-9.33333333333333,-68.25,,,Saimiri boliviensis,Saimiri boliviensis,ACCEPTED,saimiri boliviensis|-9.33|-68.25,False
,S,642,Mammalia,ZEE_MAM,213,,,Brasil,Rio Branco,,,-10.0927777777778,-68.0,-10.0927777777778,-68.0,Cebidae,,Saimiri,,,,SEMA-Acre,Animalia,Fazenda Boa União; Rio Acre,,,,,2010-03-08T13:53:12,,,Dissertação: Caça de subsistência: sustentabilidade e padrões de uso entre seringueiros ribeirinhos e não-ribeiinhos do estado do Acre - Calouro A.M. 1995,Primates,,,,,,,,Saimiri boliviensis,,,boliviensis,Acre,,-10.0927777777778,-68.0,,,Saimiri boliviensis,Saimiri boliviensis,ACCEPTED,saimiri boliviensis|-10.09|-68.0,False
,S,652,Mammalia,ZEE_MAM,213,,,Brasil,Rio Branco,,,-10.1333333333333,-67.5833333333333,-10.1333333333333,-67.5833333333333,Cebidae,,Saimiri,,,,SEMA-Acre,Animalia,Parque Ambiental Chico Mendes; Rioa Acre,,,,,2010-03-08T13:53:12,,,Relatório: Enriquecimento de capoeiras com espécies vegetais utilizadas por primatas - Silva M.C.R. 1998,Primates,,,,,,,,Saimiri boliviensis,,,boliviensis,Acre,,-10.1333333333333,-67.5833333333333,,,Saimiri boliviensis,Saimiri boliviensis,ACCEPTED,saimiri boliviensis|-10.13|-67.58,False
,S,7078,Mammalia,ZEE_MAM,213,,,Brasil,,,,-10.4569444444444,-68.8602777777778,-10.4569444444444,-68.8602777777778,Cebidae,,Saimiri,,,,SEMA-Acre,Animalia,Trilha Itapissuma,,,,,2010-03-08T13:53:12,,,Não publicado: A caça de Subsistência na Reserva Extrativista Chico Mendes/AC: caracterização- consumo e estratégias de caça. - Medeiros M.F.S.T. 1999,Primates,,,,,,,,Saimiri boliviensis,,,boliviensis,Acre,,-10.4569444444444,-68.8602777777778,,,Saimiri boliviensis,Saimiri boliviensis,ACCEPTED,saimiri boliviensis|-10.46|-68.86,False
,S,8143,Mammalia,ZEE_MAM,213,,,Brasil,Bujari,,,-9.53333333333333,-68.0333333333333,-9.53333333333333,-68.0333333333333,Cebidae,,Saimiri,,,,SEMA-Acre,Animalia,Floresta Estadual do Antimary; Rio Antimari,,,,,2010-03-08T13:53:12,,,"Artigo: Caracterização de habitats para monitoramento de primatas na Floresta Estadual de Antimary (Acre, Brasil) - Calouro A.M. - Pires J.S.R. 2004",Primates,,,,,,,,Saimiri boliviensis,,,boliviensis,Acre,,-9.53333333333333,-68.0333333333333,,,Saimiri boliviensis,Saimiri boliviensis,ACCEPTED,saimiri boliviensis|-9.53|-68.03,False
,S,1069,Mammalia,ZEE_MAM,213,,178429.0,Brasil,Rio Branco,,,-9.97512,-67.810478,-9.97512,-67.810478,Cebidae,,Saimiri,,,,SEMA-Acre,Animalia,Estrada Dias Martins- km 13- ramal lado direito (2 km); Rio Acre,,,,,2010-03-08T13:53:12,,,Monografia: Distribuição de primatas não-humanos no Estado do Acre e vizinhanças: um estudo preliminar - Fernandes M.C.A.G. 1990,Primates,,,,,,,,Saimiri boliviensis,,,boliviensis,Acre,,0.0,0.0,,,Saimiri boliviensis,Saimiri boliviensis,ACCEPTED,saimiri boliviensis|-9.98|-67.81,False
,S,1071,Mammalia,ZEE_MAM,213,,,Brasil,,,,-9.31666666666667,-71.9,-9.31666666666667,-71.9,Cebidae,,Saimiri,,,,SEMA-Acre,Animalia,Terra Indígena Kaxinawá; Alto Purus,,,,,2010-03-08T13:53:12,,,Monografia: Distribuição de primatas não-humanos no Estado do Acre e vizinhanças: um estudo preliminar - Fernandes M.C.A.G. 1990,Primates,,,,,,,,Saimiri boliviensis,,,boliviensis,Acre,,-9.31666666666667,-71.9,,,Saimiri boliviensis,Saimiri boliviensis,ACCEPTED,saimiri boliviensis|-9.32|-71.9,False
,S,1072,Mammalia,ZEE_MAM,213,,170168.0,Brasil,Tarauacá,,,-8.161779,-70.766041,-8.161779,-70.766041,Cebidae,,Saimiri,,,,SEMA-Acre,Animalia,Terra Indígena; Rio Gregório,,,,,2010-03-08T13:53:12,,,Monografia: Distribuição de primatas não-humanos no Estado do Acre e vizinhanças: um estudo preliminar - Fernandes M.C.A.G. 1990,Primates,,,,,,,,Saimiri boliviensis,,,boliviensis,Acre,,0.0,0.0,,,Saimiri boliviensis,Saimiri boliviensis,ACCEPTED,saimiri boliviensis|-8.16|-70.77,False
,S,1140,Mammalia,ZEE_MAM,213,,,Brasil,Feijó,,,-9.52305555555555,-71.6638888888889,-9.52305555555555,-71.6638888888889,Cebidae,,Saimiri,,,,SEMA-Acre,Animalia,Terra Indígena Kampa do Rio Envira; Rio Envira,,,,,2010-03-08T13:53:12,,,Relatório: Análise ambiental complementar sobre a terra indígena Kampa e isolados do Rio Envira - Ferreira L.A. 1996,Primates,,,,,,,,Saimiri boliviensis,,,boliviensis,Acre,,-9.52305555555555,-71.6638888888889,,,Saimiri boliviensis,Saimiri boliviensis,ACCEPTED,saimiri boliviensis|-9.52|-71.66,False
,S,3971,Mammalia,ZEE_MAM,213,,,Brasil,Cruzeiro do Sul,,,-7.43166666666667,-73.6611111111111,-7.43166666666667,-73.6611111111111,Cebidae,,Pithecia,,,,SEMA-Acre,Animalia,Parque Nacional da Serra do Divisor,,,,,2010-03-08T13:53:12,,,"Artigo : Riqueza de mamíferos de grande e médio porte do Parque Nacional da Serra do Divisor (Acre, Brasil) - Calouro A.M. 1999",Primates,,,,,,,,Pithecia monachus,,,monachus,Acre,,-7.43166666666667,-73.6611111111111,,,Pithecia monachus,Pithecia monachus,ACCEPTED,pithecia monachus|-7.43|-73.66,False
,S,3974,Mammalia,ZEE_MAM,213,,,Brasil,Cruzeiro do Sul,,,-8.87527777777778,-72.7819444444444,-8.87527777777778,-72.7819444444444,Cebidae,,Pithecia,,,,SEMA-Acre,Animalia,Parque Nacional da Serra do Divisor,,,,,2010-03-08T13:53:12,,,"Artigo : Riqueza de mamíferos de grande e médio porte do Parque Nacional da Serra do Divisor (Acre, Brasil) - Calouro A.M. 1999",Primates,,,,,,,,Pithecia monachus,,,monachus,Acre,,-8.87527777777778,-72.7819444444444,,,Pithecia monachus,Pithecia monachus,ACCEPTED,pithecia monachus|-8.88|-72.78,False
,S,8128,Mammalia,ZEE_MAM,213,,,Brasil,,,,-7.45,-73.6,-7.45,-73.6,Cebidae,,Pithecia,,,,SEMA-Acre,Animalia,Parque Nacional da Serra do Divisor; Rio Juruá Mirim,,,,,2010-03-08T13:53:12,,,"Artigo: Observations of Callimico goeldii with Saguinus imperator in the Serra do Divisor National Park, Acre, Barzil - Lopes M.A.O.A. - Rehg J.A. 2003",Primates,,,,,,,,Pithecia monachus,,,monachus,Acre,,-7.45,-73.6,,,Pithecia monachus,Pithecia monachus,ACCEPTED,pithecia monachus|-7.45|-73.6,False
,S,528,Mammalia,ZEE_MAM,213,,,Brasil,Cruzeiro do Sul,,,-7.45888888888889,-73.7744444444444,-7.45888888888889,-73.7744444444444,Cebidae,,Pithecia,,,monachus,SEMA-Acre,Animalia,Parque Nacional da Serra do Divisor,,,,,2010-03-08T13:53:12,,,"Artigo : Riqueza de mamíferos de grande e médio porte do Parque Nacional da Serra do Divisor (Acre, Brasil) - Calouro A.M. 1999",Primates,,,,,,,,Pithecia monachus monachus,,,monachus,Acre,,-7.45888888888889,-73.7744444444444,,,Pithecia monachus monachus,Pithecia monachus,SYNONYM,pithecia monachus|-7.46|-73.77,False
,S,1043,Mammalia,ZEE_MAM,213,,,Brasil,Rio Branco,,,-9.96666666666667,-67.8,-9.96666666666667,-67.8,Cebidae,,Saimiri,,,,SEMA-Acre,Animalia,Rio Branco; Rioa Acre,,,,,2010-03-08T13:53:12,,,Monografia: Distribuição de primatas não-humanos no Estado do Acre e vizinhanças: um estudo preliminar - Fernandes M.C.A.G. 1990,Primates,,,,,,,,Saimiri boliviensis,,,boliviensis,Acre,,-9.96666666666667,-67.8,,,Saimiri boliviensis,Saimiri boliviensis,ACCEPTED,saimiri boliviensis|-9.97|-67.8,False
,S,4050,Mammalia,ZEE_MAM,213,,,Brasil,Rio Branco,,,-10.0666666666667,-67.6166666666667,-10.0666666666667,-67.6166666666667,Cebidae,,Pithecia,,,,SEMA-Acre,Animalia,Fazenda Experimental Catuaba; Rioa Acre,,,,,2010-03-08T13:53:12,,,Relatório: Estimativa das densidades das espécies de primatas da Fazenda Experimental Catuaba - Chaves W.A. 1999,Primates,,,,,,,,Pithecia irrorata,,,irrorata,Acre,,-10.0666666666667,-67.6166666666667,,,Pithecia irrorata,Pithecia irrorata,ACCEPTED,pithecia irrorata|-10.07|-67.62,False
,S,606,Mammalia,ZEE_MAM,213,,,Brasil,Rio Branco,,,-9.96666666666667,-67.8,-9.96666666666667,-67.8,Cebidae,,Pithecia,,,,SEMA-Acre,Animalia,Bairro 6 de Agosto; Rio Acre,,,,,2010-03-08T13:53:12,,,Monografia: Levantamento preliminar de primatas cadastrados pelo IBAMA no município de Rio Branco - AC - Nóbrega M.F. 1997,Primates,,,,,,,,Pithecia irrorata,,,irrorata,Acre,,-9.96666666666667,-67.8,,,Pithecia irrorata,Pithecia irrorata,ACCEPTED,pithecia irrorata|-9.97|-67.8,False
,S,628,Mammalia,ZEE_MAM,213,,,Brasil,Bujari,,,-9.33333333333333,-68.25,-9.33333333333333,-68.25,Cebidae,,Pithecia,,,,SEMA-Acre,Animalia,Floresta Estadual do Antimary; Rio Antimari,,,,,2010-03-08T13:53:12,,,Dissertação: Caça de subsistência: sustentabilidade e padrões de uso entre seringueiros ribeirinhos e não-ribeiinhos do estado do Acre - Calouro A.M. 1995,Primates,,,,,,,,Pithecia irrorata,,,irrorata,Acre,,-9.33333333333333,-68.25,,,Pithecia irrorata,Pithecia irrorata,ACCEPTED,pithecia irrorata|-9.33|-68.25,False
,S,6983,Mammalia,ZEE_MAM,213,,,Brasil,,,,-10.4258333333333,-68.8611111111111,-10.4258333333333,-68.8611111111111,Cebidae,,Pithecia,,,,SEMA-Acre,Animalia,Trilha Pincel,,,,,2010-03-08T13:53:12,,,Não publicado: A caça de Subsistência na Reserva Extrativista Chico Mendes/AC: caracterização- consumo e estratégias de caça. - Medeiros M.F.S.T. 1999,Primates,,,,,,,,Pithecia irrorata,,,irrorata,Acre,,-10.4258333333333,-68.8611111111111,,,Pithecia irrorata,Pithecia irrorata,ACCEPTED,pithecia irrorata|-10.43|-68.86,False
,S,7012,Mammalia,ZEE_MAM,213,,,Brasil,,,,-10.3969444444444,-68.8611111111111,-10.3969444444444,-68.8611111111111,Cebidae,,Pithecia,,,,SEMA-Acre,Animalia,Trilha Venezuela,,,,,2010-03-08T13:53:12,,,Não publicado: A caça de Subsistência na Reserva Extrativista Chico Mendes/AC: caracterização- consumo e estratégias de caça. - Medeiros M.F.S.T. 1999,Primates,,,,,,,,Pithecia irrorata,,,irrorata,Acre,,-10.3969444444444,-68.8611111111111,,,Pithecia irrorata,Pithecia irrorata,ACCEPTED,pithecia irrorata|-10.4|-68.86,False
,S,7041,Mammalia,ZEE_MAM,213,,,Brasil,,,,-10.5397222222222,-68.8563888888889,-10.5397222222222,-68.8563888888889,Cebidae,,Pithecia,,,,SEMA-Acre,Animalia,Trilha Bom Levar,,,,,2010-03-08T13:53:12,,,Não publicado: A caça de Subsistência na Reserva Extrativista Chico Mendes/AC: caracterização- consumo e estratégias de caça. - Medeiros M.F.S.T. 1999,Primates,,,,,,,,Pithecia irrorata,,,irrorata,Acre,,-10.5397222222222,-68.8563888888889,,,Pithecia irrorata,Pithecia irrorata,ACCEPTED,pithecia irrorata|-10.54|-68.86,False
,S,7070,Mammalia,ZEE_MAM,213,,,Brasil,,,,-10.4569444444444,-68.8602777777778,-10.4569444444444,-68.8602777777778,Cebidae,,Pithecia,,,,SEMA-Acre,Animalia,Trilha Itapissuma,,,,,2010-03-08T13:53:12,,,Não publicado: A caça de Subsistência na Reserva Extrativista Chico Mendes/AC: caracterização- consumo e estratégias de caça. - Medeiros M.F.S.T. 1999,Primates,,,,,,,,Pithecia irrorata,,,irrorata,Acre,,-10.4569444444444,-68.8602777777778,,,Pithecia irrorata,Pithecia irrorata,ACCEPTED,pithecia irrorata|-10.46|-68.86,False
,S,8127,Mammalia,ZEE_MAM,213,,,Brasil,,,,-7.45,-73.6,-7.45,-73.6,Cebidae,,Pithecia,,,,SEMA-Acre,Animalia,Parque Nacional da Serra do Divisor; Rio Juruá Mirim,,,,,2010-03-08T13:53:12,,,"Artigo: Observations of Callimico goeldii with Saguinus imperator in the Serra do Divisor National Park, Acre, Barzil - Lopes M.A.O.A. - Rehg J.A. 2003",Primates,,,,,,,,Pithecia irrorata,,,irrorata,Acre,,-7.45,-73.6,,,Pithecia irrorata,Pithecia irrorata,ACCEPTED,pithecia irrorata|-7.45|-73.6,False
,S,8146,Mammalia,ZEE_MAM,213,,,Brasil,Bujari,,,-9.53333333333333,-68.0333333333333,-9.53333333333333,-68.0333333333333,Cebidae,,Pithecia,,,,SEMA-Acre,Animalia,Floresta Estadual do Antimary; Rio Antimari,,,,,2010-03-08T13:53:12,,,"Artigo: Caracterização de habitats para monitoramento de primatas na Floresta Estadual de Antimary (Acre, Brasil) - Calouro A.M. - Pires J.S.R. 2004",Primates,,,,,,,,Pithecia irrorata,,,irrorata,Acre,,-9.53333333333333,-68.0333333333333,,,Pithecia irrorata,Pithecia irrorata,ACCEPTED,pithecia irrorata|-9.53|-68.03,False
,S,8333,Mammalia,ZEE_MAM,213,,178429.0,Brasil,Rio Branco,,,-9.97512,-67.810478,-9.97512,-67.810478,Cebidae,,Pithecia,,,,SEMA-Acre,Animalia,Rio Branco (Estrada de Xapuri); Rioa Acre,,,,,2010-03-08T13:53:12,,,"Artigo: Malária simiana no Estado do Acre, Brasil: Encontro de macacos zogue-zogue, Callicebus moloch cupreus, infetados com Plasmodium brasilianum - Ferreira Neto J.A.- Deane L.M. - Almeida F.B. 1972",Primates,,,,,,,,Pithecia irrorata,,,irrorata,Acre,,0.0,0.0,,,Pithecia irrorata,Pithecia irrorata,ACCEPTED,pithecia irrorata|-9.98|-67.81,False
,S,8344,Mammalia,ZEE_MAM,213,,75100.0,Brasil,Xapuri,,,-10.652065,-68.504925,-10.652065,-68.504925,Cebidae,,Pithecia,,,,SEMA-Acre,Animalia,Seringais Macuripe e Nova Vida,,,,,2010-03-08T13:53:12,,,"Artigo: Malária simiana no Estado do Acre, Brasil: Encontro de macacos zogue-zogue, Callicebus moloch cupreus, infetados com Plasmodium brasilianum - Ferreira Neto J.A.- Deane L.M. - Almeida F.B. 1972",Primates,,,,,,,,Pithecia irrorata,,,irrorata,Acre,,0.0,0.0,,,Pithecia irrorata,Pithecia irrorata,ACCEPTED,pithecia irrorata|-10.65|-68.5,False
,S,421,Mammalia,ZEE_MAM,213,,,Brasil,Assis Brasil,,,-11.0333333333333,-70.25,-11.0333333333333,-70.25,Cebidae,,Pithecia,,,irrorata,SEMA-Acre,Animalia,ESEC do Rio Acre; Rio Acre,,,,,2010-03-08T13:53:12,,,Livro: The status of conservation areas in the Brasilian Amazon - Rylands A.B. 1991,Primates,,,,,,,,Pithecia irrorata irrorata,,,irrorata,Acre,,-11.0333333333333,-70.25,,,Pithecia irrorata irrorata,Pithecia irrorata,SYNONYM,pithecia irrorata|-11.03|-70.25,False
,S,8207,Mammalia,ZEE_MAM,213,,,Brasil,,,,-8.66666666666667,-72.7833333333333,-8.66666666666667,-72.7833333333333,Cebidae,,Pithecia,,,vanzolinii,SEMA-Acre,Animalia,,,,,,2010-03-08T13:53:12,,,Artigo: Primate community structure at twenty western Amazonian flooded and unflooded forests - Peres C.A. 1997,Primates,,,,,,,,Pithecia irrorata vanzolinii,,,irrorata,Acre,,-8.66666666666667,-72.7833333333333,,,Pithecia irrorata vanzolinii,Pithecia vanzolinii,SYNONYM,pithecia vanzolinii|-8.67|-72.78,False
,S,1007,Mammalia,ZEE_MAM,213,,,Brasil,Xapuri,,,-10.65,-68.5166666666667,-10.65,-68.5166666666667,Cebidae,,Pithecia,,,,SEMA-Acre,Animalia,,,,,,2010-03-08T13:53:11,,,Monografia: Distribuição de primatas não-humanos no Estado do Acre e vizinhanças: um estudo preliminar - Fernandes M.C.A.G. 1990,Primates,,,,,,,,Pithecia irrorata,,,irrorata,Acre,,-10.65,-68.5166666666667,,,Pithecia irrorata,Pithecia irrorata,ACCEPTED,pithecia irrorata|-10.65|-68.52,False
,S,1031,Mammalia,ZEE_MAM,213,,58663.0,Brasil,Plácido de Castro,,,-10.335677,-67.186032,-10.335677,-67.186032,Cebidae,,Pithecia,,,,SEMA-Acre,Animalia,Propriedade rural- AC-401- km 6- ramal lado esquerdo (1 km),,,,,2010-03-08T13:53:12,,,Monografia: Distribuição de primatas não-humanos no Estado do Acre e vizinhanças: um estudo preliminar - Fernandes M.C.A.G. 1990,Primates,,,,,,,,Pithecia irrorata,,,irrorata,Acre,,0.0,0.0,,,Pithecia irrorata,Pithecia irrorata,ACCEPTED,pithecia irrorata|-10.34|-67.19,False
,S,1032,Mammalia,ZEE_MAM,213,,178429.0,Brasil,Rio Branco,,,-9.97512,-67.810478,-9.97512,-67.810478,Cebidae,,Pithecia,,,,SEMA-Acre,Animalia,Estrada Dias Martins- km 12- lado esquerdo; Rioa Acre,,,,,2010-03-08T13:53:12,,,Monografia: Distribuição de primatas não-humanos no Estado do Acre e vizinhanças: um estudo preliminar - Fernandes M.C.A.G. 1990,Primates,,,,,,,,Pithecia irrorata,,,irrorata,Acre,,0.0,0.0,,,Pithecia irrorata,Pithecia irrorata,ACCEPTED,pithecia irrorata|-9.98|-67.81,False
,S,1033,Mammalia,ZEE_MAM,213,,178429.0,Brasil,Rio Branco,,,-9.97512,-67.810478,-9.97512,-67.810478,Cebidae,,Pithecia,,,,SEMA-Acre,Animalia,Estrada Dias Martins- km 13- lado direito (3 km); Rio Acre,,,,,2010-03-08T13:53:12,,,Monografia: Distribuição de primatas não-humanos no Estado do Acre e vizinhanças: um estudo preliminar - Fernandes M.C.A.G. 1990,Primates,,,,,,,,Pithecia irrorata,,,irrorata,Acre,,0.0,0.0,,,Pithecia irrorata,Pithecia irrorata,ACCEPTED,pithecia irrorata|-9.98|-67.81,False
,S,1037,Mammalia,ZEE_MAM,213,,124133.0,Brasil,Cruzeiro do Sul,,,-7.631498,-72.67049,-7.631498,-72.67049,Cebidae,,Pithecia,,,,SEMA-Acre,Animalia,Seringal República; Rio Moa,,,,,2010-03-08T13:53:12,,,Monografia: Distribuição de primatas não-humanos no Estado do Acre e vizinhanças: um estudo preliminar - Fernandes M.C.A.G. 1990,Primates,,,,,,,,Pithecia irrorata,,,irrorata,Acre,,0.0,0.0,,,Pithecia irrorata,Pithecia irrorata,ACCEPTED,pithecia irrorata|-7.63|-72.67,False
,S,1042,Mammalia,ZEE_MAM,213,,,Brasil,,,,-9.71666666666667,-67.55,-9.71666666666667,-67.55,Cebidae,,Pithecia,,,,SEMA-Acre,Animalia,Projeto Humaitá,,,,,2010-03-08T13:53:12,,,Monografia: Distribuição de primatas não-humanos no Estado do Acre e vizinhanças: um estudo preliminar - Fernandes M.C.A.G. 1990,Primates,,,,,,,,Pithecia irrorata,,,irrorata,Acre,,-9.71666666666667,-67.55,,,Pithecia irrorata,Pithecia irrorata,ACCEPTED,pithecia irrorata|-9.72|-67.55,False
,S,215,Mammalia,ZEE_MAM,213,,,Brasil,,,,-9.25,-68.725,-9.25,-68.725,Cebidae,,Pithecia,,,,SEMA-Acre,Animalia,Rio Iaco; Rio Iaco,,,,,2010-03-08T13:53:12,,,Relatório: Caracterização da fauna da bacia do Rio Branco/ Acre - Alho C.J.R. 1990,Primates,,,,,,,,Pithecia irrorata,,,irrorata,Acre,,-9.25,-68.725,,,Pithecia irrorata,Pithecia irrorata,ACCEPTED,pithecia irrorata|-9.25|-68.72,False
,S,1006,Mammalia,ZEE_MAM,213,,,Brasil,Rio Branco,,,-9.96666666666667,-67.8,-9.96666666666667,-67.8,Cebidae,,Pithecia,,,,SEMA-Acre,Animalia,Rio Branco; Rioa Acre,,,,,2010-03-08T13:53:11,,,Monografia: Distribuição de primatas não-humanos no Estado do Acre e vizinhanças: um estudo preliminar - Fernandes M.C.A.G. 1990,Primates,,,,,,,,Pithecia irrorata,,,irrorata,Acre,,-9.96666666666667,-67.8,,,Pithecia irrorata,Pithecia irrorata,ACCEPTED,pithecia irrorata|-9.97|-67.8,False
,S,1010,Mammalia,ZEE_MAM,213,,178429.0,Brasil,Rio Branco,,,-9.97512,-67.810478,-9.97512,-67.810478,Cebidae,,Pithecia,,,,SEMA-Acre,Animalia,Localidade Barro Vermelho; Rioa Acre,,,,,2010-03-08T13:53:11,,,Monografia: Distribuição de primatas não-humanos no Estado do Acre e vizinhanças: um estudo preliminar - Fernandes M.C.A.G. 1990,Primates,,,,,,,,Pithecia irrorata,,,irrorata,Acre,,0.0,0.0,,,Pithecia irrorata,Pithecia irrorata,ACCEPTED,pithecia irrorata|-9.98|-67.81,False
,S,1011,Mammalia,ZEE_MAM,213,,178429.0,Brasil,Rio Branco,,,-9.97512,-67.810478,-9.97512,-67.810478,Cebidae,,Pithecia,,,,SEMA-Acre,Animalia,Vila Bujari; Rioa Acre,,,,,2010-03-08T13:53:11,,,Monografia: Distribuição de primatas não-humanos no Estado do Acre e vizinhanças: um estudo preliminar - Fernandes M.C.A.G. 1990,Primates,,,,,,,,Pithecia irrorata,,,irrorata,Acre,,0.0,0.0,,,Pithecia irrorata,Pithecia irrorata,ACCEPTED,pithecia irrorata|-9.98|-67.81,False
,S,172,Mammalia,ZEE_MAM,213,,,Brasil,Assis Brasil,,,-11.0333333333333,-70.25,-11.0333333333333,-70.25,Cebidae,,Lagothrix,,,cana,SEMA-Acre,Animalia,ESEC do Rio Acre; Rio Acre,,,,,2010-03-08T13:53:11,,,Artigo: Conservation areas protecting primates in Brasilian Amazonia - Rylands A.B. 1985,Primates,,,,,,,,Lagothrix lagotricha cana,,,lagotricha,Acre,,-11.0333333333333,-70.25,,,Lagothrix lagotricha cana,Lagothrix lagothricha,ACCEPTED,lagothrix lagothricha|-11.03|-70.25,False
,S,499,Mammalia,ZEE_MAM,213,,,Brasil,Assis Brasil,,,-11.0333333333333,-70.25,-11.0333333333333,-70.25,Cebidae,,Lagothrix,,,cana,SEMA-Acre,Animalia,ESEC do Rio Acre; Rio Acre,,,,,2010-03-08T13:53:11,,,Livro: Livro vermelho dos mamíferos brasileiros ameaçados de extinção - Fonseca G.A.B.- Rylands A.B.- Costa C.M.R.- Machado R.B. - Leite Y.L.R. 1994,Primates,,,,,,,,Lagothrix lagotricha cana,,,lagotricha,Acre,,-11.0333333333333,-70.25,,,Lagothrix lagotricha cana,Lagothrix lagothricha,ACCEPTED,lagothrix lagothricha|-11.03|-70.25,False
,S,501,Mammalia,ZEE_MAM,213,,,Brasil,Cruzeiro do Sul,,,-7.50611111111111,-73.7013888888889,-7.50611111111111,-73.7013888888889,Cebidae,,Lagothrix,,,poeppigii,SEMA-Acre,Animalia,Parque Nacional da Serra do Divisor,,,,,2010-03-08T13:53:11,,,Livro: Livro vermelho dos mamíferos brasileiros ameaçados de extinção - Fonseca G.A.B.- Rylands A.B.- Costa C.M.R.- Machado R.B. - Leite Y.L.R. 1994,Primates,,,,,,,,Lagothrix lagotricha poeppigii,,,lagotricha,Acre,,-7.50611111111111,-73.7013888888889,,,Lagothrix lagotricha poeppigii,Lagothrix lagothricha,ACCEPTED,lagothrix lagothricha|-7.51|-73.7,False
,S,564,Mammalia,ZEE_MAM,213,,,Brasil,Cruzeiro do Sul,,,-7.43166666666667,-73.6611111111111,-7.43166666666667,-73.6611111111111,Cebidae,,Lagothrix,,,poeppigii,SEMA-Acre,Animalia,Parque Nacional da Serra do Divisor; Igarapé Anil,,,,,2010-03-08T13:53:11,,,"Artigo : Riqueza de mamíferos de grande e médio porte do Parque Nacional da Serra do Divisor (Acre, Brasil) - Calouro A.M. 1999",Primates,,,,,,,,Lagothrix lagotricha poeppigii,,,lagotricha,Acre,,-7.43166666666667,-73.6611111111111,,,Lagothrix lagotricha poeppigii,Lagothrix lagothricha,ACCEPTED,lagothrix lagothricha|-7.43|-73.66,False
,S,565,Mammalia,ZEE_MAM,213,,,Brasil,Cruzeiro do Sul,,,-8.55833333333333,-72.8833333333333,-8.55833333333333,-72.8833333333333,Cebidae,,Lagothrix,,,poeppigii,SEMA-Acre,Animalia,Parque Nacional da Serra do Divisor; Igarapé Anil,,,,,2010-03-08T13:53:11,,,"Artigo : Riqueza de mamíferos de grande e médio porte do Parque Nacional da Serra do Divisor (Acre, Brasil) - Calouro A.M. 1999",Primates,,,,,,,,Lagothrix lagotricha poeppigii,,,lagotricha,Acre,,-8.55833333333333,-72.8833333333333,,,Lagothrix lagotricha poeppigii,Lagothrix lagothricha,ACCEPTED,lagothrix lagothricha|-8.56|-72.88,False
,S,8513,Mammalia,ZEE_MAM,213,,,Brasil,Mâncio Lima,,,-7.38333333333333,-73.2666666666667,-7.38333333333333,-73.2666666666667,Cebidae,,Lagothrix,,,poeppigii,SEMA-Acre,Animalia,Seringal São Salvador; Rio Moa,,,,,2010-03-08T13:53:11,,,Livro: A fauna silvestre e as práticas de caça - Fragoso J.M.V- Santos M.C.- Nascimento V.M.L 2002,Primates,,,,,,,,Lagothrix lagotricha poeppigii,,,lagotricha,Acre,,-7.38333333333333,-73.2666666666667,,,Lagothrix lagotricha poeppigii,Lagothrix lagothricha,ACCEPTED,lagothrix lagothricha|-7.38|-73.27,False
,S,1003,Mammalia,ZEE_MAM,213,,,Brasil,,,,-8.82916666666667,-72.775,-8.82916666666667,-72.775,Cebidae,,Pithecia,,,,SEMA-Acre,Animalia,Seringal Oriente,,,,,2010-03-08T13:53:11,,,Monografia: Distribuição de primatas não-humanos no Estado do Acre e vizinhanças: um estudo preliminar - Fernandes M.C.A.G. 1990,Primates,,,,,,,,Pithecia irrorata,,,irrorata,Acre,,-8.82916666666667,-72.775,,,Pithecia irrorata,Pithecia irrorata,ACCEPTED,pithecia irrorata|-8.83|-72.78,False
,S,594,Mammalia,ZEE_MAM,213,,,Brasil,Rio Branco,,,-9.96666666666667,-67.8,-9.96666666666667,-67.8,Cebidae,,Lagothrix,,,,SEMA-Acre,Animalia,Bairro Taquari; Rioa Acre,,,,,2010-03-08T13:53:11,,,Monografia: Levantamento preliminar de primatas cadastrados pelo IBAMA no município de Rio Branco - AC - Nóbrega M.F. 1997,Primates,,,,,,,,Lagothrix lagotricha,,,lagotricha,Acre,,-9.96666666666667,-67.8,,,Lagothrix lagotricha,Lagothrix lagothricha,ACCEPTED,lagothrix lagothricha|-9.97|-67.8,False
,S,8133,Mammalia,ZEE_MAM,213,,,Brasil,,,,-7.45,-73.6,-7.45,-73.6,Cebidae,,Lagothrix,,,,SEMA-Acre,Animalia,Parque Nacional da Serra do Divisor; Rio Juruá Mirim,,,,,2010-03-08T13:53:11,,,"Artigo: Observations of Callimico goeldii with Saguinus imperator in the Serra do Divisor National Park, Acre, Barzil - Lopes M.A.O.A. - Rehg J.A. 2003",Primates,,,,,,,,Lagothrix lagotricha,,,lagotricha,Acre,,-7.45,-73.6,,,Lagothrix lagotricha,Lagothrix lagothricha,ACCEPTED,lagothrix lagothricha|-7.45|-73.6,False
,S,8367,Mammalia,ZEE_MAM,213,,124133.0,Brasil,Cruzeiro do Sul,,,-7.631498,-72.67049,-7.631498,-72.67049,Cebidae,,Lagothrix,,,,SEMA-Acre,Animalia,Seringal Aquidabã; Rio Moa,,,,,2010-03-08T13:53:11,,,"Artigo: Novos hospedeiros do Plasmodium brasilianum no Estado do Acre, Brasil: o uacari Cacajao rubicundus rubicundus, o guariba Alouatta seniculus seniculus e o macaco barrigudo Lagothrix lagothrix poeppigii - Ferreira Neto J.A. - Deane L.M. 1973",Primates,,,,,,,,Lagothrix lagotricha,,,lagotricha,Acre,,0.0,0.0,,,Lagothrix lagotricha,Lagothrix lagothricha,ACCEPTED,lagothrix lagothricha|-7.63|-72.67,False
,S,8373,Mammalia,ZEE_MAM,213,,124133.0,Brasil,Cruzeiro do Sul,,,-7.631498,-72.67049,-7.631498,-72.67049,Cebidae,,Lagothrix,,,,SEMA-Acre,Animalia,Rio Juruá-Mirim; Rio Juruá-Mirim,,,,,2010-03-08T13:53:11,,,"Artigo: Novos hospedeiros do Plasmodium brasilianum no Estado do Acre, Brasil: o uacari Cacajao rubicundus rubicundus, o guariba Alouatta seniculus seniculus e o macaco barrigudo Lagothrix lagothrix poeppigii - Ferreira Neto J.A. - Deane L.M. 1973",Primates,,,,,,,,Lagothrix lagotricha,,,lagotricha,Acre,,0.0,0.0,,,Lagothrix lagotricha,Lagothrix lagothricha,ACCEPTED,lagothrix lagothricha|-7.63|-72.67,False
,S,8374,Mammalia,ZEE_MAM,213,,124133.0,Brasil,Cruzeiro do Sul,,,-7.631498,-72.67049,-7.631498,-72.67049,Cebidae,,Lagothrix,,,,SEMA-Acre,Animalia,Alto Juruá; Alto Rio Juruá,,,,,2010-03-08T13:53:11,,,"Artigo: Novos hospedeiros do Plasmodium brasilianum no Estado do Acre, Brasil: o uacari Cacajao rubicundus rubicundus, o guariba Alouatta seniculus seniculus e o macaco barrigudo Lagothrix lagothrix poeppigii - Ferreira Neto J.A. - Deane L.M. 1973",Primates,,,,,,,,Lagothrix lagotricha,,,lagotricha,Acre,,0.0,0.0,,,Lagothrix lagotricha,Lagothrix lagothricha,ACCEPTED,lagothrix lagothricha|-7.63|-72.67,False
,S,996,Mammalia,ZEE_MAM,213,,124133.0,Brasil,Cruzeiro do Sul,,,-7.631498,-72.67049,-7.631498,-72.67049,Cebidae,,Lagothrix,,,,SEMA-Acre,Animalia,Seringal República; Rio Moa,,,,,2010-03-08T13:53:11,,,Monografia: Distribuição de primatas não-humanos no Estado do Acre e vizinhanças: um estudo preliminar - Fernandes M.C.A.G. 1990,Primates,,,,,,,,Lagothrix lagotricha,,,lagotricha,Acre,,0.0,0.0,,,Lagothrix lagotricha,Lagothrix lagothricha,ACCEPTED,lagothrix lagothricha|-7.63|-72.67,False
,S,8144,Mammalia,ZEE_MAM,213,,,Brasil,Bujari,,,-9.53333333333333,-68.0333333333333,-9.53333333333333,-68.0333333333333,Cebidae,,Cebus,,,,SEMA-Acre,Animalia,Floresta Estadual do Antimary; Rio Antimari,,,,,2010-03-08T13:53:04,,,"Artigo: Caracterização de habitats para monitoramento de primatas na Floresta Estadual de Antimary (Acre, Brasil) - Calouro A.M. - Pires J.S.R. 2004",Primates,,,,,,,,Cebus apella,,,apella,Acre,,-9.53333333333333,-68.0333333333333,,,Cebus apella,Sapajus apella,SYNONYM,sapajus apella|-9.53|-68.03,False
,S,8219,Mammalia,ZEE_MAM,213,,,Brasil,,,,-8.36666666666667,-72.8166666666667,-8.36666666666667,-72.8166666666667,Cebidae,,Cebus,,,,SEMA-Acre,Animalia,,,,,,2010-03-08T13:53:04,,,Artigo: Primate community structure at twenty western Amazonian flooded and unflooded forests - Peres C.A. 1997,Primates,,,,,,,,Cebus apella,,,apella,Acre,,-8.36666666666667,-72.8166666666667,,,Cebus apella,Sapajus apella,SYNONYM,sapajus apella|-8.37|-72.82,False
,S,8339,Mammalia,ZEE_MAM,213,,282365.0,Brasil,Sena Madureira,,,-9.065951,-68.657424,-9.065951,-68.657424,Cebidae,,Cebus,,,,SEMA-Acre,Animalia,Seringal Ouro,,,,,2010-03-08T13:53:04,,,"Artigo: Malária simiana no Estado do Acre, Brasil: Encontro de macacos zogue-zogue, Callicebus moloch cupreus, infetados com Plasmodium brasilianum - Ferreira Neto J.A.- Deane L.M. - Almeida F.B. 1972",Primates,,,,,,,,Cebus apella,,,apella,Acre,,0.0,0.0,,,Cebus apella,Sapajus apella,SYNONYM,sapajus apella|-9.07|-68.66,False
,S,8345,Mammalia,ZEE_MAM,213,,75100.0,Brasil,Xapuri,,,-10.652065,-68.504925,-10.652065,-68.504925,Cebidae,,Cebus,,,,SEMA-Acre,Animalia,Seringais Macuripe e Nova Vida,,,,,2010-03-08T13:53:04,,,"Artigo: Malária simiana no Estado do Acre, Brasil: Encontro de macacos zogue-zogue, Callicebus moloch cupreus, infetados com Plasmodium brasilianum - Ferreira Neto J.A.- Deane L.M. - Almeida F.B. 1972",Primates,,,,,,,,Cebus apella,,,apella,Acre,,0.0,0.0,,,Cebus apella,Sapajus apella,SYNONYM,sapajus apella|-10.65|-68.5,False
,S,8358,Mammalia,ZEE_MAM,213,,,Brasil,Cruzeiro do Sul,,,-7.64777777777778,-72.67,-7.64777777777778,-72.67,Cebidae,,Cebus,,,,SEMA-Acre,Animalia,,,,,,2010-03-08T13:53:04,,,"Artigo: Novos hospedeiros do Plasmodium brasilianum no Estado do Acre, Brasil: o uacari Cacajao rubicundus rubicundus, o guariba Alouatta seniculus seniculus e o macaco barrigudo Lagothrix lagothrix poeppigii - Ferreira Neto J.A. - Deane L.M. 1973",Primates,,,,,,,,Cebus apella,,,apella,Acre,,-7.64777777777778,-72.67,,,Cebus apella,Sapajus apella,SYNONYM,sapajus apella|-7.65|-72.67,False
,S,8372,Mammalia,ZEE_MAM,213,,124133.0,Brasil,Cruzeiro do Sul,,,-7.631498,-72.67049,-7.631498,-72.67049,Cebidae,,Cebus,,,,SEMA-Acre,Animalia,Vila Japim; Rio Moa,,,,,2010-03-08T13:53:04,,,"Artigo: Novos hospedeiros do Plasmodium brasilianum no Estado do Acre, Brasil: o uacari Cacajao rubicundus rubicundus, o guariba Alouatta seniculus seniculus e o macaco barrigudo Lagothrix lagothrix poeppigii - Ferreira Neto J.A. - Deane L.M. 1973",Primates,,,,,,,,Cebus apella,,,apella,Acre,,0.0,0.0,,,Cebus apella,Sapajus apella,SYNONYM,sapajus apella|-7.63|-72.67,False
,S,8515,Mammalia,ZEE_MAM,213,,,Brasil,Mâncio Lima,,,-7.38333333333333,-73.2666666666667,-7.38333333333333,-73.2666666666667,Cebidae,,Cebus,,,,SEMA-Acre,Animalia,Seringal São Salvador; Rio Moa,,,,,2010-03-08T13:53:04,,,Livro: A fauna silvestre e as práticas de caça - Fragoso J.M.V- Santos M.C.- Nascimento V.M.L 2002,Primates,,,,,,,,Cebus apella,,,apella,Acre,,-7.38333333333333,-73.2666666666667,,,Cebus apella,Sapajus apella,SYNONYM,sapajus apella|-7.38|-73.27,False
,S,401,Mammalia,ZEE_MAM,213,,,Brasil,Cruzeiro do Sul,,,-7.50611111111111,-73.7013888888889,-7.50611111111111,-73.7013888888889,Cebidae,,Cebus,,,apella,SEMA-Acre,Animalia,Parque Nacional da Serra do Divisor,,,,,2010-03-08T13:53:04,,,Livro: The status of conservation areas in the Brasilian Amazon - Rylands A.B. 1991,Primates,,,,,,,,Cebus apella apella,,,apella,Acre,,-7.50611111111111,-73.7013888888889,,,Cebus apella apella,Sapajus apella,SYNONYM,sapajus apella|-7.51|-73.7,False
,S,419,Mammalia,ZEE_MAM,213,,,Brasil,Assis Brasil,,,-11.0333333333333,-70.25,-11.0333333333333,-70.25,Cebidae,,Cebus,,,apella,SEMA-Acre,Animalia,ESEC do Rio Acre; Rio Acre,,,,,2010-03-08T13:53:04,,,Livro: The status of conservation areas in the Brasilian Amazon - Rylands A.B. 1991,Primates,,,,,,,,Cebus apella apella,,,apella,Acre,,-11.0333333333333,-70.25,,,Cebus apella apella,Sapajus apella,SYNONYM,sapajus apella|-11.03|-70.25,False
,S,1135,Mammalia,ZEE_MAM,213,,,Brasil,Feijó,,,-9.52305555555555,-71.6638888888889,-9.52305555555555,-71.6638888888889,Cebidae,,Lagothrix,,,,SEMA-Acre,Animalia,Terra Indígena Kampa do Rio Envira; Rio Envira,,,,,2010-03-08T13:53:04,,,Relatório: Análise ambiental complementar sobre a terra indígena Kampa e isolados do Rio Envira - Ferreira L.A. 1996,Primates,,,,,,,,Lagothrix lagotricha,,,lagotricha,Acre,,-9.52305555555555,-71.6638888888889,,,Lagothrix lagotricha,Lagothrix lagothricha,ACCEPTED,lagothrix lagothricha|-9.52|-71.66,False
,S,3930,Mammalia,ZEE_MAM,213,,,Brasil,Cruzeiro do Sul,,,-8.87527777777778,-72.7819444444444,-8.87527777777778,-72.7819444444444,Cebidae,,Cebus,,,,SEMA-Acre,Animalia,Parque Nacional da Serra do Divisor,,,,,2010-03-08T13:53:04,,,"Artigo : Riqueza de mamíferos de grande e médio porte do Parque Nacional da Serra do Divisor (Acre, Brasil) - Calouro A.M. 1999",Primates,,,,,,,,Cebus apella,,,apella,Acre,,-8.87527777777778,-72.7819444444444,,,Cebus apella,Sapajus apella,SYNONYM,sapajus apella|-8.88|-72.78,False
,S,5268,Mammalia,ZEE_MAM,213,,,Brasil,,,,-9.25,-68.725,-9.25,-68.725,Cebidae,,Cebus,,,,SEMA-Acre,Animalia,,,,,,2010-03-08T13:53:04,,,Dissertação: Caça de subsistência: sustentabilidade e padrões de uso entre seringueiros ribeirinhos e não-ribeirinhos do estado do Acre - Calouro A.M. 1995,Primates,,,,,,,,Cebus apella,,,apella,Acre,,-9.25,-68.725,,,Cebus apella,Sapajus apella,SYNONYM,sapajus apella|-9.25|-68.72,False
,S,5269,Mammalia,ZEE_MAM,213,,,Brasil,,,,-10.0927777777778,-68.0,-10.0927777777778,-68.0,Cebidae,,Cebus,,,,SEMA-Acre,Animalia,,,,,,2010-03-08T13:53:04,,,Dissertação: Caça de subsistência: sustentabilidade e padrões de uso entre seringueiros ribeirinhos e não-ribeirinhos do estado do Acre - Calouro A.M. 1995,Primates,,,,,,,,Cebus apella,,,apella,Acre,,-10.0927777777778,-68.0,,,Cebus apella,Sapajus apella,SYNONYM,sapajus apella|-10.09|-68.0,False
,S,599,Mammalia,ZEE_MAM,213,,,Brasil,Rio Branco,,,-9.96666666666667,-67.8,-9.96666666666667,-67.8,Cebidae,,Cebus,,,,SEMA-Acre,Animalia,Bairro Taquari; Rioa Acre,,,,,2010-03-08T13:53:04,,,Monografia: Levantamento preliminar de primatas cadastrados pelo IBAMA no município de Rio Branco - AC - Nóbrega M.F. 1997,Primates,,,,,,,,Cebus apella,,,apella,Acre,,-9.96666666666667,-67.8,,,Cebus apella,Sapajus apella,SYNONYM,sapajus apella|-9.97|-67.8,False
,S,608,Mammalia,ZEE_MAM,213,,,Brasil,Rio Branco,,,-9.96666666666667,-67.8,-9.96666666666667,-67.8,Cebidae,,Cebus,,,,SEMA-Acre,Animalia,Bairro Adalberto Sena; Rio Acre,,,,,2010-03-08T13:53:04,,,Monografia: Levantamento preliminar de primatas cadastrados pelo IBAMA no município de Rio Branco - AC - Nóbrega M.F. 1997,Primates,,,,,,,,Cebus apella,,,apella,Acre,,-9.96666666666667,-67.8,,,Cebus apella,Sapajus apella,SYNONYM,sapajus apella|-9.97|-67.8,False
,S,609,Mammalia,ZEE_MAM,213,,,Brasil,Rio Branco,,,-9.96666666666667,-67.8,-9.96666666666667,-67.8,Cebidae,,Cebus,,,,SEMA-Acre,Animalia,Bairro Capoeira; Rioa Acre,,,,,2010-03-08T13:53:04,,,Monografia: Levantamento preliminar de primatas cadastrados pelo IBAMA no município de Rio Branco - AC - Nóbrega M.F. 1997,Primates,,,,,,,,Cebus apella,,,apella,Acre,,-9.96666666666667,-67.8,,,Cebus apella,Sapajus apella,SYNONYM,sapajus apella|-9.97|-67.8,False
,S,610,Mammalia,ZEE_MAM,213,,,Brasil,Rio Branco,,,-9.96666666666667,-67.8,-9.96666666666667,-67.8,Cebidae,,Cebus,,,,SEMA-Acre,Animalia,Bairro da Base; Rioa Acre,,,,,2010-03-08T13:53:04,,,Monografia: Levantamento preliminar de primatas cadastrados pelo IBAMA no município de Rio Branco - AC - Nóbrega M.F. 1997,Primates,,,,,,,,Cebus apella,,,apella,Acre,,-9.96666666666667,-67.8,,,Cebus apella,Sapajus apella,SYNONYM,sapajus apella|-9.97|-67.8,False
,S,626,Mammalia,ZEE_MAM,213,,,Brasil,Bujari,,,-9.33333333333333,-68.25,-9.33333333333333,-68.25,Cebidae,,Cebus,,,,SEMA-Acre,Animalia,Floresta Estadual do Antimary; Rio Antimari,,,,,2010-03-08T13:53:04,,,Dissertação: Caça de subsistência: sustentabilidade e padrões de uso entre seringueiros ribeirinhos e não-ribeiinhos do estado do Acre - Calouro A.M. 1995,Primates,,,,,,,,Cebus apella,,,apella,Acre,,-9.33333333333333,-68.25,,,Cebus apella,Sapajus apella,SYNONYM,sapajus apella|-9.33|-68.25,False
,S,644,Mammalia,ZEE_MAM,213,,,Brasil,Rio Branco,,,-10.0927777777778,-68.0,-10.0927777777778,-68.0,Cebidae,,Cebus,,,,SEMA-Acre,Animalia,Fazenda Boa União; Rio Acre,,,,,2010-03-08T13:53:04,,,Dissertação: Caça de subsistência: sustentabilidade e padrões de uso entre seringueiros ribeirinhos e não-ribeiinhos do estado do Acre - Calouro A.M. 1995,Primates,,,,,,,,Cebus apella,,,apella,Acre,,-10.0927777777778,-68.0,,,Cebus apella,Sapajus apella,SYNONYM,sapajus apella|-10.09|-68.0,False
,S,7019,Mammalia,ZEE_MAM,213,,,Brasil,,,,-10.3969444444444,-68.8611111111111,-10.3969444444444,-68.8611111111111,Cebidae,,Cebus,,,,SEMA-Acre,Animalia,Trilha Venezuela,,,,,2010-03-08T13:53:04,,,Não publicado: A caça de Subsistência na Reserva Extrativista Chico Mendes/AC: caracterização- consumo e estratégias de caça. - Medeiros M.F.S.T. 1999,Primates,,,,,,,,Cebus apella,,,apella,Acre,,-10.3969444444444,-68.8611111111111,,,Cebus apella,Sapajus apella,SYNONYM,sapajus apella|-10.4|-68.86,False
,S,8125,Mammalia,ZEE_MAM,213,,,Brasil,,,,-7.45,-73.6,-7.45,-73.6,Cebidae,,Cebus,,,,SEMA-Acre,Animalia,Parque Nacional da Serra do Divisor; Rio Juruá Mirim,,,,,2010-03-08T13:53:04,,,"Artigo: Observations of Callimico goeldii with Saguinus imperator in the Serra do Divisor National Park, Acre, Barzil - Lopes M.A.O.A. - Rehg J.A. 2003",Primates,,,,,,,,Cebus apella,,,apella,Acre,,-7.45,-73.6,,,Cebus apella,Sapajus apella,SYNONYM,sapajus apella|-7.45|-73.6,False
,S,34,Mammalia,ZEE_MAM,213,,,Brasil,,,,-9.41277777777778,-72.7047222222222,-9.41277777777778,-72.7047222222222,Cebidae,,Cebus,,,unicolor,SEMA-Acre,Animalia,Margem direita do Rio Juruá - Ponto 3; Rio Juruá,,,,,2010-03-08T13:53:04,,,Artigo: Notes on the primates of the Juruá River- western Brasilian Amazonia - Peres C.A. 1993,Primates,,,,,,,,Cebus albifrons unicolor,,,albifrons,Acre,,-9.41277777777778,-72.7047222222222,,,Cebus albifrons unicolor,Cebus unicolor,SYNONYM,cebus unicolor|-9.41|-72.7,False
,S,402,Mammalia,ZEE_MAM,213,,,Brasil,Cruzeiro do Sul,,,-7.50611111111111,-73.7013888888889,-7.50611111111111,-73.7013888888889,Cebidae,,Cebus,,,unicolor,SEMA-Acre,Animalia,Parque Nacional da Serra do Divisor,,,,,2010-03-08T13:53:04,,,Livro: The status of conservation areas in the Brasilian Amazon - Rylands A.B. 1991,Primates,,,,,,,,Cebus albifrons unicolor,,,albifrons,Acre,,-7.50611111111111,-73.7013888888889,,,Cebus albifrons unicolor,Cebus unicolor,SYNONYM,cebus unicolor|-7.51|-73.7,False
,S,515,Mammalia,ZEE_MAM,213,,,Brasil,Cruzeiro do Sul,,,-8.55833333333333,-72.8833333333333,-8.55833333333333,-72.8833333333333,Cebidae,,Cebus,,,unicolor,SEMA-Acre,Animalia,Parque Nacional da Serra do Divisor,,,,,2010-03-08T13:53:04,,,"Artigo : Riqueza de mamíferos de grande e médio porte do Parque Nacional da Serra do Divisor (Acre, Brasil) - Calouro A.M. 1999",Primates,,,,,,,,Cebus albifrons unicolor,,,albifrons,Acre,,-8.55833333333333,-72.8833333333333,,,Cebus albifrons unicolor,Cebus unicolor,SYNONYM,cebus unicolor|-8.56|-72.88,False
,S,8220,Mammalia,ZEE_MAM,213,,,Brasil,,,,-8.36666666666667,-72.8166666666667,-8.36666666666667,-72.8166666666667,Cebidae,,Cebus,,,unicolor,SEMA-Acre,Animalia,,,,,,2010-03-08T13:53:04,,,Artigo: Primate community structure at twenty western Amazonian flooded and unflooded forests - Peres C.A. 1997,Primates,,,,,,,,Cebus albifrons unicolor,,,albifrons,Acre,,-8.36666666666667,-72.8166666666667,,,Cebus albifrons unicolor,Cebus unicolor,SYNONYM,cebus unicolor|-8.37|-72.82,False
,S,1139,Mammalia,ZEE_MAM,213,,,Brasil,Feijó,,,-9.52305555555555,-71.6638888888889,-9.52305555555555,-71.6638888888889,Cebidae,,Cebus,,,,SEMA-Acre,Animalia,Terra Indígena Kampa do Rio Envira; Rio Envira,,,,,2010-03-08T13:53:04,,,Relatório: Análise ambiental complementar sobre a terra indígena Kampa e isolados do Rio Envira - Ferreira L.A. 1996,Primates,,,,,,,,Cebus apella,,,apella,Acre,,-9.52305555555555,-71.6638888888889,,,Cebus apella,Sapajus apella,SYNONYM,sapajus apella|-9.52|-71.66,False
,S,1147,Mammalia,ZEE_MAM,213,,,Brasil,Rio Branco,,,-10.0927777777778,-68.0,-10.0927777777778,-68.0,Cebidae,,Cebus,,,,SEMA-Acre,Animalia,Fazenda Boa União; Rio Acre,,,,,2010-03-08T13:53:04,,,Dissertação: A caça de subsistência de extrativistas na Amazônia: sustentabilidade- biodiversidade e extinção de espécies - Martins E. 1993,Primates,,,,,,,,Cebus apella,,,apella,Acre,,-10.0927777777778,-68.0,,,Cebus apella,Sapajus apella,SYNONYM,sapajus apella|-10.09|-68.0,False
,S,1156,Mammalia,ZEE_MAM,213,,,Brasil,Sena Madureira,,,-9.25,-68.725,-9.25,-68.725,Cebidae,,Cebus,,,,SEMA-Acre,Animalia,Rio Iaco; Rio Iaco,,,,,2010-03-08T13:53:04,,,Dissertação: A caça de subsistência de extrativistas na Amazônia: sustentabilidade- biodiversidade e extinção de espécies - Martins E. 1993,Primates,,,,,,,,Cebus apella,,,apella,Acre,,-9.25,-68.725,,,Cebus apella,Sapajus apella,SYNONYM,sapajus apella|-9.25|-68.72,False
,S,3924,Mammalia,ZEE_MAM,213,,,Brasil,Cruzeiro do Sul,,,-7.44333333333333,-73.6744444444444,-7.44333333333333,-73.6744444444444,Cebidae,,Cebus,,,,SEMA-Acre,Animalia,Parque Nacional da Serra do Divisor,,,,,2010-03-08T13:53:04,,,"Artigo : Riqueza de mamíferos de grande e médio porte do Parque Nacional da Serra do Divisor (Acre, Brasil) - Calouro A.M. 1999",Primates,,,,,,,,Cebus apella,,,apella,Acre,,-7.44333333333333,-73.6744444444444,,,Cebus apella,Sapajus apella,SYNONYM,sapajus apella|-7.44|-73.67,False
,S,603,Mammalia,ZEE_MAM,213,,,Brasil,Rio Branco,,,-9.96666666666667,-67.8,-9.96666666666667,-67.8,Cebidae,,Cebus,,,,SEMA-Acre,Animalia,Bairro Capoeira; Rioa Acre,,,,,2010-03-08T13:53:04,,,Monografia: Levantamento preliminar de primatas cadastrados pelo IBAMA no município de Rio Branco - AC - Nóbrega M.F. 1997,Primates,,,,,,,,Cebus albifrons,,,albifrons,Acre,,-9.96666666666667,-67.8,,,Cebus albifrons,Cebus albifrons,ACCEPTED,cebus albifrons|-9.97|-67.8,False
,S,604,Mammalia,ZEE_MAM,213,,,Brasil,Rio Branco,,,-9.96666666666667,-67.8,-9.96666666666667,-67.8,Cebidae,,Cebus,,,,SEMA-Acre,Animalia,Bairro Taquari; Rioa Acre,,,,,2010-03-08T13:53:04,,,Monografia: Levantamento preliminar de primatas cadastrados pelo IBAMA no município de Rio Branco - AC - Nóbrega M.F. 1997,Primates,,,,,,,,Cebus albifrons,,,albifrons,Acre,,-9.96666666666667,-67.8,,,Cebus albifrons,Cebus albifrons,ACCEPTED,cebus albifrons|-9.97|-67.8,False
,S,643,Mammalia,ZEE_MAM,213,,,Brasil,Rio Branco,,,-10.0927777777778,-68.0,-10.0927777777778,-68.0,Cebidae,,Cebus,,,,SEMA-Acre,Animalia,Fazenda Boa União; Rio Acre,,,,,2010-03-08T13:53:04,,,Dissertação: Caça de subsistência: sustentabilidade e padrões de uso entre seringueiros ribeirinhos e não-ribeiinhos do estado do Acre - Calouro A.M. 1995,Primates,,,,,,,,Cebus albifrons,,,albifrons,Acre,,-10.0927777777778,-68.0,,,Cebus albifrons,Cebus albifrons,ACCEPTED,cebus albifrons|-10.09|-68.0,False
,S,6984,Mammalia,ZEE_MAM,213,,,Brasil,,,,-10.4258333333333,-68.8611111111111,-10.4258333333333,-68.8611111111111,Cebidae,,Cebus,,,,SEMA-Acre,Animalia,Trilha Pincel,,,,,2010-03-08T13:53:04,,,Não publicado: A caça de Subsistência na Reserva Extrativista Chico Mendes/AC: caracterização- consumo e estratégias de caça. - Medeiros M.F.S.T. 1999,Primates,,,,,,,,Cebus albifrons,,,albifrons,Acre,,-10.4258333333333,-68.8611111111111,,,Cebus albifrons,Cebus albifrons,ACCEPTED,cebus albifrons|-10.43|-68.86,False
,S,7042,Mammalia,ZEE_MAM,213,,,Brasil,,,,-10.5397222222222,-68.8563888888889,-10.5397222222222,-68.8563888888889,Cebidae,,Cebus,,,,SEMA-Acre,Animalia,Trilha Bom Levar,,,,,2010-03-08T13:53:04,,,Não publicado: A caça de Subsistência na Reserva Extrativista Chico Mendes/AC: caracterização- consumo e estratégias de caça. - Medeiros M.F.S.T. 1999,Primates,,,,,,,,Cebus albifrons,,,albifrons,Acre,,-10.5397222222222,-68.8563888888889,,,Cebus albifrons,Cebus albifrons,ACCEPTED,cebus albifrons|-10.54|-68.86,False
,S,7071,Mammalia,ZEE_MAM,213,,,Brasil,,,,-10.4569444444444,-68.8602777777778,-10.4569444444444,-68.8602777777778,Cebidae,,Cebus,,,,SEMA-Acre,Animalia,Trilha Itapissuma,,,,,2010-03-08T13:53:04,,,Não publicado: A caça de Subsistência na Reserva Extrativista Chico Mendes/AC: caracterização- consumo e estratégias de caça. - Medeiros M.F.S.T. 1999,Primates,,,,,,,,Cebus albifrons,,,albifrons,Acre,,-10.4569444444444,-68.8602777777778,,,Cebus albifrons,Cebus albifrons,ACCEPTED,cebus albifrons|-10.46|-68.86,False
,S,8126,Mammalia,ZEE_MAM,213,,,Brasil,,,,-7.45,-73.6,-7.45,-73.6,Cebidae,,Cebus,,,,SEMA-Acre,Animalia,Parque Nacional da Serra do Divisor; Rio Juruá Mirim,,,,,2010-03-08T13:53:04,,,"Artigo: Observations of Callimico goeldii with Saguinus imperator in the Serra do Divisor National Park, Acre, Barzil - Lopes M.A.O.A. - Rehg J.A. 2003",Primates,,,,,,,,Cebus albifrons,,,albifrons,Acre,,-7.45,-73.6,,,Cebus albifrons,Cebus albifrons,ACCEPTED,cebus albifrons|-7.45|-73.6,False
,S,3921,Mammalia,ZEE_MAM,213,,,Brasil,Cruzeiro do Sul,,,-8.40527777777778,-72.8577777777778,-8.40527777777778,-72.8577777777778,Cebidae,,Cebus,,,,SEMA-Acre,Animalia,Parque Nacional da Serra do Divisor,,,,,2010-03-08T13:53:04,,,"Artigo : Riqueza de mamíferos de grande e médio porte do Parque Nacional da Serra do Divisor (Acre, Brasil) - Calouro A.M. 1999",Primates,,,,,,,,Cebus albifrons,,,albifrons,Acre,,-8.40527777777778,-72.8577777777778,,,Cebus albifrons,Cebus albifrons,ACCEPTED,cebus albifrons|-8.41|-72.86,False
,S,8366,Mammalia,ZEE_MAM,213,,124133.0,Brasil,Cruzeiro do Sul,,,-7.631498,-72.67049,-7.631498,-72.67049,Cebidae,,Cebus,,,,SEMA-Acre,Animalia,Seringal Aquidabã; Rio Moa,,,,,2010-03-08T13:53:04,,,"Artigo: Novos hospedeiros do Plasmodium brasilianum no Estado do Acre, Brasil: o uacari Cacajao rubicundus rubicundus, o guariba Alouatta seniculus seniculus e o macaco barrigudo Lagothrix lagothrix poeppigii - Ferreira Neto J.A. - Deane L.M. 1973",Primates,,,,,,,,Cebus albifrons,,,albifrons,Acre,,0.0,0.0,,,Cebus albifrons,Cebus albifrons,ACCEPTED,cebus albifrons|-7.63|-72.67,False
,S,1155,Mammalia,ZEE_MAM,213,,,Brasil,Sena Madureira,,,-9.25,-68.725,-9.25,-68.725,Cebidae,,Cebus,,,,SEMA-Acre,Animalia,Rio Iaco; Rio Iaco,,,,,2010-03-08T13:53:04,,,Dissertação: A caça de subsistência de extrativistas na Amazônia: sustentabilidade- biodiversidade e extinção de espécies - Martins E. 1993,Primates,,,,,,,,Cebus albifrons,,,albifrons,Acre,,-9.25,-68.725,,,Cebus albifrons,Cebus albifrons,ACCEPTED,cebus albifrons|-9.25|-68.72,False
,S,213,Mammalia,ZEE_MAM,213,,,Brasil,,,,-9.25,-68.725,-9.25,-68.725,Cebidae,,Cebus,,,,SEMA-Acre,Animalia,Rio Iaco; Rio Iaco,,,,,2010-03-08T13:53:04,,,Relatório: Caracterização da fauna da bacia do Rio Branco/ Acre - Alho C.J.R. 1990,Primates,,,,,,,,Cebus albifrons,,,albifrons,Acre,,-9.25,-68.725,,,Cebus albifrons,Cebus albifrons,ACCEPTED,cebus albifrons|-9.25|-68.72,False
,S,3922,Mammalia,ZEE_MAM,213,,,Brasil,Cruzeiro do Sul,,,-8.28083333333333,-73.2536111111111,-8.28083333333333,-73.2536111111111,Cebidae,,Cebus,,,,SEMA-Acre,Animalia,Parque Nacional da Serra do Divisor,,,,,2010-03-08T13:53:04,,,"Artigo : Riqueza de mamíferos de grande e médio porte do Parque Nacional da Serra do Divisor (Acre, Brasil) - Calouro A.M. 1999",Primates,,,,,,,,Cebus albifrons,,,albifrons,Acre,,-8.28083333333333,-73.2536111111111,,,Cebus albifrons,Cebus albifrons,ACCEPTED,cebus albifrons|-8.28|-73.25,False
,S,3923,Mammalia,ZEE_MAM,213,,,Brasil,Cruzeiro do Sul,,,-8.28083333333333,-73.2536111111111,-8.28083333333333,-73.2536111111111,Cebidae,,Cebus,,,,SEMA-Acre,Animalia,Parque Nacional da Serra do Divisor,,,,,2010-03-08T13:53:04,,,"Artigo : Riqueza de mamíferos de grande e médio porte do Parque Nacional da Serra do Divisor (Acre, Brasil) - Calouro A.M. 1999",Primates,,,,,,,,Cebus albifrons,,,albifrons,Acre,,-8.28083333333333,-73.2536111111111,,,Cebus albifrons,Cebus albifrons,ACCEPTED,cebus albifrons|-8.28|-73.25,False
,S,47,Mammalia,ZEE_MAM,213,,230921.0,Brasil,Manoel Urbano,,,-8.839282,-69.260203,-8.839282,-69.260203,Cebidae,,Callicebus,,,acreanus,SEMA-Acre,Animalia,Manoel Urbano,,,,,2010-03-08T13:53:04,,,Artigo: Titis- new world monkeys of the genus Callicebus (Cebidae- Platyrrhini): a preliminary taxonomic review - Hershokovitz P. 1990,Primates,,,,,,,,Callicebus cupreus acreanus,,,cupreus,Acre,,0.0,0.0,,,Callicebus cupreus acreanus,Plecturocebus cupreus,SYNONYM,plecturocebus cupreus|-8.84|-69.26,False
,S,49,Mammalia,ZEE_MAM,213,,,Brasil,Rio Branco,,,-9.96666666666667,-67.8,-9.96666666666667,-67.8,Cebidae,,Callicebus,,,,SEMA-Acre,Animalia,Rio Branco; Rio Acre,,,,,2010-03-08T13:53:04,,,Artigo: Titis- new world monkeys of the genus Callicebus (Cebidae- Platyrrhini): a preliminary taxonomic review - Hershokovitz P. 1990,Primates,,,,,,,,Callicebus caligatus,,,caligatus,Acre,,-9.96666666666667,-67.8,,,Callicebus caligatus,Plecturocebus caligatus,SYNONYM,plecturocebus caligatus|-9.97|-67.8,False
,S,526,Mammalia,ZEE_MAM,213,,,Brasil,Cruzeiro do Sul,,,-7.45888888888889,-73.7744444444444,-7.45888888888889,-73.7744444444444,Cebidae,,Cacajao,,,rubicundus,SEMA-Acre,Animalia,Parque Nacional da Serra do Divisor; Igarapé Anil,,,,,2010-03-08T13:53:04,,,"Artigo : Riqueza de mamíferos de grande e médio porte do Parque Nacional da Serra do Divisor (Acre, Brasil) - Calouro A.M. 1999",Primates,,,,,,,,Cacajao calvus rubicundus,,,calvus,Acre,,-7.45888888888889,-73.7744444444444,,,Cacajao calvus rubicundus,Cacajao calvus,ACCEPTED,cacajao calvus|-7.46|-73.77,False
,S,8218,Mammalia,ZEE_MAM,213,,,Brasil,,,,-8.36666666666667,-72.8166666666667,-8.36666666666667,-72.8166666666667,Cebidae,,Cacajao,,,rubicundus,SEMA-Acre,Animalia,,,,,,2010-03-08T13:53:04,,,Artigo: Primate community structure at twenty western Amazonian flooded and unflooded forests - Peres C.A. 1997,Primates,,,,,,,,Cacajao calvus rubicundus,,,calvus,Acre,,-8.36666666666667,-72.8166666666667,,,Cacajao calvus rubicundus,Cacajao calvus,ACCEPTED,cacajao calvus|-8.37|-72.82,False
,S,8362,Mammalia,ZEE_MAM,213,,,Brasil,Cruzeiro do Sul,,,-7.44861111111111,-73.6613888888889,-7.44861111111111,-73.6613888888889,Cebidae,,Cacajao,,,rubicundus,SEMA-Acre,Animalia,Parque Nacional da Serra do Divisor; Rio Azul,,,,,2010-03-08T13:53:04,,,"Artigo: Novos hospedeiros do Plasmodium brasilianum no Estado do Acre, Brasil: o uacari Cacajao rubicundus rubicundus, o guariba Alouatta seniculus seniculus e o macaco barrigudo Lagothrix lagothrix poeppigii - Ferreira Neto J.A. - Deane L.M. 1973",Primates,,,,,,,,Cacajao calvus rubicundus,,,calvus,Acre,,-7.44861111111111,-73.6613888888889,,,Cacajao calvus rubicundus,Cacajao calvus,ACCEPTED,cacajao calvus|-7.45|-73.66,False
,S,8542,Mammalia,ZEE_MAM,213,,,Brasil,Mâncio Lima,,,-7.38333333333333,-73.2666666666667,-7.38333333333333,-73.2666666666667,Cebidae,,Cacajao,,,rubicundus,SEMA-Acre,Animalia,Seringal São Salvador; Rio Moa,,,,,2010-03-08T13:53:04,,,Livro: A fauna silvestre e as práticas de caça - Fragoso J.M.V- Santos M.C.- Nascimento V.M.L 2002,Primates,,,,,,,,Cacajao calvus rubicundus,,,calvus,Acre,,-7.38333333333333,-73.2666666666667,,,Cacajao calvus rubicundus,Cacajao calvus,ACCEPTED,cacajao calvus|-7.38|-73.27,False
,S,932,Mammalia,ZEE_MAM,213,,124133.0,Brasil,Cruzeiro do Sul,,,-7.631498,-72.67049,-7.631498,-72.67049,Cebidae,,Cacajao,,,rubicundus,SEMA-Acre,Animalia,Seringal República; Rio Moa,,,,,2010-03-08T13:53:04,,,Monografia: Distribuição de primatas não-humanos no Estado do Acre e vizinhanças: um estudo preliminar - Fernandes M.C.A.G. 1990,Primates,,,,,,,,Cacajao calvus rubicundus,,,calvus,Acre,,0.0,0.0,,,Cacajao calvus rubicundus,Cacajao calvus,ACCEPTED,cacajao calvus|-7.63|-72.67,False
,S,883,Mammalia,ZEE_MAM,213,,282365.0,Brasil,Sena Madureira,,,-9.065951,-68.657424,-9.065951,-68.657424,Cebidae,,Ateles,,,,SEMA-Acre,Animalia,Seringal Belo Arruda; Rio Caeté,,,,,2010-03-08T13:53:04,,,Monografia: Distribuição de primatas não-humanos no Estado do Acre e vizinhanças: um estudo preliminar - Fernandes M.C.A.G. 1990,Primates,,,,,,,,Ateles chamek,,,chamek,Acre,,0.0,0.0,,,Ateles chamek,Ateles chamek,ACCEPTED,ateles chamek|-9.07|-68.66,False
,S,392,Mammalia,ZEE_MAM,213,,,Brasil,Cruzeiro do Sul,,,-7.50611111111111,-73.7013888888889,-7.50611111111111,-73.7013888888889,Cebidae,,Cacajao,,,rubicundus,SEMA-Acre,Animalia,Parque Nacional da Serra do Divisor,,,,,2010-03-08T13:53:04,,,Livro: The status of conservation areas in the Brasilian Amazon - Rylands A.B. 1991,Primates,,,,,,,,Cacajao calvus rubicundus,,,calvus,Acre,,-7.50611111111111,-73.7013888888889,,,Cacajao calvus rubicundus,Cacajao calvus,ACCEPTED,cacajao calvus|-7.51|-73.7,False
,S,496,Mammalia,ZEE_MAM,213,,,Brasil,Cruzeiro do Sul,,,-7.50611111111111,-73.7013888888889,-7.50611111111111,-73.7013888888889,Cebidae,,Ateles,,,,SEMA-Acre,Animalia,Parque Nacional da Serra do Divisor,,,,,2010-03-08T13:53:04,,,Livro: Livro vermelho dos mamíferos brasileiros ameaçados de extinção - Fonseca G.A.B.- Rylands A.B.- Costa C.M.R.- Machado R.B. - Leite Y.L.R. 1994,Primates,,,,,,,,Ateles chamek,,,chamek,Acre,,-7.50611111111111,-73.7013888888889,,,Ateles chamek,Ateles chamek,ACCEPTED,ateles chamek|-7.51|-73.7,False
,S,497,Mammalia,ZEE_MAM,213,,,Brasil,Assis Brasil,,,-11.0333333333333,-70.25,-11.0333333333333,-70.25,Cebidae,,Ateles,,,,SEMA-Acre,Animalia,ESEC do Rio Acre; Rio Acre,,,,,2010-03-08T13:53:04,,,Livro: Livro vermelho dos mamíferos brasileiros ameaçados de extinção - Fonseca G.A.B.- Rylands A.B.- Costa C.M.R.- Machado R.B. - Leite Y.L.R. 1994,Primates,,,,,,,,Ateles chamek,,,chamek,Acre,,-11.0333333333333,-70.25,,,Ateles chamek,Ateles chamek,ACCEPTED,ateles chamek|-11.03|-70.25,False
,S,601,Mammalia,ZEE_MAM,213,,,Brasil,Rio Branco,,,-9.96666666666667,-67.8,-9.96666666666667,-67.8,Cebidae,,Ateles,,,,SEMA-Acre,Animalia,Bairro Procon; Rioa Acre,,,,,2010-03-08T13:53:04,,,Monografia: Levantamento preliminar de primatas cadastrados pelo IBAMA no município de Rio Branco - AC - Nóbrega M.F. 1997,Primates,,,,,,,,Ateles chamek,,,chamek,Acre,,-9.96666666666667,-67.8,,,Ateles chamek,Ateles chamek,ACCEPTED,ateles chamek|-9.97|-67.8,False
,S,870,Mammalia,ZEE_MAM,213,,,Brasil,Assis Brasil,,,-11.0333333333333,-70.25,-11.0333333333333,-70.25,Cebidae,,Ateles,,,,SEMA-Acre,Animalia,ESEC do Rio Acre; Rio Acre,,,,,2010-03-08T13:53:04,,,Monografia: Distribuição de primatas não-humanos no Estado do Acre e vizinhanças: um estudo preliminar - Fernandes M.C.A.G. 1990,Primates,,,,,,,,Ateles chamek,,,chamek,Acre,,-11.0333333333333,-70.25,,,Ateles chamek,Ateles chamek,ACCEPTED,ateles chamek|-11.03|-70.25,False
,S,866,Mammalia,ZEE_MAM,213,,178429.0,Brasil,Rio Branco,,,-9.97512,-67.810478,-9.97512,-67.810478,Cebidae,,Aotus,,,,SEMA-Acre,Animalia,Localidade Quixadá; Rioa Acre,,,,,2010-03-08T13:52:53,,,Monografia: Distribuição de primatas não-humanos no Estado do Acre e vizinhanças: um estudo preliminar - Fernandes M.C.A.G. 1990,Primates,,,,,,,,Aotus nigriceps,,,nigriceps,Acre,,0.0,0.0,,,Aotus nigriceps,Aotus nigriceps,ACCEPTED,aotus nigriceps|-9.98|-67.81,False
,S,1142,Mammalia,ZEE_MAM,213,,,Brasil,Feijó,,,-9.52305555555555,-71.6638888888889,-9.52305555555555,-71.6638888888889,Cebidae,,Ateles,,,,SEMA-Acre,Animalia,Terra Indígena Kampa do Rio Envira; Rio Envira,,,,,2010-03-08T13:52:53,,,Relatório: Análise ambiental complementar sobre a terra indígena Kampa e isolados do Rio Envira - Ferreira L.A. 1996,Primates,,,,,,,,Ateles chamek,,,chamek,Acre,,-9.52305555555555,-71.6638888888889,,,Ateles chamek,Ateles chamek,ACCEPTED,ateles chamek|-9.52|-71.66,False
,S,1158,Mammalia,ZEE_MAM,213,,,Brasil,Sena Madureira,,,-9.25,-68.725,-9.25,-68.725,Cebidae,,Ateles,,,,SEMA-Acre,Animalia,Rio Iaco; Rio Iaco,,,,,2010-03-08T13:52:53,,,Dissertação: A caça de subsistência de extrativistas na Amazônia: sustentabilidade- biodiversidade e extinção de espécies - Martins E. 1993,Primates,,,,,,,,Ateles chamek,,,chamek,Acre,,-9.25,-68.725,,,Ateles chamek,Ateles chamek,ACCEPTED,ateles chamek|-9.25|-68.72,False
,S,171,Mammalia,ZEE_MAM,213,,,Brasil,Assis Brasil,,,-11.0333333333333,-70.25,-11.0333333333333,-70.25,Cebidae,,Ateles,,,,SEMA-Acre,Animalia,ESEC do Rio Acre; Rio Acre,,,,,2010-03-08T13:53:04,,,Artigo: Conservation areas protecting primates in Brasilian Amazonia - Rylands A.B. 1985,Primates,,,,,,,,Ateles chamek,,,chamek,Acre,,-11.0333333333333,-70.25,,,Ateles chamek,Ateles chamek,ACCEPTED,ateles chamek|-11.03|-70.25,False
,S,269,Mammalia,ZEE_MAM,213,,,Brasil,Assis Brasil,,,-11.0333333333333,-70.25,-11.0333333333333,-70.25,Cebidae,,Ateles,,,,SEMA-Acre,Animalia,ESEC do Rio Acre; Rio Acre,,,,,2010-03-08T13:53:04,,,Artigo: Parks- reserves and primate conservation in Brasilian Amazonia - Rylands A. - Mittermeier R.A. 1982,Primates,,,,,,,,Ateles chamek,,,chamek,Acre,,-11.0333333333333,-70.25,,,Ateles chamek,Ateles chamek,ACCEPTED,ateles chamek|-11.03|-70.25,False
,S,405,Mammalia,ZEE_MAM,213,,,Brasil,Cruzeiro do Sul,,,-7.50611111111111,-73.7013888888889,-7.50611111111111,-73.7013888888889,Cebidae,,Ateles,,,,SEMA-Acre,Animalia,Parque Nacional da Serra do Divisor,,,,,2010-03-08T13:53:04,,,Livro: The status of conservation areas in the Brasilian Amazon - Rylands A.B. 1991,Primates,,,,,,,,Ateles chamek,,,chamek,Acre,,-7.50611111111111,-73.7013888888889,,,Ateles chamek,Ateles chamek,ACCEPTED,ateles chamek|-7.51|-73.7,False
,S,8414,Mammalia,ZEE_MAM,213,,,Brasil,Rio Branco,,,-9.94166666666667,-67.8688888888889,-9.94166666666667,-67.8688888888889,Cebidae,,Aotus,,,,SEMA-Acre,Animalia,Universidade Federal do Acre/Parque Zoobotânico; Rioa Acre,,,,,2010-03-08T13:52:53,,,Artigo: Do female tamarins use visual cues to detect fruit rewards more successfully than do males? - Dominy N.J.- Garber P.A.- Bicca-Marques J.C. - Lopes M.A.O. 2003,Primates,,,,,,,,Aotus nigriceps,,,nigriceps,Acre,,-9.94166666666667,-67.8688888888889,,,Aotus nigriceps,Aotus nigriceps,ACCEPTED,aotus nigriceps|-9.94|-67.87,False
,S,8514,Mammalia,ZEE_MAM,213,,,Brasil,Mâncio Lima,,,-7.38333333333333,-73.2666666666667,-7.38333333333333,-73.2666666666667,Cebidae,,Aotus,,,,SEMA-Acre,Animalia,Seringal São Salvador; Rio Moa,,,,,2010-03-08T13:52:53,,,Livro: A fauna silvestre e as práticas de caça - Fragoso J.M.V- Santos M.C.- Nascimento V.M.L 2002,Primates,,,,,,,,Aotus nigriceps,,,nigriceps,Acre,,-7.38333333333333,-73.2666666666667,,,Aotus nigriceps,Aotus nigriceps,ACCEPTED,aotus nigriceps|-7.38|-73.27,False
,S,852,Mammalia,ZEE_MAM,213,,178429.0,Brasil,Rio Branco,,,-9.97512,-67.810478,-9.97512,-67.810478,Cebidae,,Aotus,,,,SEMA-Acre,Animalia,Estrada Dias Martins- km 12- lado esquerdo; Rioa Acre,,,,,2010-03-08T13:52:53,,,Monografia: Distribuição de primatas não-humanos no Estado do Acre e vizinhanças: um estudo preliminar - Fernandes M.C.A.G. 1990,Primates,,,,,,,,Aotus nigriceps,,,nigriceps,Acre,,0.0,0.0,,,Aotus nigriceps,Aotus nigriceps,ACCEPTED,aotus nigriceps|-9.98|-67.81,False
,S,853,Mammalia,ZEE_MAM,213,,178429.0,Brasil,Rio Branco,,,-9.97512,-67.810478,-9.97512,-67.810478,Cebidae,,Aotus,,,,SEMA-Acre,Animalia,Estrada Dias Martins- km 13- ramal lado direito (2 km); Rio Acre,,,,,2010-03-08T13:52:53,,,Monografia: Distribuição de primatas não-humanos no Estado do Acre e vizinhanças: um estudo preliminar - Fernandes M.C.A.G. 1990,Primates,,,,,,,,Aotus nigriceps,,,nigriceps,Acre,,0.0,0.0,,,Aotus nigriceps,Aotus nigriceps,ACCEPTED,aotus nigriceps|-9.98|-67.81,False
,S,856,Mammalia,ZEE_MAM,213,,,Brasil,,,,-9.31666666666667,-71.9,-9.31666666666667,-71.9,Cebidae,,Aotus,,,,SEMA-Acre,Animalia,Terra Indígena Kaxinawá; Alto Purus,,,,,2010-03-08T13:52:53,,,Monografia: Distribuição de primatas não-humanos no Estado do Acre e vizinhanças: um estudo preliminar - Fernandes M.C.A.G. 1990,Primates,,,,,,,,Aotus nigriceps,,,nigriceps,Acre,,-9.31666666666667,-71.9,,,Aotus nigriceps,Aotus nigriceps,ACCEPTED,aotus nigriceps|-9.32|-71.9,False
,S,7075,Mammalia,ZEE_MAM,213,,,Brasil,,,,-10.4569444444444,-68.8602777777778,-10.4569444444444,-68.8602777777778,Cebidae,,Aotus,,,,SEMA-Acre,Animalia,Trilha Itapissuma,,,,,2010-03-08T13:52:53,,,Não publicado: A caça de Subsistência na Reserva Extrativista Chico Mendes/AC: caracterização- consumo e estratégias de caça. - Medeiros M.F.S.T. 1999,Primates,,,,,,,,Aotus nigriceps,,,nigriceps,Acre,,-10.4569444444444,-68.8602777777778,,,Aotus nigriceps,Aotus nigriceps,ACCEPTED,aotus nigriceps|-10.46|-68.86,False
,S,8215,Mammalia,ZEE_MAM,213,,,Brasil,,,,-8.36666666666667,-72.8166666666667,-8.36666666666667,-72.8166666666667,Cebidae,,Aotus,,,,SEMA-Acre,Animalia,,,,,,2010-03-08T13:52:53,,,Artigo: Primate community structure at twenty western Amazonian flooded and unflooded forests - Peres C.A. 1997,Primates,,,,,,,,Aotus nigriceps,,,nigriceps,Acre,,-8.36666666666667,-72.8166666666667,,,Aotus nigriceps,Aotus nigriceps,ACCEPTED,aotus nigriceps|-8.37|-72.82,False
,S,8335,Mammalia,ZEE_MAM,213,,282365.0,Brasil,Sena Madureira,,,-9.065951,-68.657424,-9.065951,-68.657424,Cebidae,,Aotus,,,,SEMA-Acre,Animalia,Seringal Ouro,,,,,2010-03-08T13:52:53,,,"Artigo: Malária simiana no Estado do Acre, Brasil: Encontro de macacos zogue-zogue, Callicebus moloch cupreus, infetados com Plasmodium brasilianum - Ferreira Neto J.A.- Deane L.M. - Almeida F.B. 1972",Primates,,,,,,,,Aotus nigriceps,,,nigriceps,Acre,,0.0,0.0,,,Aotus nigriceps,Aotus nigriceps,ACCEPTED,aotus nigriceps|-9.07|-68.66,False
,S,8341,Mammalia,ZEE_MAM,213,,75100.0,Brasil,Xapuri,,,-10.652065,-68.504925,-10.652065,-68.504925,Cebidae,,Aotus,,,,SEMA-Acre,Animalia,Seringais Macuripe e Nova Vida,,,,,2010-03-08T13:52:53,,,"Artigo: Malária simiana no Estado do Acre, Brasil: Encontro de macacos zogue-zogue, Callicebus moloch cupreus, infetados com Plasmodium brasilianum - Ferreira Neto J.A.- Deane L.M. - Almeida F.B. 1972",Primates,,,,,,,,Aotus nigriceps,,,nigriceps,Acre,,0.0,0.0,,,Aotus nigriceps,Aotus nigriceps,ACCEPTED,aotus nigriceps|-10.65|-68.5,False
,S,3354,Mammalia,ZEE_MAM,213,,,Brasil,Rio Branco,,,-9.96666666666667,-67.8,-9.96666666666667,-67.8,Cebidae,,Aotus,,,,SEMA-Acre,Animalia,Rio Branco; Rioa Acre,,,,,2010-03-08T13:52:53,,,Monografia: Levantamento de Animais Silvestres em Cativeiro na Cidade de Rio Branco - Acre. - Silva M.F.A 1985,Primates,,,,,,,,Aotus nigriceps,,,nigriceps,Acre,,-9.96666666666667,-67.8,,,Aotus nigriceps,Aotus nigriceps,ACCEPTED,aotus nigriceps|-9.97|-67.8,False
,S,3961,Mammalia,ZEE_MAM,213,,,Brasil,Cruzeiro do Sul,,,-7.55666666666667,-73.2766666666667,-7.55666666666667,-73.2766666666667,Cebidae,,Aotus,,,,SEMA-Acre,Animalia,Parque Nacional da Serra do Divisor,,,,,2010-03-08T13:52:53,,,"Artigo : Riqueza de mamíferos de grande e médio porte do Parque Nacional da Serra do Divisor (Acre, Brasil) - Calouro A.M. 1999",Primates,,,,,,,,Aotus nigriceps,,,nigriceps,Acre,,-7.55666666666667,-73.2766666666667,,,Aotus nigriceps,Aotus nigriceps,ACCEPTED,aotus nigriceps|-7.56|-73.28,False
,S,3962,Mammalia,ZEE_MAM,213,,,Brasil,Cruzeiro do Sul,,,-8.55833333333333,-72.8833333333333,-8.55833333333333,-72.8833333333333,Cebidae,,Aotus,,,,SEMA-Acre,Animalia,Parque Nacional da Serra do Divisor,,,,,2010-03-08T13:52:53,,,"Artigo : Riqueza de mamíferos de grande e médio porte do Parque Nacional da Serra do Divisor (Acre, Brasil) - Calouro A.M. 1999",Primates,,,,,,,,Aotus nigriceps,,,nigriceps,Acre,,-8.55833333333333,-72.8833333333333,,,Aotus nigriceps,Aotus nigriceps,ACCEPTED,aotus nigriceps|-8.56|-72.88,False
,S,3964,Mammalia,ZEE_MAM,213,,,Brasil,Cruzeiro do Sul,,,-8.87527777777778,-72.7819444444444,-8.87527777777778,-72.7819444444444,Cebidae,,Aotus,,,,SEMA-Acre,Animalia,Parque Nacional da Serra do Divisor,,,,,2010-03-08T13:52:53,,,"Artigo : Riqueza de mamíferos de grande e médio porte do Parque Nacional da Serra do Divisor (Acre, Brasil) - Calouro A.M. 1999",Primates,,,,,,,,Aotus nigriceps,,,nigriceps,Acre,,-8.87527777777778,-72.7819444444444,,,Aotus nigriceps,Aotus nigriceps,ACCEPTED,aotus nigriceps|-8.88|-72.78,False
,S,622,Mammalia,ZEE_MAM,213,,,Brasil,Bujari,,,-9.33333333333333,-68.25,-9.33333333333333,-68.25,Cebidae,,Aotus,,,,SEMA-Acre,Animalia,Floresta Estadual do Antimary; Rio Antimari,,,,,2010-03-08T13:52:53,,,Dissertação: Caça de subsistência: sustentabilidade e padrões de uso entre seringueiros ribeirinhos e não-ribeiinhos do estado do Acre - Calouro A.M. 1995,Primates,,,,,,,,Aotus nigriceps,,,nigriceps,Acre,,-9.33333333333333,-68.25,,,Aotus nigriceps,Aotus nigriceps,ACCEPTED,aotus nigriceps|-9.33|-68.25,False
,S,6988,Mammalia,ZEE_MAM,213,,,Brasil,,,,-10.4258333333333,-68.8611111111111,-10.4258333333333,-68.8611111111111,Cebidae,,Aotus,,,,SEMA-Acre,Animalia,Trilha Pincel,,,,,2010-03-08T13:52:53,,,Não publicado: A caça de Subsistência na Reserva Extrativista Chico Mendes/AC: caracterização- consumo e estratégias de caça. - Medeiros M.F.S.T. 1999,Primates,,,,,,,,Aotus nigriceps,,,nigriceps,Acre,,-10.4258333333333,-68.8611111111111,,,Aotus nigriceps,Aotus nigriceps,ACCEPTED,aotus nigriceps|-10.43|-68.86,False
,S,7017,Mammalia,ZEE_MAM,213,,,Brasil,,,,-10.3969444444444,-68.8611111111111,-10.3969444444444,-68.8611111111111,Cebidae,,Aotus,,,,SEMA-Acre,Animalia,Trilha Venezuela,,,,,2010-03-08T13:52:53,,,Não publicado: A caça de Subsistência na Reserva Extrativista Chico Mendes/AC: caracterização- consumo e estratégias de caça. - Medeiros M.F.S.T. 1999,Primates,,,,,,,,Aotus nigriceps,,,nigriceps,Acre,,-10.3969444444444,-68.8611111111111,,,Aotus nigriceps,Aotus nigriceps,ACCEPTED,aotus nigriceps|-10.4|-68.86,False
,S,7046,Mammalia,ZEE_MAM,213,,,Brasil,,,,-10.5397222222222,-68.8563888888889,-10.5397222222222,-68.8563888888889,Cebidae,,Aotus,,,,SEMA-Acre,Animalia,Trilha Bom Levar,,,,,2010-03-08T13:52:53,,,Não publicado: A caça de Subsistência na Reserva Extrativista Chico Mendes/AC: caracterização- consumo e estratégias de caça. - Medeiros M.F.S.T. 1999,Primates,,,,,,,,Aotus nigriceps,,,nigriceps,Acre,,-10.5397222222222,-68.8563888888889,,,Aotus nigriceps,Aotus nigriceps,ACCEPTED,aotus nigriceps|-10.54|-68.86,False
,S,824,Mammalia,ZEE_MAM,213,,178429.0,Brasil,Rio Branco,,,-9.97512,-67.810478,-9.97512,-67.810478,Cebidae,,Alouatta,,,,SEMA-Acre,Animalia,Localidade Quixadá ; Rioa Acre,,,,,2010-03-08T13:52:53,,,Monografia: Distribuição de primatas não-humanos no Estado do Acre e vizinhanças: um estudo preliminar - Fernandes M.C.A.G. 1990,Primates,,,,,,,,Alouatta seniculus,,,seniculus,Acre,,0.0,0.0,,,Alouatta seniculus,Alouatta seniculus,ACCEPTED,alouatta seniculus|-9.98|-67.81,False
,S,8337,Mammalia,ZEE_MAM,213,,282365.0,Brasil,Sena Madureira,,,-9.065951,-68.657424,-9.065951,-68.657424,Cebidae,,Alouatta,,,,SEMA-Acre,Animalia,Seringal Ouro,,,,,2010-03-08T13:52:53,,,"Artigo: Malária simiana no Estado do Acre, Brasil: Encontro de macacos zogue-zogue, Callicebus moloch cupreus, infetados com Plasmodium brasilianum - Ferreira Neto J.A.- Deane L.M. - Almeida F.B. 1972",Primates,,,,,,,,Alouatta seniculus,,,seniculus,Acre,,0.0,0.0,,,Alouatta seniculus,Alouatta seniculus,ACCEPTED,alouatta seniculus|-9.07|-68.66,False
,S,522,Mammalia,ZEE_MAM,213,,,Brasil,Cruzeiro do Sul,,,-7.44333333333333,-73.6744444444444,-7.44333333333333,-73.6744444444444,Cebidae,,Alouatta,,,jurua,SEMA-Acre,Animalia,Parque Nacional da Serra do Divisor,,,,,2010-03-08T13:52:53,,,"Artigo : Riqueza de mamíferos de grande e médio porte do Parque Nacional da Serra do Divisor (Acre, Brasil) - Calouro A.M. 1999",Primates,,,,,,,,Alouatta seniculus jurua,,,seniculus,Acre,,-7.44333333333333,-73.6744444444444,,,Alouatta seniculus jurua,Alouatta seniculus,ACCEPTED,alouatta seniculus|-7.44|-73.67,False
,S,8221,Mammalia,ZEE_MAM,213,,,Brasil,,,,-8.36666666666667,-72.8166666666667,-8.36666666666667,-72.8166666666667,Cebidae,,Alouatta,,,jurua,SEMA-Acre,Animalia,,,,,,2010-03-08T13:52:53,,,Artigo: Primate community structure at twenty western Amazonian flooded and unflooded forests - Peres C.A. 1997,Primates,,,,,,,,Alouatta seniculus jurua,,,seniculus,Acre,,-8.36666666666667,-72.8166666666667,,,Alouatta seniculus jurua,Alouatta seniculus,ACCEPTED,alouatta seniculus|-8.37|-72.82,False
,S,17,Mammalia,ZEE_MAM,213,,,Brasil,Rio Branco,,,-9.94166666666667,-67.8688888888889,-9.94166666666667,-67.8688888888889,Cebidae,,Aotus,,,,SEMA-Acre,Animalia,Universidade Federal do Acre/Parque Zoobotânico; Rio Acre,,,,,2010-03-08T13:52:53,,,Relatório: Percepção- cognição e aprendizagem associados ao forrageamento por primatas neotropicais noturnos e diurnos - Bicca-Marques J.C. 1997,Primates,,,,,,,,Aotus nigriceps,,,nigriceps,Acre,,-9.94166666666667,-67.8688888888889,,,Aotus nigriceps,Aotus nigriceps,ACCEPTED,aotus nigriceps|-9.94|-67.87,False
,S,212,Mammalia,ZEE_MAM,213,,,Brasil,,,,-9.25,-68.725,-9.25,-68.725,Cebidae,,Aotus,,,,SEMA-Acre,Animalia,Rio Iaco; Rio Iaco,,,,,2010-03-08T13:52:53,,,Relatório: Caracterização da fauna da bacia do Rio Branco/ Acre - Alho C.J.R. 1990,Primates,,,,,,,,Aotus nigriceps,,,nigriceps,Acre,,-9.25,-68.725,,,Aotus nigriceps,Aotus nigriceps,ACCEPTED,aotus nigriceps|-9.25|-68.72,False
,S,224,Mammalia,ZEE_MAM,213,,178429.0,Brasil,Rio Branco,,,-9.97512,-67.810478,-9.97512,-67.810478,Cebidae,,Aotus,,,,SEMA-Acre,Animalia,,,,,,2010-03-08T13:52:53,,,Relatório: Caracterização da fauna da bacia do Rio Branco/ Acre - Alho C.J.R. 1990,Primates,,,,,,,,Aotus nigriceps,,,nigriceps,Acre,,0.0,0.0,,,Aotus nigriceps,Aotus nigriceps,ACCEPTED,aotus nigriceps|-9.98|-67.81,False
,S,29,Mammalia,ZEE_MAM,213,,,Brasil,,,,-9.42,-72.735,-9.42,-72.735,Cebidae,,Aotus,,,,SEMA-Acre,Animalia,Margem direita do Rio Juruá - Ponto 1; Rio Juruá,,,,,2010-03-08T13:52:53,,,Artigo: Notes on the primates of the Juruá River- western Brasilian Amazonia - Peres C.A. 1993,Primates,,,,,,,,Aotus nigriceps,,,nigriceps,Acre,,-9.42,-72.735,,,Aotus nigriceps,Aotus nigriceps,ACCEPTED,aotus nigriceps|-9.42|-72.74,False
,S,30,Mammalia,ZEE_MAM,213,,,Brasil,,,,-9.41333333333333,-72.725,-9.41333333333333,-72.725,Cebidae,,Aotus,,,,SEMA-Acre,Animalia,Margem esquerda do Rio Juruá - Ponto 2; Rio Juruá,,,,,2010-03-08T13:52:53,,,Artigo: Notes on the primates of the Juruá River- western Brasilian Amazonia - Peres C.A. 1993,Primates,,,,,,,,Aotus nigriceps,,,nigriceps,Acre,,-9.41333333333333,-72.725,,,Aotus nigriceps,Aotus nigriceps,ACCEPTED,aotus nigriceps|-9.41|-72.72,False
,S,808,Mammalia,ZEE_MAM,213,,58663.0,Brasil,Plácido de Castro,,,-10.335677,-67.186032,-10.335677,-67.186032,Cebidae,,Alouatta,,,,SEMA-Acre,Animalia,Propriedade rural- AC-401- km 6- ramal lado esquerdo (1 km),,,,,2010-03-08T13:52:53,,,Monografia: Distribuição de primatas não-humanos no Estado do Acre e vizinhanças: um estudo preliminar - Fernandes M.C.A.G. 1990,Primates,,,,,,,,Alouatta seniculus,,,seniculus,Acre,,0.0,0.0,,,Alouatta seniculus,Alouatta seniculus,ACCEPTED,alouatta seniculus|-10.34|-67.19,False
,S,809,Mammalia,ZEE_MAM,213,,178429.0,Brasil,Rio Branco,,,-9.97512,-67.810478,-9.97512,-67.810478,Cebidae,,Alouatta,,,,SEMA-Acre,Animalia,Estrada Dias Martins- km 13- ramal lado direito (2 km); Rio Acre,,,,,2010-03-08T13:52:53,,,Monografia: Distribuição de primatas não-humanos no Estado do Acre e vizinhanças: um estudo preliminar - Fernandes M.C.A.G. 1990,Primates,,,,,,,,Alouatta seniculus,,,seniculus,Acre,,0.0,0.0,,,Alouatta seniculus,Alouatta seniculus,ACCEPTED,alouatta seniculus|-9.98|-67.81,False
,S,8130,Mammalia,ZEE_MAM,213,,,Brasil,,,,-7.45,-73.6,-7.45,-73.6,Cebidae,,Alouatta,,,,SEMA-Acre,Animalia,Parque Nacional da Serra do Divisor; Rio Juruá Mirim,,,,,2010-03-08T13:52:53,,,"Artigo: Observations of Callimico goeldii with Saguinus imperator in the Serra do Divisor National Park, Acre, Barzil - Lopes M.A.O.A. - Rehg J.A. 2003",Primates,,,,,,,,Alouatta seniculus,,,seniculus,Acre,,-7.45,-73.6,,,Alouatta seniculus,Alouatta seniculus,ACCEPTED,alouatta seniculus|-7.45|-73.6,False
,S,820,Mammalia,ZEE_MAM,213,,124133.0,Brasil,Cruzeiro do Sul,,,-7.631498,-72.67049,-7.631498,-72.67049,Cebidae,,Alouatta,,,,SEMA-Acre,Animalia,Seringal República; Rio Moa,,,,,2010-03-08T13:52:53,,,Monografia: Distribuição de primatas não-humanos no Estado do Acre e vizinhanças: um estudo preliminar - Fernandes M.C.A.G. 1990,Primates,,,,,,,,Alouatta seniculus,,,seniculus,Acre,,0.0,0.0,,,Alouatta seniculus,Alouatta seniculus,ACCEPTED,alouatta seniculus|-7.63|-72.67,False
,S,7956,Mammalia,ZEE_MAM,213,,,Brasil,,,,-10.5213888888889,-68.8391666666667,-10.5213888888889,-68.8391666666667,Cebidae,,Alouatta,,,,SEMA-Acre,Animalia,Fortaleza,,,,,2010-03-08T13:52:53,,,Não publicado: A caça de Subsistência na Reserva Extrativista Chico Mendes/AC: caracterização- consumo e estratégias de caça. - Medeiros M.F.S.T. 1999,Primates,,,,,,,,Alouatta seniculus,,,seniculus,Acre,,-10.5213888888889,-68.8391666666667,,,Alouatta seniculus,Alouatta seniculus,ACCEPTED,alouatta seniculus|-10.52|-68.84,False
,S,7788,Mammalia,ZEE_MAM,213,,,Brasil,,,,-10.4569444444444,-68.8602777777778,-10.4569444444444,-68.8602777777778,Cebidae,,Alouatta,,,,SEMA-Acre,Animalia,Itapissuma,,,,,2010-03-08T13:52:53,,,Não publicado: A caça de Subsistência na Reserva Extrativista Chico Mendes/AC: caracterização- consumo e estratégias de caça. - Medeiros M.F.S.T. 1999,Primates,,,,,,,,Alouatta seniculus,,,seniculus,Acre,,-10.4569444444444,-68.8602777777778,,,Alouatta seniculus,Alouatta seniculus,ACCEPTED,alouatta seniculus|-10.46|-68.86,False
,S,7802,Mammalia,ZEE_MAM,213,,,Brasil,,,,-10.5713888888889,-68.8627777777778,-10.5713888888889,-68.8627777777778,Cebidae,,Alouatta,,,,SEMA-Acre,Animalia,Mamoal,,,,,2010-03-08T13:52:53,,,Não publicado: A caça de Subsistência na Reserva Extrativista Chico Mendes/AC: caracterização- consumo e estratégias de caça. - Medeiros M.F.S.T. 1999,Primates,,,,,,,,Alouatta seniculus,,,seniculus,Acre,,-10.5713888888889,-68.8627777777778,,,Alouatta seniculus,Alouatta seniculus,ACCEPTED,alouatta seniculus|-10.57|-68.86,False
,S,7806,Mammalia,ZEE_MAM,213,,,Brasil,,,,-10.4258333333333,-68.8611111111111,-10.4258333333333,-68.8611111111111,Cebidae,,Alouatta,,,,SEMA-Acre,Animalia,Pincel,,,,,2010-03-08T13:52:53,,,Não publicado: A caça de Subsistência na Reserva Extrativista Chico Mendes/AC: caracterização- consumo e estratégias de caça. - Medeiros M.F.S.T. 1999,Primates,,,,,,,,Alouatta seniculus,,,seniculus,Acre,,-10.4258333333333,-68.8611111111111,,,Alouatta seniculus,Alouatta seniculus,ACCEPTED,alouatta seniculus|-10.43|-68.86,False
,S,7835,Mammalia,ZEE_MAM,213,,,Brasil,,,,-10.5672222222222,-68.2825,-10.5672222222222,-68.2825,Cebidae,,Alouatta,,,,SEMA-Acre,Animalia,Uruqueu I,,,,,2010-03-08T13:52:53,,,Não publicado: A caça de Subsistência na Reserva Extrativista Chico Mendes/AC: caracterização- consumo e estratégias de caça. - Medeiros M.F.S.T. 1999,Primates,,,,,,,,Alouatta seniculus,,,seniculus,Acre,,-10.5672222222222,-68.2825,,,Alouatta seniculus,Alouatta seniculus,ACCEPTED,alouatta seniculus|-10.57|-68.28,False
,S,785,Mammalia,ZEE_MAM,213,,230921.0,Brasil,Manoel Urbano,,,-8.839282,-69.260203,-8.839282,-69.260203,Cebidae,,Alouatta,,,,SEMA-Acre,Animalia,Manoel Urbano,,,,,2010-03-08T13:52:53,,,Monografia: Distribuição de primatas não-humanos no Estado do Acre e vizinhanças: um estudo preliminar - Fernandes M.C.A.G. 1990,Primates,,,,,,,,Alouatta seniculus,,,seniculus,Acre,,0.0,0.0,,,Alouatta seniculus,Alouatta seniculus,ACCEPTED,alouatta seniculus|-8.84|-69.26,False
,S,789,Mammalia,ZEE_MAM,213,,,Brasil,,,,-8.82916666666667,-72.775,-8.82916666666667,-72.775,Cebidae,,Alouatta,,,,SEMA-Acre,Animalia,Seringal Oriente,,,,,2010-03-08T13:52:53,,,Monografia: Distribuição de primatas não-humanos no Estado do Acre e vizinhanças: um estudo preliminar - Fernandes M.C.A.G. 1990,Primates,,,,,,,,Alouatta seniculus,,,seniculus,Acre,,-8.82916666666667,-72.775,,,Alouatta seniculus,Alouatta seniculus,ACCEPTED,alouatta seniculus|-8.83|-72.78,False
,S,7899,Mammalia,ZEE_MAM,213,,,Brasil,,,,-10.6494444444444,-68.7113888888889,-10.6494444444444,-68.7113888888889,Cebidae,,Alouatta,,,,SEMA-Acre,Animalia,São Vicente,,,,,2010-03-08T13:52:53,,,Não publicado: A caça de Subsistência na Reserva Extrativista Chico Mendes/AC: caracterização- consumo e estratégias de caça. - Medeiros M.F.S.T. 1999,Primates,,,,,,,,Alouatta seniculus,,,seniculus,Acre,,-10.6494444444444,-68.7113888888889,,,Alouatta seniculus,Alouatta seniculus,ACCEPTED,alouatta seniculus|-10.65|-68.71,False
,S,7673,Mammalia,ZEE_MAM,213,,,Brasil,,,,-10.5330555555556,-69.0208333333333,-10.5330555555556,-69.0208333333333,Cebidae,,Alouatta,,,,SEMA-Acre,Animalia,Cachoeirinha,,,,,2010-03-08T13:52:53,,,Não publicado: A caça de Subsistência na Reserva Extrativista Chico Mendes/AC: caracterização- consumo e estratégias de caça. - Medeiros M.F.S.T. 1999,Primates,,,,,,,,Alouatta seniculus,,,seniculus,Acre,,-10.5330555555556,-69.0208333333333,,,Alouatta seniculus,Alouatta seniculus,ACCEPTED,alouatta seniculus|-10.53|-69.02,False
,S,7724,Mammalia,ZEE_MAM,213,,,Brasil,,,,-10.5569444444444,-69.0588888888889,-10.5569444444444,-69.0588888888889,Cebidae,,Alouatta,,,,SEMA-Acre,Animalia,Salgado,,,,,2010-03-08T13:52:53,,,Não publicado: A caça de Subsistência na Reserva Extrativista Chico Mendes/AC: caracterização- consumo e estratégias de caça. - Medeiros M.F.S.T. 1999,Primates,,,,,,,,Alouatta seniculus,,,seniculus,Acre,,-10.5569444444444,-69.0588888888889,,,Alouatta seniculus,Alouatta seniculus,ACCEPTED,alouatta seniculus|-10.56|-69.06,False
,S,7743,Mammalia,ZEE_MAM,213,,,Brasil,,,,-10.5277777777778,-69.0277777777778,-10.5277777777778,-69.0277777777778,Cebidae,,Alouatta,,,,SEMA-Acre,Animalia,Limoeiro,,,,,2010-03-08T13:52:53,,,Não publicado: A caça de Subsistência na Reserva Extrativista Chico Mendes/AC: caracterização- consumo e estratégias de caça. - Medeiros M.F.S.T. 1999,Primates,,,,,,,,Alouatta seniculus,,,seniculus,Acre,,-10.5277777777778,-69.0277777777778,,,Alouatta seniculus,Alouatta seniculus,ACCEPTED,alouatta seniculus|-10.53|-69.03,False
,S,7755,Mammalia,ZEE_MAM,213,,,Brasil,,,,-10.5455555555556,-68.8769444444444,-10.5455555555556,-68.8769444444444,Cebidae,,Alouatta,,,,SEMA-Acre,Animalia,Vai Quem Quer,,,,,2010-03-08T13:52:53,,,Não publicado: A caça de Subsistência na Reserva Extrativista Chico Mendes/AC: caracterização- consumo e estratégias de caça. - Medeiros M.F.S.T. 1999,Primates,,,,,,,,Alouatta seniculus,,,seniculus,Acre,,-10.5455555555556,-68.8769444444444,,,Alouatta seniculus,Alouatta seniculus,ACCEPTED,alouatta seniculus|-10.55|-68.88,False
,S,645,Mammalia,ZEE_MAM,213,,,Brasil,Rio Branco,,,-10.0927777777778,-68.0,-10.0927777777778,-68.0,Cebidae,,Alouatta,,,,SEMA-Acre,Animalia,Fazenda Boa União; Rio Acre,,,,,2010-03-08T13:52:53,,,Dissertação: Caça de subsistência: sustentabilidade e padrões de uso entre seringueiros ribeirinhos e não-ribeiinhos do estado do Acre - Calouro A.M. 1995,Primates,,,,,,,,Alouatta seniculus,,,seniculus,Acre,,-10.0927777777778,-68.0,,,Alouatta seniculus,Alouatta seniculus,ACCEPTED,alouatta seniculus|-10.09|-68.0,False
,S,6992,Mammalia,ZEE_MAM,213,,,Brasil,,,,-10.4258333333333,-68.8611111111111,-10.4258333333333,-68.8611111111111,Cebidae,,Alouatta,,,,SEMA-Acre,Animalia,Trilha Pincel,,,,,2010-03-08T13:52:53,,,Não publicado: A caça de Subsistência na Reserva Extrativista Chico Mendes/AC: caracterização- consumo e estratégias de caça. - Medeiros M.F.S.T. 1999,Primates,,,,,,,,Alouatta seniculus,,,seniculus,Acre,,-10.4258333333333,-68.8611111111111,,,Alouatta seniculus,Alouatta seniculus,ACCEPTED,alouatta seniculus|-10.43|-68.86,False
,S,7050,Mammalia,ZEE_MAM,213,,,Brasil,,,,-10.5397222222222,-68.8563888888889,-10.5397222222222,-68.8563888888889,Cebidae,,Alouatta,,,,SEMA-Acre,Animalia,Trilha Bom Levar,,,,,2010-03-08T13:52:53,,,Não publicado: A caça de Subsistência na Reserva Extrativista Chico Mendes/AC: caracterização- consumo e estratégias de caça. - Medeiros M.F.S.T. 1999,Primates,,,,,,,,Alouatta seniculus,,,seniculus,Acre,,-10.5397222222222,-68.8563888888889,,,Alouatta seniculus,Alouatta seniculus,ACCEPTED,alouatta seniculus|-10.54|-68.86,False
,S,7079,Mammalia,ZEE_MAM,213,,,Brasil,,,,-10.4569444444444,-68.8602777777778,-10.4569444444444,-68.8602777777778,Cebidae,,Alouatta,,,,SEMA-Acre,Animalia,Trilha Itapissuma,,,,,2010-03-08T13:52:53,,,Não publicado: A caça de Subsistência na Reserva Extrativista Chico Mendes/AC: caracterização- consumo e estratégias de caça. - Medeiros M.F.S.T. 1999,Primates,,,,,,,,Alouatta seniculus,,,seniculus,Acre,,-10.4569444444444,-68.8602777777778,,,Alouatta seniculus,Alouatta seniculus,ACCEPTED,alouatta seniculus|-10.46|-68.86,False
,S,7427,Mammalia,ZEE_MAM,213,,,Brasil,Porto Dias,,,-10.0294444444444,-66.8391666666667,-10.0294444444444,-66.8391666666667,Cebidae,,Alouatta,,,,SEMA-Acre,Animalia,Palestina,,,,,2010-03-08T13:52:53,,,Não publicado: A caça de Subsistência na Reserva Extrativista de Porto Dias/AC: caracterização- consumo e estratégias de caça. - Medeiros M.F.S.T. 1999,Primates,,,,,,,,Alouatta seniculus,,,seniculus,Acre,,-10.0294444444444,-66.8391666666667,,,Alouatta seniculus,Alouatta seniculus,ACCEPTED,alouatta seniculus|-10.03|-66.84,False
,S,7439,Mammalia,ZEE_MAM,213,,,Brasil,Porto Dias,,,-9.97666666666667,-66.8022222222222,-9.97666666666667,-66.8022222222222,Cebidae,,Alouatta,,,,SEMA-Acre,Animalia,Bom Jardim,,,,,2010-03-08T13:52:53,,,Não publicado: A caça de Subsistência na Reserva Extrativista de Porto Dias/AC: caracterização- consumo e estratégias de caça. - Medeiros M.F.S.T. 1999,Primates,,,,,,,,Alouatta seniculus,,,seniculus,Acre,,-9.97666666666667,-66.8022222222222,,,Alouatta seniculus,Alouatta seniculus,ACCEPTED,alouatta seniculus|-9.98|-66.8,False
,S,357,Mammalia,ZEE_MAM,213,,,Brasil,,,,-8.82916666666667,-72.775,-8.82916666666667,-72.775,Cebidae,,Alouatta,,,,SEMA-Acre,Animalia,Seringal Oriente; Rio Juruá- perto da Vila Taumaturgo,,,,,2010-03-08T13:52:53,,,Artigo: Estudo comparativo das espécies do gênero Alouatta Lacèpéde- 1799 (Platyrrhini- Cebidae) e sua distribuição geográfica na América do Sul - Hirsch A.- Landau E.C- Tedeschi A.C.M. - Menegheti J.O. 1991,Primates,,,,,,,,Alouatta seniculus,,,seniculus,Acre,,-8.82916666666667,-72.775,,,Alouatta seniculus,Alouatta seniculus,ACCEPTED,alouatta seniculus|-8.83|-72.78,False
,S,358,Mammalia,ZEE_MAM,213,,,Brasil,Plácido de Castro,,,-10.2861111111111,-67.1444444444444,-10.2861111111111,-67.1444444444444,Cebidae,,Alouatta,,,,SEMA-Acre,Animalia,Plácido de Castro,,,,,2010-03-08T13:52:53,,,Artigo: Estudo comparativo das espécies do gênero Alouatta Lacèpéde- 1799 (Platyrrhini- Cebidae) e sua distribuição geográfica na América do Sul - Hirsch A.- Landau E.C- Tedeschi A.C.M. - Menegheti J.O. 1991,Primates,,,,,,,,Alouatta seniculus,,,seniculus,Acre,,-10.2861111111111,-67.1444444444444,,,Alouatta seniculus,Alouatta seniculus,ACCEPTED,alouatta seniculus|-10.29|-67.14,False
,S,359,Mammalia,ZEE_MAM,213,,282365.0,Brasil,Sena Madureira,,,-9.065951,-68.657424,-9.065951,-68.657424,Cebidae,,Alouatta,,,,SEMA-Acre,Animalia,Sena Madureira,,,,,2010-03-08T13:52:53,,,Artigo: Estudo comparativo das espécies do gênero Alouatta Lacèpéde- 1799 (Platyrrhini- Cebidae) e sua distribuição geográfica na América do Sul - Hirsch A.- Landau E.C- Tedeschi A.C.M. - Menegheti J.O. 1991,Primates,,,,,,,,Alouatta seniculus,,,seniculus,Acre,,0.0,0.0,,,Alouatta seniculus,Alouatta seniculus,ACCEPTED,alouatta seniculus|-9.07|-68.66,False
,S,360,Mammalia,ZEE_MAM,213,,,Brasil,Xapuri,,,-10.6666666666667,-68.4833333333333,-10.6666666666667,-68.4833333333333,Cebidae,,Alouatta,,,,SEMA-Acre,Animalia,,,,,,2010-03-08T13:52:53,,,Artigo: Estudo comparativo das espécies do gênero Alouatta Lacèpéde- 1799 (Platyrrhini- Cebidae) e sua distribuição geográfica na América do Sul - Hirsch A.- Landau E.C- Tedeschi A.C.M. - Menegheti J.O. 1991,Primates,,,,,,,,Alouatta seniculus,,,seniculus,Acre,,-10.6666666666667,-68.4833333333333,,,Alouatta seniculus,Alouatta seniculus,ACCEPTED,alouatta seniculus|-10.67|-68.48,False
,S,3956,Mammalia,ZEE_MAM,213,,,Brasil,Cruzeiro do Sul,,,-7.55666666666667,-73.2766666666667,-7.55666666666667,-73.2766666666667,Cebidae,,Alouatta,,,,SEMA-Acre,Animalia,Parque Nacional da Serra do Divisor,,,,,2010-03-08T13:52:53,,,"Artigo : Riqueza de mamíferos de grande e médio porte do Parque Nacional da Serra do Divisor (Acre, Brasil) - Calouro A.M. 1999",Primates,,,,,,,,Alouatta seniculus,,,seniculus,Acre,,-7.55666666666667,-73.2766666666667,,,Alouatta seniculus,Alouatta seniculus,ACCEPTED,alouatta seniculus|-7.56|-73.28,False
,S,3958,Mammalia,ZEE_MAM,213,,,Brasil,Cruzeiro do Sul,,,-8.28083333333333,-73.2536111111111,-8.28083333333333,-73.2536111111111,Cebidae,,Alouatta,,,,SEMA-Acre,Animalia,Parque Nacional da Serra do Divisor,,,,,2010-03-08T13:52:53,,,"Artigo : Riqueza de mamíferos de grande e médio porte do Parque Nacional da Serra do Divisor (Acre, Brasil) - Calouro A.M. 1999",Primates,,,,,,,,Alouatta seniculus,,,seniculus,Acre,,-8.28083333333333,-73.2536111111111,,,Alouatta seniculus,Alouatta seniculus,ACCEPTED,alouatta seniculus|-8.28|-73.25,False
,S,56,Mammalia,ZEE_MAM,213,,,Brasil,,,,-8.82916666666667,-72.775,-8.82916666666667,-72.775,Callitrichidae,,Saguinus,,,,SEMA-Acre,Animalia,Seringal Oriente; Margem esquerda,,,,,2010-03-08T13:52:53,,,Artigo: Alguns mamíferos do Acre Ocidental - Carvalho C.T. 1957,Primates,,,,,,,,Saguinus mystax,,,mystax,Acre,,-8.82916666666667,-72.775,,,Saguinus mystax,Saguinus mystax,ACCEPTED,saguinus mystax|-8.83|-72.78,False
,S,28,Mammalia,ZEE_MAM,213,,,Brasil,,,,-9.41277777777778,-72.72,-9.41277777777778,-72.72,Callitrichidae,,Saguinus,,,mystax,SEMA-Acre,Animalia,Margem esquerda do Rio Juruá - Ponto 2; Rio Juruá,,,,,2010-03-08T13:52:53,,,Artigo: Notes on the primates of the Juruá River- western Brasilian Amazonia - Peres C.A. 1993,Primates,,,,,,,,Saguinus mystax mystax,,,mystax,Acre,,-9.41277777777778,-72.72,,,Saguinus mystax mystax,Saguinus mystax,ACCEPTED,saguinus mystax|-9.41|-72.72,False
,S,395,Mammalia,ZEE_MAM,213,,,Brasil,Cruzeiro do Sul,,,-7.50611111111111,-73.7013888888889,-7.50611111111111,-73.7013888888889,Callitrichidae,,Saguinus,,,mystax,SEMA-Acre,Animalia,Parque Nacional da Serra do Divisor,,,,,2010-03-08T13:52:53,,,Livro: The status of conservation areas in the Brasilian Amazon - Rylands A.B. 1991,Primates,,,,,,,,Saguinus mystax mystax,,,mystax,Acre,,-7.50611111111111,-73.7013888888889,,,Saguinus mystax mystax,Saguinus mystax,ACCEPTED,saguinus mystax|-7.51|-73.7,False
,S,464,Mammalia,ZEE_MAM,213,,,Brasil,Cruzeiro do Sul,,,-7.50611111111111,-73.7013888888889,-7.50611111111111,-73.7013888888889,Callitrichidae,,Saguinus,,,mystax,SEMA-Acre,Animalia,Parque Nacional da Serra do Divisor,,,,,2010-03-08T13:52:53,,,Capítulo de livro: Systematics- geographic distribuition- andsome notes on the conservation status of the Callitrichidae - Rylands A.B.- Coimbra-Filho A.F. - Mittermeier R.A. 1993,Primates,,,,,,,,Saguinus mystax mystax,,,mystax,Acre,,-7.50611111111111,-73.7013888888889,,,Saguinus mystax mystax,Saguinus mystax,ACCEPTED,saguinus mystax|-7.51|-73.7,False
,S,521,Mammalia,ZEE_MAM,213,,,Brasil,Cruzeiro do Sul,,,-7.50611111111111,-73.7013888888889,-7.50611111111111,-73.7013888888889,Callitrichidae,,Saguinus,,,mystax,SEMA-Acre,Animalia,Parque Nacional da Serra do Divisor,,,,,2010-03-08T13:52:53,,,"Artigo : Riqueza de mamíferos de grande e médio porte do Parque Nacional da Serra do Divisor (Acre, Brasil) - Calouro A.M. 1999",Primates,,,,,,,,Saguinus mystax mystax,,,mystax,Acre,,-7.50611111111111,-73.7013888888889,,,Saguinus mystax mystax,Saguinus mystax,ACCEPTED,saguinus mystax|-7.51|-73.7,False
,S,1120,Mammalia,ZEE_MAM,213,,,Brasil,Feijó,,,-9.35666666666667,-71.0166666666667,-9.35666666666667,-71.0166666666667,Cebidae,,Alouatta,,,,SEMA-Acre,Animalia,Terra Indígena Jaminauá/Envira; Margem direita do Rio Envira- perto da foz do Rio Jaminauá e margem direita do Rio Jaminauá,,,,,2010-03-08T13:52:53,,,Relatório: Identificação e delimitação da Terra Indígena Kulina do Igarapé do Anjo que passou a se denominar Terra Indígena Jaminauá/Envira - Diógenes M.B. 1996,Primates,,,,,,,,Alouatta seniculus,,,seniculus,Acre,,-9.35666666666667,-71.0166666666667,,,Alouatta seniculus,Alouatta seniculus,ACCEPTED,alouatta seniculus|-9.36|-71.02,False
,S,1143,Mammalia,ZEE_MAM,213,,,Brasil,Feijó,,,-9.52305555555555,-71.6638888888889,-9.52305555555555,-71.6638888888889,Cebidae,,Alouatta,,,,SEMA-Acre,Animalia,Terra Indígena Kampa do Rio Envira; Rio Envira,,,,,2010-03-08T13:52:53,,,Relatório: Análise ambiental complementar sobre a terra indígena Kampa e isolados do Rio Envira - Ferreira L.A. 1996,Primates,,,,,,,,Alouatta seniculus,,,seniculus,Acre,,-9.52305555555555,-71.6638888888889,,,Alouatta seniculus,Alouatta seniculus,ACCEPTED,alouatta seniculus|-9.52|-71.66,False
,S,1148,Mammalia,ZEE_MAM,213,,,Brasil,Rio Branco,,,-10.0927777777778,-68.0,-10.0927777777778,-68.0,Cebidae,,Alouatta,,,,SEMA-Acre,Animalia,Fazenda Boa União; Rio Acre,,,,,2010-03-08T13:52:53,,,Dissertação: A caça de subsistência de extrativistas na Amazônia: sustentabilidade- biodiversidade e extinção de espécies - Martins E. 1993,Primates,,,,,,,,Alouatta seniculus,,,seniculus,Acre,,-10.0927777777778,-68.0,,,Alouatta seniculus,Alouatta seniculus,ACCEPTED,alouatta seniculus|-10.09|-68.0,False
,S,1157,Mammalia,ZEE_MAM,213,,,Brasil,Sena Madureira,,,-9.25,-68.725,-9.25,-68.725,Cebidae,,Alouatta,,,,SEMA-Acre,Animalia,Rio Iaco; Rio Iaco,,,,,2010-03-08T13:52:53,,,Dissertação: A caça de subsistência de extrativistas na Amazônia: sustentabilidade- biodiversidade e extinção de espécies - Martins E. 1993,Primates,,,,,,,,Alouatta seniculus,,,seniculus,Acre,,-9.25,-68.725,,,Alouatta seniculus,Alouatta seniculus,ACCEPTED,alouatta seniculus|-9.25|-68.72,False
,S,3944,Mammalia,ZEE_MAM,213,,,Brasil,Cruzeiro do Sul,,,-7.44333333333333,-73.6744444444444,-7.44333333333333,-73.6744444444444,Callitrichidae,,Saguinus,,,,SEMA-Acre,Animalia,Parque Nacional da Serra do Divisor,,,,,2010-03-08T13:52:53,,,"Artigo : Riqueza de mamíferos de grande e médio porte do Parque Nacional da Serra do Divisor (Acre, Brasil) - Calouro A.M. 1999",Primates,,,,,,,,Saguinus mystax,,,mystax,Acre,,-7.44333333333333,-73.6744444444444,,,Saguinus mystax,Saguinus mystax,ACCEPTED,saguinus mystax|-7.44|-73.67,False
,S,3946,Mammalia,ZEE_MAM,213,,,Brasil,Cruzeiro do Sul,,,-7.45888888888889,-73.7744444444444,-7.45888888888889,-73.7744444444444,Callitrichidae,,Saguinus,,,,SEMA-Acre,Animalia,Parque Nacional da Serra do Divisor,,,,,2010-03-08T13:52:53,,,"Artigo : Riqueza de mamíferos de grande e médio porte do Parque Nacional da Serra do Divisor (Acre, Brasil) - Calouro A.M. 1999",Primates,,,,,,,,Saguinus mystax,,,mystax,Acre,,-7.45888888888889,-73.7744444444444,,,Saguinus mystax,Saguinus mystax,ACCEPTED,saguinus mystax|-7.46|-73.77,False
,S,3949,Mammalia,ZEE_MAM,213,,,Brasil,Cruzeiro do Sul,,,-7.44666666666667,-73.6780555555556,-7.44666666666667,-73.6780555555556,Callitrichidae,,Saguinus,,,,SEMA-Acre,Animalia,Parque Nacional da Serra do Divisor,,,,,2010-03-08T13:52:53,,,"Artigo : Riqueza de mamíferos de grande e médio porte do Parque Nacional da Serra do Divisor (Acre, Brasil) - Calouro A.M. 1999",Primates,,,,,,,,Saguinus mystax,,,mystax,Acre,,-7.44666666666667,-73.6780555555556,,,Saguinus mystax,Saguinus mystax,ACCEPTED,saguinus mystax|-7.45|-73.68,True
,S,3950,Mammalia,ZEE_MAM,213,,,Brasil,Cruzeiro do Sul,,,-8.86027777777778,-72.8722222222222,-8.86027777777778,-72.8722222222222,Callitrichidae,,Saguinus,,,,SEMA-Acre,Animalia,Parque Nacional da Serra do Divisor,,,,,2010-03-08T13:52:53,,,"Artigo : Riqueza de mamíferos de grande e médio porte do Parque Nacional da Serra do Divisor (Acre, Brasil) - Calouro A.M. 1999",Primates,,,,,,,,Saguinus mystax,,,mystax,Acre,,-8.86027777777778,-72.8722222222222,,,Saguinus mystax,Saguinus mystax,ACCEPTED,saguinus mystax|-8.86|-72.87,False
,S,3951,Mammalia,ZEE_MAM,213,,,Brasil,Cruzeiro do Sul,,,-8.55833333333333,-72.8833333333333,-8.55833333333333,-72.8833333333333,Callitrichidae,,Saguinus,,,,SEMA-Acre,Animalia,Parque Nacional da Serra do Divisor,,,,,2010-03-08T13:52:53,,,"Artigo : Riqueza de mamíferos de grande e médio porte do Parque Nacional da Serra do Divisor (Acre, Brasil) - Calouro A.M. 1999",Primates,,,,,,,,Saguinus mystax,,,mystax,Acre,,-8.55833333333333,-72.8833333333333,,,Saguinus mystax,Saguinus mystax,ACCEPTED,saguinus mystax|-8.56|-72.88,False
,S,3952,Mammalia,ZEE_MAM,213,,,Brasil,Cruzeiro do Sul,,,-8.40527777777778,-72.8577777777778,-8.40527777777778,-72.8577777777778,Callitrichidae,,Saguinus,,,,SEMA-Acre,Animalia,Parque Nacional da Serra do Divisor,,,,,2010-03-08T13:52:53,,,"Artigo : Riqueza de mamíferos de grande e médio porte do Parque Nacional da Serra do Divisor (Acre, Brasil) - Calouro A.M. 1999",Primates,,,,,,,,Saguinus mystax,,,mystax,Acre,,-8.40527777777778,-72.8577777777778,,,Saguinus mystax,Saguinus mystax,ACCEPTED,saguinus mystax|-8.41|-72.86,False
,S,3953,Mammalia,ZEE_MAM,213,,,Brasil,Cruzeiro do Sul,,,-8.28083333333333,-73.2536111111111,-8.28083333333333,-73.2536111111111,Callitrichidae,,Saguinus,,,,SEMA-Acre,Animalia,Parque Nacional da Serra do Divisor,,,,,2010-03-08T13:52:53,,,"Artigo : Riqueza de mamíferos de grande e médio porte do Parque Nacional da Serra do Divisor (Acre, Brasil) - Calouro A.M. 1999",Primates,,,,,,,,Saguinus mystax,,,mystax,Acre,,-8.28083333333333,-73.2536111111111,,,Saguinus mystax,Saguinus mystax,ACCEPTED,saguinus mystax|-8.28|-73.25,False
,S,3954,Mammalia,ZEE_MAM,213,,,Brasil,Cruzeiro do Sul,,,-8.87527777777778,-72.7819444444444,-8.87527777777778,-72.7819444444444,Callitrichidae,,Saguinus,,,,SEMA-Acre,Animalia,Parque Nacional da Serra do Divisor,,,,,2010-03-08T13:52:53,,,"Artigo : Riqueza de mamíferos de grande e médio porte do Parque Nacional da Serra do Divisor (Acre, Brasil) - Calouro A.M. 1999",Primates,,,,,,,,Saguinus mystax,,,mystax,Acre,,-8.87527777777778,-72.7819444444444,,,Saguinus mystax,Saguinus mystax,ACCEPTED,saguinus mystax|-8.88|-72.78,False
,S,520,Mammalia,ZEE_MAM,213,,,Brasil,Cruzeiro do Sul,,,-8.86027777777778,-72.8722222222222,-8.86027777777778,-72.8722222222222,Callitrichidae,,Saguinus,,,subgrisescens,SEMA-Acre,Animalia,Parque Nacional da Serra do Divisor; Foz do Rio Branco,,,,,2010-03-08T13:52:53,,,"Artigo : Riqueza de mamíferos de grande e médio porte do Parque Nacional da Serra do Divisor (Acre, Brasil) - Calouro A.M. 1999",Primates,,,,,,,,Saguinus imperator subgrisescens,,,imperator,Acre,,-8.86027777777778,-72.8722222222222,,,Saguinus imperator subgrisescens,Saguinus imperator,ACCEPTED,saguinus imperator|-8.86|-72.87,False
,S,566,Mammalia,ZEE_MAM,213,,,Brasil,Cruzeiro do Sul,,,-8.28083333333333,-73.2536111111111,-8.28083333333333,-73.2536111111111,Callitrichidae,,Saguinus,,,subgrisescens,SEMA-Acre,Animalia,Parque Nacional da Serra do Divisor; Foz do Rio Branco,,,,,2010-03-08T13:52:53,,,"Artigo : Riqueza de mamíferos de grande e médio porte do Parque Nacional da Serra do Divisor (Acre, Brasil) - Calouro A.M. 1999",Primates,,,,,,,,Saguinus imperator subgrisescens,,,imperator,Acre,,-8.28083333333333,-73.2536111111111,,,Saguinus imperator subgrisescens,Saguinus imperator,ACCEPTED,saguinus imperator|-8.28|-73.25,False
,S,57,Mammalia,ZEE_MAM,213,,,Brasil,Marechal Thaumaturgo,,,-8.78388888888889,-72.8383333333333,-8.78388888888889,-72.8383333333333,Callitrichidae,,Saguinus,,,subgrisescens,SEMA-Acre,Animalia,Pedra Preta; Margem direita,,,,,2010-03-08T13:52:53,,,Artigo: Alguns mamíferos do Acre Ocidental - Carvalho C.T. 1957,Primates,,,,,,,,Saguinus imperator subgrisescens,,,imperator,Acre,,-8.78388888888889,-72.8383333333333,,,Saguinus imperator subgrisescens,Saguinus imperator,ACCEPTED,saguinus imperator|-8.78|-72.84,False
,S,58,Mammalia,ZEE_MAM,213,,,Brasil,,,,-8.8225,-72.7636111111111,-8.8225,-72.7636111111111,Callitrichidae,,Saguinus,,,subgrisescens,SEMA-Acre,Animalia,Seringal Oriente; Margem direita,,,,,2010-03-08T13:52:53,,,Artigo: Alguns mamíferos do Acre Ocidental - Carvalho C.T. 1957,Primates,,,,,,,,Saguinus imperator subgrisescens,,,imperator,Acre,,-8.8225,-72.7636111111111,,,Saguinus imperator subgrisescens,Saguinus imperator,ACCEPTED,saguinus imperator|-8.82|-72.76,False
,S,266,Mammalia,ZEE_MAM,213,,,Brasil,Assis Brasil,,,-11.0333333333333,-70.25,-11.0333333333333,-70.25,Callitrichidae,,Saguinus,,,,SEMA-Acre,Animalia,ESEC do Rio Acre; Rio Acre,,,,,2010-03-08T13:52:53,,,Artigo: Parks- reserves and primate conservation in Brasilian Amazonia - Rylands A. - Mittermeier R.A. 1982,Primates,,,,,,,,Saguinus labiatus,,,labiatus,Acre,,-11.0333333333333,-70.25,,,Saguinus labiatus,Saguinus labiatus,ACCEPTED,saguinus labiatus|-11.03|-70.25,False
,S,4051,Mammalia,ZEE_MAM,213,,,Brasil,Rio Branco,,,-10.0666666666667,-67.6166666666667,-10.0666666666667,-67.6166666666667,Callitrichidae,,Saguinus,,,,SEMA-Acre,Animalia,Fazenda Experimental Catuaba; Rioa Acre,,,,,2010-03-08T13:52:53,,,Relatório: Estimativa das densidades das espécies de primatas da Fazenda Experimental Catuaba - Chaves W.A. 1999,Primates,,,,,,,,Saguinus labiatus,,,labiatus,Acre,,-10.0666666666667,-67.6166666666667,,,Saguinus labiatus,Saguinus labiatus,ACCEPTED,saguinus labiatus|-10.07|-67.62,False
,S,651,Mammalia,ZEE_MAM,213,,,Brasil,Rio Branco,,,-10.1333333333333,-67.5833333333333,-10.1333333333333,-67.5833333333333,Callitrichidae,,Saguinus,,,,SEMA-Acre,Animalia,Parque Ambiental Chico Mendes; Rioa Acre,,,,,2010-03-08T13:52:53,,,Relatório: Enriquecimento de capoeiras com espécies vegetais utilizadas por primatas - Silva M.C.R. 1998,Primates,,,,,,,,Saguinus labiatus,,,labiatus,Acre,,-10.1333333333333,-67.5833333333333,,,Saguinus labiatus,Saguinus labiatus,ACCEPTED,saguinus labiatus|-10.13|-67.58,False
,S,8331,Mammalia,ZEE_MAM,213,,178429.0,Brasil,Rio Branco,,,-9.97512,-67.810478,-9.97512,-67.810478,Callitrichidae,,Saguinus,,,,SEMA-Acre,Animalia,Rio Branco (Estrada de Xapuri); Rioa Acre,,,,,2010-03-08T13:52:53,,,"Artigo: Malária simiana no Estado do Acre, Brasil: Encontro de macacos zogue-zogue, Callicebus moloch cupreus, infetados com Plasmodium brasilianum - Ferreira Neto J.A.- Deane L.M. - Almeida F.B. 1972",Primates,,,,,,,,Saguinus labiatus,,,labiatus,Acre,,0.0,0.0,,,Saguinus labiatus,Saguinus labiatus,ACCEPTED,saguinus labiatus|-9.98|-67.81,False
,S,444,Mammalia,ZEE_MAM,213,,,Brasil,,,,-10.1833333333333,-67.55,-10.1833333333333,-67.55,Callitrichidae,,Saguinus,,,labiatus,SEMA-Acre,Animalia,Iquiri; Rio Iquiri,,,,,2010-03-08T13:52:53,,,Livro: Livig New World monkeys (Platyrrhini) with an introduction to primates - Hershokovitz P. 1977,Primates,,,,,,,,Saguinus labiatus labiatus,,,labiatus,Acre,,-10.1833333333333,-67.55,,,Saguinus labiatus labiatus,Saguinus labiatus,ACCEPTED,saguinus labiatus|-10.18|-67.55,False
,S,445,Mammalia,ZEE_MAM,213,,,Brasil,,,,-9.96666666666667,-67.8,-9.96666666666667,-67.8,Callitrichidae,,Saguinus,,,labiatus,SEMA-Acre,Animalia,Rio Branco,,,,,2010-03-08T13:52:53,,,Livro: Livig New World monkeys (Platyrrhini) with an introduction to primates - Hershokovitz P. 1977,Primates,,,,,,,,Saguinus labiatus labiatus,,,labiatus,Acre,,-9.96666666666667,-67.8,,,Saguinus labiatus labiatus,Saguinus labiatus,ACCEPTED,saguinus labiatus|-9.97|-67.8,False
,S,484,Mammalia,ZEE_MAM,213,,,Brasil,Bujari,,,-9.33333333333333,-68.25,-9.33333333333333,-68.25,Callitrichidae,,Saguinus,,,imperator,SEMA-Acre,Animalia,Floresta Estadual do Antimary; Rio Antimari,,,,,2010-03-08T13:52:53,,,Livro: Livro vermelho dos mamíferos brasileiros ameaçados de extinção - Fonseca G.A.B.- Rylands A.B.- Costa C.M.R.- Machado R.B. - Leite Y.L.R. 1994,Primates,,,,,,,,Saguinus imperator imperator,,,imperator,Acre,,-9.33333333333333,-68.25,,,Saguinus imperator imperator,Saguinus imperator,ACCEPTED,saguinus imperator|-9.33|-68.25,False
,S,485,Mammalia,ZEE_MAM,213,,,Brasil,Assis Brasil,,,-11.0333333333333,-70.25,-11.0333333333333,-70.25,Callitrichidae,,Saguinus,,,imperator,SEMA-Acre,Animalia,ESEC do Rio Acre; Rio Acre,,,,,2010-03-08T13:52:53,,,Livro: Livro vermelho dos mamíferos brasileiros ameaçados de extinção - Fonseca G.A.B.- Rylands A.B.- Costa C.M.R.- Machado R.B. - Leite Y.L.R. 1994,Primates,,,,,,,,Saguinus imperator imperator,,,imperator,Acre,,-11.0333333333333,-70.25,,,Saguinus imperator imperator,Saguinus imperator,ACCEPTED,saguinus imperator|-11.03|-70.25,False
,S,611,Mammalia,ZEE_MAM,213,,,Brasil,Rio Branco,,,-9.96666666666667,-67.8,-9.96666666666667,-67.8,Callitrichidae,,Saguinus,,,imperator,SEMA-Acre,Animalia,Bairro Sobral; Rioa Acre,,,,,2010-03-08T13:52:53,,,Monografia: Levantamento preliminar de primatas cadastrados pelo IBAMA no município de Rio Branco - AC - Nóbrega M.F. 1997,Primates,,,,,,,,Saguinus imperator imperator,,,imperator,Acre,,-9.96666666666667,-67.8,,,Saguinus imperator imperator,Saguinus imperator,ACCEPTED,saguinus imperator|-9.97|-67.8,False
,S,8,Mammalia,ZEE_MAM,213,,,Brasil,Rio Branco,,,-9.94166666666667,-67.8688888888889,-9.94166666666667,-67.8688888888889,Callitrichidae,,Saguinus,,,imperator,SEMA-Acre,Animalia,Universidade Federal do Acre/Parque Zoobotânico; Rio Acre,,,,,2010-03-08T13:52:53,,,Artigo: On the occorrence of parasites in free-ranging Callitrichids - Santos F.G.A.- Bicca-Marques J.C.- Calegaro-Marques C.- Farias E.M.P - Azevedo M.A.O 1995,Primates,,,,,,,,Saguinus imperator imperator,,,imperator,Acre,,-9.94166666666667,-67.8688888888889,,,Saguinus imperator imperator,Saguinus imperator,ACCEPTED,saguinus imperator|-9.94|-67.87,False
,S,8411,Mammalia,ZEE_MAM,213,,,Brasil,Rio Branco,,,-9.94166666666667,-67.8688888888889,-9.94166666666667,-67.8688888888889,Callitrichidae,,Saguinus,,,imperator,SEMA-Acre,Animalia,Universidade Federal do Acre/Parque Zoobotânico; Rioa Acre,,,,,2010-03-08T13:52:53,,,Artigo: Do female tamarins use visual cues to detect fruit rewards more successfully than do males? - Dominy N.J.- Garber P.A.- Bicca-Marques J.C. - Lopes M.A.O. 2003,Primates,,,,,,,,Saguinus imperator imperator,,,imperator,Acre,,-9.94166666666667,-67.8688888888889,,,Saguinus imperator imperator,Saguinus imperator,ACCEPTED,saguinus imperator|-9.94|-67.87,False
,S,22,Mammalia,ZEE_MAM,213,,,Brasil,Porto Walter,,,-9.41333333333333,-72.725,-9.41333333333333,-72.725,Callitrichidae,,Saguinus,,,subgrisescens,SEMA-Acre,Animalia,Margem esquerda do Rio Juruá - Pontos 2; Rio Juruá,,,,,2010-03-08T13:52:53,,,Artigo: Notes on the primates of the Juruá River- western Brasilian Amazonia - Peres C.A. 1993,Primates,,,,,,,,Saguinus imperator subgrisescens,,,imperator,Acre,,-9.41333333333333,-72.725,,,Saguinus imperator subgrisescens,Saguinus imperator,ACCEPTED,saguinus imperator|-9.41|-72.72,False
,S,411,Mammalia,ZEE_MAM,213,,,Brasil,Assis Brasil,,,-11.0333333333333,-70.25,-11.0333333333333,-70.25,Callitrichidae,,Saguinus,,,imperator,SEMA-Acre,Animalia,ESEC do Rio Acre; Rio Acre,,,,,2010-03-08T13:52:53,,,Livro: The status of conservation areas in the Brasilian Amazon - Rylands A.B. 1991,Primates,,,,,,,,Saguinus imperator imperator,,,imperator,Acre,,-11.0333333333333,-70.25,,,Saguinus imperator imperator,Saguinus imperator,ACCEPTED,saguinus imperator|-11.03|-70.25,False
,S,42,Mammalia,ZEE_MAM,213,,,Brasil,Assis Brasil,,,-11.0166666666667,-68.7333333333333,-11.0166666666667,-68.7333333333333,Callitrichidae,,Saguinus,,,imperator,SEMA-Acre,Animalia,Fronteira com Cobija (Bolívia); Rio Acre- margem esquerda,,,,,2010-03-08T13:52:53,,,Artigo: Races of the emperator tamarin- Saguinus imperator Goeldi (Callitrichidae- Primates) - Hershokovitz P. 1979,Primates,,,,,,,,Saguinus imperator imperator,,,imperator,Acre,,-11.0166666666667,-68.7333333333333,,,Saguinus imperator imperator,Saguinus imperator,ACCEPTED,saguinus imperator|-11.02|-68.73,False
,S,446,Mammalia,ZEE_MAM,213,,,Brasil,,,,-8.82916666666667,-72.775,-8.82916666666667,-72.775,Callitrichidae,,Saguinus,,,imperator,SEMA-Acre,Animalia,Seringal Oriente; Acima do Rio Juruá,,,,,2010-03-08T13:52:53,,,Livro: Livig New World monkeys (Platyrrhini) with an introduction to primates - Hershokovitz P. 1977,Primates,,,,,,,,Saguinus imperator imperator,,,imperator,Acre,,-8.82916666666667,-72.775,,,Saguinus imperator imperator,Saguinus imperator,ACCEPTED,saguinus imperator|-8.83|-72.78,False
,S,447,Mammalia,ZEE_MAM,213,,,Brasil,Manoel Urbano,,,-8.88333333333333,-69.3,-8.88333333333333,-69.3,Callitrichidae,,Saguinus,,,imperator,SEMA-Acre,Animalia,Manoel Urbano; Rio Purus,,,,,2010-03-08T13:52:53,,,Livro: Livig New World monkeys (Platyrrhini) with an introduction to primates - Hershokovitz P. 1977,Primates,,,,,,,,Saguinus imperator imperator,,,imperator,Acre,,-8.88333333333333,-69.3,,,Saguinus imperator imperator,Saguinus imperator,ACCEPTED,saguinus imperator|-8.88|-69.3,False
,S,472,Mammalia,ZEE_MAM,213,,,Brasil,Assis Brasil,,,-11.0333333333333,-70.25,-11.0333333333333,-70.25,Callitrichidae,,Saguinus,,,imperator,SEMA-Acre,Animalia,ESEC do Rio Acre; Rio Acre,,,,,2010-03-08T13:52:53,,,Capítulo de livro: Systematics- geographic distribuition- andsome notes on the conservation status of the Callitrichidae - Rylands A.B.- Coimbra-Filho A.F. - Mittermeier R.A. 1993,Primates,,,,,,,,Saguinus imperator imperator,,,imperator,Acre,,-11.0333333333333,-70.25,,,Saguinus imperator imperator,Saguinus imperator,ACCEPTED,saguinus imperator|-11.03|-70.25,False
,S,479,Mammalia,ZEE_MAM,213,,282365.0,Brasil,Sena Madureira,,,-9.065951,-68.657424,-9.065951,-68.657424,Callitrichidae,,Saguinus,,,imperator,SEMA-Acre,Animalia,São Domingos,,,,,2010-03-08T13:52:53,,,Livro: Livro vermelho dos mamíferos brasileiros ameaçados de extinção - Fonseca G.A.B.- Rylands A.B.- Costa C.M.R.- Machado R.B. - Leite Y.L.R. 1994,Primates,,,,,,,,Saguinus imperator imperator,,,imperator,Acre,,0.0,0.0,,,Saguinus imperator imperator,Saguinus imperator,ACCEPTED,saguinus imperator|-9.07|-68.66,False
,S,480,Mammalia,ZEE_MAM,213,,,Brasil,,,,-10.0,-69.75,-10.0,-69.75,Callitrichidae,,Saguinus,,,imperator,SEMA-Acre,Animalia,FLONA Macauã; Rio Macauã- afluente do Rio Iaco componente da bacia do Rio Purus,,,,,2010-03-08T13:52:53,,,Livro: Livro vermelho dos mamíferos brasileiros ameaçados de extinção - Fonseca G.A.B.- Rylands A.B.- Costa C.M.R.- Machado R.B. - Leite Y.L.R. 1994,Primates,,,,,,,,Saguinus imperator imperator,,,imperator,Acre,,-10.0,-69.75,,,Saguinus imperator imperator,Saguinus imperator,ACCEPTED,saguinus imperator|-10.0|-69.75,False
,S,8149,Mammalia,ZEE_MAM,213,,,Brasil,Bujari,,,-9.53333333333333,-68.0333333333333,-9.53333333333333,-68.0333333333333,Callitrichidae,,Saguinus,,,,SEMA-Acre,Animalia,Floresta Estadual do Antimary; Rio Antimari,,,,,2010-03-08T13:52:45,,,"Artigo: Caracterização de habitats para monitoramento de primatas na Floresta Estadual de Antimary (Acre, Brasil) - Calouro A.M. - Pires J.S.R. 2004",Primates,,,,,,,,Saguinus imperator,,,imperator,Acre,,-9.53333333333333,-68.0333333333333,,,Saguinus imperator,Saguinus imperator,ACCEPTED,saguinus imperator|-9.53|-68.03,False
,S,8328,Mammalia,ZEE_MAM,213,,178429.0,Brasil,Rio Branco,,,-9.97512,-67.810478,-9.97512,-67.810478,Callitrichidae,,Saguinus,,,,SEMA-Acre,Animalia,Rio Branco (Estrada de Porto Acre); Rioa Acre,,,,,2010-03-08T13:52:45,,,"Artigo: Malária simiana no Estado do Acre, Brasil: Encontro de macacos zogue-zogue, Callicebus moloch cupreus, infetados com Plasmodium brasilianum - Ferreira Neto J.A.- Deane L.M. - Almeida F.B. 1972",Primates,,,,,,,,Saguinus imperator,,,imperator,Acre,,0.0,0.0,,,Saguinus imperator,Saguinus imperator,ACCEPTED,saguinus imperator|-9.98|-67.81,False
,S,11,Mammalia,ZEE_MAM,213,,,Brasil,Rio Branco,,,-9.94166666666667,-67.8688888888889,-9.94166666666667,-67.8688888888889,Callitrichidae,,Saguinus,,,imperator,SEMA-Acre,Animalia,Universidade Federal do Acre/Parque Zoobotânico; Rio Acre,,,,,2010-03-08T13:52:45,,,Artigo: Ecology and social relations of the black-chinned emperor tamarin - Calegaro-Marques C. - Bicca-Marques J.C. 1994,Primates,,,,,,,,Saguinus imperator imperator,,,imperator,Acre,,-9.94166666666667,-67.8688888888889,,,Saguinus imperator imperator,Saguinus imperator,ACCEPTED,saguinus imperator|-9.94|-67.87,False
,S,337,Mammalia,ZEE_MAM,213,,,Brasil,Rio Branco,,,-9.94166666666667,-67.8688888888889,-9.94166666666667,-67.8688888888889,Callitrichidae,,Saguinus,,,imperator,SEMA-Acre,Animalia,Universidade Federal do Acre/Parque Zoobotânico; Rioa Acre,,,,,2010-03-08T13:52:45,,,Artigo: Reaction of wild emperor tamarins to the presence of a snake - Nunes C.A.- Bicca-Marques J.C.- Schacht K. - Araripe A.C.A. 1998,Primates,,,,,,,,Saguinus imperator imperator,,,imperator,Acre,,-9.94166666666667,-67.8688888888889,,,Saguinus imperator imperator,Saguinus imperator,ACCEPTED,saguinus imperator|-9.94|-67.87,False
,S,9,Mammalia,ZEE_MAM,213,,,Brasil,Rio Branco,,,-9.94166666666667,-67.8688888888889,-9.94166666666667,-67.8688888888889,Callitrichidae,,Saguinus,,,weddelii,SEMA-Acre,Animalia,Universidade Federal do Acre/Parque Zoobotânico; Rio Acre,,,,,2010-03-08T13:52:45,,,Artigo: On the occorrence of parasites in free-ranging Callitrichids - Santos F.G.A.- Bicca-Marques J.C.- Calegaro-Marques C.- Farias E.M.P - Azevedo M.A.O 1995,Primates,,,,,,,,Saguinus fuscicollis weddelii,,,fuscicollis,Acre,,-9.94166666666667,-67.8688888888889,,,Saguinus fuscicollis weddelii,Leontocebus fuscicollis,SYNONYM,leontocebus fuscicollis|-9.94|-67.87,False
,S,361,Mammalia,ZEE_MAM,213,,,Brasil,Rio Branco,,,-9.94166666666667,-67.8688888888889,-9.94166666666667,-67.8688888888889,Callitrichidae,,Saguinus,,,imperator,SEMA-Acre,Animalia,Universidade Federal do Acre/Parque Zoobotânico; Rioa Acre,,,,,2010-03-08T13:52:45,,,Artigo: Medidas morfométricas de Saguinus imperator imperator e Saguinus fuscicollis weddelli (Callitrichidae- Primates) em ambiente natural - Bicca-Marques J.C.- Calegaro-Marques C.- Farias E.M.P.- Azevedo M.A.O - Santos F.G.A. 1997,Primates,,,,,,,,Saguinus imperator imperator,,,imperator,Acre,,-9.94166666666667,-67.8688888888889,,,Saguinus imperator imperator,Saguinus imperator,ACCEPTED,saguinus imperator|-9.94|-67.87,False
,S,40,Mammalia,ZEE_MAM,213,,,Brasil,Manoel Urbano,,,-8.88333333333333,-69.3,-8.88333333333333,-69.3,Callitrichidae,,Saguinus,,,imperator,SEMA-Acre,Animalia,Manoel Urbano; Rio Purus,,,,,2010-03-08T13:52:45,,,Artigo: Races of the emperator tamarin- Saguinus imperator Goeldi (Callitrichidae- Primates) - Hershokovitz P. 1979,Primates,,,,,,,,Saguinus imperator imperator,,,imperator,Acre,,-8.88333333333333,-69.3,,,Saguinus imperator imperator,Saguinus imperator,ACCEPTED,saguinus imperator|-8.88|-69.3,False
,S,438,Mammalia,ZEE_MAM,213,,,Brasil,,,,-10.65,-68.5,-10.65,-68.5,Callitrichidae,,Saguinus,,,weddelii,SEMA-Acre,Animalia,Rio Xapuri; Rio Xapuri- acima do Rio Purus,,,,,2010-03-08T13:52:45,,,Livro: Livig New World monkeys (Platyrrhini) with an introduction to primates - Hershokovitz P. 1977,Primates,,,,,,,,Saguinus fuscicollis weddelii,,,fuscicollis,Acre,,-10.65,-68.5,,,Saguinus fuscicollis weddelii,Leontocebus fuscicollis,SYNONYM,leontocebus fuscicollis|-10.65|-68.5,False
,S,439,Mammalia,ZEE_MAM,213,,,Brasil,,,,-10.1833333333333,-67.55,-10.1833333333333,-67.55,Callitrichidae,,Saguinus,,,weddelii,SEMA-Acre,Animalia,Iquiri; Rio Iquiri,,,,,2010-03-08T13:52:45,,,Livro: Livig New World monkeys (Platyrrhini) with an introduction to primates - Hershokovitz P. 1977,Primates,,,,,,,,Saguinus fuscicollis weddelii,,,fuscicollis,Acre,,-10.1833333333333,-67.55,,,Saguinus fuscicollis weddelii,Leontocebus fuscicollis,SYNONYM,leontocebus fuscicollis|-10.18|-67.55,False
,S,8379,Mammalia,ZEE_MAM,213,,,Brasil,Rio Branco,,,-9.94166666666667,-67.8688888888889,-9.94166666666667,-67.8688888888889,Callitrichidae,,Saguinus,,,weddelii,SEMA-Acre,Animalia,Universidade Federal do Acre/Parque Zoobotânico; Rioa Acre,,,,,2010-03-08T13:52:45,,,Resumo: Regras individuais de forrageio em Saguinus imperator imperator e Saguinus fuscicollis weddelli - Nunes A.M. - Bicca-Marques J.C. 2005,Primates,,,,,,,,Saguinus fuscicollis weddelii,,,fuscicollis,Acre,,-9.94166666666667,-67.8688888888889,,,Saguinus fuscicollis weddelii,Leontocebus fuscicollis,SYNONYM,leontocebus fuscicollis|-9.94|-67.87,False
,S,436,Mammalia,ZEE_MAM,213,,,Brasil,,,,-8.82916666666667,-72.775,-8.82916666666667,-72.775,Callitrichidae,,Saguinus,,,melanoleucus,SEMA-Acre,Animalia,Seringal Oriente,,,,,2010-03-08T13:52:45,,,Livro: Livig New World monkeys (Platyrrhini) with an introduction to primates - Hershokovitz P. 1977,Primates,,,,,,,,Saguinus fuscicollis melanoleucus,,,fuscicollis,Acre,,-8.82916666666667,-72.775,,,Saguinus fuscicollis melanoleucus,Leontocebus weddelli,SYNONYM,leontocebus weddelli|-8.83|-72.78,False
,S,442,Mammalia,ZEE_MAM,213,,,Brasil,,,,-7.61666666666667,-72.6,-7.61666666666667,-72.6,Callitrichidae,,Saguinus,,,melanoleucus,SEMA-Acre,Animalia,,,,,,2010-03-08T13:52:45,,,Livro: Livig New World monkeys (Platyrrhini) with an introduction to primates - Hershokovitz P. 1977,Primates,,,,,,,,Saguinus fuscicollis melanoleucus,,,fuscicollis,Acre,,-7.61666666666667,-72.6,,,Saguinus fuscicollis melanoleucus,Leontocebus weddelli,SYNONYM,leontocebus weddelli|-7.62|-72.6,False
,S,575,Mammalia,ZEE_MAM,213,,,Brasil,Cruzeiro do Sul,,,-7.43166666666667,-73.6611111111111,-7.43166666666667,-73.6611111111111,Callitrichidae,,Saguinus,,,melanoleucus,SEMA-Acre,Animalia,Parque Nacional da Serra do Divisor; Foz do Rio Juruá Mirim,,,,,2010-03-08T13:52:45,,,"Artigo : Riqueza de mamíferos de grande e médio porte do Parque Nacional da Serra do Divisor (Acre, Brasil) - Calouro A.M. 1999",Primates,,,,,,,,Saguinus fuscicollis melanoleucus,,,fuscicollis,Acre,,-7.43166666666667,-73.6611111111111,,,Saguinus fuscicollis melanoleucus,Leontocebus weddelli,SYNONYM,leontocebus weddelli|-7.43|-73.66,False
,S,60,Mammalia,ZEE_MAM,213,,,Brasil,,,,-8.78388888888889,-72.8383333333333,-8.78388888888889,-72.8383333333333,Callitrichidae,,Saguinus,,,melanoleucus,SEMA-Acre,Animalia,Pedra Preta- abaixo da Vila Taumaturgo; Alto Rio Juruá- margem direita,,,,,2010-03-08T13:52:45,,,Artigo: Alguns mamíferos do Acre Ocidental - Carvalho C.T. 1957,Primates,,,,,,,,Saguinus fuscicollis melanoleucus,,,fuscicollis,Acre,,-8.78388888888889,-72.8383333333333,,,Saguinus fuscicollis melanoleucus,Leontocebus weddelli,SYNONYM,leontocebus weddelli|-8.78|-72.84,False
,S,8006,Mammalia,ZEE_MAM,213,,,Brasil,Marechal Thaumaturgo,,,-8.8,-72.8166666666667,-8.8,-72.8166666666667,Callitrichidae,,Saguinus,,,melanoleucus,SEMA-Acre,Animalia,Pedra Preta- 15 km ao norte de Vila Taumaturgo; Acima do Rio Juruá,,,,,2010-03-08T13:52:45,,,Artigo: Nova subespécie de saguim da Amazônia - Carvalho C.T. 1957,Primates,,,,,,,,Saguinus fuscicollis melanoleucus,,,fuscicollis,Acre,,-8.8,-72.8166666666667,,,Saguinus fuscicollis melanoleucus,Leontocebus weddelli,SYNONYM,leontocebus weddelli|-8.8|-72.82,False
,S,8201,Mammalia,ZEE_MAM,213,,,Brasil,,,,-8.66666666666667,-72.7833333333333,-8.66666666666667,-72.7833333333333,Callitrichidae,,Saguinus,,,melanoleucus,SEMA-Acre,Animalia,,,,,,2010-03-08T13:52:45,,,Artigo: Primate community structure at twenty western Amazonian flooded and unflooded forests - Peres C.A. 1997,Primates,,,,,,,,Saguinus fuscicollis melanoleucus,,,fuscicollis,Acre,,-8.66666666666667,-72.7833333333333,,,Saguinus fuscicollis melanoleucus,Leontocebus weddelli,SYNONYM,leontocebus weddelli|-8.67|-72.78,False
,S,12,Mammalia,ZEE_MAM,213,,,Brasil,Rio Branco,,,-9.94166666666667,-67.8688888888889,-9.94166666666667,-67.8688888888889,Callitrichidae,,Saguinus,,,weddelii,SEMA-Acre,Animalia,Universidade Federal do Acre/Parque Zoobotânico; Rio Acre,,,,,2010-03-08T13:52:45,,,Artigo: Ecology and social relations of the black-chinned emperor tamarin - Calegaro-Marques C. - Bicca-Marques J.C. 1994,Primates,,,,,,,,Saguinus fuscicollis weddelii,,,fuscicollis,Acre,,-9.94166666666667,-67.8688888888889,,,Saguinus fuscicollis weddelii,Leontocebus fuscicollis,SYNONYM,leontocebus fuscicollis|-9.94|-67.87,False
,S,16,Mammalia,ZEE_MAM,213,,,Brasil,Rio Branco,,,-9.94166666666667,-67.8688888888889,-9.94166666666667,-67.8688888888889,Callitrichidae,,Saguinus,,,weddelii,SEMA-Acre,Animalia,Universidade Federal do Acre/Parque Zoobotânico; Rio Acre,,,,,2010-03-08T13:52:45,,,Relatório: Percepção- cognição e aprendizagem associados ao forrageamento por primatas neotropicais noturnos e diurnos - Bicca-Marques J.C. 1997,Primates,,,,,,,,Saguinus fuscicollis weddelii,,,fuscicollis,Acre,,-9.94166666666667,-67.8688888888889,,,Saguinus fuscicollis weddelii,Leontocebus fuscicollis,SYNONYM,leontocebus fuscicollis|-9.94|-67.87,False
,S,167,Mammalia,ZEE_MAM,213,,,Brasil,Assis Brasil,,,-11.0333333333333,-70.25,-11.0333333333333,-70.25,Callitrichidae,,Saguinus,,,weddelii,SEMA-Acre,Animalia,ESEC do Rio Acre; Rio Acre,,,,,2010-03-08T13:52:45,,,Artigo: Conservation areas protecting primates in Brasilian Amazonia - Rylands A.B. 1985,Primates,,,,,,,,Saguinus fuscicollis weddelii,,,fuscicollis,Acre,,-11.0333333333333,-70.25,,,Saguinus fuscicollis weddelii,Leontocebus fuscicollis,SYNONYM,leontocebus fuscicollis|-11.03|-70.25,False
,S,338,Mammalia,ZEE_MAM,213,,,Brasil,Rio Branco,,,-9.94166666666667,-67.8688888888889,-9.94166666666667,-67.8688888888889,Callitrichidae,,Saguinus,,,weddelii,SEMA-Acre,Animalia,Universidade Federal do Acre/Parque Zoobotânico; Rioa Acre,,,,,2010-03-08T13:52:45,,,Artigo: Reaction of wild emperor tamarins to the presence of a snake - Nunes C.A.- Bicca-Marques J.C.- Schacht K. - Araripe A.C.A. 1998,Primates,,,,,,,,Saguinus fuscicollis weddelii,,,fuscicollis,Acre,,-9.94166666666667,-67.8688888888889,,,Saguinus fuscicollis weddelii,Leontocebus fuscicollis,SYNONYM,leontocebus fuscicollis|-9.94|-67.87,False
,S,341,Mammalia,ZEE_MAM,213,,,Brasil,Rio Branco,,,-9.94166666666667,-67.8688888888889,-9.94166666666667,-67.8688888888889,Callitrichidae,,Saguinus,,,weddelii,SEMA-Acre,Animalia,Universidade Federal do Acre/Parque Zoobotânico; Rioa Acre,,,,,2010-03-08T13:52:45,,,Artigo: On the capture of titi monkeys (Callicebus cupreus) using the peruvian method - Silveira G.- Bicca-Marques J.C - Nunes C.A. 1998,Primates,,,,,,,,Saguinus fuscicollis weddelii,,,fuscicollis,Acre,,-9.94166666666667,-67.8688888888889,,,Saguinus fuscicollis weddelii,Leontocebus fuscicollis,SYNONYM,leontocebus fuscicollis|-9.94|-67.87,False
,S,344,Mammalia,ZEE_MAM,213,,,Brasil,Rio Branco,,,-9.94166666666667,-67.8688888888889,-9.94166666666667,-67.8688888888889,Callitrichidae,,Saguinus,,,weddelii,SEMA-Acre,Animalia,Universidade Federal do Acre/Parque Zoobotânico; Rioa Acre,,,,,2010-03-08T13:52:45,,,Artigo: Preliminary observations on handedness in wild tamarins (Saguinus spp.) and titi monkeys (Callicebus cupreus) - Bicca-Marques J.C.- Nunes C.A. - Schacht K. 1998,Primates,,,,,,,,Saguinus fuscicollis weddelii,,,fuscicollis,Acre,,-9.94166666666667,-67.8688888888889,,,Saguinus fuscicollis weddelii,Leontocebus fuscicollis,SYNONYM,leontocebus fuscicollis|-9.94|-67.87,False
,S,462,Mammalia,ZEE_MAM,213,,,Brasil,,,,-7.64777777777778,-72.67,-7.64777777777778,-72.67,Callitrichidae,,Saguinus,,,acrensis,SEMA-Acre,Animalia,,,,,,2010-03-08T13:52:45,,,Capítulo de livro: Systematics- geographic distribuition- andsome notes on the conservation status of the Callitrichidae - Rylands A.B.- Coimbra-Filho A.F. - Mittermeier R.A. 1993,Primates,,,,,,,,Saguinus fuscicollis acrensis,,,fuscicollis,Acre,,-7.64777777777778,-72.67,,,Saguinus fuscicollis acrensis,Leontocebus weddelli,HETEROTYPIC_SYNONYM,leontocebus weddelli|-7.65|-72.67,False
,S,23,Mammalia,ZEE_MAM,213,,,Brasil,,,,-9.41277777777778,-72.72,-9.41277777777778,-72.72,Callitrichidae,,Saguinus,,,fuscicollis,SEMA-Acre,Animalia,Margem esquerda do Rio Juruá - Ponto 4; Rio Juruá,,,,,2010-03-08T13:52:45,,,Artigo: Notes on the primates of the Juruá River- western Brasilian Amazonia - Peres C.A. 1993,Primates,,,,,,,,Saguinus fuscicollis fuscicollis,,,fuscicollis,Acre,,-9.41277777777778,-72.72,,,Saguinus fuscicollis fuscicollis,Leontocebus fuscicollis,SYNONYM,leontocebus fuscicollis|-9.41|-72.72,False
,S,35,Mammalia,ZEE_MAM,213,,,Brasil,,,,-8.36666666666667,-72.8166666666667,-8.36666666666667,-72.8166666666667,Callitrichidae,,Saguinus,,,fuscicollis,SEMA-Acre,Animalia,Seringal Sobral; Margem esquerda do Rio Juruá,,,,,2010-03-08T13:52:45,,,Artigo: Riverine barriers and gene flow in Amazonian saddle-black tamarins - Peres C.A.- Patton J.L. - Silva M.N.F. 1996,Primates,,,,,,,,Saguinus fuscicollis fuscicollis,,,fuscicollis,Acre,,-8.36666666666667,-72.8166666666667,,,Saguinus fuscicollis fuscicollis,Leontocebus fuscicollis,SYNONYM,leontocebus fuscicollis|-8.37|-72.82,True
,S,36,Mammalia,ZEE_MAM,213,,,Brasil,,,,-8.56666666666667,-72.8,-8.56666666666667,-72.8,Callitrichidae,,Saguinus,,,fuscicollis,SEMA-Acre,Animalia,Ocidente contrário; Margem esquerda do Rio Juruá,,,,,2010-03-08T13:52:45,,,Artigo: Riverine barriers and gene flow in Amazonian saddle-black tamarins - Peres C.A.- Patton J.L. - Silva M.N.F. 1996,Primates,,,,,,,,Saguinus fuscicollis fuscicollis,,,fuscicollis,Acre,,-8.56666666666667,-72.8,,,Saguinus fuscicollis fuscicollis,Leontocebus fuscicollis,SYNONYM,leontocebus fuscicollis|-8.57|-72.8,True
,S,519,Mammalia,ZEE_MAM,213,,,Brasil,Cruzeiro do Sul,,,-7.50611111111111,-73.7013888888889,-7.50611111111111,-73.7013888888889,Callitrichidae,,Saguinus,,,fuscicollis,SEMA-Acre,Animalia,Parque Nacional da Serra do Divisor,,,,,2010-03-08T13:52:45,,,"Artigo : Riqueza de mamíferos de grande e médio porte do Parque Nacional da Serra do Divisor (Acre, Brasil) - Calouro A.M. 1999",Primates,,,,,,,,Saguinus fuscicollis fuscicollis,,,fuscicollis,Acre,,-7.50611111111111,-73.7013888888889,,,Saguinus fuscicollis fuscicollis,Leontocebus fuscicollis,SYNONYM,leontocebus fuscicollis|-7.51|-73.7,False
,S,8212,Mammalia,ZEE_MAM,213,,,Brasil,,,,-8.36666666666667,-72.8166666666667,-8.36666666666667,-72.8166666666667,Callitrichidae,,Saguinus,,,fuscicollis,SEMA-Acre,Animalia,,,,,,2010-03-08T13:52:45,,,Artigo: Primate community structure at twenty western Amazonian flooded and unflooded forests - Peres C.A. 1997,Primates,,,,,,,,Saguinus fuscicollis fuscicollis,,,fuscicollis,Acre,,-8.36666666666667,-72.8166666666667,,,Saguinus fuscicollis fuscicollis,Leontocebus fuscicollis,SYNONYM,leontocebus fuscicollis|-8.37|-72.82,True
,S,24,Mammalia,ZEE_MAM,213,,,Brasil,Marechal Thaumaturgo,,,-9.41277777777778,-72.7213888888889,-9.41277777777778,-72.7213888888889,Callitrichidae,,Saguinus,,,melanoleucus,SEMA-Acre,Animalia,Margem direita do Rio Juruá - Ponto 3; Alto Juruá e acima do Rio Tarauacá,,,,,2010-03-08T13:52:45,,,Artigo: Notes on the primates of the Juruá River- western Brasilian Amazonia - Peres C.A. 1993,Primates,,,,,,,,Saguinus fuscicollis melanoleucus,,,fuscicollis,Acre,,-9.41277777777778,-72.7213888888889,,,Saguinus fuscicollis melanoleucus,Leontocebus weddelli,SYNONYM,leontocebus weddelli|-9.41|-72.72,False
,S,39,Mammalia,ZEE_MAM,213,,,Brasil,,,,-8.56666666666667,-72.8,-8.56666666666667,-72.8,Callitrichidae,,Saguinus,,,melanoleucus,SEMA-Acre,Animalia,Rio Juruá; Margem direita do Rio Juruá- Rio Tarauacá,,,,,2010-03-08T13:52:45,,,Artigo: Riverine barriers and gene flow in Amazonian saddle-black tamarins - Peres C.A.- Patton J.L. - Silva M.N.F. 1996,Primates,,,,,,,,Saguinus fuscicollis melanoleucus,,,fuscicollis,Acre,,-8.56666666666667,-72.8,,,Saguinus fuscicollis melanoleucus,Leontocebus weddelli,SYNONYM,leontocebus weddelli|-8.57|-72.8,False
,S,3942,Mammalia,ZEE_MAM,213,,,Brasil,Cruzeiro do Sul,,,-8.28083333333333,-73.2536111111111,-8.28083333333333,-73.2536111111111,Callitrichidae,,Saguinus,,,,SEMA-Acre,Animalia,Parque Nacional da Serra do Divisor,,,,,2010-03-08T13:52:45,,,"Artigo : Riqueza de mamíferos de grande e médio porte do Parque Nacional da Serra do Divisor (Acre, Brasil) - Calouro A.M. 1999",Primates,,,,,,,,Saguinus fuscicollis,,,fuscicollis,Acre,,-8.28083333333333,-73.2536111111111,,,Saguinus fuscicollis,Leontocebus fuscicollis,SYNONYM,leontocebus fuscicollis|-8.28|-73.25,False
,S,799,Mammalia,ZEE_MAM,213,,,Brasil,Sena Madureira,,,-10.0,-69.75,-10.0,-69.75,Callitrichidae,,Saguinus,,,,SEMA-Acre,Animalia,FLONA Macauã; Rio Macauã- afluente do Rio Iaco componente da bacia do Rio Purus,,,,,2010-03-08T13:52:45,,,Relatório: Contribuição ao programa de manejo de uso múltiplo da Floresta Nacional do Macauã - CTA- IBAMA - ITTO 1998,Primates,,,,,,,,Saguinus fuscicollis,,,fuscicollis,Acre,,-10.0,-69.75,,,Saguinus fuscicollis,Leontocebus fuscicollis,SYNONYM,leontocebus fuscicollis|-10.0|-69.75,False
,S,394,Mammalia,ZEE_MAM,213,,,Brasil,Cruzeiro do Sul,,,-7.50611111111111,-73.7013888888889,-7.50611111111111,-73.7013888888889,Callitrichidae,,Saguinus,,,,SEMA-Acre,Animalia,Parque Nacional da Serra do Divisor,,,,,2010-03-08T13:52:45,,,Livro: The status of conservation areas in the Brasilian Amazon - Rylands A.B. 1991,Primates,,,,,,,,Saguinus fuscicollis,,,fuscicollis,Acre,,-7.50611111111111,-73.7013888888889,,,Saguinus fuscicollis,Leontocebus fuscicollis,SYNONYM,leontocebus fuscicollis|-7.51|-73.7,False
,S,1096,Mammalia,ZEE_MAM,213,,124133.0,Brasil,Cruzeiro do Sul,,,-7.631498,-72.67049,-7.631498,-72.67049,Callitrichidae,,Saguinus,,,acrensis,SEMA-Acre,Animalia,Lagoinha- BR-364; Igarapé do Croa,,,,,2010-03-08T13:52:45,,,Relatório: Estudo da distribuição geográfica de espécies de mamíferos como subsídio para o zoneamento agroecológico do Estado do Acre - IMAC 1992,Primates,,,,,,,,Saguinus fuscicollis acrensis,,,fuscicollis,Acre,,0.0,0.0,,,Saguinus fuscicollis acrensis,Leontocebus weddelli,HETEROTYPIC_SYNONYM,leontocebus weddelli|-7.63|-72.67,False
,S,264,Mammalia,ZEE_MAM,213,,,Brasil,Assis Brasil,,,-11.0333333333333,-70.25,-11.0333333333333,-70.25,Callitrichidae,,Saguinus,,,,SEMA-Acre,Animalia,ESEC do Rio Acre; Rio Acre,,,,,2010-03-08T13:52:45,,,Artigo: Parks- reserves and primate conservation in Brasilian Amazonia - Rylands A. - Mittermeier R.A. 1982,Primates,,,,,,,,Saguinus fuscicollis,,,fuscicollis,Acre,,-11.0333333333333,-70.25,,,Saguinus fuscicollis,Leontocebus fuscicollis,SYNONYM,leontocebus fuscicollis|-11.03|-70.25,False
,S,3934,Mammalia,ZEE_MAM,213,,,Brasil,Cruzeiro do Sul,,,-7.44333333333333,-73.6744444444444,-7.44333333333333,-73.6744444444444,Callitrichidae,,Saguinus,,,,SEMA-Acre,Animalia,Parque Nacional da Serra do Divisor,,,,,2010-03-08T13:52:45,,,"Artigo : Riqueza de mamíferos de grande e médio porte do Parque Nacional da Serra do Divisor (Acre, Brasil) - Calouro A.M. 1999",Primates,,,,,,,,Saguinus fuscicollis,,,fuscicollis,Acre,,-7.44333333333333,-73.6744444444444,,,Saguinus fuscicollis,Leontocebus fuscicollis,SYNONYM,leontocebus fuscicollis|-7.44|-73.67,False
,S,3936,Mammalia,ZEE_MAM,213,,,Brasil,Cruzeiro do Sul,,,-7.45638888888889,-73.6380555555556,-7.45638888888889,-73.6380555555556,Callitrichidae,,Saguinus,,,,SEMA-Acre,Animalia,Parque Nacional da Serra do Divisor,,,,,2010-03-08T13:52:45,,,"Artigo : Riqueza de mamíferos de grande e médio porte do Parque Nacional da Serra do Divisor (Acre, Brasil) - Calouro A.M. 1999",Primates,,,,,,,,Saguinus fuscicollis,,,fuscicollis,Acre,,-7.45638888888889,-73.6380555555556,,,Saguinus fuscicollis,Leontocebus fuscicollis,SYNONYM,leontocebus fuscicollis|-7.46|-73.64,False
,S,3939,Mammalia,ZEE_MAM,213,,,Brasil,Cruzeiro do Sul,,,-8.86027777777778,-72.8722222222222,-8.86027777777778,-72.8722222222222,Callitrichidae,,Saguinus,,,,SEMA-Acre,Animalia,Parque Nacional da Serra do Divisor,,,,,2010-03-08T13:52:45,,,"Artigo : Riqueza de mamíferos de grande e médio porte do Parque Nacional da Serra do Divisor (Acre, Brasil) - Calouro A.M. 1999",Primates,,,,,,,,Saguinus fuscicollis,,,fuscicollis,Acre,,-8.86027777777778,-72.8722222222222,,,Saguinus fuscicollis,Leontocebus fuscicollis,SYNONYM,leontocebus fuscicollis|-8.86|-72.87,False
,S,3940,Mammalia,ZEE_MAM,213,,,Brasil,Cruzeiro do Sul,,,-8.55833333333333,-72.8833333333333,-8.55833333333333,-72.8833333333333,Callitrichidae,,Saguinus,,,,SEMA-Acre,Animalia,Parque Nacional da Serra do Divisor,,,,,2010-03-08T13:52:45,,,"Artigo : Riqueza de mamíferos de grande e médio porte do Parque Nacional da Serra do Divisor (Acre, Brasil) - Calouro A.M. 1999",Primates,,,,,,,,Saguinus fuscicollis,,,fuscicollis,Acre,,-8.55833333333333,-72.8833333333333,,,Saguinus fuscicollis,Leontocebus fuscicollis,SYNONYM,leontocebus fuscicollis|-8.56|-72.88,False
,S,3941,Mammalia,ZEE_MAM,213,,,Brasil,Cruzeiro do Sul,,,-8.40527777777778,-72.8577777777778,-8.40527777777778,-72.8577777777778,Callitrichidae,,Saguinus,,,,SEMA-Acre,Animalia,Parque Nacional da Serra do Divisor,,,,,2010-03-08T13:52:45,,,"Artigo : Riqueza de mamíferos de grande e médio porte do Parque Nacional da Serra do Divisor (Acre, Brasil) - Calouro A.M. 1999",Primates,,,,,,,,Saguinus fuscicollis,,,fuscicollis,Acre,,-8.40527777777778,-72.8577777777778,,,Saguinus fuscicollis,Leontocebus fuscicollis,SYNONYM,leontocebus fuscicollis|-8.41|-72.86,False
,S,8326,Mammalia,ZEE_MAM,213,,178429.0,Brasil,Rio Branco,,,-9.97512,-67.810478,-9.97512,-67.810478,Callitrichidae,,Cebuella,,,,SEMA-Acre,Animalia,Rio Branco (Estrada de Porto Acre); Rioa Acre,,,,,2010-03-08T13:52:45,,,"Artigo: Malária simiana no Estado do Acre, Brasil: Encontro de macacos zogue-zogue, Callicebus moloch cupreus, infetados com Plasmodium brasilianum - Ferreira Neto J.A.- Deane L.M. - Almeida F.B. 1972",Primates,,,,,,,,Cebuella pygmaea,,,pygmaea,Acre,,0.0,0.0,,,Cebuella pygmaea,Cebuella pygmaea,ACCEPTED,cebuella pygmaea|-9.98|-67.81,False
,S,8413,Mammalia,ZEE_MAM,213,,,Brasil,Rio Branco,,,-9.94166666666667,-67.8688888888889,-9.94166666666667,-67.8688888888889,Callitrichidae,,Cebuella,,,,SEMA-Acre,Animalia,Universidade Federal do Acre/Parque Zoobotânico; Rioa Acre,,,,,2010-03-08T13:52:45,,,Artigo: Do female tamarins use visual cues to detect fruit rewards more successfully than do males? - Dominy N.J.- Garber P.A.- Bicca-Marques J.C. - Lopes M.A.O. 2003,Primates,,,,,,,,Cebuella pygmaea,,,pygmaea,Acre,,-9.94166666666667,-67.8688888888889,,,Cebuella pygmaea,Cebuella pygmaea,ACCEPTED,cebuella pygmaea|-9.94|-67.87,False
,S,336,Mammalia,ZEE_MAM,213,,,Brasil,,,,-10.2666666666667,-69.1527777777778,-10.2666666666667,-69.1527777777778,Callitrichidae,,Cebuella,,,niveiventris,SEMA-Acre,Animalia,Rio Abunã; Rio Abunã,,,,,2010-03-08T13:52:45,,,Artigo: An eastern extension of the geographical range of the pygmy marmoset- Cebuella pygmaea - Von Roosmalen M.G.M 1997,Primates,,,,,,,,Cebuella pygmaea niveiventris,,,pygmaea,Acre,,-10.2666666666667,-69.1527777777778,,,Cebuella pygmaea niveiventris,Cebuella niveiventris,SYNONYM,cebuella niveiventris|-10.27|-69.15,False
,S,711,Mammalia,ZEE_MAM,213,,178429.0,Brasil,Rio Branco,,,-9.97512,-67.810478,-9.97512,-67.810478,Callitrichidae,,Cebuella,,,,SEMA-Acre,Animalia,Estrada Dias Martins- km 12- lado esquerdo; Rioa Acre,,,,,2010-03-08T13:52:45,,,Monografia: Distribuição de primatas não-humanos no Estado do Acre e vizinhanças: um estudo preliminar - Fernandes M.C.A.G. 1990,Primates,,,,,,,,Cebuella pygmaea,,,pygmaea,Acre,,0.0,0.0,,,Cebuella pygmaea,Cebuella pygmaea,ACCEPTED,cebuella pygmaea|-9.98|-67.81,False
,S,713,Mammalia,ZEE_MAM,213,,,Brasil,,,,-9.31666666666667,-71.9,-9.31666666666667,-71.9,Callitrichidae,,Cebuella,,,,SEMA-Acre,Animalia,Terra Indígena Kaxinawá; Alto Purus,,,,,2010-03-08T13:52:45,,,Monografia: Distribuição de primatas não-humanos no Estado do Acre e vizinhanças: um estudo preliminar - Fernandes M.C.A.G. 1990,Primates,,,,,,,,Cebuella pygmaea,,,pygmaea,Acre,,-9.31666666666667,-71.9,,,Cebuella pygmaea,Cebuella pygmaea,ACCEPTED,cebuella pygmaea|-9.32|-71.9,False
,S,714,Mammalia,ZEE_MAM,213,,170168.0,Brasil,Tarauacá,,,-8.161779,-70.766041,-8.161779,-70.766041,Callitrichidae,,Cebuella,,,,SEMA-Acre,Animalia,Terra Indígena; Rio Gregório,,,,,2010-03-08T13:52:45,,,Monografia: Distribuição de primatas não-humanos no Estado do Acre e vizinhanças: um estudo preliminar - Fernandes M.C.A.G. 1990,Primates,,,,,,,,Cebuella pygmaea,,,pygmaea,Acre,,0.0,0.0,,,Cebuella pygmaea,Cebuella pygmaea,ACCEPTED,cebuella pygmaea|-8.16|-70.77,False
,S,719,Mammalia,ZEE_MAM,213,,124133.0,Brasil,Cruzeiro do Sul,,,-7.631498,-72.67049,-7.631498,-72.67049,Callitrichidae,,Cebuella,,,,SEMA-Acre,Animalia,Seringal República; Rio Moa,,,,,2010-03-08T13:52:45,,,Monografia: Distribuição de primatas não-humanos no Estado do Acre e vizinhanças: um estudo preliminar - Fernandes M.C.A.G. 1990,Primates,,,,,,,,Cebuella pygmaea,,,pygmaea,Acre,,0.0,0.0,,,Cebuella pygmaea,Cebuella pygmaea,ACCEPTED,cebuella pygmaea|-7.63|-72.67,False
,S,616,Mammalia,ZEE_MAM,213,,,Brasil,Rio Branco,,,-9.96666666666667,-67.8,-9.96666666666667,-67.8,Callitrichidae,,Cebuella,,,,SEMA-Acre,Animalia,Conjunto Guiomar Santos; Rioa Acre,,,,,2010-03-08T13:52:45,,,Monografia: Levantamento preliminar de primatas cadastrados pelo IBAMA no município de Rio Branco - AC - Nóbrega M.F. 1997,Primates,,,,,,,,Cebuella pygmaea,,,pygmaea,Acre,,-9.96666666666667,-67.8,,,Cebuella pygmaea,Cebuella pygmaea,ACCEPTED,cebuella pygmaea|-9.97|-67.8,False
,S,617,Mammalia,ZEE_MAM,213,,,Brasil,Rio Branco,,,-9.96666666666667,-67.8,-9.96666666666667,-67.8,Callitrichidae,,Cebuella,,,,SEMA-Acre,Animalia,Bairro Ivete Vargas; Rioa Acre,,,,,2010-03-08T13:52:45,,,Monografia: Levantamento preliminar de primatas cadastrados pelo IBAMA no município de Rio Branco - AC - Nóbrega M.F. 1997,Primates,,,,,,,,Cebuella pygmaea,,,pygmaea,Acre,,-9.96666666666667,-67.8,,,Cebuella pygmaea,Cebuella pygmaea,ACCEPTED,cebuella pygmaea|-9.97|-67.8,False
,S,618,Mammalia,ZEE_MAM,213,,,Brasil,Rio Branco,,,-9.96666666666667,-67.8,-9.96666666666667,-67.8,Callitrichidae,,Cebuella,,,,SEMA-Acre,Animalia,Bairro Abraão Alab; Rio Acre,,,,,2010-03-08T13:52:45,,,Monografia: Levantamento preliminar de primatas cadastrados pelo IBAMA no município de Rio Branco - AC - Nóbrega M.F. 1997,Primates,,,,,,,,Cebuella pygmaea,,,pygmaea,Acre,,-9.96666666666667,-67.8,,,Cebuella pygmaea,Cebuella pygmaea,ACCEPTED,cebuella pygmaea|-9.97|-67.8,False
,S,655,Mammalia,ZEE_MAM,213,,,Brasil,Rio Branco,,,-10.1333333333333,-67.5833333333333,-10.1333333333333,-67.5833333333333,Callitrichidae,,Cebuella,,,,SEMA-Acre,Animalia,Parque Ambiental Chico Mendes; Rioa Acre,,,,,2010-03-08T13:52:45,,,Relatório: Enriquecimento de capoeiras com espécies vegetais utilizadas por primatas - Silva M.C.R. 1998,Primates,,,,,,,,Cebuella pygmaea,,,pygmaea,Acre,,-10.1333333333333,-67.5833333333333,,,Cebuella pygmaea,Cebuella pygmaea,ACCEPTED,cebuella pygmaea|-10.13|-67.58,False
,S,18,Mammalia,ZEE_MAM,213,,,Brasil,Rio Branco,,,-9.94166666666667,-67.8688888888889,-9.94166666666667,-67.8688888888889,Callitrichidae,,Cebuella,,,,SEMA-Acre,Animalia,Universidade Federal do Acre/Parque Zoobotânico; Rio Acre,,,,,2010-03-08T13:52:45,,,Relatório: Percepção- cognição e aprendizagem associados ao forrageamento por primatas neotropicais noturnos e diurnos - Bicca-Marques J.C. 1997,Primates,,,,,,,,Cebuella pygmaea,,,pygmaea,Acre,,-9.94166666666667,-67.8688888888889,,,Cebuella pygmaea,Cebuella pygmaea,ACCEPTED,cebuella pygmaea|-9.94|-67.87,False
,S,220,Mammalia,ZEE_MAM,213,,,Brasil,,,,-9.25,-68.725,-9.25,-68.725,Callitrichidae,,Cebuella,,,,SEMA-Acre,Animalia,Rio Iaco; Rio Iaco,,,,,2010-03-08T13:52:45,,,Relatório: Caracterização da fauna da bacia do Rio Branco/ Acre - Alho C.J.R. 1990,Primates,,,,,,,,Cebuella pygmaea,,,pygmaea,Acre,,-9.25,-68.725,,,Cebuella pygmaea,Cebuella pygmaea,ACCEPTED,cebuella pygmaea|-9.25|-68.72,False
,S,27,Mammalia,ZEE_MAM,213,,,Brasil,,,,-9.41277777777778,-72.7047222222222,-9.41277777777778,-72.7047222222222,Callitrichidae,,Cebuella,,,,SEMA-Acre,Animalia,Margem direita do Rio Juruá - Ponto 3; Rio Juruá,,,,,2010-03-08T13:52:45,,,Artigo: Notes on the primates of the Juruá River- western Brasilian Amazonia - Peres C.A. 1993,Primates,,,,,,,,Cebuella pygmaea,,,pygmaea,Acre,,-9.41277777777778,-72.7047222222222,,,Cebuella pygmaea,Cebuella pygmaea,ACCEPTED,cebuella pygmaea|-9.41|-72.7,False
,S,3,Mammalia,ZEE_MAM,213,,,Brasil,Rio Branco,,,-9.94166666666667,-67.8688888888889,-9.94166666666667,-67.8688888888889,Callitrichidae,,Cebuella,,,,SEMA-Acre,Animalia,Universidade Federal do Acre/Parque Zoobotânico; Rio Acre,,,,,2010-03-08T13:52:45,,,Artigo: Updating the known distribution of the pygmaea marmoset (Cebuella pygmaea) in the state of Acre- Brazil - Bicca-Marques J.C. - Calegaro-Marques C. 1995,Primates,,,,,,,,Cebuella pygmaea,,,pygmaea,Acre,,-9.94166666666667,-67.8688888888889,,,Cebuella pygmaea,Cebuella pygmaea,ACCEPTED,cebuella pygmaea|-9.94|-67.87,False
,S,4,Mammalia,ZEE_MAM,213,,,Brasil,,,,-9.925,-68.4611111111111,-9.925,-68.4611111111111,Callitrichidae,,Cebuella,,,,SEMA-Acre,Animalia,AC-90,,,,,2010-03-08T13:52:45,,,Artigo: Updating the known distribution of the pygmaea marmoset (Cebuella pygmaea) in the state of Acre- Brazil - Bicca-Marques J.C. - Calegaro-Marques C. 1995,Primates,,,,,,,,Cebuella pygmaea,,,pygmaea,Acre,,-9.925,-68.4611111111111,,,Cebuella pygmaea,Cebuella pygmaea,ACCEPTED,cebuella pygmaea|-9.93|-68.46,False
,S,413,Mammalia,ZEE_MAM,213,,,Brasil,Assis Brasil,,,-11.0333333333333,-70.25,-11.0333333333333,-70.25,Callitrichidae,,Cebuella,,,,SEMA-Acre,Animalia,ESEC do Rio Acre; Rio Acre,,,,,2010-03-08T13:52:45,,,Livro: The status of conservation areas in the Brasilian Amazon - Rylands A.B. 1991,Primates,,,,,,,,Cebuella pygmaea,,,pygmaea,Acre,,-11.0333333333333,-70.25,,,Cebuella pygmaea,Cebuella pygmaea,ACCEPTED,cebuella pygmaea|-11.03|-70.25,False
,S,455,Mammalia,ZEE_MAM,213,,,Brasil,Assis Brasil,,,-11.0333333333333,-70.25,-11.0333333333333,-70.25,Callitrichidae,,Cebuella,,,,SEMA-Acre,Animalia,ESEC do Rio Acre; Rio Acre,,,,,2010-03-08T13:52:45,,,Capítulo de livro: Systematics- geographic distribuition- andsome notes on the conservation status of the Callitrichidae - Rylands A.B.- Coimbra-Filho A.F. - Mittermeier R.A. 1993,Primates,,,,,,,,Cebuella pygmaea,,,pygmaea,Acre,,-11.0333333333333,-70.25,,,Cebuella pygmaea,Cebuella pygmaea,ACCEPTED,cebuella pygmaea|-11.03|-70.25,False
,S,6,Mammalia,ZEE_MAM,213,,,Brasil,Rio Branco,,,-10.2027777777778,-67.9111111111111,-10.2027777777778,-67.9111111111111,Callitrichidae,,Cebuella,,,,SEMA-Acre,Animalia,,,,,,2010-03-08T13:52:45,,,Artigo: Updating the known distribution of the pygmaea marmoset (Cebuella pygmaea) in the state of Acre- Brazil - Bicca-Marques J.C. - Calegaro-Marques C. 1995,Primates,,,,,,,,Cebuella pygmaea,,,pygmaea,Acre,,-10.2027777777778,-67.9111111111111,,,Cebuella pygmaea,Cebuella pygmaea,ACCEPTED,cebuella pygmaea|-10.2|-67.91,False
,S,8139,Mammalia,ZEE_MAM,213,,,Brasil,,,,-7.45,-73.6,-7.45,-73.6,Callitrichidae,,Callimico,,,,SEMA-Acre,Animalia,Parque Nacional da Serra do Divisor; Rio Juruá Mirim,,,,,2010-03-08T13:52:45,,,"Artigo: Observations of Callimico goeldii with Saguinus imperator in the Serra do Divisor National Park, Acre, Barzil - Lopes M.A.O.A. - Rehg J.A. 2003",Primates,,,,,,,,Callimico goeldii,,,goeldii,Acre,,-7.45,-73.6,,,Callimico goeldii,Callimico goeldii,ACCEPTED,callimico goeldii|-7.45|-73.6,False
,S,8203,Mammalia,ZEE_MAM,213,,,Brasil,,,,-8.66666666666667,-72.7833333333333,-8.66666666666667,-72.7833333333333,Callitrichidae,,Callimico,,,,SEMA-Acre,Animalia,,,,,,2010-03-08T13:52:45,,,Artigo: Primate community structure at twenty western Amazonian flooded and unflooded forests - Peres C.A. 1997,Primates,,,,,,,,Callimico goeldii,,,goeldii,Acre,,-8.66666666666667,-72.7833333333333,,,Callimico goeldii,Callimico goeldii,ACCEPTED,callimico goeldii|-8.67|-72.78,True
,S,1,Mammalia,ZEE_MAM,213,,,Brasil,Bujari,,,-9.33333333333333,-68.25,-9.33333333333333,-68.25,Callitrichidae,,Cebuella,,,,SEMA-Acre,Animalia,Floresta Estadual do Antimary; Rio Antimari,,,,,2010-03-08T13:52:45,,,Artigo: Updating the known distribution of the pygmaea marmoset (Cebuella pygmaea) in the state of Acre- Brazil - Bicca-Marques J.C. - Calegaro-Marques C. 1995,Primates,,,,,,,,Cebuella pygmaea,,,pygmaea,Acre,,-9.33333333333333,-68.25,,,Cebuella pygmaea,Cebuella pygmaea,ACCEPTED,cebuella pygmaea|-9.33|-68.25,False
,S,10,Mammalia,ZEE_MAM,213,,,Brasil,Rio Branco,,,-9.94166666666667,-67.8688888888889,-9.94166666666667,-67.8688888888889,Callitrichidae,,Cebuella,,,,SEMA-Acre,Animalia,Universidade Federal do Acre/Parque Zoobotânico; Rio Acre,,,,,2010-03-08T13:52:45,,,Artigo: On the occorrence of parasites in free-ranging Callitrichids - Santos F.G.A.- Bicca-Marques J.C.- Calegaro-Marques C.- Farias E.M.P - Azevedo M.A.O 1995,Primates,,,,,,,,Cebuella pygmaea,,,pygmaea,Acre,,-9.94166666666667,-67.8688888888889,,,Cebuella pygmaea,Cebuella pygmaea,ACCEPTED,cebuella pygmaea|-9.94|-67.87,False
,S,660,Mammalia,ZEE_MAM,213,,,Brasil,,,,-8.82916666666667,-72.775,-8.82916666666667,-72.775,Callitrichidae,,Callimico,,,,SEMA-Acre,Animalia,Seringal Oriente; Rio Juruá,,,,,2010-03-08T13:52:45,,,Monografia: Distribuição de primatas não-humanos no Estado do Acre e vizinhanças: um estudo preliminar - Fernandes M.C.A.G. 1990,Primates,,,,,,,,Callimico goeldii,,,goeldii,Acre,,-8.82916666666667,-72.775,,,Callimico goeldii,Callimico goeldii,ACCEPTED,callimico goeldii|-8.83|-72.78,False
,S,663,Mammalia,ZEE_MAM,213,,,Brasil,,,,-10.1833333333333,-67.5916666666667,-10.1833333333333,-67.5916666666667,Callitrichidae,,Callimico,,,,SEMA-Acre,Animalia,Rio Iquiri; Rio Iquiri,,,,,2010-03-08T13:52:45,,,Monografia: Distribuição de primatas não-humanos no Estado do Acre e vizinhanças: um estudo preliminar - Fernandes M.C.A.G. 1990,Primates,,,,,,,,Callimico goeldii,,,goeldii,Acre,,-10.1833333333333,-67.5916666666667,,,Callimico goeldii,Callimico goeldii,ACCEPTED,callimico goeldii|-10.18|-67.59,False
,S,665,Mammalia,ZEE_MAM,213,,,Brasil,,,,-9.05,-68.5925,-9.05,-68.5925,Callitrichidae,,Callimico,,,,SEMA-Acre,Animalia,Rio Iaco; Rio Iaco,,,,,2010-03-08T13:52:45,,,Monografia: Distribuição de primatas não-humanos no Estado do Acre e vizinhanças: um estudo preliminar - Fernandes M.C.A.G. 1990,Primates,,,,,,,,Callimico goeldii,,,goeldii,Acre,,-9.05,-68.5925,,,Callimico goeldii,Callimico goeldii,ACCEPTED,callimico goeldii|-9.05|-68.59,False
,S,666,Mammalia,ZEE_MAM,213,,,Brasil,,,,-8.8,-72.7666666666667,-8.8,-72.7666666666667,Callitrichidae,,Callimico,,,,SEMA-Acre,Animalia,Seringal Oriente- alto Juruá; Alto Juruá,,,,,2010-03-08T13:52:45,,,Monografia: Distribuição de primatas não-humanos no Estado do Acre e vizinhanças: um estudo preliminar - Fernandes M.C.A.G. 1990,Primates,,,,,,,,Callimico goeldii,,,goeldii,Acre,,-8.8,-72.7666666666667,,,Callimico goeldii,Callimico goeldii,ACCEPTED,callimico goeldii|-8.8|-72.77,False
,S,452,Mammalia,ZEE_MAM,213,,,Brasil,,,,-8.82916666666667,-72.775,-8.82916666666667,-72.775,Callitrichidae,,Callimico,,,,SEMA-Acre,Animalia,Seringal Oriente; Acima do Rio Juruá,,,,,2010-03-08T13:52:45,,,Livro: Livig New World monkeys (Platyrrhini) with an introduction to primates - Hershokovitz P. 1977,Primates,,,,,,,,Callimico goeldii,,,goeldii,Acre,,-8.82916666666667,-72.775,,,Callimico goeldii,Callimico goeldii,ACCEPTED,callimico goeldii|-8.83|-72.78,False
,S,489,Mammalia,ZEE_MAM,213,,,Brasil,Assis Brasil,,,-11.0333333333333,-70.25,-11.0333333333333,-70.25,Callitrichidae,,Callimico,,,,SEMA-Acre,Animalia,ESEC do Rio Acre; Rio Acre,,,,,2010-03-08T13:52:45,,,Livro: Livro vermelho dos mamíferos brasileiros ameaçados de extinção - Fonseca G.A.B.- Rylands A.B.- Costa C.M.R.- Machado R.B. - Leite Y.L.R. 1994,Primates,,,,,,,,Callimico goeldii,,,goeldii,Acre,,-11.0333333333333,-70.25,,,Callimico goeldii,Callimico goeldii,ACCEPTED,callimico goeldii|-11.03|-70.25,False
,S,491,Mammalia,ZEE_MAM,213,,75100.0,Brasil,Xapuri,,,-10.652065,-68.504925,-10.652065,-68.504925,Callitrichidae,,Callimico,,,,SEMA-Acre,Animalia,RESEX Chico Mendes,,,,,2010-03-08T13:52:45,,,Livro: Livro vermelho dos mamíferos brasileiros ameaçados de extinção - Fonseca G.A.B.- Rylands A.B.- Costa C.M.R.- Machado R.B. - Leite Y.L.R. 1994,Primates,,,,,,,,Callimico goeldii,,,goeldii,Acre,,0.0,0.0,,,Callimico goeldii,Callimico goeldii,ACCEPTED,callimico goeldii|-10.65|-68.5,False
,S,657,Mammalia,ZEE_MAM,213,,75100.0,Brasil,Xapuri,,,-10.652065,-68.504925,-10.652065,-68.504925,Callitrichidae,,Callimico,,,,SEMA-Acre,Animalia,,,,,,2010-03-08T13:52:45,,,Monografia: Distribuição de primatas não-humanos no Estado do Acre e vizinhanças: um estudo preliminar - Fernandes M.C.A.G. 1990,Primates,,,,,,,,Callimico goeldii,,,goeldii,Acre,,0.0,0.0,,,Callimico goeldii,Callimico goeldii,ACCEPTED,callimico goeldii|-10.65|-68.5,False
,S,658,Mammalia,ZEE_MAM,213,,,Brasil,,,,-9.25,-68.725,-9.25,-68.725,Callitrichidae,,Callimico,,,,SEMA-Acre,Animalia,Rio Iaco; Rio Iaco,,,,,2010-03-08T13:52:45,,,Monografia: Distribuição de primatas não-humanos no Estado do Acre e vizinhanças: um estudo preliminar - Fernandes M.C.A.G. 1990,Primates,,,,,,,,Callimico goeldii,,,goeldii,Acre,,-9.25,-68.725,,,Callimico goeldii,Callimico goeldii,ACCEPTED,callimico goeldii|-9.25|-68.72,False
,S,267,Mammalia,ZEE_MAM,213,,,Brasil,Assis Brasil,,,-11.0333333333333,-70.25,-11.0333333333333,-70.25,Callitrichidae,,Callimico,,,,SEMA-Acre,Animalia,ESEC do Rio Acre; Rio Acre,,,,,2010-03-08T13:52:45,,,Artigo: Parks- reserves and primate conservation in Brasilian Amazonia - Rylands A. - Mittermeier R.A. 1982,Primates,,,,,,,,Callimico goeldii,,,goeldii,Acre,,-11.0333333333333,-70.25,,,Callimico goeldii,Callimico goeldii,ACCEPTED,callimico goeldii|-11.03|-70.25,False
,S,396,Mammalia,ZEE_MAM,213,,,Brasil,Cruzeiro do Sul,,,-7.50611111111111,-73.7013888888889,-7.50611111111111,-73.7013888888889,Callitrichidae,,Callimico,,,,SEMA-Acre,Animalia,Parque Nacional da Serra do Divisor,,,,,2010-03-08T13:52:45,,,Livro: The status of conservation areas in the Brasilian Amazon - Rylands A.B. 1991,Primates,,,,,,,,Callimico goeldii,,,goeldii,Acre,,-7.50611111111111,-73.7013888888889,,,Callimico goeldii,Callimico goeldii,ACCEPTED,callimico goeldii|-7.51|-73.7,False
,S,414,Mammalia,ZEE_MAM,213,,,Brasil,Assis Brasil,,,-11.0333333333333,-70.25,-11.0333333333333,-70.25,Callitrichidae,,Callimico,,,,SEMA-Acre,Animalia,ESEC do Rio Acre; Rio Acre,,,,,2010-03-08T13:52:45,,,Livro: The status of conservation areas in the Brasilian Amazon - Rylands A.B. 1991,Primates,,,,,,,,Callimico goeldii,,,goeldii,Acre,,-11.0333333333333,-70.25,,,Callimico goeldii,Callimico goeldii,ACCEPTED,callimico goeldii|-11.03|-70.25,False
,S,450,Mammalia,ZEE_MAM,213,,,Brasil,,,,-9.05,-68.5925,-9.05,-68.5925,Callitrichidae,,Callimico,,,,SEMA-Acre,Animalia,Rio Iaco; Rio Iaco,,,,,2010-03-08T13:52:45,,,Livro: Livig New World monkeys (Platyrrhini) with an introduction to primates - Hershokovitz P. 1977,Primates,,,,,,,,Callimico goeldii,,,goeldii,Acre,,-9.05,-68.5925,,,Callimico goeldii,Callimico goeldii,ACCEPTED,callimico goeldii|-9.05|-68.59,False
,PreservedSpecimen,MVZ:Mamm:193662,Mammalia,MVZ-MAMMAL,168,,500.0,Brazil,,11.0,23.0,-8.6,-72.85,-8.6,-72.85,Callitrichidae,,Saguinus,James L. Patton,,,MVZ,Animalia,"Flora [=Fazenda Santa Fé], left bank Rio Juruá",,,,,2025-10-06T23:56:00.015537,2.0,3.0,Former nature_of_id: field.,Primates,Chordata,tissue (ethanol 95%),,Collector(s): Maria Nazareth F. da Silva,Maria Nazareth F. da Silva 1026,,,Saguinus fuscicollis,,male,fuscicollis,Acre,,,,1992.0,2001.0,Saguinus fuscicollis,Leontocebus fuscicollis,SYNONYM,leontocebus fuscicollis|-8.6|-72.85,True
,PreservedSpecimen,MVZ:Mamm:193687,Mammalia,MVZ-MAMMAL,168,,500.0,Brazil,,11.0,23.0,-8.5666667,-72.8,-8.5666667,-72.8,Callitrichidae,,Cebuella,James L. Patton,,,MVZ,Animalia,"Ocidente, right bank Rio Juruá",,,,,2025-10-10T05:54:00.014461,2.0,3.0,Former nature_of_id: field.,Primates,Chordata,tissue (ethanol 95%),,Collector(s): Maria Nazareth F. da Silva,Maria Nazareth F. da Silva 1019,,,Cebuella pygmaea,,male,pygmaea,Acre,,,,1992.0,2001.0,Cebuella pygmaea,Cebuella pygmaea,ACCEPTED,cebuella pygmaea|-8.57|-72.8,True
,PreservedSpecimen,MVZ:Mamm:193660,Mammalia,MVZ-MAMMAL,168,,500.0,Brazil,,11.0,23.0,-8.5666667,-72.8,-8.5666667,-72.8,Callitrichidae,,Saguinus,James L. Patton,,,MVZ,Animalia,"Ocidente, right bank Rio Juruá",,,,,2025-10-10T05:54:00.014461,2.0,3.0,Former nature_of_id: field.,Primates,Chordata,tissue (ethanol 95%),,Collector(s): Maria Nazareth F. da Silva,Maria Nazareth F. da Silva 1024,,,Saguinus fuscicollis,,female,fuscicollis,Acre,,,,1992.0,2001.0,Saguinus fuscicollis,Leontocebus fuscicollis,SYNONYM,leontocebus fuscicollis|-8.57|-72.8,True
,PreservedSpecimen,MVZ:Mamm:193680,Mammalia,MVZ-MAMMAL,168,,500.0,Brazil,,8.0,23.0,-6.5833333,-68.9,-6.5833333,-68.9,Cebidae,,Lagothrix,James L. Patton,,,MVZ,Animalia,"Altamira, right bank Rio Juruá",,,,,2025-10-08T22:10:00.014920,11.0,3.0,Former nature_of_id: field.,Primates,Chordata,tissue (ethanol 95%),,Collector(s): James L. Patton,James L. Patton 15942,,,Lagothrix lagotricha,,male,lagotricha,Amazonas,,,,1991.0,2001.0,Lagothrix lagotricha,Lagothrix lagothricha,ACCEPTED,lagothrix lagothricha|-6.58|-68.9,True
,PreservedSpecimen,MVZ:Mamm:193681,Mammalia,MVZ-MAMMAL,168,,500.0,Brazil,,8.0,23.0,-6.5833333,-68.9,-6.5833333,-68.9,Cebidae,,Lagothrix,James L. Patton,,,MVZ,Animalia,"Altamira, right bank Rio Juruá",,,,,2025-10-08T22:10:00.014920,11.0,3.0,Former nature_of_id: field.,Primates,Chordata,tissue (ethanol 95%),,Collector(s): James L. Patton,James L. Patton 15943,,,Lagothrix lagotricha,,female,lagotricha,Amazonas,,,,1991.0,2001.0,Lagothrix lagotricha,Lagothrix lagothricha,ACCEPTED,lagothrix lagothricha|-6.58|-68.9,True
,PreservedSpecimen,MVZ:Mamm:193650,Mammalia,MVZ-MAMMAL,168,,500.0,Brazil,,1.0,23.0,-8.6666667,-72.7833333,-8.6666667,-72.7833333,Callitrichidae,,Saguinus,James L. Patton,,,MVZ,Animalia,"Seringal Triunfo, Lago Toaré, left bank Rio Juruá",,,,,2025-10-10T04:48:00.014460,3.0,3.0,Former nature_of_id: field.,Primates,Chordata,tissue (ethanol 95%),,Collector(s): Maria Nazareth F. da Silva,Maria Nazareth F. da Silva 49,,,Saguinus fuscicollis,,female,fuscicollis,Acre,,,,1992.0,2001.0,Saguinus fuscicollis,Leontocebus fuscicollis,SYNONYM,leontocebus fuscicollis|-8.67|-72.78,True
,PreservedSpecimen,MVZ:Mamm:193665,Mammalia,MVZ-MAMMAL,168,,500.0,Brazil,,11.0,23.0,-8.5666667,-72.8,-8.5666667,-72.8,Callitrichidae,,Saguinus,James L. Patton,,,MVZ,Animalia,"Ocidente, right bank Rio Juruá",,,,,2025-10-10T05:54:00.014461,2.0,3.0,Former nature_of_id: field.,Primates,Chordata,tissue (ethanol 95%),,Collector(s): Maria Nazareth F. da Silva,Maria Nazareth F. da Silva 1036,,,Saguinus fuscicollis,,female,fuscicollis,Acre,,,,1992.0,2001.0,Saguinus fuscicollis,Leontocebus fuscicollis,SYNONYM,leontocebus fuscicollis|-8.57|-72.8,True
,PreservedSpecimen,MVZ:Mamm:193653,Mammalia,MVZ-MAMMAL,168,,500.0,Brazil,,15.0,23.0,-8.3666667,-72.8166667,-8.3666667,-72.8166667,Callitrichidae,,Saguinus,James L. Patton,,,MVZ,Animalia,"Sobral, left bank Rio Juruá",,,,,2025-10-10T15:56:00.017309,3.0,3.0,Former nature_of_id: field.,Primates,Chordata,tissue (ethanol 95%),,Collector(s): Maria Nazareth F. da Silva,Maria Nazareth F. da Silva 52,,,Saguinus fuscicollis,,female,fuscicollis,Acre,,,,1992.0,2001.0,Saguinus fuscicollis,Leontocebus fuscicollis,SYNONYM,leontocebus fuscicollis|-8.37|-72.82,True
,PreservedSpecimen,MVZ:Mamm:193671,Mammalia,MVZ-MAMMAL,168,,500.0,Brazil,,17.0,23.0,-8.6,-72.85,-8.6,-72.85,Cebidae,,Aotus,James L. Patton,,,MVZ,Animalia,"Flora [=Fazenda Santa Fé], left bank Rio Juruá",,,,,2025-10-11T13:06:00.073713,2.0,3.0,Former nature_of_id: field.,Primates,Chordata,tissue (ethanol 95%),,Collector(s): Maria Nazareth F. da Silva,Maria Nazareth F. da Silva 1107,,,Aotus trivirgatus,,female,trivirgatus,Acre,,,,1992.0,2001.0,Aotus trivirgatus,Aotus trivirgatus,ACCEPTED,aotus trivirgatus|-8.6|-72.85,True
,PreservedSpecimen,MVZ:Mamm:193667,Mammalia,MVZ-MAMMAL,168,,500.0,Brazil,,14.0,23.0,-8.3666667,-72.8166667,-8.3666667,-72.8166667,Callitrichidae,,Saguinus,James L. Patton,,,MVZ,Animalia,"Sobral, left bank Rio Juruá",,,,,2025-10-11T05:58:00.013186,3.0,3.0,Former nature_of_id: field.,Primates,Chordata,tissue (ethanol 95%),,Collector(s): Maria Nazareth F. da Silva,Maria Nazareth F. da Silva 1532,,,Saguinus mystax,,male,mystax,Acre,,,,1992.0,2001.0,Saguinus mystax,Saguinus mystax,ACCEPTED,saguinus mystax|-8.37|-72.82,True
,PreservedSpecimen,MVZ:Mamm:193685,Mammalia,MVZ-MAMMAL,168,,500.0,Brazil,,4.0,23.0,-6.8333333,-70.0833333,-6.8333333,-70.0833333,Cebidae,,Saimiri,James L. Patton,,,MVZ,Animalia,"Penedo, right bank Rio Juruá",,,,,2025-10-09T05:24:00.015574,9.0,3.0,Former nature_of_id: field.,Primates,Chordata,DNA (frozen); tissue (ethanol 95%; frozen),,Collector(s): Maria Nazareth F. da Silva,Maria Nazareth F. da Silva 14,,,Saimiri sciureus ssp.,,female,sciureus,Amazonas,"voucher of Saimiri sciureus ssp. page 2375 in <a href=""http://arctos.database.museum/publication/10008103"">Baker et al. 2017</a>",,,1991.0,2001.0,Saimiri sciureus ssp.,Saimiri sciureus,ACCEPTED,saimiri sciureus|-6.83|-70.08,True
,PreservedSpecimen,MVZ:Mamm:193672,Mammalia,MVZ-MAMMAL,168,,500.0,Brazil,,28.0,23.0,-6.75,-70.85,-6.75,-70.85,Cebidae,,Aotus,James L. Patton,,,MVZ,Animalia,"Seringal Condor, left bank Rio Juruá",,,,,2025-10-09T06:32:00.012964,9.0,3.0,Former nature_of_id: field.,Primates,Chordata,tissue (ethanol 95%),,Collector(s): Maria Nazareth F. da Silva,Maria Nazareth F. da Silva 18,,,Aotus trivirgatus,,male,trivirgatus,Amazonas,,,,1991.0,2001.0,Aotus trivirgatus,Aotus trivirgatus,ACCEPTED,aotus trivirgatus|-6.75|-70.85,True
,PreservedSpecimen,MVZ:Mamm:193659,Mammalia,MVZ-MAMMAL,168,,500.0,Brazil,,10.0,23.0,-8.5666667,-72.8,-8.5666667,-72.8,Callitrichidae,,Saguinus,James L. Patton,,,MVZ,Animalia,"Ocidente, right bank Rio Juruá",,,,,2025-10-08T10:44:00.012774,2.0,3.0,Former nature_of_id: field.,Primates,Chordata,tissue (ethanol 95%),,Collector(s): Maria Nazareth F. da Silva,Maria Nazareth F. da Silva 1011,,,Saguinus imperator,,female,imperator,Acre,,,,1992.0,2001.0,Saguinus imperator,Saguinus imperator,ACCEPTED,saguinus imperator|-8.57|-72.8,True
,PreservedSpecimen,MVZ:Mamm:196088,Mammalia,MVZ-MAMMAL,168,,500.0,Brazil,,23.0,23.0,-6.7666666667,-70.8666666667,-6.7666666667,-70.8666666667,Cebidae,,Saimiri,James L. Patton,,,MVZ,Animalia,"São José, right bank Rio Juruá",,,,,2025-10-09T23:34:00.012275,9.0,3.0,Former nature_of_id: field.,Primates,Chordata,DNA (frozen); tissue (frozen),,Collector(s): Maria Nazareth F. da Silva,Maria Nazareth F. da Silva 15,,,Saimiri boliviensis,,male,boliviensis,Amazonas,"voucher of <a href=""http://arctos.database.museum/name/Saimiri boliviensis"">Saimiri boliviensis</a> page 2375 in <a href=""http://arctos.database.museum/publication/10008103"">Baker et al. 2017</a>",,,1991.0,2001.0,Saimiri boliviensis,Saimiri boliviensis,ACCEPTED,saimiri boliviensis|-6.77|-70.87,True
,PreservedSpecimen,MVZ:Mamm:193674,Mammalia,MVZ-MAMMAL,168,,500.0,Brazil,,3.0,23.0,-6.4666667,-68.7666667,-6.4666667,-68.7666667,Cebidae,,Callicebus,James L. Patton,,,MVZ,Animalia,"Barro Vermelho, left bank Rio Juruá",,,,,2025-10-07T08:32:00.013431,11.0,3.0,Former nature_of_id: field.,Primates,Chordata,tissue (ethanol 95%),,Collector(s): James L. Patton,James L. Patton 15920,,,Callicebus moloch ssp.,,male,moloch,Amazonas,,,,1991.0,2001.0,Callicebus moloch ssp.,Plecturocebus moloch,SYNONYM,plecturocebus moloch|-6.47|-68.77,True
,S,MM000737,Mammalia,UFMG-BDT,414,América do Sul,339799.0,Brasil,Porto Velho,,,-8.762344,-63.90435,-8.762344,-63.90435,Aotidae,,Aotus,,,,UFMG,Animalia,Margem esquerda do Rio Madeira,,,,,2017-03-30T08:55:31,12.0,,,Primates,Craniata,Carcaça,M001546,José Eustáquio do Santos Júnior,JEN008,,,Aotus nigriceps,,s/ID,nigriceps,Rondônia,,,,2011.0,,Aotus nigriceps,Aotus nigriceps,ACCEPTED,aotus nigriceps|-8.76|-63.9,True
,S,MM000743,Mammalia,UFMG-BDT,414,América do Sul,339799.0,Brasil,Porto Velho,,,-8.762344,-63.90435,-8.762344,-63.90435,Aotidae,,Aotus,,,,UFMG,Animalia,Margem direita do Rio Madeira,,,,,2017-03-30T08:55:31,12.0,,,Primates,Craniata,Pele/Pelo,M001552,José Eustáquio do Santos Júnior,JEN055,,,Aotus nigriceps,,s/ID,nigriceps,Rondônia,,,,2011.0,,Aotus nigriceps,Aotus nigriceps,ACCEPTED,aotus nigriceps|-8.76|-63.9,True
,S,MM000732,Mammalia,UFMG-BDT,414,América do Sul,339799.0,Brasil,Porto Velho,19.0,,-8.762344,-63.90435,-8.762344,-63.90435,Atelidae,,Alouatta,,,,UFMG,Animalia,,,,,,2017-03-30T08:55:31,1.0,,,Primates,Craniata,Sangue,M001541,José Eustáquio do Santos Júnior,JEN002,,,Alouatta guariba,,Fêmea,guariba,Rondônia,,,,2012.0,,Alouatta guariba,Alouatta guariba,ACCEPTED,alouatta guariba|-8.76|-63.9,False
,S,MM000741,Mammalia,UFMG-BDT,414,América do Sul,339799.0,Brasil,Porto Velho,26.0,,-8.762344,-63.90435,-8.762344,-63.90435,Cebidae,,Cebuella,,,,UFMG,Animalia,,,,,,2017-03-30T08:55:31,12.0,,Indivíduo 1 - Grupo B,Primates,Craniata,Carcaça,M001550,José Eustáquio do Santos Júnior,JEN050,,,Cebuella pygmaea,,s/ID,pygmaea,Rondônia,,,,2011.0,,Cebuella pygmaea,Cebuella pygmaea,ACCEPTED,cebuella pygmaea|-8.76|-63.9,False
,S,MM000742,Mammalia,UFMG-BDT,414,América do Sul,339799.0,Brasil,Porto Velho,26.0,,-8.762344,-63.90435,-8.762344,-63.90435,Cebidae,,Cebuella,,,,UFMG,Animalia,,,,,,2017-03-30T08:55:31,12.0,,Indivíduo 2 - Grupo B,Primates,Craniata,Carcaça,M001551,José Eustáquio do Santos Júnior,JEN051,,,Cebuella pygmaea,,s/ID,pygmaea,Rondônia,,,,2011.0,,Cebuella pygmaea,Cebuella pygmaea,ACCEPTED,cebuella pygmaea|-8.76|-63.9,False
,S,MM000735,Mammalia,UFMG-BDT,414,América do Sul,339799.0,Brasil,Porto Velho,13.0,,-8.762344,-63.90435,-8.762344,-63.90435,Cebidae,,Mico,,,,UFMG,Animalia,Margem direita do Rio Madeira,,,,,2017-03-30T08:55:31,12.0,,,Primates,Craniata,Sangue,M001544,José Eustáquio do Santos Júnior,JEN006,,,Mico rondoni,,Macho (alfa),rondoni,Rondônia,,,,2011.0,,Mico rondoni,Mico rondoni,ACCEPTED,mico rondoni|-8.76|-63.9,False
,S,MM000738,Mammalia,UFMG-BDT,414,América do Sul,339799.0,Brasil,Porto Velho,12.0,,-8.762344,-63.90435,-8.762344,-63.90435,Pitheciidae,,Callicebus,,,,UFMG,Animalia,Margem esquerda do Rio Madeira,,,,,2017-03-30T08:55:31,10.0,,,Primates,Craniata,Sangue,M001547,José Eustáquio do Santos Júnior,JEN046,,,Callicebus dubius,,s/ID,dubius,Rondônia,,,,2011.0,,Callicebus dubius,Plecturocebus caligatus,SYNONYM,plecturocebus caligatus|-8.76|-63.9,True
,S,MM000828,Mammalia,UFMG-BDT,414,América do Sul,339799.0,Brasil,Porto Velho,9.0,,-8.762344,-63.90435,-8.762344,-63.90435,Pitheciidae,,Callicebus,,,,UFMG,Animalia,Área de influência da UHE Santo Antônio do Rio Madeira,,,,,2017-03-30T08:55:31,12.0,,,Primates,Craniata,Músculo,M001790,José Eustáquio do Santos Júnior,ME97,UFMG-MAM-3951,,Callicebus dubius,,,dubius,Rondônia,,,,2011.0,,Callicebus dubius,Plecturocebus caligatus,SYNONYM,plecturocebus caligatus|-8.76|-63.9,True
,PreservedSpecimen,MVZ:Mamm:193676,Mammalia,MVZ-MAMMAL,168,,500.0,Brazil,,24.0,23.0,-8.6666667,-72.7833333,-8.6666667,-72.7833333,Cebidae,,Cebus,James L. Patton,,,MVZ,Animalia,"opposite Igarapé Porongaba, left bank Rio Juruá",,,,,2025-10-06T17:46:00.013157,2.0,3.0,Former nature_of_id: field.,Primates,Chordata,tissue (ethanol 95%),,Collector(s): Maria Nazareth F. da Silva,Maria Nazareth F. da Silva 1274,,,Cebus albifrons,,unknown,albifrons,Acre,"voucher of <a href=""http://arctos.database.museum/name/Cebus albifrons"">Cebus albifrons</a> in <a href=""http://arctos.database.museum/publication/10008818"">Storer et al. 2019</a>",,,1992.0,2001.0,Cebus albifrons,Cebus albifrons,ACCEPTED,cebus albifrons|-8.67|-72.78,True
,PreservedSpecimen,MVZ:Mamm:193652,Mammalia,MVZ-MAMMAL,168,,500.0,Brazil,,1.0,23.0,-8.6,-72.85,-8.6,-72.85,Callitrichidae,,Saguinus,James L. Patton,,,MVZ,Animalia,"Flora [=Fazenda Santa Fé], left bank Rio Juruá",,,,,2025-10-07T04:22:00.013366,3.0,3.0,Former nature_of_id: field.,Primates,Chordata,tissue (ethanol 95%),,Collector(s): Maria Nazareth F. da Silva,Maria Nazareth F. da Silva 51,,,Saguinus fuscicollis,,female,fuscicollis,Acre,,,,1992.0,2001.0,Saguinus fuscicollis,Leontocebus fuscicollis,SYNONYM,leontocebus fuscicollis|-8.6|-72.85,True
,PreservedSpecimen,MVZ:Mamm:193658,Mammalia,MVZ-MAMMAL,168,,500.0,Brazil,,8.0,23.0,-8.5666667,-72.8,-8.5666667,-72.8,Callitrichidae,,Saguinus,James L. Patton,,,MVZ,Animalia,"Ocidente, right bank Rio Juruá",,,,,2025-10-11T12:00:00.013589,2.0,3.0,Former nature_of_id: field.,Primates,Chordata,tissue (ethanol 95%),,Collector(s): Maria Nazareth F. da Silva,Maria Nazareth F. da Silva 993,,,Saguinus imperator,,female,imperator,Acre,,,,1992.0,2001.0,Saguinus imperator,Saguinus imperator,ACCEPTED,saguinus imperator|-8.57|-72.8,True
,PreservedSpecimen,MVZ:Mamm:193679,Mammalia,MVZ-MAMMAL,168,,500.0,Brazil,,8.0,23.0,-6.5833333,-68.9,-6.5833333,-68.9,Cebidae,,Lagothrix,James L. Patton,,,MVZ,Animalia,"Altamira, right bank Rio Juruá",,,,,2025-10-08T22:10:00.014920,11.0,3.0,Former nature_of_id: field.,Primates,Chordata,tissue (ethanol 95%),,Collector(s): James L. Patton,James L. Patton 15941,,,Lagothrix lagotricha,,male,lagotricha,Amazonas,,,,1991.0,2001.0,Lagothrix lagotricha,Lagothrix lagothricha,ACCEPTED,lagothrix lagothricha|-6.58|-68.9,True
,PreservedSpecimen,MVZ:Mamm:193647,Mammalia,MVZ-MAMMAL,168,,500.0,Brazil,,26.0,23.0,-8.6,-72.85,-8.6,-72.85,Callitrichidae,,Saguinus,James L. Patton,,,MVZ,Animalia,"Flora [=Fazenda Santa Fé], left bank Rio Juruá",,,,,2025-10-09T05:20:00.013199,2.0,3.0,Former nature_of_id: field.,Primates,Chordata,tissue (ethanol 95%),,Collector(s): Maria Nazareth F. da Silva,Maria Nazareth F. da Silva 45,,,Saguinus fuscicollis,,male,fuscicollis,Acre,,,,1992.0,2001.0,Saguinus fuscicollis,Leontocebus fuscicollis,SYNONYM,leontocebus fuscicollis|-8.6|-72.85,True
,PreservedSpecimen,MVZ:Mamm:124108,Mammalia,MVZ-MAMMAL,168,,,Colombia,,20.0,27.0,-4.15,-69.95,-4.15,-69.95,Callitrichidae,,Saguinus,Museum of Vertebrate Zoology,,,MVZ,Animalia,Leticia,,,,,2025-10-10T04:00:00.013065,8.0,1.0,Former nature_of_id: legacy.,Primates,Chordata,"skin, study; skull",,Collector(s): F. C. Lehmann,F. C. Lehmann 489-M,,,Saguinus nigricollis,,female,nigricollis,Amazonas,,,,1958.0,1999.0,Saguinus nigricollis,Leontocebus nigricollis,SYNONYM,leontocebus nigricollis|-4.15|-69.95,True
,PreservedSpecimen,MVZ:Mamm:193678,Mammalia,MVZ-MAMMAL,168,,500.0,Brazil,,8.0,23.0,-6.5833333,-68.9,-6.5833333,-68.9,Cebidae,,Lagothrix,James L. Patton,,,MVZ,Animalia,"Altamira, right bank Rio Juruá",,,,,2025-10-08T22:10:00.014920,11.0,3.0,Former nature_of_id: field.,Primates,Chordata,tissue (ethanol 95%),,Collector(s): James L. Patton,James L. Patton 15940,,,Lagothrix lagotricha,,male,lagotricha,Amazonas,,,,1991.0,2001.0,Lagothrix lagotricha,Lagothrix lagothricha,ACCEPTED,lagothrix lagothricha|-6.58|-68.9,True
NHM-ZOO-1927x3x6x1,PreservedSpecimen,1927.3.6.1,Mammalia,NHM-LONDON-ZOO,463,SOUTH_AMERICA,,Brasil,Maraã,3.0,,-2.0,-66.0,-2.0,-66.0,Atelidae,,Ateles,,1,,NHMUK,Animalia,"Upper Amazonas, Furu Mannana [Manhana]",,,,,2022-10-24T13:54:00,10.0,,,Primates,Chordata,,,['Herr W Ehrhardt'],,,,Ateles paniscus,"(Linnaeus, 1758)",Male,paniscus,Amazonas,,,,1926.0,,Ateles paniscus,Ateles paniscus,ACCEPTED,ateles paniscus|-2.0|-66.0,True
NHM-ZOO-1928x4x27x2,PreservedSpecimen,1928.4.27.2,Mammalia,NHM-LONDON-ZOO,463,SOUTH_AMERICA,,Brasil,Maraã,7.0,,-2.0,-66.0,-2.0,-66.0,Atelidae,,Ateles,,1,,NHMUK,Animalia,"Upper Amazonas, Furu Mannana [Manhana]",,,,,2021-07-27T11:38:11,9.0,,,Primates,Chordata,,,['K Lako'],,,,Ateles paniscus,"(Linnaeus, 1758)",Female,paniscus,Amazonas,,,,1927.0,,Ateles paniscus,Ateles paniscus,ACCEPTED,ateles paniscus|-2.0|-66.0,True
NHM-ZOO-1976x542,PreservedSpecimen,1976.542,Mammalia,NHM-LONDON-ZOO,463,SOUTH_AMERICA,,Colômbia,Puerto Alegria,,,-1.0,-74.0,-1.0,-74.0,Pitheciidae,,Plecturocebus,,1,,NHMUK,Animalia,"San Jose del Encanto, L. bank of R. Caraparana",,,,100.0,2021-07-27T11:38:15,,,,Primates,Chordata,,,['Hereward Hill'],,,,Plecturocebus moloch,"(Hoffmannsegg, 1807)",Male,moloch,Amazonas,,,,1975.0,,Plecturocebus moloch,Plecturocebus moloch,ACCEPTED,plecturocebus moloch|-1.0|-74.0,True
NHM-ZOO-1976x538,PreservedSpecimen,1976.538,Mammalia,NHM-LONDON-ZOO,463,SOUTH_AMERICA,,Colômbia,Puerto Alegria,,,-1.0,-74.0,-1.0,-74.0,Cebidae,,Sapajus,,1,,NHMUK,Animalia,"San Jose del Encanto, L. bank of R. Caraparana",,,,,2021-07-27T11:38:15,,,,Primates,Chordata,,,['Hereward Hill'],,,,Sapajus apella,"(Linnaeus, 1758)",Female,apella,Amazonas,,,,1975.0,,Sapajus apella,Sapajus apella,ACCEPTED,sapajus apella|-1.0|-74.0,True
NHM-ZOO-1976x539,PreservedSpecimen,1976.539,Mammalia,NHM-LONDON-ZOO,463,SOUTH_AMERICA,,Colômbia,Puerto Alegria,,,-1.0,-74.0,-1.0,-74.0,Pitheciidae,,Pithecia,,1,,NHMUK,Animalia,"San Jose del Encanto, L. bank of R. Caraparana",,,,100.0,2021-07-27T11:38:15,,,,Primates,Chordata,,,['Hereward Hill'],,,,Pithecia pithecia,"(Linnaeus, 1766)",Indeterminate,pithecia,Amazonas,,,,1975.0,,Pithecia pithecia,Pithecia pithecia,ACCEPTED,pithecia pithecia|-1.0|-74.0,True
NHM-ZOO-1934x6x12x2,PreservedSpecimen,1934.6.12.2,Mammalia,NHM-LONDON-ZOO,463,SOUTH_AMERICA,,Brasil,Tapauá,,,-5.7167,-63.9,-5.7167,-63.9,Callitrichidae,,Leontocebus,,1,weddelli,NHMUK,Animalia,"E. of R. Purus, Lago do Mapixi",,,,,2021-07-27T11:38:14,6.0,,,Primates,Chordata,,,['K Lako'],,,,Leontocebus fuscicollis weddelli,"(Deville, 1849)",Male,fuscicollis,Amazonas,,,,1931.0,,Leontocebus fuscicollis weddelli,Leontocebus weddelli,SYNONYM,leontocebus weddelli|-5.72|-63.9,True
